customer_id,num_products,avg_monthly_spend,txn_count_monthly,credit_limit,avg_balance,utilization,late_payments_last_year,responded_to_offer,churned,avg_monthly_spend_clean,utilization_clean,responded_to_offer_clean,churned_clean
9330,1,157.92,0,15700.0,2103.72,0.134,0,N,Yes,157.92,0.134,0,1
5888,4,1221.73,9,7800.0,728.63,9.3%,0,1,0,1221.73,0.09300000000000001,1,0
8879,3,481.44,5,45100.0,6848.8,0.152,1,1,0,481.44,0.152,1,0
11379,1,428.75,3,21700.0,7500.02,0.346,3,0,Yes,428.75,0.346,0,1
5509,3,446.58,5,26100.0,8444.52,0.324,1,Y,No,446.58,0.324,1,0
5306,3,196.78,1,38500.0,18270.54,47.5%,1,Yes,No,196.78,0.475,1,0
9298,1,436.27,3,57000.0,27885.36,0.489,0,0,0,436.27,0.489,0,0
3230,1,1334.19,5,59600.0,3045.85,5.1%,1,0,0,1334.19,0.051,0,0
2573,2,2165.47,10,35000.0,6560.72,0.187,2,1,0,2165.47,0.187,1,0
2917,2,174.16,2,58100.0,30608.94,52.7%,3,1,Y,174.16,0.527,1,1
1750,1,270.98,1,36000.0,11795.02,32.8%,2,Y,1,270.98,0.32799999999999996,1,1
8296,1,651.03,8,8400.0,2675.07,0.318,1,0,No,651.03,0.318,0,0
396,1,210.47,2,38100.0,5424.04,0.142,0,Yes,Y,210.47,0.142,1,1
1127,3,744.0,2,17100.0,8088.87,0.473,0,1,0,744.0,0.473,1,0
6045,2,217.64,3,28200.0,9201.65,0.326,2,Y,0,217.64,0.326,1,0
11007,2,1507.45,14,35800.0,14683.72,0.41,1,1,0,1507.45,0.41,1,0
3693,2,1141.36,11,34400.0,4347.72,0.126,0,1,N,1141.36,0.126,1,0
9909,1,1178.35,6,23500.0,2816.17,0.12,1,1,No,1178.35,0.12,1,0
11405,1,80.14,1,23300.0,3698.42,0.159,1,Yes,0,80.14,0.159,1,0
9242,2,253.52,1,39300.0,20419.35,0.52,1,No,0,253.52,0.52,0,0
240,2,166.28,1,29700.0,9307.68,0.313,0,Yes,0,166.28,0.313,1,0
10380,4,,2,46000.0,21687.68,0.471,1,1,0,339.29,0.471,1,0
2308,3,343.6,0,43700.0,12378.02,0.283,3,No,No,343.6,0.283,0,0
4205,2,807.51,8,53700.0,9493.8,17.7%,2,1,N,807.51,0.177,1,0
725,2,320.5,2,27300.0,5649.24,0.207,0,0,0,320.5,0.207,0,0
10842,3,371.83,5,23000.0,11448.33,0.498,0,Y,0,371.83,0.498,1,0
8248,1,338.43,4,38300.0,3948.5,0.103,0,0,N,338.43,0.103,0,0
2052,2,261.59,1,7000.0,4791.48,0.684,1,Y,N,261.59,0.684,1,0
9647,4,1708.6,7,49500.0,11596.52,0.234,1,1,0,1708.6,0.234,1,0
9086,4,453.9,3,2700.0,1060.29,0.393,1,Yes,N,453.9,0.393,1,0
2204,5,103.05,1,15900.0,5190.13,0.326,3,1,0,103.05,0.326,1,0
2484,1,93.46,3,58600.0,21713.64,0.371,1,N,N,93.46,0.371,0,0
4017,3,488.42,1,25000.0,6348.02,0.254,3,1,N,488.42,0.254,1,0
8644,2,1175.4,6,21100.0,6995.17,0.332,0,1,No,1175.4,0.332,1,0
11756,4,699.26,6,3700.0,727.36,0.197,3,Yes,0,699.26,0.197,1,0
4802,3,428.72,3,26200.0,4772.43,0.182,1,Yes,No,428.72,0.182,1,0
6961,2,486.13,4,51300.0,16959.16,33.1%,0,Yes,0,486.13,0.331,1,0
2725,1,53.18,1,39300.0,3119.34,0.079,2,Y,0,53.18,0.079,1,0
10553,4,138.28,2,4300.0,2206.34,0.513,0,Yes,No,138.28,0.513,1,0
1318,1,,0,27600.0,4257.0,0.154,0,1,N,231.95,0.154,1,0
6027,1,175.45,1,10100.0,797.32,0.079,0,No,Yes,175.45,0.079,0,1
9985,3,348.51,3,6500.0,1430.77,0.22,0,Yes,N,348.51,0.22,1,0
11385,3,176.91,2,23300.0,5763.53,0.247,0,Y,0,176.91,0.247,1,0
8233,3,638.97,7,9400.0,751.14,0.08,0,1,0,638.97,0.08,1,0
2378,2,1178.26,7,31600.0,7437.0,23.5%,1,1,0,1178.26,0.235,1,0
3561,1,701.09,6,52900.0,17132.42,0.324,1,1,1,701.09,0.324,1,1
3892,1,150.58,2,8900.0,3204.98,0.36,0,1,No,150.58,0.36,1,0
3148,3,408.99,2,11300.0,5767.18,0.51,1,N,0,408.99,0.51,0,0
7552,3,2682.81,18,35600.0,25808.63,0.725,3,Y,0,2682.81,0.725,1,0
2094,2,273.63,2,53900.0,7908.8,0.147,0,Yes,0,273.63,0.147,1,0
8995,2,124.3,0,37900.0,3935.12,0.104,1,Y,No,124.3,0.104,1,0
2791,2,198.16,2,6100.0,2555.89,41.9%,2,1,No,198.16,0.419,1,0
4821,3,518.27,4,10400.0,2340.09,0.225,1,Y,N,518.27,0.225,1,0
10647,1,569.03,5,25000.0,4078.82,0.163,2,0,Y,569.03,0.163,0,1
5808,1,325.86,1,38800.0,2231.69,5.8%,0,No,1,325.86,0.057999999999999996,0,1
3588,1,835.79,10,22100.0,9336.14,0.422,1,0,0,835.79,0.422,0,0
6268,2,811.14,4,2100.0,553.51,0.264,3,1,0,811.14,0.264,1,0
11126,2,233.06,3,25400.0,8371.68,33.0%,2,1,N,233.06,0.33,1,0
7266,1,923.74,5,56400.0,2727.64,0.048,1,1,Yes,923.74,0.048,1,1
11425,2,677.39,7,23000.0,10037.52,0.436,2,1,0,677.39,0.436,1,0
3942,2,737.67,4,49200.0,19874.34,2.62,2,0,No,737.67,0.404,0,0
9600,1,218.93,1,21500.0,6142.99,28.6%,1,1,0,218.93,0.28600000000000003,1,0
714,1,193.39,0,45100.0,21107.78,1.97,2,N,1,193.39,0.468,0,1
411,5,333.17,4,45200.0,9406.79,0.208,0,Yes,N,333.17,0.208,1,0
7924,1,413.47,3,37200.0,2539.28,0.068,2,1,No,413.47,0.068,1,0
4881,2,393.77,5,4700.0,188.48,0.04,1,1,N,393.77,0.04,1,0
1421,1,203.02,0,9300.0,4202.46,0.452,0,1,Y,203.02,0.452,1,1
3761,1,636.35,3,41600.0,12813.5,0.308,3,Y,1,636.35,0.308,1,1
10710,3,442.09,1,28700.0,11678.1,0.407,1,Y,N,442.09,0.407,1,0
8718,1,847.64,3,35500.0,8058.14,0.227,0,N,0,847.64,0.227,0,0
7631,1,564.74,5,26100.0,5870.53,0.225,3,0,Y,564.74,0.225,0,1
9416,2,907.61,11,42700.0,26220.22,0.614,1,1,N,907.61,0.614,1,0
7801,4,337.13,0,23800.0,6707.4,0.282,1,Yes,N,337.13,0.282,1,0
6494,1,337.5,3,27200.0,4294.73,0.158,1,0,1,337.5,0.158,0,1
6123,2,514.6,4,51500.0,23952.45,0.465,0,0,N,514.6,0.465,0,0
8457,1,395.5,0,23500.0,8967.96,0.382,1,0,No,395.5,0.382,0,0
2351,4,389.62,2,4800.0,1111.32,0.232,1,Yes,0,389.62,0.232,1,0
6971,1,394.19,0,43100.0,11925.63,0.277,0,No,N,394.19,0.277,0,0
4574,5,,0,39300.0,8345.23,0.212,3,Yes,0,231.95,0.212,1,0
2535,1,460.72,6,22800.0,11821.13,0.518,3,0,1,460.72,0.518,0,1
3866,5,506.71,0,23300.0,2935.91,0.126,1,1,0,506.71,0.126,1,0
6999,1,593.93,4,4100.0,1545.29,0.377,1,1,0,593.93,0.377,1,0
6307,2,359.87,5,38200.0,4985.56,0.131,1,Y,N,359.87,0.131,1,0
12049,1,776.73,5,25500.0,8242.69,32.3%,0,0,N,776.73,0.32299999999999995,0,0
11628,5,398.97,6,11500.0,2905.12,0.253,2,Yes,No,398.97,0.253,1,0
7279,2,167.74,3,22900.0,5723.62,0.25,1,1,N,167.74,0.25,1,0
11626,2,563.19,4,7000.0,1491.98,0.213,0,Yes,N,563.19,0.213,1,0
10461,4,1913.48,13,37100.0,7777.99,0.21,2,Y,No,1913.48,0.21,1,0
5036,2,621.56,9,41800.0,3679.12,0.088,2,1,0,621.56,0.088,1,0
6023,2,418.1,2,56400.0,20579.6,0.365,2,1,0,418.1,0.365,1,0
2006,1,,11,23400.0,8286.1,0.354,0,No,0,1136.87,0.354,0,0
8033,2,621.19,5,53600.0,16175.88,0.302,0,1,0,621.19,0.302,1,0
2996,4,1431.02,10,22600.0,2463.46,0.109,1,1,0,1431.02,0.109,1,0
2646,2,344.88,4,14900.0,2592.15,0.174,2,1,0,344.88,0.174,1,0
6633,3,406.43,4,2300.0,956.88,0.416,0,Yes,0,406.43,0.416,1,0
4124,1,346.3,3,51800.0,18689.41,0.361,0,N,1,346.3,0.361,0,1
8403,2,323.01,4,54400.0,10467.11,0.192,0,Yes,0,323.01,0.192,1,0
5625,1,1153.0,5,48000.0,16299.36,0.34,0,No,Y,1153.0,0.34,0,1
3045,2,,0,52600.0,13168.79,0.25,0,Yes,0,231.95,0.25,1,0
761,3,142.26,2,57200.0,45727.54,79.9%,1,1,0,142.26,0.799,1,0
6985,1,258.9,1,43800.0,7582.91,0.173,1,0,No,258.9,0.173,0,0
4791,1,945.4,7,22700.0,5458.73,0.24,2,0,No,945.4,0.24,0,0
6970,3,294.67,1,19800.0,6437.18,0.325,0,Yes,N,294.67,0.325,1,0
992,1,147.48,2,18400.0,3493.6,19.0%,1,0,0,147.48,0.19,0,0
6396,3,407.04,5,40800.0,5848.71,0.143,0,1,0,407.04,0.143,1,0
9735,1,854.77,4,33300.0,7475.02,0.224,1,1,No,854.77,0.224,1,0
4139,1,265.15,0,30300.0,6596.56,21.8%,1,Y,N,265.15,0.218,1,0
9221,1,336.94,1,43800.0,7267.62,0.166,1,0,1,336.94,0.166,0,1
8552,3,326.35,1,28000.0,10392.34,37.1%,1,1,N,326.35,0.371,1,0
3457,3,983.95,9,57900.0,29364.54,0.507,1,Y,0,983.95,0.507,1,0
6960,2,365.1,5,21000.0,5539.59,26.4%,0,0,0,365.1,0.264,0,0
10307,1,436.21,3,28700.0,6944.92,0.242,1,N,1,436.21,0.242,0,1
10809,3,664.67,3,6500.0,990.47,0.152,0,Y,No,664.67,0.152,1,0
7827,2,1057.86,3,20700.0,5635.26,27.2%,1,1,N,1057.86,0.272,1,0
658,4,1029.83,9,4600.0,2532.04,0.55,0,N,0,1029.83,0.55,0,0
2704,1,320.71,1,17700.0,12300.8,0.695,2,0,0,320.71,0.695,0,0
10837,2,296.44,4,29900.0,5740.57,0.192,0,Y,N,296.44,0.192,1,0
1235,2,203.33,1,56700.0,19528.84,0.344,1,Y,0,203.33,0.344,1,0
10670,1,937.39,2,40200.0,14676.6,0.365,1,N,Yes,937.39,0.365,0,1
9756,5,345.27,5,23800.0,2130.96,0.09,0,Y,N,345.27,0.09,1,0
2826,1,79.63,3,32100.0,7582.98,0.236,0,N,0,79.63,0.236,0,0
3191,3,125.11,1,23600.0,5667.17,0.24,2,No,0,125.11,0.24,0,0
3164,3,,1,3600.0,52.66,0.015,1,No,N,272.54,0.015,0,0
1891,2,1095.12,8,45000.0,13809.96,0.307,2,1,No,1095.12,0.307,1,0
3077,3,318.13,2,47400.0,3748.43,0.079,0,No,N,318.13,0.079,0,0
11512,5,180.59,0,16800.0,2232.9,0.133,2,Yes,No,180.59,0.133,1,0
5089,3,593.72,3,48400.0,16039.5,0.331,3,1,N,593.72,0.331,1,0
7292,1,160.33,1,9500.0,1733.94,0.183,1,0,No,160.33,0.183,0,0
4356,2,357.57,1,54300.0,17267.64,0.318,2,Yes,N,357.57,0.318,1,0
9826,1,265.86,0,58300.0,7176.1,0.123,2,1,1,265.86,0.123,1,1
1258,1,476.89,3,41800.0,6236.82,14.9%,0,0,No,476.89,0.149,0,0
962,4,419.44,0,15600.0,3389.32,0.217,0,Yes,0,419.44,0.217,1,0
5416,4,256.45,0,32600.0,7655.68,23.5%,0,Yes,No,256.45,0.235,1,0
1031,1,386.33,1,34000.0,13480.03,39.6%,0,0,0,386.33,0.396,0,0
6656,2,880.98,8,34400.0,19996.25,58.1%,1,Y,N,880.98,0.581,1,0
4739,4,179.65,1,44300.0,7531.09,17.0%,1,1,0,179.65,0.17,1,0
6293,3,896.39,5,14600.0,4832.45,0.331,0,Yes,0,896.39,0.331,1,0
3454,2,898.45,5,23800.0,8922.48,0.375,0,N,0,898.45,0.375,0,0
1271,4,717.82,3,20200.0,5715.32,28.3%,1,Yes,0,717.82,0.28300000000000003,1,0
10312,1,499.48,3,49500.0,12715.4,25.7%,0,0,0,499.48,0.257,0,0
4925,2,298.69,0,16800.0,1316.43,0.078,2,Yes,0,298.69,0.078,1,0
9721,4,165.42,0,14800.0,2970.98,0.201,2,0,No,165.42,0.201,0,0
10836,2,574.61,4,24900.0,3076.98,12.4%,1,Y,0,574.61,0.124,1,0
497,3,542.5,7,30400.0,3358.21,0.11,1,Y,N,542.5,0.11,1,0
10591,5,505.27,4,12200.0,1263.41,0.104,1,Yes,0,505.27,0.104,1,0
8571,1,549.09,3,59400.0,12856.03,0.216,1,1,0,549.09,0.216,1,0
6685,2,204.87,1,14100.0,4798.52,0.34,1,0,No,204.87,0.34,0,0
9891,4,934.59,6,42100.0,14038.64,0.333,0,Yes,Yes,934.59,0.333,1,1
767,1,145.14,0,33000.0,3471.96,0.105,0,0,Yes,145.14,0.105,0,1
9436,1,417.76,6,43300.0,11537.79,26.6%,0,0,0,417.76,0.266,0,0
4856,1,225.6,1,56000.0,6912.66,0.123,0,Yes,0,225.6,0.123,1,0
7399,1,343.19,2,56400.0,23584.46,0.418,0,No,N,343.19,0.418,0,0
2243,2,312.35,3,29700.0,5667.88,0.191,0,1,0,312.35,0.191,1,0
5599,5,909.89,2,46000.0,19889.34,0.432,2,0,No,909.89,0.432,0,0
1104,5,361.88,2,7000.0,699.29,0.1,0,Yes,No,361.88,0.1,1,0
4409,4,595.58,4,28800.0,8792.09,30.5%,0,Y,No,595.58,0.305,1,0
12065,4,166.86,0,7200.0,3385.39,0.47,1,Y,0,166.86,0.47,1,0
10262,1,1336.6,9,14300.0,4299.83,30.1%,1,No,1,1336.6,0.301,0,1
11856,1,248.23,3,42900.0,10838.5,0.253,2,0,N,248.23,0.253,0,0
5242,1,289.68,2,52200.0,3849.74,0.074,0,Yes,No,289.68,0.074,1,0
11364,4,657.06,4,17500.0,5532.75,0.316,1,No,0,657.06,0.316,0,0
11988,4,,1,16700.0,4676.46,0.28,3,1,N,272.54,0.28,1,0
293,3,484.43,1,23600.0,5335.63,0.226,0,0,N,484.43,0.226,0,0
10321,1,415.96,1,42100.0,15551.73,0.369,1,Y,No,415.96,0.369,1,0
9075,1,287.85,4,16200.0,2756.41,17.0%,0,0,0,287.85,0.17,0,0
1274,4,231.49,1,48200.0,8475.04,17.6%,1,1,0,231.49,0.17600000000000002,1,0
11551,3,578.57,5,33100.0,3442.46,0.104,2,Yes,No,578.57,0.104,1,0
4545,2,203.54,2,47500.0,10847.83,0.228,0,1,0,203.54,0.228,1,0
8764,1,352.95,1,2500.0,402.69,0.161,0,0,0,352.95,0.161,0,0
3811,2,324.61,2,8700.0,1838.85,0.211,1,1,0,324.61,0.211,1,0
7035,4,495.28,2,35300.0,12540.2,0.355,2,1,0,495.28,0.355,1,0
9768,2,1692.32,7,53700.0,19051.88,0.355,1,1,0,1692.32,0.355,1,0
11882,3,329.79,3,10300.0,3488.6,0.339,0,1,0,329.79,0.339,1,0
3757,1,411.68,0,54000.0,17484.97,0.324,1,0,N,411.68,0.324,0,0
5252,1,168.59,0,32500.0,7281.55,0.224,1,N,N,168.59,0.224,0,0
8052,4,82.15,2,37800.0,12787.65,0.338,0,N,No,82.15,0.338,0,0
2193,1,709.28,3,29400.0,2019.47,0.069,0,Yes,Y,709.28,0.069,1,1
8058,1,566.11,4,8300.0,1634.98,0.197,1,Yes,1,566.11,0.197,1,1
5867,2,187.83,1,23300.0,1060.32,0.046,0,No,N,187.83,0.046,0,0
11427,1,419.62,2,6800.0,1152.48,0.169,1,1,0,419.62,0.169,1,0
9010,1,1101.46,4,29500.0,8105.51,0.275,1,N,Y,1101.46,0.275,0,1
11159,1,185.91,2,41300.0,6784.87,0.164,1,1,0,185.91,0.164,1,0
3597,1,259.26,0,14800.0,2760.51,18.7%,0,1,0,259.26,0.187,1,0
846,5,303.49,2,41000.0,10684.98,26.1%,0,1,N,303.49,0.261,1,0
1190,2,362.51,4,7400.0,3551.18,0.48,0,1,0,362.51,0.48,1,0
10819,2,163.52,0,6100.0,725.25,0.119,1,1,No,163.52,0.119,1,0
2963,2,233.05,1,53000.0,20326.36,0.384,1,Yes,N,233.05,0.384,1,0
2671,1,392.76,5,55600.0,28949.91,0.521,0,0,N,392.76,0.521,0,0
1716,1,174.42,1,43100.0,22845.88,53.0%,1,1,Yes,174.42,0.53,1,1
7137,2,659.94,4,32700.0,14072.46,0.43,0,Y,0,659.94,0.43,1,0
8797,1,1696.05,13,45100.0,15807.51,0.35,1,0,0,1696.05,0.35,0,0
46,1,170.59,1,23000.0,5036.72,0.219,1,0,Yes,170.59,0.219,0,1
8572,2,542.98,3,17400.0,127.92,0.007,1,1,0,542.98,0.007,1,0
6151,3,185.91,4,57900.0,33564.48,0.58,3,1,N,185.91,0.58,1,0
6272,2,343.26,3,16000.0,3146.76,19.7%,1,No,N,343.26,0.19699999999999998,0,0
9388,1,330.02,0,12100.0,2599.1,21.5%,0,N,Yes,330.02,0.215,0,1
5731,2,221.66,3,14100.0,8153.1,0.578,0,Y,0,221.66,0.578,1,0
11532,3,1375.5,10,32100.0,11454.02,0.357,1,Yes,0,1375.5,0.357,1,0
948,4,329.55,2,43300.0,22409.96,0.518,1,Y,0,329.55,0.518,1,0
7329,1,533.37,2,14800.0,6911.37,0.467,1,Y,0,533.37,0.467,1,0
7472,4,932.18,5,23900.0,8623.04,0.361,2,Yes,0,932.18,0.361,1,0
4752,2,563.23,4,15500.0,2291.23,0.148,0,1,0,563.23,0.148,1,0
220,1,892.95,9,45100.0,14662.33,32.5%,0,Y,0,892.95,0.325,1,0
4969,1,442.33,4,45200.0,19273.13,0.426,0,0,1,442.33,0.426,0,1
7269,3,166.73,2,57900.0,38664.05,0.668,4,Yes,N,166.73,0.668,1,0
7879,3,388.97,4,3100.0,537.95,17.4%,2,Y,N,388.97,0.174,1,0
9977,1,320.95,4,9700.0,3542.69,0.365,0,1,0,320.95,0.365,1,0
2948,3,438.6,5,12200.0,8077.61,66.2%,0,Yes,N,438.6,0.662,1,0
12176,1,1178.81,4,38800.0,14393.05,37.1%,2,No,N,1178.81,0.371,0,0
437,2,582.55,3,27200.0,14006.71,0.515,0,1,N,582.55,0.515,1,0
12095,3,,0,16200.0,8362.65,0.516,0,0,N,231.95,0.516,0,0
9021,3,240.58,2,57200.0,3214.46,0.056,1,1,No,240.58,0.056,1,0
3161,2,373.43,4,6000.0,2495.18,0.416,2,1,0,373.43,0.416,1,0
2657,3,281.93,0,47700.0,17537.77,36.8%,1,No,No,281.93,0.368,0,0
4174,2,493.08,4,38800.0,7709.74,0.199,0,0,0,493.08,0.199,0,0
2267,4,232.93,2,46400.0,900.41,0.019,1,1,0,232.93,0.019,1,0
11625,4,172.11,1,41500.0,4493.46,0.108,1,Y,No,172.11,0.108,1,0
1165,3,537.69,6,42300.0,3349.28,7.9%,4,1,0,537.69,0.079,1,0
1409,4,340.91,0,11300.0,4762.09,0.421,2,1,N,340.91,0.421,1,0
1115,3,615.94,2,31000.0,5355.43,0.173,1,Yes,0,615.94,0.173,1,0
10939,4,107.83,1,25800.0,6952.74,0.269,1,Yes,N,107.83,0.269,1,0
531,1,1284.54,12,16800.0,2006.69,0.119,0,1,0,1284.54,0.119,1,0
5373,3,407.67,1,45700.0,6527.52,0.143,0,1,N,407.67,0.143,1,0
4411,3,504.93,1,59400.0,5900.03,0.099,0,0,0,504.93,0.099,0,0
3683,3,646.44,7,36500.0,7827.88,0.214,1,Y,0,646.44,0.214,1,0
1114,1,493.81,4,31000.0,10529.92,0.34,1,1,N,493.81,0.34,1,0
8281,2,261.9,1,12800.0,2637.6,20.6%,0,1,No,261.9,0.20600000000000002,1,0
5272,5,353.83,1,13400.0,5126.35,38.3%,1,1,0,353.83,0.38299999999999995,1,0
11409,4,147.34,6,48700.0,12270.29,0.252,2,Yes,N,147.34,0.252,1,0
1896,1,901.86,3,7600.0,1687.97,0.222,0,N,0,901.86,0.222,0,0
2618,3,206.52,1,10700.0,1939.47,0.181,1,Y,N,206.52,0.181,1,0
10177,3,330.12,3,34400.0,13947.1,0.405,0,Y,0,330.12,0.405,1,0
3126,2,553.45,6,27300.0,3832.24,0.14,1,0,0,553.45,0.14,0,0
9828,3,502.48,3,23500.0,7259.13,30.9%,2,Y,No,502.48,0.309,1,0
12073,2,426.27,3,14700.0,3775.06,0.257,2,1,0,426.27,0.257,1,0
10435,4,1137.32,7,58400.0,24254.94,0.415,1,1,0,1137.32,0.415,1,0
9302,3,506.67,3,14000.0,6376.92,0.455,0,1,No,506.67,0.455,1,0
3991,2,91.18,2,8700.0,359.5,0.041,1,1,N,91.18,0.041,1,0
8070,1,310.7,1,10900.0,4621.01,42.4%,1,0,1,310.7,0.424,0,1
11280,2,,2,12000.0,9323.94,0.777,0,1,0,339.29,0.777,1,0
7476,3,446.25,5,25300.0,10632.97,0.42,0,Yes,0,446.25,0.42,1,0
5257,2,261.79,2,44900.0,2797.08,0.062,1,1,No,261.79,0.062,1,0
953,1,132.56,1,49400.0,26100.33,0.528,1,0,0,132.56,0.528,0,0
4321,1,425.23,2,59500.0,2018.34,0.034,1,No,N,425.23,0.034,0,0
7028,4,229.91,1,39700.0,22294.57,0.562,3,N,0,229.91,0.562,0,0
4485,2,450.86,4,11900.0,1319.43,0.111,1,1,0,450.86,0.111,1,0
5444,1,248.17,1,36900.0,6962.36,0.189,1,Y,0,248.17,0.189,1,0
11490,1,899.74,7,25100.0,1780.12,0.071,1,0,Yes,899.74,0.071,0,1
10230,1,632.95,4,25000.0,7226.16,0.289,1,Yes,No,632.95,0.289,1,0
11584,1,,6,44400.0,21938.28,0.494,1,No,0,668.98,0.494,0,0
3445,3,107.07,2,29800.0,5165.15,0.173,0,0,0,107.07,0.173,0,0
6875,2,462.45,5,14500.0,4947.27,0.341,0,Y,0,462.45,0.341,1,0
3772,2,625.82,1,14000.0,6006.06,42.9%,3,1,1,625.82,0.429,1,1
5372,1,318.95,1,52100.0,31759.11,61.0%,1,No,Yes,318.95,0.61,0,1
10729,3,415.43,4,25600.0,8531.65,0.333,2,Yes,No,415.43,0.333,1,0
2615,3,1115.78,4,37500.0,763.85,0.02,0,1,0,1115.78,0.02,1,0
7934,2,711.94,6,14300.0,3145.47,0.22,1,Yes,N,711.94,0.22,1,0
4433,4,989.65,6,32900.0,8515.87,0.259,1,Yes,0,989.65,0.259,1,0
1159,2,344.22,4,18600.0,6332.57,34.0%,0,N,0,344.22,0.34,0,0
1930,1,362.3,1,22300.0,2740.64,12.3%,1,N,N,362.3,0.12300000000000001,0,0
9926,5,455.14,2,26900.0,9922.93,0.369,1,Y,0,455.14,0.369,1,0
1714,1,523.89,3,21400.0,9264.89,0.433,1,No,No,523.89,0.433,0,0
2248,3,695.07,7,15900.0,6185.08,0.389,1,Yes,0,695.07,0.389,1,0
5216,3,198.29,0,14200.0,2697.45,0.19,0,Y,0,198.29,0.19,1,0
8776,2,291.98,0,58700.0,13804.27,23.5%,0,1,No,291.98,0.235,1,0
4940,1,282.17,4,27100.0,4201.53,0.155,3,No,0,282.17,0.155,0,0
7980,1,646.7,5,49100.0,21164.63,0.431,3,N,1,646.7,0.431,0,1
3030,2,423.77,1,28700.0,6053.0,0.211,1,1,0,423.77,0.211,1,0
7094,2,429.24,2,44300.0,10694.93,0.241,2,N,0,429.24,0.241,0,0
194,2,556.62,5,54600.0,25020.55,0.458,1,0,0,556.62,0.458,0,0
7978,1,832.13,4,2600.0,1527.53,0.588,0,N,N,832.13,0.588,0,0
3536,2,667.04,9,51700.0,4372.82,0.085,3,Yes,0,667.04,0.085,1,0
1741,3,331.82,0,29500.0,11645.32,0.395,2,1,N,331.82,0.395,1,0
8364,1,469.97,4,17200.0,6935.7,0.403,0,0,0,469.97,0.403,0,0
9046,2,332.98,2,59900.0,8599.17,0.144,0,1,No,332.98,0.144,1,0
936,3,300.66,0,54200.0,8150.8,15.0%,1,1,0,300.66,0.15,1,0
6661,5,1392.52,9,22300.0,452.51,2.0%,1,Y,N,1392.52,0.02,1,0
9181,3,443.37,2,18200.0,4495.74,0.247,1,1,0,443.37,0.247,1,0
9959,1,589.39,3,40900.0,8898.67,21.8%,1,No,Y,589.39,0.218,0,1
7385,3,268.83,2,25600.0,8899.18,0.348,2,Yes,Yes,268.83,0.348,1,1
10579,2,1059.14,9,48700.0,10662.92,0.219,1,1,N,1059.14,0.219,1,0
1402,2,604.22,5,31200.0,17153.01,0.55,0,0,0,604.22,0.55,0,0
2231,5,853.36,5,19100.0,1600.02,0.084,1,0,0,853.36,0.084,0,0
1352,1,348.5,3,9800.0,1913.58,0.195,1,0,Yes,348.5,0.195,0,1
4907,1,124.71,0,45000.0,12142.48,0.27,0,Yes,0,124.71,0.27,1,0
3616,1,516.04,6,3500.0,1250.04,0.357,1,Y,1,516.04,0.357,1,1
6821,1,343.96,0,5300.0,2409.39,45.5%,0,No,Yes,343.96,0.455,0,1
11775,4,328.19,0,21000.0,7447.5,0.355,2,0,N,328.19,0.355,0,0
6919,4,458.0,2,24200.0,14188.56,58.6%,2,1,No,458.0,0.586,1,0
5755,2,391.16,3,37700.0,14782.94,39.2%,1,1,N,391.16,0.392,1,0
4189,2,696.41,4,54900.0,26291.97,0.479,0,1,N,696.41,0.479,1,0
5737,4,517.67,5,50000.0,4051.01,8.1%,1,1,N,517.67,0.081,1,0
3715,5,887.31,5,47800.0,9485.89,19.8%,1,0,N,887.31,0.198,0,0
9157,3,744.79,8,16500.0,1350.44,0.082,1,Y,No,744.79,0.082,1,0
5921,2,537.52,5,53400.0,25942.5,0.486,2,1,0,537.52,0.486,1,0
2347,1,389.94,4,34400.0,15116.5,0.439,1,No,0,389.94,0.439,0,0
1929,1,116.99,1,12400.0,1309.74,0.106,1,0,Yes,116.99,0.106,0,1
12029,3,179.32,2,55700.0,17261.9,0.31,2,Yes,No,179.32,0.31,1,0
8353,2,578.63,5,34100.0,18173.59,0.533,0,1,Y,578.63,0.533,1,1
3125,2,174.14,2,43200.0,9726.69,0.225,0,Yes,No,174.14,0.225,1,0
1725,4,207.84,1,23500.0,3949.62,0.168,1,Y,0,207.84,0.168,1,0
2146,2,434.18,3,28700.0,7965.92,0.278,2,0,0,434.18,0.278,0,0
7874,1,311.93,1,50300.0,17263.69,0.343,2,Y,No,311.93,0.343,1,0
8284,3,175.01,0,14900.0,4244.84,0.285,2,1,No,175.01,0.285,1,0
2910,1,895.28,7,57000.0,11490.96,0.202,2,0,0,895.28,0.202,0,0
7607,2,460.85,5,36400.0,3632.09,0.1,0,Yes,0,460.85,0.1,1,0
6805,1,208.66,0,3300.0,647.48,0.196,1,Yes,N,208.66,0.196,1,0
11560,1,469.75,2,59200.0,10149.68,0.171,1,No,N,469.75,0.171,0,0
4656,3,474.71,3,22200.0,12773.12,0.575,1,No,N,474.71,0.575,0,0
4487,2,827.91,1,27900.0,11090.32,39.8%,1,Yes,N,827.91,0.39799999999999996,1,0
1450,1,363.34,3,5800.0,2712.86,0.468,1,1,1,363.34,0.468,1,1
9860,2,321.43,2,22100.0,8466.36,0.383,0,Y,No,321.43,0.383,1,0
4247,1,288.85,1,26000.0,9997.12,0.385,2,Y,0,288.85,0.385,1,0
5070,2,314.45,1,41700.0,17915.61,43.0%,0,1,0,314.45,0.43,1,0
10311,1,958.59,5,3700.0,1613.44,0.436,1,No,0,958.59,0.436,0,0
10882,5,309.4,1,49600.0,6168.26,0.124,1,1,N,309.4,0.124,1,0
8573,5,1199.19,8,39600.0,4153.13,0.105,0,Y,N,1199.19,0.105,1,0
8445,1,495.7,5,53400.0,27001.47,0.506,0,No,Yes,495.7,0.506,0,1
6651,2,318.27,1,21700.0,5428.95,0.25,1,1,N,318.27,0.25,1,0
5730,5,333.21,5,47200.0,22540.74,0.478,1,1,0,333.21,0.478,1,0
5629,4,438.38,0,36900.0,7046.04,19.1%,0,Yes,0,438.38,0.191,1,0
10115,2,172.82,0,47300.0,6531.03,0.138,0,Yes,No,172.82,0.138,1,0
11443,3,163.32,2,8600.0,2450.98,28.5%,0,1,0,163.32,0.285,1,0
11348,5,570.62,4,46100.0,23500.09,0.51,0,1,0,570.62,0.51,1,0
2008,2,346.09,1,50500.0,4746.0,9.4%,3,Yes,0,346.09,0.094,1,0
4040,1,1103.39,11,33200.0,14107.05,0.425,0,0,1,1103.39,0.425,0,1
2711,2,365.59,2,29400.0,16549.25,0.563,0,1,0,365.59,0.563,1,0
2258,1,452.56,3,39400.0,17813.68,45.2%,2,0,Y,452.56,0.452,0,1
3184,2,675.52,5,55100.0,8710.77,0.158,2,1,0,675.52,0.158,1,0
6909,1,862.36,4,8800.0,3712.37,0.422,2,Y,0,862.36,0.422,1,0
5330,1,310.83,1,6100.0,2534.99,0.416,3,Yes,1,310.83,0.416,1,1
2960,3,243.8,3,51500.0,2830.01,0.055,0,1,No,243.8,0.055,1,0
12090,2,227.46,0,27600.0,9314.07,0.337,0,1,No,227.46,0.337,1,0
956,1,169.44,0,28000.0,2369.36,0.085,2,N,0,169.44,0.085,0,0
10336,1,897.29,11,36500.0,9053.97,0.248,0,0,N,897.29,0.248,0,0
8658,4,1137.07,13,20800.0,11586.3,0.557,1,Yes,No,1137.07,0.557,1,0
11773,5,695.39,4,42400.0,6974.9,16.5%,0,1,0,695.39,0.165,1,0
2192,1,549.06,5,40500.0,8815.5,0.218,1,0,No,549.06,0.218,0,0
8026,3,726.19,9,42600.0,13426.44,0.315,1,Yes,0,726.19,0.315,1,0
6826,1,411.95,2,55900.0,6869.5,0.123,2,N,Y,411.95,0.123,0,1
6434,4,700.84,1,57600.0,8350.18,0.145,0,1,0,700.84,0.145,1,0
8579,1,743.81,5,14500.0,3023.7,0.209,0,N,0,743.81,0.209,0,0
8558,1,460.92,1,12700.0,342.63,0.027,2,No,No,460.92,0.027,0,0
5498,1,951.3,9,11700.0,2170.36,18.6%,0,0,0,951.3,0.18600000000000003,0,0
5487,1,531.0,6,7000.0,2741.39,0.392,0,1,0,531.0,0.392,1,0
9519,1,473.32,1,34900.0,13296.04,0.381,0,Yes,1,473.32,0.381,1,1
5516,2,249.78,0,21500.0,4505.02,0.21,1,Yes,N,249.78,0.21,1,0
5540,1,351.44,4,50600.0,1724.53,3.4%,1,Y,N,351.44,0.034,1,0
6775,2,126.59,0,31100.0,16397.64,0.527,3,N,0,126.59,0.527,0,0
1720,3,247.75,2,32900.0,8357.04,0.254,1,1,No,247.75,0.254,1,0
7687,1,1117.35,8,14200.0,8739.15,0.615,0,No,0,1117.35,0.615,0,0
7276,2,693.95,2,29000.0,7852.06,0.271,0,1,0,693.95,0.271,1,0
8217,2,231.45,1,38000.0,3336.35,0.088,0,Yes,0,231.45,0.088,1,0
3329,2,1251.38,9,46500.0,7992.07,17.2%,0,1,0,1251.38,0.172,1,0
4580,1,336.09,3,5300.0,2107.29,39.8%,1,No,1,336.09,0.39799999999999996,0,1
10458,2,201.51,0,22500.0,4347.59,0.193,2,1,No,201.51,0.193,1,0
10986,3,998.66,4,39500.0,899.02,2.3%,0,Yes,0,998.66,0.023,1,0
3638,1,314.21,1,43700.0,6330.95,0.145,2,0,0,314.21,0.145,0,0
1843,5,144.67,2,47500.0,22690.25,0.478,1,1,No,144.67,0.478,1,0
11195,2,479.11,3,40500.0,22674.15,0.56,0,Yes,N,479.11,0.56,1,0
8083,3,480.65,5,2800.0,354.93,0.127,1,1,0,480.65,0.127,1,0
2185,1,280.44,1,45400.0,15365.67,0.338,1,1,1,280.44,0.338,1,1
6433,3,366.58,2,55500.0,10085.34,0.182,1,Yes,0,366.58,0.182,1,0
378,1,232.92,2,16700.0,4714.85,0.282,1,Y,0,232.92,0.282,1,0
8618,1,314.24,1,32600.0,20699.12,0.635,1,0,Y,314.24,0.635,0,1
5384,1,791.77,5,33900.0,9235.54,0.272,1,0,Yes,791.77,0.272,0,1
6659,3,686.28,7,7200.0,3457.37,0.48,2,0,0,686.28,0.48,0,0
11811,5,131.39,1,53600.0,29657.11,0.553,0,Yes,0,131.39,0.553,1,0
2606,2,676.15,7,42900.0,26814.89,62.5%,2,Yes,0,676.15,0.625,1,0
10149,3,845.48,9,33400.0,14880.34,44.6%,3,1,N,845.48,0.446,1,0
7748,3,945.28,11,19700.0,4309.68,0.219,1,1,No,945.28,0.219,1,0
10638,3,334.7,2,38400.0,12191.63,0.317,1,1,No,334.7,0.317,1,0
4753,2,286.05,4,58100.0,22695.49,0.391,1,1,0,286.05,0.391,1,0
3929,2,146.91,2,24700.0,10216.08,0.414,1,Y,N,146.91,0.414,1,0
3584,3,183.11,0,59900.0,5123.15,0.086,1,1,No,183.11,0.086,1,0
6558,1,543.72,4,24100.0,2734.08,0.113,1,Yes,No,543.72,0.113,1,0
6830,2,1128.77,11,38300.0,5266.35,0.138,1,0,No,1128.77,0.138,0,0
9450,2,435.15,3,4000.0,1309.88,0.327,2,Y,No,435.15,0.327,1,0
9437,3,288.26,2,17600.0,7467.87,42.4%,0,1,0,288.26,0.424,1,0
4286,1,135.0,1,19800.0,5364.46,27.1%,1,N,N,135.0,0.271,0,0
7087,4,581.53,5,31900.0,7535.23,0.236,0,1,0,581.53,0.236,1,0
381,2,,4,58700.0,9411.86,0.16,3,1,0,507.11,0.16,1,0
9179,3,650.54,4,23300.0,4909.48,0.211,3,0,1,650.54,0.211,0,1
8696,3,530.41,8,51900.0,18701.13,0.36,1,1,0,530.41,0.36,1,0
1630,2,837.09,3,42600.0,1396.1,3.3%,1,1,0,837.09,0.033,1,0
10148,1,427.28,2,10600.0,4449.2,0.42,1,Y,N,427.28,0.42,1,0
11503,2,230.84,3,56500.0,14961.79,0.265,3,1,0,230.84,0.265,1,0
4745,3,1284.93,13,13800.0,5890.02,0.427,1,Y,N,1284.93,0.427,1,0
1936,4,344.86,2,6900.0,1097.69,0.159,1,0,N,344.86,0.159,0,0
3495,1,321.0,1,11000.0,5088.14,0.463,1,N,Yes,321.0,0.463,0,1
6848,1,516.49,3,12200.0,4773.97,0.391,0,0,0,516.49,0.391,0,0
3380,5,610.63,2,25200.0,3741.32,0.148,1,0,No,610.63,0.148,0,0
5744,3,773.35,5,36600.0,8015.6,0.219,1,1,No,773.35,0.219,1,0
8450,1,301.0,0,20900.0,1470.7,0.07,2,0,N,301.0,0.07,0,0
10430,1,129.29,0,38500.0,7055.89,0.183,1,1,0,129.29,0.183,1,0
8291,3,503.22,1,22600.0,7633.84,0.338,1,Y,N,503.22,0.338,1,0
9032,4,892.29,9,17500.0,5608.63,0.32,2,Y,0,892.29,0.32,1,0
2124,2,154.46,1,2300.0,851.83,0.37,1,0,No,154.46,0.37,0,0
10851,2,979.69,5,40900.0,10697.75,26.2%,3,1,0,979.69,0.262,1,0
2068,1,491.04,1,6100.0,1978.1,0.324,1,0,0,491.04,0.324,0,0
9918,5,230.51,2,29300.0,9234.25,0.315,4,0,N,230.51,0.315,0,0
5234,1,1030.03,10,10500.0,2764.76,0.263,1,Y,Yes,1030.03,0.263,1,1
11907,2,206.01,2,12800.0,4987.14,0.39,1,Yes,N,206.01,0.39,1,0
3000,4,240.16,2,58500.0,5163.13,0.088,1,Yes,No,240.16,0.088,1,0
7508,1,661.93,4,35300.0,10922.39,0.309,2,0,1,661.93,0.309,0,1
12019,1,185.75,3,52600.0,13610.54,0.259,1,0,N,185.75,0.259,0,0
11323,3,485.94,3,16600.0,5301.25,0.319,2,1,0,485.94,0.319,1,0
1652,2,328.97,2,51600.0,-17710.45,0.343,0,Yes,N,328.97,0.343,1,0
740,5,,1,42400.0,15859.06,37.4%,1,Y,No,272.54,0.374,1,0
9614,2,210.68,2,51300.0,19323.18,0.377,2,Yes,No,210.68,0.377,1,0
12172,2,301.91,1,4200.0,1517.7,0.361,1,Yes,0,301.91,0.361,1,0
8795,1,398.25,5,4300.0,848.27,0.197,2,0,0,398.25,0.197,0,0
6136,1,167.03,1,53000.0,25587.07,0.483,1,0,N,167.03,0.483,0,0
4076,2,689.72,6,13300.0,702.07,0.053,2,1,N,689.72,0.053,1,0
5846,4,545.8,2,32200.0,16976.7,52.7%,0,Y,0,545.8,0.527,1,0
4640,3,232.46,1,32000.0,8569.31,0.268,1,Yes,0,232.46,0.268,1,0
1881,2,459.26,3,35600.0,18154.27,0.51,1,Yes,No,459.26,0.51,1,0
4773,1,433.77,0,21900.0,4841.93,0.221,1,1,1,433.77,0.221,1,1
8512,2,458.12,4,34100.0,1880.11,0.055,2,No,0,458.12,0.055,0,0
10354,1,216.24,1,2300.0,604.17,0.263,0,N,N,216.24,0.263,0,0
2835,2,373.89,2,27700.0,8225.45,0.297,1,Yes,No,373.89,0.297,1,0
8424,3,727.09,7,43300.0,15646.8,0.361,2,1,N,727.09,0.361,1,0
9346,1,514.6,2,59800.0,9683.61,16.2%,0,0,0,514.6,0.162,0,0
3023,1,587.77,7,33700.0,-12819.4,0.38,2,N,Y,587.77,0.38,0,1
5366,1,276.25,2,7400.0,1264.33,17.1%,0,No,No,276.25,0.171,0,0
7965,3,173.49,0,26800.0,7930.85,0.296,0,1,No,173.49,0.296,1,0
7421,2,135.82,1,12300.0,1688.13,0.137,0,N,N,135.82,0.137,0,0
8135,3,209.74,3,37700.0,4623.85,12.3%,0,1,0,209.74,0.12300000000000001,1,0
2964,4,623.37,7,56800.0,464.94,0.008,1,1,No,623.37,0.008,1,0
5701,5,511.35,4,31700.0,9868.12,0.311,1,0,0,511.35,0.311,0,0
5273,2,223.38,2,55400.0,3286.58,0.059,1,1,N,223.38,0.059,1,0
6680,3,701.41,3,15600.0,2880.27,0.185,1,1,0,701.41,0.185,1,0
4028,2,170.75,2,48400.0,2427.32,5.0%,4,Yes,0,170.75,0.05,1,0
7698,1,214.44,2,29100.0,4293.18,14.8%,2,Y,0,214.44,0.14800000000000002,1,0
1659,1,192.54,2,29300.0,23854.39,0.814,2,N,1,192.54,0.814,0,1
8122,1,773.49,7,28000.0,2991.42,0.107,3,N,0,773.49,0.107,0,0
721,2,349.64,3,16200.0,5495.59,0.339,1,1,0,349.64,0.339,1,0
10327,2,384.12,1,57900.0,9701.81,16.8%,1,Y,0,384.12,0.168,1,0
830,2,195.87,3,33700.0,8023.07,23.8%,0,1,N,195.87,0.23800000000000002,1,0
3401,3,1383.33,8,28100.0,18789.66,0.669,1,0,0,1383.33,0.669,0,0
3841,2,769.71,3,22700.0,10053.77,44.3%,1,Yes,N,769.71,0.44299999999999995,1,0
8371,3,350.9,5,30100.0,9087.53,0.302,1,1,N,350.9,0.302,1,0
11177,3,379.59,1,34500.0,1265.15,0.037,2,Y,0,379.59,0.037,1,0
6285,5,588.17,2,36500.0,9211.44,25.2%,1,Yes,No,588.17,0.252,1,0
6634,4,227.27,1,36200.0,13943.55,38.5%,0,Y,0,227.27,0.385,1,0
5209,2,112.37,0,47900.0,3603.29,0.075,1,Y,0,112.37,0.075,1,0
11599,2,336.35,0,36600.0,12352.89,0.338,0,1,0,336.35,0.338,1,0
7562,1,206.34,3,20500.0,4177.08,0.204,0,1,0,206.34,0.204,1,0
2421,2,241.4,2,58400.0,16555.81,0.283,0,1,N,241.4,0.283,1,0
2477,2,1127.88,5,40200.0,24857.35,61.8%,0,No,0,1127.88,0.618,0,0
3029,1,1117.47,7,36600.0,7655.23,0.209,2,1,0,1117.47,0.209,1,0
9313,2,1394.09,12,16100.0,6544.72,0.407,1,1,No,1394.09,0.407,1,0
9239,3,532.2,6,4100.0,2486.17,0.606,1,N,N,532.2,0.606,0,0
10052,1,178.89,0,13400.0,2092.72,0.156,0,0,0,178.89,0.156,0,0
6974,3,390.49,5,40800.0,14704.06,0.36,2,Yes,No,390.49,0.36,1,0
949,2,195.8,0,4700.0,3296.58,70.1%,1,Y,No,195.8,0.701,1,0
12139,3,837.61,5,43800.0,14449.31,0.33,1,1,0,837.61,0.33,1,0
8483,2,387.64,5,37500.0,4584.74,0.122,0,1,No,387.64,0.122,1,0
11264,1,292.59,1,13000.0,2720.55,0.209,0,No,N,292.59,0.209,0,0
9029,1,153.24,0,24000.0,8325.5,0.347,0,1,1,153.24,0.347,1,1
6166,1,240.57,0,26100.0,13258.62,0.508,1,0,No,240.57,0.508,0,0
123,1,1265.45,9,14100.0,4395.16,0.312,2,1,Y,1265.45,0.312,1,1
9676,1,228.9,1,26500.0,11140.12,0.42,0,No,N,228.9,0.42,0,0
5605,1,396.88,9,53200.0,16360.34,0.308,2,1,Y,396.88,0.308,1,1
4767,1,607.29,5,14500.0,6606.9,0.456,2,No,1,607.29,0.456,0,1
10145,2,346.1,2,17100.0,6681.81,0.391,3,Y,0,346.1,0.391,1,0
2128,2,518.36,5,28700.0,9547.15,33.3%,0,0,0,518.36,0.33299999999999996,0,0
659,1,661.94,4,52800.0,20550.66,38.9%,2,N,Y,661.94,0.389,0,1
4451,3,292.3,1,15400.0,5134.68,33.3%,0,N,0,292.3,0.33299999999999996,0,0
10009,2,335.14,4,12700.0,3536.4,0.278,2,Yes,N,335.14,0.278,1,0
5308,3,143.25,0,7400.0,4768.45,0.644,1,N,0,143.25,0.644,0,0
4743,1,351.53,2,37800.0,8525.98,0.226,0,0,0,351.53,0.226,0,0
7664,1,519.0,2,37300.0,9066.43,0.243,0,0,1,519.0,0.243,0,1
520,3,536.71,6,45600.0,10044.86,22.0%,0,Y,N,536.71,0.22,1,0
6966,3,757.95,5,32300.0,3714.89,0.115,0,1,0,757.95,0.115,1,0
9700,5,510.96,4,38700.0,5932.17,0.153,0,1,N,510.96,0.153,1,0
9354,3,431.81,6,25500.0,10299.54,0.404,1,1,0,431.81,0.404,1,0
2453,2,227.36,0,30100.0,11783.62,0.391,0,Y,No,227.36,0.391,1,0
6233,3,340.82,2,55800.0,24713.62,0.443,0,N,0,340.82,0.443,0,0
5919,1,402.01,3,49000.0,10099.42,20.6%,1,0,0,402.01,0.20600000000000002,0,0
5166,1,262.64,1,43200.0,13237.58,0.306,0,N,N,262.64,0.306,0,0
6412,4,229.91,3,12300.0,2802.67,0.228,1,1,0,229.91,0.228,1,0
11794,1,177.65,1,8300.0,1546.42,0.186,0,Y,0,177.65,0.186,1,0
9022,5,820.5,9,44500.0,28675.01,0.644,2,Y,0,820.5,0.644,1,0
5965,2,145.51,1,2200.0,501.03,22.8%,0,Y,0,145.51,0.228,1,0
852,2,417.08,4,40700.0,2521.93,0.062,0,Yes,0,417.08,0.062,1,0
9409,2,354.45,2,19500.0,12476.48,0.64,0,No,0,354.45,0.64,0,0
8301,2,431.72,3,27100.0,5328.8,0.197,2,Y,0,431.72,0.197,1,0
1303,2,1213.05,12,50900.0,9456.04,0.186,0,Yes,0,1213.05,0.186,1,0
7108,1,222.47,0,21300.0,10849.4,0.509,2,N,1,222.47,0.509,0,1
9861,1,387.64,2,26200.0,3051.17,0.116,2,N,N,387.64,0.116,0,0
11642,4,191.55,1,56300.0,3977.43,0.071,1,1,Yes,191.55,0.071,1,1
11678,3,194.44,1,11600.0,4489.55,38.7%,1,Y,0,194.44,0.387,1,0
6594,1,823.25,1,49500.0,7346.25,14.8%,1,1,Yes,823.25,0.14800000000000002,1,1
10324,3,401.66,3,17400.0,7291.52,0.419,2,0,No,401.66,0.419,0,0
6912,2,715.06,1,20700.0,6794.6,32.8%,1,Yes,N,715.06,0.32799999999999996,1,0
2095,2,514.71,5,36900.0,1574.5,0.043,1,1,0,514.71,0.043,1,0
11572,3,470.95,2,31400.0,12850.38,0.409,1,Yes,N,470.95,0.409,1,0
12156,3,354.2,4,46600.0,15658.56,0.336,0,1,No,354.2,0.336,1,0
5449,1,167.8,0,4300.0,954.72,0.222,0,0,1,167.8,0.222,0,1
5265,1,434.48,3,17800.0,3897.6,21.9%,2,0,0,434.48,0.21899999999999997,0,0
10866,1,477.65,5,13100.0,1935.43,0.148,1,No,No,477.65,0.148,0,0
3769,1,220.37,1,28700.0,2215.54,0.077,0,1,Yes,220.37,0.077,1,1
1276,3,344.01,0,42600.0,13569.44,0.319,2,1,0,344.01,0.319,1,0
4009,3,206.43,1,25300.0,5660.71,0.224,0,Y,0,206.43,0.224,1,0
11505,2,565.83,4,8300.0,1427.17,0.172,1,1,N,565.83,0.172,1,0
11050,1,363.82,2,15400.0,4780.46,31.0%,2,Yes,Y,363.82,0.31,1,1
10453,3,221.1,3,24600.0,5746.13,0.234,1,1,No,221.1,0.234,1,0
6532,2,1266.81,9,54600.0,5833.3,10.7%,1,1,0,1266.81,0.107,1,0
7774,3,433.64,3,58200.0,25746.08,0.442,2,1,N,433.64,0.442,1,0
10704,2,423.79,5,49200.0,29489.5,0.599,0,N,0,423.79,0.599,0,0
4713,1,545.82,2,46900.0,6826.69,0.146,0,Yes,N,545.82,0.146,1,0
4672,1,307.13,2,5500.0,1235.18,22.5%,2,Yes,N,307.13,0.225,1,0
7033,1,304.94,2,48700.0,7277.85,0.149,2,Yes,Y,304.94,0.149,1,1
7488,5,346.55,2,20600.0,5570.93,0.27,2,1,N,346.55,0.27,1,0
372,1,358.84,2,29200.0,3797.55,0.13,0,Y,1,358.84,0.13,1,1
4008,3,335.22,1,39200.0,17221.6,0.439,2,Y,N,335.22,0.439,1,0
7618,1,203.94,2,55100.0,35991.31,0.653,1,No,0,203.94,0.653,0,0
4408,2,404.12,3,33700.0,7625.85,22.6%,2,Yes,No,404.12,0.226,1,0
11499,2,851.09,8,53000.0,7507.93,0.142,2,1,No,851.09,0.142,1,0
3702,2,1102.82,9,22400.0,8950.4,40.0%,2,1,0,1102.82,0.4,1,0
7158,1,1285.52,6,19200.0,2397.53,0.125,1,Y,0,1285.52,0.125,1,0
2003,2,311.57,2,49100.0,3752.98,0.076,0,Yes,0,311.57,0.076,1,0
6330,1,512.9,7,7700.0,1235.36,0.16,0,N,Y,512.9,0.16,0,1
1464,2,137.6,1,27800.0,3022.59,0.109,0,Yes,No,137.6,0.109,1,0
65,2,483.59,6,23400.0,4794.14,0.205,0,Yes,0,483.59,0.205,1,0
151,3,265.49,0,7100.0,4295.52,60.5%,3,Yes,0,265.49,0.605,1,0
8912,3,452.48,2,55000.0,11303.11,0.206,0,Yes,0,452.48,0.206,1,0
3068,1,221.31,1,10300.0,2762.5,0.268,0,N,No,221.31,0.268,0,0
11987,3,1068.11,4,59100.0,39381.77,0.666,2,Y,N,1068.11,0.666,1,0
1284,3,773.57,2,26000.0,9124.98,0.351,3,N,No,773.57,0.351,0,0
7609,2,319.61,1,25200.0,3097.57,12.3%,0,1,N,319.61,0.12300000000000001,1,0
4614,1,708.35,1,31100.0,1303.19,0.042,2,N,1,708.35,0.042,0,1
5914,2,854.38,4,29300.0,17399.44,0.594,0,Yes,N,854.38,0.594,1,0
11917,3,428.34,4,51200.0,12595.69,0.246,0,Yes,0,428.34,0.246,1,0
11454,1,272.96,0,26900.0,8136.05,0.302,0,Yes,No,272.96,0.302,1,0
12077,3,320.66,1,9200.0,5767.58,62.7%,1,Y,N,320.66,0.627,1,0
12054,3,262.4,1,48100.0,21464.82,44.6%,1,Yes,0,262.4,0.446,1,0
3726,1,247.54,1,21400.0,5489.34,0.257,1,No,0,247.54,0.257,0,0
354,4,321.79,6,48000.0,13299.68,0.277,0,N,0,321.79,0.277,0,0
10768,3,169.05,0,8600.0,4784.96,0.556,1,0,0,169.05,0.556,0,0
2970,1,2038.73,16,49500.0,2451.24,5.0%,1,N,0,2038.73,0.05,0,0
974,3,596.32,3,20200.0,7551.8,0.374,2,Y,0,596.32,0.374,1,0
6513,3,652.59,2,35400.0,6435.25,18.2%,0,Yes,N,652.59,0.182,1,0
914,2,327.23,4,4000.0,463.29,0.116,0,Y,N,327.23,0.116,1,0
467,2,464.98,4,23600.0,2911.4,0.123,2,1,N,464.98,0.123,1,0
4038,3,448.23,1,2400.0,779.58,0.325,2,Y,N,448.23,0.325,1,0
6936,1,251.13,2,49200.0,32654.68,0.664,0,N,1,251.13,0.664,0,1
8844,3,225.29,4,59900.0,7891.6,0.132,0,0,0,225.29,0.132,0,0
7438,1,241.32,1,25500.0,5618.99,0.22,1,No,1,241.32,0.22,0,1
8521,4,,3,44900.0,19578.9,0.436,0,Y,0,411.22,0.436,1,0
1389,1,67.77,0,47300.0,13240.8,0.28,0,0,No,67.77,0.28,0,0
3534,2,424.32,4,42200.0,17808.84,42.2%,2,1,0,424.32,0.42200000000000004,1,0
10573,1,383.47,1,41900.0,22222.94,0.53,0,0,0,383.47,0.53,0,0
7623,4,789.05,5,25700.0,8267.9,0.322,0,Yes,No,789.05,0.322,1,0
7560,1,726.8,4,56600.0,25001.29,0.442,1,No,0,726.8,0.442,0,0
9131,2,473.17,4,29900.0,8984.22,0.3,0,1,0,473.17,0.3,1,0
2855,2,310.34,3,42300.0,11417.86,0.27,0,1,N,310.34,0.27,1,0
6351,4,758.38,4,3600.0,679.36,0.189,0,1,N,758.38,0.189,1,0
8593,5,343.65,2,51800.0,5091.49,0.098,1,0,N,343.65,0.098,0,0
5033,5,265.06,1,25800.0,10563.2,0.409,0,1,0,265.06,0.409,1,0
5254,1,694.29,1,53900.0,19813.31,0.368,0,0,N,694.29,0.368,0,0
4420,1,172.49,2,31100.0,6329.84,0.204,4,0,0,172.49,0.204,0,0
1298,1,284.08,2,49300.0,25253.88,0.512,1,0,1,284.08,0.512,0,1
11767,3,563.34,5,5600.0,837.66,0.15,2,1,0,563.34,0.15,1,0
5871,4,224.67,1,29100.0,14541.77,0.5,2,No,0,224.67,0.5,0,0
4918,2,232.38,2,57600.0,13412.12,23.3%,0,Yes,N,232.38,0.233,1,0
5536,1,395.09,0,24600.0,9793.53,39.8%,1,1,0,395.09,0.39799999999999996,1,0
10016,2,272.33,1,43500.0,11943.4,0.275,0,N,0,272.33,0.275,0,0
6548,2,374.47,0,8100.0,4532.9,0.56,1,0,No,374.47,0.56,0,0
2756,3,1022.7,3,13900.0,7150.8,51.4%,1,Yes,N,1022.7,0.514,1,0
6172,2,405.29,6,52100.0,15622.47,0.3,2,Yes,0,405.29,0.3,1,0
4287,1,153.91,3,36500.0,12503.49,0.343,0,Yes,No,153.91,0.343,1,0
110,3,698.32,3,48900.0,8862.61,0.181,2,Yes,No,698.32,0.181,1,0
2881,2,438.36,3,58200.0,21333.08,0.367,2,1,0,438.36,0.367,1,0
10265,3,168.01,1,14000.0,6183.71,0.442,1,Y,N,168.01,0.442,1,0
11258,1,298.02,5,12700.0,2880.27,0.227,2,N,No,298.02,0.227,0,0
8136,1,541.67,2,24100.0,8846.42,36.7%,0,No,N,541.67,0.36700000000000005,0,0
6892,1,362.89,2,11000.0,636.95,0.058,1,No,0,362.89,0.058,0,0
4381,2,184.76,0,25300.0,6584.71,0.26,3,1,0,184.76,0.26,1,0
9230,1,454.99,4,3000.0,1105.59,0.369,2,No,Yes,454.99,0.369,0,1
8746,4,547.23,6,40800.0,22534.1,0.552,3,Y,Yes,547.23,0.552,1,1
3897,5,151.11,3,59600.0,20444.35,0.343,3,Y,No,151.11,0.343,1,0
1888,3,118.82,1,50700.0,19360.32,0.382,1,Y,N,118.82,0.382,1,0
2152,3,471.41,2,58900.0,37491.55,0.637,1,N,No,471.41,0.637,0,0
3552,1,1041.23,7,30100.0,10177.1,0.338,0,0,0,1041.23,0.338,0,0
3458,3,372.55,2,26000.0,6575.22,0.253,1,Yes,No,372.55,0.253,1,0
445,2,372.46,0,57300.0,4423.41,0.077,1,Yes,0,372.46,0.077,1,0
11953,2,581.8,5,57400.0,20593.28,0.359,0,1,N,581.8,0.359,1,0
5934,1,236.33,2,48800.0,7223.3,0.148,1,1,No,236.33,0.148,1,0
11411,2,722.0,5,48200.0,21635.9,0.449,2,Y,0,722.0,0.449,1,0
11120,1,808.57,7,58100.0,18990.03,0.327,0,0,N,808.57,0.327,0,0
4450,3,692.24,6,33600.0,16384.57,48.8%,0,Y,0,692.24,0.488,1,0
8304,1,394.35,4,5900.0,1152.79,0.195,0,N,Yes,394.35,0.195,0,1
9037,1,652.27,6,54800.0,16748.82,0.306,1,1,0,652.27,0.306,1,0
11517,3,1283.6,9,16700.0,1186.62,0.071,1,1,0,1283.6,0.071,1,0
2998,4,488.41,4,5100.0,1841.67,0.361,1,Y,0,488.41,0.361,1,0
1430,1,404.52,1,57700.0,18248.42,0.316,0,0,No,404.52,0.316,0,0
5588,1,810.62,5,28600.0,16209.86,0.567,0,0,N,810.62,0.567,0,0
2110,2,563.6,1,34700.0,12760.32,36.8%,1,1,0,563.6,0.368,1,0
3997,4,495.13,9,13300.0,5328.62,0.401,0,Y,0,495.13,0.401,1,0
1764,5,446.33,1,29000.0,3057.99,0.105,1,Y,N,446.33,0.105,1,0
1673,4,427.21,4,19600.0,1055.4,5.4%,0,Yes,0,427.21,0.054000000000000006,1,0
1941,1,215.57,1,55400.0,4624.75,0.083,2,N,1,215.57,0.083,0,1
3889,2,645.23,5,16400.0,2530.78,0.154,1,Yes,No,645.23,0.154,1,0
1272,2,192.73,1,36000.0,6325.95,0.176,1,N,N,192.73,0.176,0,0
4510,3,372.46,4,14800.0,3404.47,0.23,1,Yes,N,372.46,0.23,1,0
9476,3,589.93,3,48700.0,11334.89,0.233,3,Yes,N,589.93,0.233,1,0
11525,4,123.65,2,21700.0,4388.37,20.2%,1,1,0,123.65,0.20199999999999999,1,0
2595,3,1054.24,6,54500.0,21755.99,0.399,0,1,0,1054.24,0.399,1,0
11518,4,295.7,2,49600.0,11649.37,0.235,0,Y,N,295.7,0.235,1,0
7321,1,186.07,0,13200.0,3363.65,0.255,0,1,1,186.07,0.255,1,1
9187,1,747.99,7,58000.0,11323.08,0.195,0,0,1,747.99,0.195,0,1
9651,2,609.82,3,4900.0,671.15,0.137,0,N,No,609.82,0.137,0,0
1815,2,504.43,4,19800.0,2845.44,0.144,2,1,0,504.43,0.144,1,0
8036,1,632.04,2,58700.0,13871.68,0.236,0,No,1,632.04,0.236,0,1
4311,2,480.66,4,30300.0,8957.83,0.296,0,N,N,480.66,0.296,0,0
4030,2,469.32,8,55000.0,8581.71,0.156,0,Yes,No,469.32,0.156,1,0
8549,2,1492.33,9,50600.0,18823.36,0.372,2,1,0,1492.33,0.372,1,0
3750,1,193.46,2,48400.0,15549.24,0.321,2,N,Yes,193.46,0.321,0,1
9772,1,1747.87,11,59500.0,23146.74,0.389,4,Yes,Yes,1747.87,0.389,1,1
11925,2,528.29,4,51400.0,11570.27,0.225,2,1,0,528.29,0.225,1,0
134,3,833.54,6,15400.0,7746.3,0.503,0,0,No,833.54,0.503,0,0
6053,1,371.15,2,51200.0,16310.15,0.319,1,N,0,371.15,0.319,0,0
2396,4,1014.01,7,36400.0,15667.41,43.0%,2,N,No,1014.01,0.43,0,0
9171,1,347.06,2,23700.0,14142.87,0.597,1,0,1,347.06,0.597,0,1
776,1,515.18,4,26900.0,20167.2,0.75,1,0,No,515.18,0.75,0,0
2381,1,786.94,8,43400.0,13392.63,0.309,1,1,1,786.94,0.309,1,1
6243,4,748.5,1,27600.0,2360.21,0.086,3,Y,N,748.5,0.086,1,0
139,2,492.42,1,2900.0,1636.15,0.564,3,1,0,492.42,0.564,1,0
11629,1,162.15,0,43500.0,5430.83,0.125,2,0,0,162.15,0.125,0,0
853,3,1111.92,2,53000.0,2621.54,0.049,0,N,N,1111.92,0.049,0,0
5825,1,650.97,4,11600.0,4612.93,0.398,1,N,1,650.97,0.398,0,1
9696,4,631.6,7,53300.0,23118.61,0.434,0,1,N,631.6,0.434,1,0
2319,4,1757.83,12,49000.0,23580.08,48.1%,0,1,N,1757.83,0.48100000000000004,1,0
6597,3,301.28,4,17600.0,1608.96,0.091,0,Yes,No,301.28,0.091,1,0
3426,3,307.01,2,37200.0,8853.48,23.8%,1,1,0,307.01,0.23800000000000002,1,0
7826,1,249.17,2,34100.0,7995.16,0.234,2,N,0,249.17,0.234,0,0
694,1,198.1,0,17900.0,2670.34,14.9%,1,Yes,N,198.1,0.149,1,0
2590,1,395.48,5,7900.0,2357.75,0.298,2,N,0,395.48,0.298,0,0
6584,3,284.16,1,47400.0,13842.21,0.292,0,Yes,No,284.16,0.292,1,0
11134,3,861.12,4,48500.0,15952.23,32.9%,2,Y,0,861.12,0.32899999999999996,1,0
1377,1,154.67,2,59200.0,34012.22,0.575,0,No,1,154.67,0.575,0,1
11248,1,179.64,4,29800.0,4429.67,0.149,1,No,N,179.64,0.149,0,0
10651,1,269.23,0,2800.0,1099.77,0.393,1,N,0,269.23,0.393,0,0
5165,1,247.72,1,56400.0,3111.01,0.055,1,No,N,247.72,0.055,0,0
9261,2,1021.05,6,32100.0,5701.73,0.178,0,1,No,1021.05,0.178,1,0
2516,5,1244.89,10,8000.0,1714.58,0.214,0,Y,0,1244.89,0.214,1,0
9018,1,234.97,1,30200.0,4701.67,0.156,0,1,No,234.97,0.156,1,0
9448,3,,3,55600.0,27545.2,0.495,1,Yes,No,411.22,0.495,1,0
8740,3,310.46,1,15600.0,6353.76,0.407,0,N,N,310.46,0.407,0,0
2786,3,240.55,2,25900.0,2042.66,7.9%,3,N,0,240.55,0.079,0,0
214,1,354.21,5,11400.0,4912.73,0.431,1,0,0,354.21,0.431,0,0
7379,2,330.34,0,30400.0,10587.96,0.348,1,1,N,330.34,0.348,1,0
2705,2,,1,11500.0,2516.04,0.219,0,1,N,272.54,0.219,1,0
10282,3,663.07,3,33800.0,16938.73,0.501,1,No,0,663.07,0.501,0,0
9969,2,408.3,2,13200.0,3612.0,0.274,1,Yes,0,408.3,0.274,1,0
12103,1,397.65,1,40000.0,3528.72,0.088,3,0,Y,397.65,0.088,0,1
375,1,219.74,0,12300.0,3005.68,0.244,2,1,N,219.74,0.244,1,0
10192,3,581.98,3,9300.0,612.04,0.066,2,Y,No,581.98,0.066,1,0
724,3,230.24,0,45100.0,27286.58,60.5%,1,N,No,230.24,0.605,0,0
10158,1,860.0,6,48800.0,21571.65,0.442,2,1,No,860.0,0.442,1,0
11982,2,304.09,2,47300.0,29614.16,0.626,0,No,No,304.09,0.626,0,0
4846,1,516.32,7,27900.0,13629.32,0.489,0,0,N,516.32,0.489,0,0
10712,3,243.36,4,17500.0,1814.8,0.104,2,No,0,243.36,0.104,0,0
9528,4,236.37,2,11100.0,3451.9,0.311,0,0,No,236.37,0.311,0,0
9545,4,381.58,0,16900.0,1371.83,2.14,1,1,N,381.58,0.081,1,0
3123,2,575.6,6,58100.0,7354.56,0.127,2,0,No,575.6,0.127,0,0
12111,1,168.76,1,25400.0,2964.55,0.117,0,0,1,168.76,0.117,0,1
1793,1,67.01,0,47500.0,9847.43,0.207,0,0,N,67.01,0.207,0,0
702,2,509.61,2,12900.0,2341.72,0.182,2,1,N,509.61,0.182,1,0
11746,4,216.61,1,13100.0,2945.4,0.225,2,0,No,216.61,0.225,0,0
3358,1,765.92,6,38900.0,5251.18,0.135,0,No,N,765.92,0.135,0,0
8355,2,601.46,3,18200.0,3617.77,0.199,0,Y,No,601.46,0.199,1,0
6021,1,191.45,0,57100.0,6517.79,0.114,1,0,1,191.45,0.114,0,1
6511,2,337.18,1,17100.0,5554.63,0.325,1,1,N,337.18,0.325,1,0
1719,3,303.25,4,9000.0,661.18,0.073,2,1,N,303.25,0.073,1,0
8180,3,653.42,5,8700.0,2049.4,23.6%,2,1,No,653.42,0.23600000000000002,1,0
6114,5,283.63,0,37700.0,11176.82,0.296,1,1,0,283.63,0.296,1,0
7591,2,204.95,1,27900.0,6015.61,21.6%,2,Yes,0,204.95,0.21600000000000003,1,0
849,3,452.96,2,14400.0,827.49,0.057,2,1,0,452.96,0.057,1,0
10003,1,192.94,0,5000.0,758.34,15.2%,1,No,0,192.94,0.152,0,0
203,3,796.88,8,14100.0,4368.34,31.0%,3,Yes,0,796.88,0.31,1,0
8922,3,91.74,1,46500.0,7438.29,0.16,2,1,No,91.74,0.16,1,0
3215,2,640.56,1,48800.0,9435.23,0.193,2,1,Y,640.56,0.193,1,1
3472,1,673.55,3,59300.0,8209.38,0.138,0,0,1,673.55,0.138,0,1
5432,2,178.09,1,8900.0,1064.53,0.12,2,N,N,178.09,0.12,0,0
4330,2,397.5,3,35100.0,16590.46,0.473,2,1,0,397.5,0.473,1,0
12104,1,1279.63,13,35000.0,18982.13,0.542,1,N,0,1279.63,0.542,0,0
1816,1,494.78,8,46900.0,10153.73,21.6%,2,No,No,494.78,0.21600000000000003,0,0
5491,4,638.91,5,10800.0,747.26,6.9%,1,1,0,638.91,0.069,1,0
5426,1,259.99,5,14500.0,3661.33,0.253,3,1,N,259.99,0.253,1,0
6834,1,148.07,1,57700.0,17804.7,0.309,1,1,No,148.07,0.309,1,0
179,3,515.02,4,16100.0,3807.66,0.237,0,1,0,515.02,0.237,1,0
2321,3,713.86,5,57600.0,26269.35,0.456,3,Yes,1,713.86,0.456,1,1
3178,4,573.8,5,10500.0,3406.27,0.324,1,1,0,573.8,0.324,1,0
10015,2,253.02,2,28000.0,11137.39,0.398,1,N,N,253.02,0.398,0,0
7580,4,574.2,3,32600.0,7818.72,0.24,1,Y,N,574.2,0.24,1,0
10398,2,435.41,3,18300.0,1834.49,0.1,1,0,No,435.41,0.1,0,0
9667,1,465.63,1,57700.0,19943.95,0.346,1,No,No,465.63,0.346,0,0
10109,1,323.72,5,17700.0,4234.64,0.239,1,0,Yes,323.72,0.239,0,1
4994,2,307.11,4,4800.0,695.15,0.145,1,1,0,307.11,0.145,1,0
10604,1,223.43,0,24900.0,10034.93,40.3%,0,Y,No,223.43,0.40299999999999997,1,0
10582,1,476.15,6,40300.0,7591.11,0.188,2,0,1,476.15,0.188,0,1
2974,1,214.68,1,32700.0,12649.38,0.387,1,Yes,0,214.68,0.387,1,0
5640,4,699.93,5,42600.0,10409.67,0.244,0,Y,No,699.93,0.244,1,0
8632,1,176.1,3,5300.0,757.33,0.143,2,1,Yes,176.1,0.143,1,1
484,1,284.38,1,20800.0,10195.86,0.49,1,0,0,284.38,0.49,0,0
3520,3,1136.48,7,36400.0,6217.17,0.171,0,1,0,1136.48,0.171,1,0
11979,2,462.62,4,7700.0,675.23,0.088,2,No,0,462.62,0.088,0,0
2655,1,260.76,2,22100.0,6779.43,30.7%,1,No,1,260.76,0.307,0,1
1082,2,510.26,4,9900.0,2243.29,0.227,3,Yes,0,510.26,0.227,1,0
11899,1,318.28,1,34800.0,14466.48,0.416,1,0,1,318.28,0.416,0,1
2139,4,516.57,7,51400.0,5913.0,11.5%,0,1,0,516.57,0.115,1,0
10734,2,306.7,2,26800.0,1110.23,0.041,2,1,No,306.7,0.041,1,0
11923,2,188.29,2,36600.0,17045.67,0.466,3,Y,Y,188.29,0.466,1,1
4117,2,666.43,4,10700.0,1596.95,0.149,1,1,N,666.43,0.149,1,0
3969,2,635.34,7,43600.0,10923.52,0.251,2,1,No,635.34,0.251,1,0
9188,2,589.67,5,5700.0,560.71,9.8%,2,1,No,589.67,0.098,1,0
1965,5,537.66,5,10900.0,3188.16,0.292,0,Y,0,537.66,0.292,1,0
3736,2,624.8,3,22500.0,6236.15,0.277,1,N,0,624.8,0.277,0,0
9004,2,115.32,1,9200.0,1936.23,0.21,2,Y,0,115.32,0.21,1,0
4057,2,756.57,5,11400.0,2832.63,0.248,0,Y,0,756.57,0.248,1,0
10072,4,369.35,2,31800.0,6265.27,0.197,3,Yes,N,369.35,0.197,1,0
9718,1,,6,24200.0,13499.09,55.8%,0,0,No,668.98,0.5579999999999999,0,0
6671,3,556.86,4,36500.0,3931.99,0.108,1,Y,N,556.86,0.108,1,0
6154,1,147.13,0,46400.0,14503.29,31.3%,2,No,N,147.13,0.313,0,0
1918,1,1325.99,15,47300.0,23699.19,0.501,0,0,1,1325.99,0.501,0,1
11299,2,631.82,4,29100.0,8945.41,30.7%,3,N,0,631.82,0.307,0,0
2158,2,503.07,5,19900.0,5644.8,0.284,2,Yes,N,503.07,0.284,1,0
11772,1,90.78,1,54300.0,5259.28,0.097,2,1,No,90.78,0.097,1,0
10234,4,405.8,1,41700.0,7380.65,0.177,0,N,0,405.8,0.177,0,0
7021,3,142.51,1,8900.0,2034.54,0.229,0,1,0,142.51,0.229,1,0
930,1,683.45,4,28600.0,20730.87,72.5%,1,No,No,683.45,0.725,0,0
1345,1,317.71,1,22700.0,8508.79,0.375,1,0,0,317.71,0.375,0,0
12006,3,322.8,1,29400.0,11233.1,0.382,0,Yes,No,322.8,0.382,1,0
1145,2,545.44,2,55200.0,7768.15,0.141,0,0,0,545.44,0.141,0,0
7657,3,506.6,3,54500.0,12600.31,0.231,1,0,0,506.6,0.231,0,0
4354,4,361.75,5,59900.0,2866.84,0.048,1,1,0,361.75,0.048,1,0
8555,2,709.18,5,52800.0,1538.7,0.029,1,1,0,709.18,0.029,1,0
1791,2,232.65,0,39800.0,14022.69,35.2%,0,1,N,232.65,0.35200000000000004,1,0
11887,3,315.9,3,40400.0,15344.42,0.38,1,1,0,315.9,0.38,1,0
9217,2,506.99,4,42300.0,16828.46,39.8%,1,1,0,506.99,0.39799999999999996,1,0
5754,2,212.18,1,33200.0,19368.62,0.583,0,Yes,N,212.18,0.583,1,0
3967,3,97.36,6,22500.0,3934.09,0.175,0,1,No,97.36,0.175,1,0
10253,4,278.38,2,48500.0,25727.24,0.53,0,Yes,N,278.38,0.53,1,0
9534,1,310.79,3,58900.0,28605.26,0.486,0,N,0,310.79,0.486,0,0
1070,5,218.41,2,49200.0,18212.65,0.37,0,1,0,218.41,0.37,1,0
4256,2,287.46,3,22900.0,6184.53,27.0%,2,Y,0,287.46,0.27,1,0
1397,4,497.09,4,11900.0,2008.41,0.169,2,Yes,No,497.09,0.169,1,0
5383,1,115.15,2,56100.0,9870.96,0.176,0,0,Yes,115.15,0.176,0,1
1947,2,331.44,5,56200.0,16057.27,28.6%,1,Yes,0,331.44,0.28600000000000003,1,0
4456,1,1036.77,10,47500.0,2652.35,0.056,0,0,No,1036.77,0.056,0,0
2401,1,337.81,3,31400.0,8174.61,0.26,3,No,Yes,337.81,0.26,0,1
3418,1,204.59,1,41100.0,20718.27,0.504,1,No,Yes,204.59,0.504,0,1
516,3,186.73,1,10300.0,483.8,4.7%,2,Yes,0,186.73,0.047,1,0
2868,1,219.41,3,19900.0,1504.99,0.076,1,Yes,0,219.41,0.076,1,0
4081,5,784.2,9,21400.0,9030.85,0.422,0,Y,0,784.2,0.422,1,0
392,2,599.48,5,17800.0,4441.26,0.25,2,1,No,599.48,0.25,1,0
3628,1,659.3,4,27200.0,11065.89,0.407,0,N,Yes,659.3,0.407,0,1
3765,1,692.88,4,46900.0,8759.26,0.187,1,N,No,692.88,0.187,0,0
11687,4,850.66,6,12500.0,2176.27,0.174,1,Y,N,850.66,0.174,1,0
10787,1,369.09,4,2600.0,462.83,17.8%,0,0,0,369.09,0.17800000000000002,0,0
10578,2,833.2,5,29500.0,14757.66,0.5,0,Yes,0,833.2,0.5,1,0
7638,2,205.45,1,30700.0,23653.52,0.77,0,0,No,205.45,0.77,0,0
1119,1,348.92,0,19700.0,5523.27,0.28,2,N,1,348.92,0.28,0,1
9425,1,345.17,1,35200.0,8489.24,24.1%,1,0,No,345.17,0.24100000000000002,0,0
7636,4,,0,21400.0,5182.53,0.242,1,0,0,231.95,0.242,0,0
7813,2,99.42,2,6400.0,925.91,0.145,1,1,0,99.42,0.145,1,0
7873,1,417.93,5,45800.0,11236.64,0.245,1,0,Y,417.93,0.245,0,1
8297,1,304.21,0,11500.0,3831.37,0.333,2,No,N,304.21,0.333,0,0
11338,5,722.41,5,2600.0,1008.71,0.388,2,Yes,N,722.41,0.388,1,0
1372,1,575.18,5,18500.0,5701.25,30.8%,0,No,0,575.18,0.308,0,0
7281,1,1668.87,11,28600.0,10816.11,0.378,1,1,N,1668.87,0.378,1,0
10343,2,370.21,1,26600.0,8437.12,0.317,1,0,N,370.21,0.317,0,0
6345,3,196.33,1,29200.0,13612.23,0.466,2,1,N,196.33,0.466,1,0
11111,1,558.07,2,21200.0,1293.88,0.061,2,1,Yes,558.07,0.061,1,1
9084,2,301.3,2,55800.0,18876.77,0.338,1,1,0,301.3,0.338,1,0
2584,1,193.25,4,7700.0,787.05,0.102,0,1,N,193.25,0.102,1,0
1846,3,811.35,2,23200.0,4739.67,0.204,0,Yes,No,811.35,0.204,1,0
6109,2,255.98,1,6300.0,1736.34,0.276,1,Yes,No,255.98,0.276,1,0
8098,3,604.97,1,5500.0,1751.24,31.8%,2,Yes,No,604.97,0.318,1,0
4965,1,323.82,3,11500.0,4222.9,0.367,3,1,0,323.82,0.367,1,0
8496,4,585.95,3,57700.0,9739.2,0.169,1,Y,No,585.95,0.169,1,0
4760,2,248.33,1,20700.0,2545.14,0.123,0,Yes,0,248.33,0.123,1,0
4557,5,320.16,3,12900.0,1978.39,15.3%,1,Yes,No,320.16,0.153,1,0
3595,1,343.36,2,58700.0,8764.32,0.149,1,0,0,343.36,0.149,0,0
1197,2,464.58,2,43400.0,4494.05,0.104,2,Y,0,464.58,0.104,1,0
11456,4,470.63,2,50300.0,18113.64,0.36,0,Yes,0,470.63,0.36,1,0
3782,1,264.05,3,23000.0,1368.58,0.06,1,0,Y,264.05,0.06,0,1
5185,2,205.08,1,2000.0,843.91,0.422,1,Yes,0,205.08,0.422,1,0
7066,2,585.83,3,38100.0,3545.27,0.093,1,Y,No,585.83,0.093,1,0
1796,2,139.92,0,49300.0,30098.66,0.611,0,0,No,139.92,0.611,0,0
5446,1,794.18,4,6600.0,3617.67,0.548,1,No,1,794.18,0.548,0,1
6924,2,498.21,2,39900.0,8757.55,0.219,3,Yes,0,498.21,0.219,1,0
3181,2,977.09,7,17900.0,9407.22,0.526,0,1,0,977.09,0.526,1,0
3977,3,902.33,7,43900.0,11999.49,27.3%,0,1,N,902.33,0.273,1,0
11654,1,374.11,4,3500.0,1680.74,48.0%,0,1,1,374.11,0.48,1,1
794,4,141.07,1,8200.0,2079.45,0.254,2,Yes,0,141.07,0.254,1,0
6199,2,678.91,4,42900.0,10309.33,0.24,1,1,N,678.91,0.24,1,0
5924,4,825.54,6,50300.0,18530.5,0.368,1,Y,N,825.54,0.368,1,0
11448,2,475.79,4,34700.0,9402.95,0.271,0,N,No,475.79,0.271,0,0
6701,2,720.36,6,55300.0,18489.03,33.4%,1,1,0,720.36,0.33399999999999996,1,0
159,3,537.26,1,29200.0,4705.6,0.161,0,1,No,537.26,0.161,1,0
2143,4,798.63,6,19300.0,9334.0,0.484,0,1,N,798.63,0.484,1,0
10559,1,308.59,3,10700.0,2564.72,0.24,0,Yes,1,308.59,0.24,1,1
7412,3,399.57,2,56800.0,13657.62,0.24,2,1,No,399.57,0.24,1,0
3653,2,766.51,7,2200.0,748.05,0.34,3,Yes,No,766.51,0.34,1,0
8682,1,1398.26,9,58600.0,14681.62,25.1%,0,0,1,1398.26,0.251,0,1
2269,1,716.64,1,53800.0,4260.18,0.079,1,0,Y,716.64,0.079,0,1
346,1,715.18,6,48800.0,9705.34,0.199,2,0,N,715.18,0.199,0,0
10800,2,955.61,3,46700.0,30004.37,64.2%,1,1,0,955.61,0.642,1,0
8860,2,1207.09,8,8000.0,1399.69,0.175,1,1,N,1207.09,0.175,1,0
773,3,313.08,1,22300.0,8006.64,0.359,0,1,0,313.08,0.359,1,0
11986,1,651.45,3,14800.0,641.74,0.043,1,1,0,651.45,0.043,1,0
1308,1,454.69,5,55600.0,23031.89,0.414,0,1,No,454.69,0.414,1,0
8829,2,1106.2,4,28900.0,16565.17,0.573,0,Y,No,1106.2,0.573,1,0
5292,4,66.51,0,20200.0,1394.98,0.069,1,1,0,66.51,0.069,1,0
479,1,1114.24,5,54100.0,20912.62,38.7%,0,0,Yes,1114.24,0.387,0,1
7948,3,1560.64,7,22500.0,9320.08,41.4%,0,1,0,1560.64,0.414,1,0
10596,1,271.06,2,53600.0,9454.61,0.176,1,Yes,No,271.06,0.176,1,0
6824,2,321.16,4,33200.0,9099.69,0.274,2,Y,No,321.16,0.274,1,0
8562,2,284.41,1,54900.0,27721.28,0.505,0,1,No,284.41,0.505,1,0
8610,5,578.04,10,26900.0,4800.55,0.178,0,0,N,578.04,0.178,0,0
7423,1,633.7,6,10300.0,3387.42,0.329,0,0,0,633.7,0.329,0,0
4355,2,125.1,0,18600.0,3929.11,0.211,1,Yes,0,125.1,0.211,1,0
9390,1,711.29,5,57400.0,11235.77,0.196,1,0,1,711.29,0.196,0,1
11556,2,577.32,6,28400.0,7163.36,25.2%,0,1,No,577.32,0.252,1,0
3113,1,862.88,5,45100.0,10045.09,0.223,0,0,0,862.88,0.223,0,0
1587,2,811.99,7,39100.0,9694.53,0.248,0,Y,No,811.99,0.248,1,0
4272,2,232.82,3,14300.0,3232.87,22.6%,0,No,0,232.82,0.226,0,0
338,1,1095.14,5,50500.0,1816.85,3.6%,1,No,No,1095.14,0.036000000000000004,0,0
9734,4,120.6,0,48200.0,17547.43,0.364,0,N,No,120.6,0.364,0,0
11859,1,233.15,1,11800.0,418.87,0.035,2,No,No,233.15,0.035,0,0
4843,1,614.05,7,56600.0,10170.67,18.0%,2,Yes,N,614.05,0.18,1,0
5379,2,318.64,1,58400.0,12341.99,0.211,2,Yes,0,318.64,0.211,1,0
4061,3,251.31,1,52400.0,3943.85,0.075,3,1,0,251.31,0.075,1,0
8878,2,242.42,2,21500.0,5397.6,0.251,0,Y,0,242.42,0.251,1,0
4073,2,96.4,0,42500.0,5078.6,0.119,1,0,0,96.4,0.119,0,0
3613,2,353.47,2,46700.0,1525.54,0.033,0,1,No,353.47,0.033,1,0
5656,1,203.76,2,41200.0,31230.71,0.758,0,0,0,203.76,0.758,0,0
5780,2,174.3,1,31900.0,3499.39,11.0%,1,1,0,174.3,0.11,1,0
11249,1,522.91,3,43300.0,10428.6,0.241,0,N,No,522.91,0.241,0,0
7456,2,234.11,2,12600.0,4264.34,0.338,2,1,No,234.11,0.338,1,0
9397,2,143.45,0,11500.0,1056.22,9.2%,1,1,0,143.45,0.092,1,0
6858,4,725.15,7,57800.0,18102.88,31.3%,1,1,No,725.15,0.313,1,0
10409,2,878.4,7,32800.0,11195.99,0.341,1,N,0,878.4,0.341,0,0
1208,1,397.7,6,10500.0,3802.91,0.362,1,No,N,397.7,0.362,0,0
5557,3,341.35,4,48700.0,16772.81,0.344,1,Yes,No,341.35,0.344,1,0
5579,4,458.21,3,46100.0,13000.49,0.282,1,1,N,458.21,0.282,1,0
3236,3,245.08,1,9200.0,1628.62,17.7%,2,1,0,245.08,0.177,1,0
8523,2,782.67,8,52900.0,29282.75,0.554,2,Yes,N,782.67,0.554,1,0
7313,4,640.89,4,50800.0,17692.09,0.348,0,0,No,640.89,0.348,0,0
10930,1,338.17,8,59300.0,21957.87,0.37,0,Y,Y,338.17,0.37,1,1
1589,2,458.38,0,13100.0,2516.07,0.192,0,Yes,0,458.38,0.192,1,0
462,2,987.18,11,52300.0,14469.41,0.277,2,Y,0,987.18,0.277,1,0
1558,1,222.36,4,51700.0,3897.84,0.075,2,1,0,222.36,0.075,1,0
9853,2,492.68,3,39500.0,10693.72,0.271,1,1,0,492.68,0.271,1,0
2373,1,216.59,1,15100.0,4668.32,0.309,0,No,0,216.59,0.309,0,0
11306,2,699.49,6,50200.0,15524.87,0.309,2,Y,0,699.49,0.309,1,0
7418,4,518.71,3,23500.0,10817.6,0.46,0,Yes,No,518.71,0.46,1,0
4835,3,474.48,6,29000.0,7904.5,27.3%,1,0,0,474.48,0.273,0,0
4065,3,459.28,7,53700.0,7614.58,0.142,3,1,1,459.28,0.142,1,1
6515,4,622.47,2,48500.0,20984.25,43.3%,0,Y,N,622.47,0.433,1,0
6523,2,178.67,1,22800.0,5338.43,23.4%,0,Y,0,178.67,0.23399999999999999,1,0
5800,1,,3,17200.0,7570.83,0.44,2,N,No,411.22,0.44,0,0
10178,2,544.88,3,23000.0,9429.1,41.0%,1,Yes,0,544.88,0.41,1,0
6367,1,822.77,4,4200.0,249.16,5.9%,1,No,0,822.77,0.059000000000000004,0,0
10245,3,719.34,7,52100.0,21058.01,40.4%,0,Yes,0,719.34,0.40399999999999997,1,0
389,3,352.07,2,48300.0,6016.18,0.125,1,1,N,352.07,0.125,1,0
9840,1,579.6,2,37200.0,7472.3,0.201,1,0,1,579.6,0.201,0,1
2866,2,374.64,5,58600.0,15169.85,25.9%,2,Yes,No,374.64,0.259,1,0
6171,2,777.52,10,40900.0,12367.08,30.2%,0,No,No,777.52,0.302,0,0
966,4,452.89,3,42400.0,16834.42,0.397,2,1,N,452.89,0.397,1,0
11920,1,274.77,2,21100.0,9411.62,0.446,0,N,Yes,274.77,0.446,0,1
9382,3,682.53,4,47300.0,2432.99,0.051,1,Yes,No,682.53,0.051,1,0
263,2,243.89,1,37200.0,22378.6,0.602,2,1,0,243.89,0.602,1,0
10054,2,370.2,3,44300.0,3153.69,0.071,0,No,0,370.2,0.071,0,0
1870,1,199.84,2,8900.0,4609.83,0.518,2,0,1,199.84,0.518,0,1
7550,4,1011.46,5,56000.0,31476.68,0.562,0,0,N,1011.46,0.562,0,0
8243,2,443.71,3,35600.0,5948.51,0.167,2,1,No,443.71,0.167,1,0
502,2,498.39,1,13200.0,3033.33,0.23,0,Y,0,498.39,0.23,1,0
440,2,451.66,3,15200.0,3350.47,0.22,1,1,0,451.66,0.22,1,0
10667,1,527.15,4,17300.0,2940.76,0.17,0,0,0,527.15,0.17,0,0
5004,1,321.14,3,9200.0,3516.15,0.382,1,Yes,0,321.14,0.382,1,0
5339,2,671.26,9,31000.0,2891.86,0.093,1,Y,0,671.26,0.093,1,0
8226,4,315.89,2,18600.0,8446.67,45.4%,3,0,N,315.89,0.45399999999999996,0,0
10370,2,387.82,2,15500.0,9929.28,0.641,2,1,0,387.82,0.641,1,0
2999,3,381.81,2,26500.0,8275.86,0.312,2,Yes,No,381.81,0.312,1,0
8186,1,258.68,0,53500.0,20178.5,0.377,2,No,N,258.68,0.377,0,0
3074,2,296.67,5,33700.0,1801.31,0.053,1,Yes,0,296.67,0.053,1,0
9446,2,624.96,4,3900.0,732.69,0.188,0,1,0,624.96,0.188,1,0
1304,3,681.01,7,5200.0,2470.41,0.475,0,Y,N,681.01,0.475,1,0
5470,3,415.95,1,28500.0,4933.71,0.173,1,1,0,415.95,0.173,1,0
12107,1,197.17,2,31600.0,18307.47,0.579,2,No,N,197.17,0.579,0,0
9679,5,241.69,0,31000.0,8034.8,0.259,0,1,No,241.69,0.259,1,0
10004,1,842.01,1,2300.0,223.75,9.7%,0,No,1,842.01,0.09699999999999999,0,1
5278,2,354.11,1,13400.0,416.35,0.031,0,Yes,0,354.11,0.031,1,0
167,4,113.47,1,56200.0,26439.42,0.47,1,1,N,113.47,0.47,1,0
8619,5,476.3,3,27000.0,12795.07,0.474,0,Y,0,476.3,0.474,1,0
5943,1,520.05,3,38600.0,20959.03,0.543,0,N,No,520.05,0.543,0,0
2374,1,421.99,3,54800.0,3780.7,0.069,0,0,No,421.99,0.069,0,0
11232,1,349.07,2,14900.0,7480.31,0.502,1,0,Yes,349.07,0.502,0,1
1855,2,442.49,3,31000.0,15752.92,0.508,2,1,No,442.49,0.508,1,0
2266,1,579.99,4,3700.0,666.1,0.18,0,N,0,579.99,0.18,0,0
4387,5,940.35,9,46600.0,24057.49,0.516,2,N,0,940.35,0.516,0,0
470,3,863.97,6,29700.0,4347.41,14.6%,2,1,No,863.97,0.146,1,0
3861,2,220.08,2,24300.0,8104.3,0.334,0,0,0,220.08,0.334,0,0
3647,3,664.22,6,22700.0,9282.71,0.409,1,Y,N,664.22,0.409,1,0
5528,2,365.07,3,9000.0,1194.43,0.133,0,Y,0,365.07,0.133,1,0
903,2,110.05,1,37100.0,1032.8,0.028,1,1,N,110.05,0.028,1,0
2666,4,518.1,3,9200.0,2150.69,0.234,0,1,0,518.1,0.234,1,0
9297,1,853.32,4,58900.0,6703.21,0.114,0,No,N,853.32,0.114,0,0
2885,1,697.53,4,2900.0,519.9,0.179,0,Yes,N,697.53,0.179,1,0
7844,2,765.38,2,57400.0,8947.96,0.156,0,1,0,765.38,0.156,1,0
6006,1,739.66,3,35700.0,11806.06,33.1%,0,1,1,739.66,0.331,1,1
11313,4,260.13,1,48700.0,6957.04,0.143,1,1,No,260.13,0.143,1,0
5723,2,200.12,2,44300.0,6170.8,0.139,2,1,0,200.12,0.139,1,0
2093,1,224.33,1,55900.0,12410.12,22.2%,1,0,No,224.33,0.222,0,0
4497,3,381.34,3,42100.0,10593.95,0.252,0,1,0,381.34,0.252,1,0
2022,2,272.78,2,40300.0,19377.17,0.481,1,1,No,272.78,0.481,1,0
3795,2,692.33,3,4900.0,2466.85,0.503,1,0,0,692.33,0.503,0,0
3550,1,117.5,2,42900.0,9451.84,22.0%,0,1,N,117.5,0.22,1,0
7756,2,142.59,0,52600.0,19860.76,37.8%,1,1,0,142.59,0.37799999999999995,1,0
7264,1,184.82,3,45400.0,13901.66,0.306,1,1,Yes,184.82,0.306,1,1
11307,1,,2,22900.0,1819.41,0.079,0,0,1,339.29,0.079,0,1
8060,2,136.38,0,31300.0,14247.36,0.455,2,Y,No,136.38,0.455,1,0
8694,3,514.29,2,14600.0,350.17,0.024,1,1,N,514.29,0.024,1,0
4719,3,167.25,0,8700.0,3853.14,0.443,0,No,No,167.25,0.443,0,0
3731,1,762.93,3,10900.0,547.83,0.05,2,0,0,762.93,0.05,0,0
4446,2,1202.43,8,13600.0,3393.58,0.25,2,0,0,1202.43,0.25,0,0
128,2,420.87,4,51700.0,8679.91,0.168,1,Yes,0,420.87,0.168,1,0
11804,5,762.56,3,56500.0,5322.48,9.4%,0,Y,No,762.56,0.094,1,0
9593,2,444.22,1,49800.0,25563.63,0.513,0,No,0,444.22,0.513,0,0
6444,1,712.77,3,49500.0,26103.9,0.527,0,No,N,712.77,0.527,0,0
989,1,158.83,0,51500.0,10053.31,0.195,1,1,Y,158.83,0.195,1,1
597,3,1088.57,7,58100.0,6467.21,0.111,0,Yes,N,1088.57,0.111,1,0
4095,1,292.72,2,59200.0,31238.41,0.528,0,0,N,292.72,0.528,0,0
995,2,224.83,3,53900.0,13332.37,24.7%,0,1,0,224.83,0.247,1,0
10958,2,510.45,7,47700.0,8212.71,0.172,1,1,0,510.45,0.172,1,0
4610,4,172.17,0,4000.0,839.52,0.21,0,1,0,172.17,0.21,1,0
5356,2,201.79,1,8800.0,2402.87,0.273,3,Y,N,201.79,0.273,1,0
11089,2,515.33,2,40000.0,14298.79,0.357,0,1,0,515.33,0.357,1,0
11819,1,787.19,2,31600.0,9413.63,0.298,0,N,0,787.19,0.298,0,0
7221,3,70.82,1,2400.0,1265.39,0.527,1,0,0,70.82,0.527,0,0
9041,2,389.01,4,13200.0,5341.69,0.405,1,1,0,389.01,0.405,1,0
9172,2,673.46,6,13100.0,4205.36,0.321,2,1,No,673.46,0.321,1,0
4792,2,833.6,6,59100.0,20717.56,0.351,0,Y,0,833.6,0.351,1,0
9856,2,221.14,1,41500.0,11663.51,0.281,0,Y,0,221.14,0.281,1,0
12036,4,469.27,3,37400.0,19610.79,0.524,0,1,No,469.27,0.524,1,0
11223,2,288.33,2,49700.0,15316.36,0.308,1,Y,0,288.33,0.308,1,0
8981,2,585.26,4,21300.0,1135.67,0.053,2,0,No,585.26,0.053,0,0
449,3,596.85,2,40800.0,9019.18,0.221,0,1,0,596.85,0.221,1,0
9301,3,191.5,1,25300.0,1946.45,0.077,0,1,No,191.5,0.077,1,0
9415,1,534.28,2,22300.0,6367.43,0.286,1,0,1,534.28,0.286,0,1
463,1,448.21,1,52400.0,3247.69,0.062,0,Y,No,448.21,0.062,1,0
10121,3,980.15,3,21100.0,1820.2,8.6%,1,Yes,N,980.15,0.086,1,0
6346,1,1071.83,9,48100.0,15924.4,0.331,0,No,0,1071.83,0.331,0,0
155,2,358.68,3,6200.0,1793.64,0.289,1,Y,N,358.68,0.289,1,0
6466,2,556.04,5,56200.0,10173.37,0.181,1,1,No,556.04,0.181,1,0
5459,1,503.46,3,23800.0,5667.93,0.238,0,No,0,503.46,0.238,0,0
2858,1,298.18,2,48700.0,8853.43,0.182,1,0,Yes,298.18,0.182,0,1
11079,1,282.53,3,53200.0,9690.01,0.182,1,N,N,282.53,0.182,0,0
5462,2,155.86,0,38000.0,3661.71,0.096,1,N,0,155.86,0.096,0,0
5460,1,1767.18,8,45500.0,8040.51,0.177,0,N,0,1767.18,0.177,0,0
2277,4,1308.13,8,15300.0,2439.96,0.159,2,1,0,1308.13,0.159,1,0
7746,2,487.25,3,10100.0,2638.71,0.261,0,Yes,0,487.25,0.261,1,0
7919,1,440.41,0,54800.0,16117.99,0.294,2,0,Y,440.41,0.294,0,1
11314,3,723.05,5,37500.0,12383.45,0.33,0,1,No,723.05,0.33,1,0
11721,2,285.31,0,13800.0,7970.56,0.578,1,Y,N,285.31,0.578,1,0
7810,2,428.22,1,21800.0,9705.55,0.445,1,Yes,0,428.22,0.445,1,0
94,4,242.67,1,6600.0,2706.3,41.0%,1,Yes,0,242.67,0.41,1,0
5994,2,950.66,7,52000.0,3205.71,0.062,1,Yes,0,950.66,0.062,1,0
4407,1,374.06,2,49700.0,19166.78,38.6%,2,0,Y,374.06,0.386,0,1
2306,2,616.93,4,50300.0,16314.09,0.324,1,1,N,616.93,0.324,1,0
2630,5,1090.39,8,16100.0,1464.35,9.1%,1,Y,No,1090.39,0.091,1,0
9687,2,674.9,2,17600.0,4689.29,0.266,1,Yes,0,674.9,0.266,1,0
191,1,200.94,1,20000.0,747.02,0.037,2,Yes,1,200.94,0.037,1,1
6550,4,444.21,2,15800.0,5003.45,0.317,1,0,N,444.21,0.317,0,0
7232,3,694.49,4,50000.0,7645.54,0.153,1,Yes,N,694.49,0.153,1,0
9824,1,758.43,3,34000.0,3829.87,0.113,1,0,No,758.43,0.113,0,0
7068,3,423.74,4,15300.0,6697.07,0.438,1,1,No,423.74,0.438,1,0
9905,3,976.14,0,47200.0,18311.55,38.8%,2,1,0,976.14,0.38799999999999996,1,0
7328,4,219.34,3,32800.0,15032.72,0.458,0,Y,No,219.34,0.458,1,0
8807,3,362.74,3,37000.0,13597.97,0.368,0,0,0,362.74,0.368,0,0
1612,1,649.83,5,44200.0,2686.79,0.061,1,N,Yes,649.83,0.061,0,1
746,5,876.29,14,51200.0,5563.53,0.109,2,Yes,0,876.29,0.109,1,0
4853,1,210.56,1,45300.0,22493.06,49.7%,0,0,0,210.56,0.49700000000000005,0,0
7319,3,263.63,3,46100.0,20931.32,45.4%,1,1,N,263.63,0.45399999999999996,1,0
6131,1,458.23,5,42400.0,8871.41,0.209,1,No,0,458.23,0.209,0,0
9229,3,443.05,2,55800.0,3585.87,0.064,0,Yes,0,443.05,0.064,1,0
9338,5,957.51,6,12900.0,5897.47,0.457,3,N,No,957.51,0.457,0,0
9981,4,286.11,0,21200.0,4574.93,0.216,3,Y,No,286.11,0.216,1,0
6637,2,390.66,5,7700.0,2666.19,0.346,0,Y,No,390.66,0.346,1,0
8645,3,275.31,1,48900.0,5359.11,0.11,3,Y,0,275.31,0.11,1,0
9710,4,408.71,3,22800.0,7404.78,0.325,1,1,0,408.71,0.325,1,0
709,3,961.64,5,57300.0,28465.59,0.497,1,1,0,961.64,0.497,1,0
3294,3,313.2,1,54600.0,20264.38,0.371,1,Y,No,313.2,0.371,1,0
9678,2,113.52,1,26200.0,4598.13,0.176,1,1,0,113.52,0.176,1,0
3569,1,158.79,0,20700.0,7625.48,36.8%,1,0,N,158.79,0.368,0,0
5529,1,332.28,1,12500.0,2547.09,0.204,1,N,0,332.28,0.204,0,0
10674,1,226.9,2,2100.0,643.99,0.307,0,1,N,226.9,0.307,1,0
4150,5,238.93,1,45900.0,3849.88,8.4%,1,Y,0,238.93,0.084,1,0
3225,2,489.34,5,51800.0,17921.17,34.6%,0,Yes,No,489.34,0.34600000000000003,1,0
3752,2,437.97,2,57400.0,21005.75,0.366,1,1,No,437.97,0.366,1,0
4179,1,194.34,1,54100.0,10205.54,0.189,1,1,N,194.34,0.189,1,0
8121,3,280.61,3,7900.0,1096.24,0.139,0,1,No,280.61,0.139,1,0
6000,1,282.92,0,24000.0,3266.78,0.136,1,1,0,282.92,0.136,1,0
8856,2,383.78,3,17600.0,3568.5,0.203,1,Y,1,383.78,0.203,1,1
6204,1,425.31,3,26600.0,6894.96,25.9%,1,0,No,425.31,0.259,0,0
8679,2,200.07,0,44100.0,9229.85,0.209,0,Yes,0,200.07,0.209,1,0
7955,1,388.24,4,3400.0,1267.38,0.373,1,0,No,388.24,0.373,0,0
8910,1,191.66,1,38600.0,9427.25,24.4%,3,No,Yes,191.66,0.244,0,1
7014,1,931.81,4,21400.0,5445.83,0.254,0,Yes,1,931.81,0.254,1,1
1813,2,219.34,2,8000.0,2879.85,0.36,0,1,0,219.34,0.36,1,0
5818,2,506.61,3,26000.0,6989.06,0.269,1,0,0,506.61,0.269,0,0
1172,1,96.74,0,55800.0,21021.29,37.7%,0,0,0,96.74,0.377,0,0
5684,3,154.25,1,29100.0,13547.04,0.466,1,Y,N,154.25,0.466,1,0
9852,2,275.52,2,22300.0,3516.05,0.158,3,Y,N,275.52,0.158,1,0
11281,3,389.82,2,45900.0,11997.01,0.261,0,Yes,0,389.82,0.261,1,0
657,4,399.83,4,43900.0,11919.36,0.272,1,Yes,0,399.83,0.272,1,0
11244,5,582.96,4,14100.0,4080.53,0.289,3,Y,N,582.96,0.289,1,0
668,2,686.92,6,39300.0,11171.93,0.284,0,Yes,N,686.92,0.284,1,0
7027,1,317.4,2,13800.0,1268.37,0.092,2,N,No,317.4,0.092,0,0
5264,3,709.77,6,32200.0,4142.52,0.129,0,Y,N,709.77,0.129,1,0
9962,1,572.56,4,51200.0,32135.64,0.628,1,N,Y,572.56,0.628,0,1
7077,3,433.65,4,26200.0,4133.6,0.158,1,1,No,433.65,0.158,1,0
4197,1,149.57,1,58000.0,7034.07,12.1%,2,Y,1,149.57,0.121,1,1
9967,1,422.68,2,16200.0,3822.55,0.236,0,1,Y,422.68,0.236,1,1
5117,1,635.23,4,12500.0,-3852.23,0.308,0,Y,1,635.23,0.308,1,1
11132,1,652.45,1,2300.0,727.7,0.316,1,0,0,652.45,0.316,0,0
4015,2,523.56,6,56900.0,14886.32,0.262,1,1,No,523.56,0.262,1,0
9026,2,188.94,0,31100.0,5589.9,0.18,1,Yes,0,188.94,0.18,1,0
60,4,233.6,1,57500.0,36042.25,0.627,1,1,No,233.6,0.627,1,0
2586,3,759.48,5,13500.0,3206.25,0.238,1,1,0,759.48,0.238,1,0
12132,4,368.96,4,38000.0,15699.59,41.3%,1,Y,N,368.96,0.413,1,0
3006,1,790.12,3,21100.0,5187.95,0.246,1,Yes,1,790.12,0.246,1,1
7824,1,607.71,8,9000.0,550.21,0.061,0,0,0,607.71,0.061,0,0
9487,3,321.31,1,49000.0,25169.0,0.514,0,1,N,321.31,0.514,1,0
5710,2,1140.68,9,53000.0,16017.37,30.2%,0,1,N,1140.68,0.302,1,0
4301,1,157.57,3,11300.0,6521.91,0.577,0,Yes,0,157.57,0.577,1,0
10212,3,877.53,4,17300.0,4086.17,0.236,0,1,N,877.53,0.236,1,0
6112,4,217.12,0,55600.0,20869.03,37.5%,0,Y,0,217.12,0.375,1,0
12130,2,1148.93,6,12000.0,1135.03,0.095,1,Yes,No,1148.93,0.095,1,0
9274,4,342.32,3,38500.0,11474.96,0.298,1,Yes,0,342.32,0.298,1,0
10526,4,141.21,1,54900.0,9979.98,0.182,1,Yes,0,141.21,0.182,1,0
3871,3,532.76,2,28700.0,4973.48,0.173,1,Yes,0,532.76,0.173,1,0
6343,1,1439.71,10,56400.0,29648.82,52.6%,2,N,N,1439.71,0.526,0,0
1789,2,201.69,1,44800.0,4164.52,0.093,1,Yes,N,201.69,0.093,1,0
8004,1,334.64,5,54100.0,14988.59,0.277,1,Yes,0,334.64,0.277,1,0
3669,3,681.12,3,36900.0,10728.92,0.291,1,Yes,N,681.12,0.291,1,0
9948,1,144.21,2,7500.0,1166.49,0.156,0,0,N,144.21,0.156,0,0
11742,3,580.58,6,22600.0,10165.55,45.0%,0,Y,No,580.58,0.45,1,0
10702,4,944.74,10,27900.0,10920.07,39.1%,1,1,0,944.74,0.391,1,0
4695,1,209.83,2,33400.0,1811.01,5.4%,0,Yes,No,209.83,0.054000000000000006,1,0
8943,3,600.04,5,57500.0,18148.48,0.316,2,1,0,600.04,0.316,1,0
7525,1,737.92,4,22000.0,6016.63,0.273,1,N,No,737.92,0.273,0,0
6549,1,313.44,2,5600.0,2395.4,0.428,0,N,0,313.44,0.428,0,0
3193,1,252.61,1,20300.0,3876.21,0.191,1,Y,0,252.61,0.191,1,0
10740,3,244.73,4,16600.0,1387.42,8.4%,1,Y,0,244.73,0.084,1,0
5855,2,327.88,1,11600.0,2228.07,19.2%,2,Y,N,327.88,0.192,1,0
5758,1,269.8,1,34600.0,6404.28,0.185,1,Yes,Yes,269.8,0.185,1,1
5458,3,690.96,2,29700.0,5077.44,0.171,0,1,No,690.96,0.171,1,0
11124,1,249.31,0,29100.0,12892.88,0.443,1,N,Yes,249.31,0.443,0,1
3272,3,306.85,1,34400.0,17246.73,0.501,2,N,No,306.85,0.501,0,0
1950,1,,9,58700.0,7357.11,12.5%,2,0,N,940.35,0.125,0,0
8163,1,217.24,2,28400.0,19857.91,0.699,0,No,N,217.24,0.699,0,0
10037,1,309.21,2,55800.0,4795.46,0.086,0,0,No,309.21,0.086,0,0
9726,4,469.83,5,43200.0,20384.59,0.472,1,1,N,469.83,0.472,1,0
1270,5,990.99,7,27300.0,10806.23,0.396,0,Y,No,990.99,0.396,1,0
11053,3,212.84,1,9700.0,2757.14,0.284,0,1,N,212.84,0.284,1,0
6349,3,974.19,8,30800.0,5263.46,17.1%,4,Yes,No,974.19,0.171,1,0
9995,1,142.57,2,54800.0,17156.12,0.313,0,0,N,142.57,0.313,0,0
3352,3,165.46,1,34900.0,18565.7,0.532,2,N,0,165.46,0.532,0,0
2667,2,721.07,3,58700.0,1169.62,0.02,0,Yes,0,721.07,0.02,1,0
6543,1,3739.39,26,42400.0,5993.82,0.141,0,0,N,3739.39,0.141,0,0
10799,4,392.19,1,3600.0,2352.28,0.653,4,0,1,392.19,0.653,0,1
9056,2,458.66,5,11800.0,734.38,0.062,2,Yes,No,458.66,0.062,1,0
4339,2,572.9,2,54000.0,29646.16,0.549,1,1,0,572.9,0.549,1,0
3719,4,216.77,2,26300.0,3923.56,0.149,1,Yes,0,216.77,0.149,1,0
11795,1,296.64,2,34600.0,18958.22,0.548,0,No,No,296.64,0.548,0,0
793,2,346.68,3,30000.0,6046.52,0.202,2,Yes,0,346.68,0.202,1,0
9504,5,417.78,1,15100.0,1279.53,8.5%,0,Y,N,417.78,0.085,1,0
8968,5,624.25,1,17900.0,3834.39,0.214,0,Y,N,624.25,0.214,1,0
6244,1,748.99,5,10600.0,5849.71,0.552,1,No,Yes,748.99,0.552,0,1
3071,2,267.32,2,52800.0,15126.48,0.286,1,Yes,0,267.32,0.286,1,0
3890,2,490.93,1,5400.0,766.67,14.2%,1,1,0,490.93,0.142,1,0
77,1,329.15,0,15400.0,2159.78,0.14,4,No,1,329.15,0.14,0,1
11589,1,323.52,0,3200.0,393.27,12.3%,2,0,1,323.52,0.12300000000000001,0,1
7215,3,345.24,2,25800.0,14085.38,0.546,1,No,N,345.24,0.546,0,0
8199,2,230.69,2,13400.0,5514.18,0.412,1,1,0,230.69,0.412,1,0
3499,4,397.55,0,19300.0,4791.74,0.248,1,Y,No,397.55,0.248,1,0
6573,1,358.95,5,27500.0,7712.54,0.28,0,N,1,358.95,0.28,0,1
4412,4,1081.84,7,5100.0,1981.0,0.388,2,Y,N,1081.84,0.388,1,0
9433,2,492.87,4,59600.0,22917.65,0.385,1,Y,No,492.87,0.385,1,0
980,1,471.41,4,19500.0,9261.86,0.475,1,No,N,471.41,0.475,0,0
3724,1,329.08,3,23700.0,12890.74,0.544,2,1,No,329.08,0.544,1,0
3144,2,552.23,2,30500.0,1954.2,0.064,0,1,0,552.23,0.064,1,0
9478,3,569.0,4,56000.0,8984.66,16.0%,3,1,No,569.0,0.16,1,0
10222,5,343.49,1,24900.0,13597.5,0.546,0,Y,0,343.49,0.546,1,0
6860,2,235.92,3,44100.0,12102.76,0.274,1,Y,0,235.92,0.274,1,0
5236,2,563.9,4,13000.0,3945.75,30.4%,2,1,0,563.9,0.304,1,0
2276,2,203.77,1,30200.0,19672.95,65.1%,0,0,N,203.77,0.6509999999999999,0,0
2543,2,358.79,4,58200.0,16036.23,0.276,1,1,No,358.79,0.276,1,0
12022,4,230.72,2,56800.0,16202.58,0.285,1,Y,N,230.72,0.285,1,0
2279,1,586.64,3,14900.0,3396.67,0.228,0,Y,0,586.64,0.228,1,0
5095,1,530.49,5,26800.0,8706.52,0.325,0,No,0,530.49,0.325,0,0
11797,1,275.33,1,32200.0,3176.03,0.099,1,0,N,275.33,0.099,0,0
7092,5,514.78,4,46300.0,20504.72,0.443,1,1,0,514.78,0.443,1,0
6755,1,1154.68,4,22100.0,4249.36,0.192,0,0,0,1154.68,0.192,0,0
4892,2,628.22,6,48400.0,5988.31,0.124,1,1,0,628.22,0.124,1,0
3867,2,236.63,1,23300.0,14209.72,0.61,1,0,0,236.63,0.61,0,0
2039,2,1400.65,11,27800.0,4115.99,0.148,1,1,No,1400.65,0.148,1,0
281,1,282.27,1,16500.0,12245.18,0.742,2,No,No,282.27,0.742,0,0
6184,1,486.1,3,59800.0,6053.91,10.1%,1,1,1,486.1,0.10099999999999999,1,1
10183,2,240.12,0,33600.0,8833.87,26.3%,2,Y,0,240.12,0.263,1,0
9785,3,597.3,5,25000.0,4184.79,0.167,1,Yes,0,597.3,0.167,1,0
8431,2,449.39,1,18900.0,4744.94,0.251,1,Yes,N,449.39,0.251,1,0
5497,1,899.29,5,28700.0,5412.03,0.189,1,No,0,899.29,0.189,0,0
7648,3,811.37,6,48800.0,5362.89,0.11,1,Yes,0,811.37,0.11,1,0
11876,1,218.04,0,17100.0,4014.06,0.235,0,0,N,218.04,0.235,0,0
6545,3,360.76,3,43900.0,11958.22,0.272,0,1,0,360.76,0.272,1,0
3515,2,730.95,4,16700.0,2886.59,0.173,0,Y,0,730.95,0.173,1,0
5118,1,759.06,3,7500.0,1612.95,0.215,0,No,0,759.06,0.215,0,0
10924,4,209.29,3,3800.0,629.39,0.166,3,Yes,0,209.29,0.166,1,0
6547,3,163.72,2,39100.0,988.2,0.025,1,1,N,163.72,0.025,1,0
5879,2,339.98,1,7300.0,4237.27,0.58,2,Yes,0,339.98,0.58,1,0
4343,2,297.08,2,12500.0,3870.47,0.31,2,N,N,297.08,0.31,0,0
6320,2,340.47,1,19900.0,9372.19,0.471,1,1,0,340.47,0.471,1,0
787,2,169.32,0,3700.0,609.1,0.165,1,No,0,169.32,0.165,0,0
7923,2,233.83,0,52100.0,28370.75,0.545,3,1,No,233.83,0.545,1,0
7551,1,389.48,4,19000.0,7266.12,0.382,1,1,No,389.48,0.382,1,0
8683,1,183.46,0,32600.0,9755.84,29.9%,0,Yes,0,183.46,0.299,1,0
10014,1,,1,49600.0,6880.22,0.139,1,0,0,272.54,0.139,0,0
1944,1,199.65,2,57700.0,5088.01,0.088,1,0,1,199.65,0.088,0,1
5350,2,301.36,0,15800.0,7696.77,0.487,0,Y,0,301.36,0.487,1,0
12010,1,270.19,3,5100.0,587.71,0.115,2,Yes,N,270.19,0.115,1,0
9747,2,367.61,3,14700.0,1434.46,0.098,0,1,0,367.61,0.098,1,0
3398,1,333.38,2,33100.0,5185.76,0.157,1,0,N,333.38,0.157,0,0
190,2,612.65,1,9800.0,2770.63,28.3%,2,Y,0,612.65,0.28300000000000003,1,0
10840,3,484.02,0,53500.0,6678.34,12.5%,1,Yes,No,484.02,0.125,1,0
1001,4,106.32,2,7300.0,2295.21,0.314,0,1,0,106.32,0.314,1,0
9552,5,201.71,1,22500.0,1172.7,0.052,0,No,0,201.71,0.052,0,0
2072,4,360.27,2,40600.0,4551.1,0.112,2,Y,No,360.27,0.112,1,0
6578,1,154.51,0,41900.0,14694.79,0.351,1,No,0,154.51,0.351,0,0
9193,4,308.59,1,47800.0,2126.46,0.044,1,1,0,308.59,0.044,1,0
3893,1,368.6,1,14900.0,9631.91,0.646,1,No,Yes,368.6,0.646,0,1
1425,4,99.2,0,13900.0,2242.88,0.161,1,Y,0,99.2,0.161,1,0
435,2,786.87,4,21500.0,3019.63,14.0%,1,Yes,No,786.87,0.14,1,0
2875,2,594.66,5,10100.0,4426.36,0.438,2,Y,No,594.66,0.438,1,0
9765,1,513.21,2,4900.0,3231.25,0.659,2,N,Y,513.21,0.659,0,1
87,3,576.7,2,51200.0,6961.55,13.6%,2,1,0,576.7,0.136,1,0
11937,4,206.12,0,28300.0,16911.85,0.598,1,1,N,206.12,0.598,1,0
11450,2,379.96,3,14100.0,3948.87,0.28,2,1,N,379.96,0.28,1,0
7297,1,290.23,2,32500.0,6014.96,18.5%,2,1,Y,290.23,0.185,1,1
8406,2,355.28,3,49100.0,9473.32,0.193,0,1,0,355.28,0.193,1,0
561,2,277.5,0,14400.0,3281.95,0.228,1,Y,N,277.5,0.228,1,0
9514,2,382.59,4,22700.0,8071.93,0.356,0,1,N,382.59,0.356,1,0
10584,2,495.21,4,48900.0,26663.96,0.545,0,No,0,495.21,0.545,0,0
8750,3,728.4,3,45300.0,14146.27,0.312,0,1,0,728.4,0.312,1,0
6509,1,,8,28200.0,14805.47,0.525,1,No,N,860.78,0.525,0,0
8761,5,595.22,3,41000.0,17250.93,42.1%,2,1,No,595.22,0.42100000000000004,1,0
4447,4,605.64,2,11000.0,814.34,0.074,0,Y,No,605.64,0.074,1,0
4322,2,761.41,6,56400.0,5472.57,0.097,0,Yes,1,761.41,0.097,1,1
9094,5,186.71,1,24300.0,7187.37,0.296,2,Y,0,186.71,0.296,1,0
1192,2,787.24,5,12600.0,351.73,2.8%,0,Yes,0,787.24,0.027999999999999997,1,0
9642,3,461.22,2,50500.0,7711.79,15.3%,1,0,No,461.22,0.153,0,0
10983,2,429.68,3,29500.0,9188.22,0.311,1,No,No,429.68,0.311,0,0
7893,3,1032.03,7,42600.0,10036.38,0.236,2,1,No,1032.03,0.236,1,0
9983,3,386.55,2,47200.0,12930.79,0.274,1,1,No,386.55,0.274,1,0
11188,5,470.92,3,50600.0,8956.12,0.177,0,1,0,470.92,0.177,1,0
7694,1,363.2,2,4700.0,996.26,21.2%,2,N,No,363.2,0.212,0,0
6165,2,348.53,4,4700.0,979.64,0.208,0,1,No,348.53,0.208,1,0
8541,3,259.69,1,8700.0,1442.86,0.166,0,0,0,259.69,0.166,0,0
2148,3,254.04,1,22600.0,6406.48,0.283,0,Y,N,254.04,0.283,1,0
10045,1,829.69,3,27700.0,599.82,0.022,1,N,Yes,829.69,0.022,0,1
9468,1,516.42,1,47500.0,15372.51,0.324,1,0,0,516.42,0.324,0,0
9652,1,478.28,3,12600.0,5393.24,0.428,2,1,N,478.28,0.428,1,0
4391,2,434.39,5,49600.0,14790.68,0.298,1,Y,0,434.39,0.298,1,0
3874,3,394.95,4,2300.0,266.26,0.116,2,1,0,394.95,0.116,1,0
3403,3,,4,30100.0,7188.13,23.9%,1,Y,N,507.11,0.239,1,0
6436,1,159.26,2,24700.0,3181.29,0.129,0,1,No,159.26,0.129,1,0
7490,1,683.2,4,14600.0,5051.93,0.346,1,0,No,683.2,0.346,0,0
3379,5,344.34,5,33500.0,3628.15,0.108,0,1,N,344.34,0.108,1,0
5227,3,443.29,2,58500.0,25005.02,42.7%,1,No,N,443.29,0.42700000000000005,0,0
1804,1,475.78,2,24400.0,2662.52,0.109,0,0,1,475.78,0.109,0,1
8965,1,663.42,6,34500.0,10245.62,29.7%,1,1,N,663.42,0.297,1,0
1455,1,374.26,4,20600.0,8799.11,0.427,0,N,0,374.26,0.427,0,0
12173,1,357.93,3,15000.0,6370.41,0.425,1,1,0,357.93,0.425,1,0
8259,3,1075.33,7,3300.0,1157.79,0.351,1,Yes,N,1075.33,0.351,1,0
5170,1,247.96,1,8400.0,1276.29,15.2%,1,0,N,247.96,0.152,0,0
7586,3,694.38,1,10800.0,6066.27,56.2%,0,Y,N,694.38,0.562,1,0
3809,1,492.71,2,5200.0,1681.96,0.323,1,0,No,492.71,0.323,0,0
2782,2,700.13,8,25900.0,3480.43,0.134,1,No,0,700.13,0.134,0,0
9633,2,164.19,1,38800.0,7526.04,0.194,1,1,0,164.19,0.194,1,0
603,2,330.96,1,20600.0,4829.64,0.234,0,0,N,330.96,0.234,0,0
11810,1,168.57,0,10600.0,2307.14,0.218,0,N,N,168.57,0.218,0,0
6420,1,131.24,1,31100.0,6373.54,0.205,1,No,Yes,131.24,0.205,0,1
8986,2,206.9,3,49600.0,8259.33,0.167,1,1,0,206.9,0.167,1,0
3062,1,266.71,0,56200.0,44130.72,0.785,0,0,1,266.71,0.785,0,1
1066,1,198.73,2,26900.0,2023.63,7.5%,2,No,Y,198.73,0.075,0,1
6188,2,281.45,2,17800.0,4640.89,0.261,2,Yes,N,281.45,0.261,1,0
1223,3,795.22,8,50200.0,10005.86,0.199,1,1,0,795.22,0.199,1,0
8778,2,271.45,2,51700.0,11148.94,0.216,0,Y,0,271.45,0.216,1,0
8145,2,1576.67,13,2900.0,671.91,0.232,2,1,0,1576.67,0.232,1,0
8551,2,294.97,0,48700.0,11111.36,0.228,1,1,0,294.97,0.228,1,0
7981,1,822.6,6,51400.0,13803.02,26.9%,0,Y,0,822.6,0.26899999999999996,1,0
1539,2,376.56,2,51200.0,7314.13,0.143,2,Y,0,376.56,0.143,1,0
4910,5,594.72,3,57200.0,7045.78,0.123,0,0,N,594.72,0.123,0,0
5769,2,359.51,0,53900.0,14384.77,0.267,0,Y,0,359.51,0.267,1,0
1463,3,222.35,2,54000.0,9178.32,0.17,0,1,No,222.35,0.17,1,0
6938,1,487.72,5,43000.0,10226.76,0.238,1,1,N,487.72,0.238,1,0
11476,3,488.1,5,23700.0,11331.71,0.478,1,1,0,488.1,0.478,1,0
4928,1,628.38,6,34400.0,5075.1,0.148,1,0,N,628.38,0.148,0,0
11416,3,1923.42,6,4100.0,2669.93,0.651,2,0,No,1923.42,0.651,0,0
2621,1,,7,42900.0,7519.25,0.175,1,Y,1,760.96,0.175,1,1
7245,3,477.31,5,51800.0,11443.2,22.1%,1,0,0,477.31,0.221,0,0
2016,1,225.48,3,5300.0,1307.09,24.7%,0,0,0,225.48,0.247,0,0
11374,3,408.69,7,57100.0,10811.47,18.9%,0,Y,0,408.69,0.18899999999999997,1,0
3404,1,205.16,2,47600.0,12890.71,27.1%,1,N,0,205.16,0.271,0,0
1747,3,754.55,3,7300.0,2179.99,0.299,2,1,N,754.55,0.299,1,0
2545,2,451.23,1,44300.0,6087.2,0.137,2,1,No,451.23,0.137,1,0
7921,3,548.32,4,26400.0,5187.07,0.196,0,0,N,548.32,0.196,0,0
7914,3,315.64,2,26400.0,5573.57,21.1%,1,1,No,315.64,0.21100000000000002,1,0
9641,1,143.64,1,50100.0,13447.64,0.268,2,1,0,143.64,0.268,1,0
9890,2,621.95,5,50000.0,6055.37,0.121,0,1,N,621.95,0.121,1,0
713,2,373.45,0,58500.0,27156.42,0.464,1,1,N,373.45,0.464,1,0
10688,4,477.56,2,43900.0,5368.57,12.2%,0,Yes,0,477.56,0.122,1,0
11186,2,254.32,2,42100.0,26433.77,0.628,1,0,0,254.32,0.628,0,0
1191,1,562.67,4,16800.0,4261.9,0.254,2,0,No,562.67,0.254,0,0
8805,4,464.15,1,54500.0,2804.95,0.051,1,Y,0,464.15,0.051,1,0
7354,2,921.12,3,7700.0,3252.63,0.422,4,0,0,921.12,0.422,0,0
10190,1,321.19,0,17300.0,2447.2,14.1%,0,0,1,321.19,0.141,0,1
10351,2,197.82,0,28200.0,4562.35,0.162,2,Yes,1,197.82,0.162,1,1
9892,2,393.79,1,52500.0,21000.45,0.4,1,Yes,0,393.79,0.4,1,0
7447,4,252.75,1,55300.0,5281.56,0.096,0,1,0,252.75,0.096,1,0
7939,3,700.73,3,49900.0,2247.56,4.5%,0,Yes,N,700.73,0.045,1,0
2176,3,834.42,0,31400.0,3592.65,0.114,1,1,No,834.42,0.114,1,0
11567,4,951.49,4,20700.0,5525.08,0.267,4,1,N,951.49,0.267,1,0
7855,2,529.5,4,43400.0,12638.57,0.291,0,1,N,529.5,0.291,1,0
9240,1,661.86,4,52300.0,12758.14,0.244,1,N,1,661.86,0.244,0,1
9364,4,189.27,0,9000.0,3104.08,0.345,2,Yes,No,189.27,0.345,1,0
5096,5,274.66,0,21800.0,7436.19,0.341,1,Y,No,274.66,0.341,1,0
8513,3,221.31,1,22300.0,7825.93,35.1%,1,1,0,221.31,0.35100000000000003,1,0
5959,2,377.97,3,36500.0,12045.27,0.33,0,Y,0,377.97,0.33,1,0
12044,5,761.05,4,35800.0,3214.74,0.09,1,1,N,761.05,0.09,1,0
10355,1,494.72,4,10900.0,3553.49,0.326,2,No,No,494.72,0.326,0,0
3948,1,248.82,1,24900.0,15721.34,0.631,2,No,0,248.82,0.631,0,0
8271,5,372.91,3,35800.0,4344.04,12.1%,1,1,N,372.91,0.121,1,0
12140,1,497.93,4,22600.0,12717.32,0.563,0,No,1,497.93,0.563,0,1
5048,3,423.95,4,59400.0,18553.3,31.2%,1,Y,0,423.95,0.312,1,0
11383,1,,4,2900.0,557.36,0.192,0,1,1,507.11,0.192,1,1
5420,3,161.94,0,34600.0,9224.15,26.7%,1,0,No,161.94,0.267,0,0
8599,1,435.0,1,37300.0,8842.29,0.237,2,No,No,435.0,0.237,0,0
5225,1,181.41,1,35500.0,4160.97,0.117,1,No,No,181.41,0.117,0,0
1233,2,297.38,2,33000.0,15902.28,0.482,1,1,N,297.38,0.482,1,0
8881,2,762.28,11,26700.0,7354.2,0.275,1,1,N,762.28,0.275,1,0
2982,1,877.83,7,8300.0,1819.73,0.219,1,No,0,877.83,0.219,0,0
3057,1,539.08,4,22500.0,12378.21,55.0%,2,No,N,539.08,0.55,0,0
8368,1,691.33,5,5600.0,2217.23,0.396,3,No,Yes,691.33,0.396,0,1
8782,3,244.01,3,4000.0,427.9,0.107,1,Yes,0,244.01,0.107,1,0
4386,2,265.82,1,25000.0,7349.38,29.4%,1,1,N,265.82,0.294,1,0
148,1,335.96,2,28400.0,12586.76,44.3%,1,Yes,1,335.96,0.44299999999999995,1,1
8171,2,312.82,2,21600.0,5505.56,0.255,1,0,No,312.82,0.255,0,0
2288,2,513.21,2,16300.0,1689.95,0.104,0,1,0,513.21,0.104,1,0
7711,2,443.67,6,24200.0,2954.29,0.122,1,1,N,443.67,0.122,1,0
11171,2,271.74,1,36300.0,18282.66,0.504,1,0,0,271.74,0.504,0,0
3409,1,214.82,3,56000.0,13871.87,0.248,3,0,Yes,214.82,0.248,0,1
12158,1,363.08,0,50100.0,7041.9,0.141,2,0,No,363.08,0.141,0,0
11904,2,366.64,4,18500.0,6831.62,36.9%,1,1,N,366.64,0.369,1,0
9168,2,359.08,1,51600.0,9907.82,0.192,2,1,0,359.08,0.192,1,0
8970,1,71.75,0,26900.0,12929.89,48.1%,1,1,No,71.75,0.48100000000000004,1,0
4207,5,417.48,3,26300.0,2911.4,0.111,2,1,No,417.48,0.111,1,0
3044,2,1065.46,6,49800.0,19441.11,39.0%,1,1,No,1065.46,0.39,1,0
3304,2,1235.66,2,38100.0,17635.51,0.463,0,Yes,0,1235.66,0.463,1,0
5666,2,366.03,2,41300.0,20876.61,50.5%,1,0,No,366.03,0.505,0,0
10832,2,789.13,7,14700.0,3852.65,0.262,3,0,No,789.13,0.262,0,0
7757,3,327.97,4,44500.0,6449.72,0.145,0,1,0,327.97,0.145,1,0
11096,3,363.83,2,42400.0,11504.86,0.271,3,1,0,363.83,0.271,1,0
10264,3,437.66,1,7700.0,3353.59,0.436,1,1,0,437.66,0.436,1,0
3109,2,443.92,6,50900.0,24557.31,0.482,0,Yes,N,443.92,0.482,1,0
11829,2,793.2,11,16800.0,620.83,0.037,4,0,No,793.2,0.037,0,0
3061,2,360.79,2,11700.0,2593.4,0.222,1,1,0,360.79,0.222,1,0
7023,4,465.43,3,17900.0,1097.88,6.1%,1,1,0,465.43,0.061,1,0
1817,1,580.52,3,12700.0,3880.54,30.6%,1,No,N,580.52,0.306,0,0
4938,3,493.24,5,24900.0,9667.21,38.8%,2,1,0,493.24,0.38799999999999996,1,0
2301,1,523.08,4,11100.0,1480.28,0.133,0,No,No,523.08,0.133,0,0
5548,2,872.03,7,7200.0,1900.09,0.264,1,0,0,872.03,0.264,0,0
4643,1,167.85,1,33600.0,13668.58,40.7%,1,0,Y,167.85,0.40700000000000003,0,1
9672,2,154.58,0,57400.0,17715.23,30.9%,2,Yes,0,154.58,0.309,1,0
12087,3,341.09,0,56300.0,17193.35,0.305,1,1,0,341.09,0.305,1,0
2678,3,140.35,1,6500.0,2154.77,0.332,1,1,N,140.35,0.332,1,0
2912,3,698.95,5,28900.0,14104.59,0.488,3,Yes,No,698.95,0.488,1,0
4484,4,202.4,3,6900.0,1699.37,0.246,2,1,0,202.4,0.246,1,0
8789,4,546.89,2,10400.0,3483.47,0.335,1,1,0,546.89,0.335,1,0
3681,1,237.44,3,49500.0,2882.22,5.8%,0,No,0,237.44,0.057999999999999996,0,0
9786,2,796.55,2,32600.0,8520.58,0.261,1,1,Y,796.55,0.261,1,1
1014,2,289.18,4,30000.0,6927.04,0.231,2,1,Y,289.18,0.231,1,1
6705,2,251.45,1,40900.0,8879.41,0.217,0,1,0,251.45,0.217,1,0
11646,1,341.73,1,58500.0,31297.26,0.535,1,0,0,341.73,0.535,0,0
9406,3,433.94,3,57400.0,6701.26,11.7%,3,1,0,433.94,0.11699999999999999,1,0
10473,2,1253.35,5,37300.0,1340.04,0.036,2,N,No,1253.35,0.036,0,0
8515,1,431.16,2,59900.0,14483.39,0.242,0,N,No,431.16,0.242,0,0
212,2,470.77,1,18100.0,2207.14,12.2%,0,Y,N,470.77,0.122,1,0
6968,2,220.51,1,22300.0,7359.79,0.33,1,Yes,0,220.51,0.33,1,0
8028,5,332.79,2,56600.0,18094.41,0.32,0,Y,0,332.79,0.32,1,0
1022,1,270.91,0,49600.0,18385.68,0.371,1,1,Y,270.91,0.371,1,1
2376,5,305.21,3,33700.0,8143.88,0.242,3,Yes,0,305.21,0.242,1,0
10080,1,286.27,0,14000.0,8058.73,0.576,1,No,Yes,286.27,0.576,0,1
2037,1,405.59,2,49000.0,10727.08,0.219,0,0,0,405.59,0.219,0,0
5502,1,476.5,4,28900.0,9357.23,0.324,1,0,No,476.5,0.324,0,0
1562,2,695.68,9,24800.0,6657.02,26.8%,0,Y,N,695.68,0.268,1,0
4268,1,703.53,11,55100.0,5871.95,0.107,0,1,N,703.53,0.107,1,0
634,1,690.69,5,3500.0,585.71,0.167,3,Yes,1,690.69,0.167,1,1
7544,1,799.2,4,2200.0,609.36,27.7%,1,N,Yes,799.2,0.27699999999999997,0,1
2773,2,269.18,1,46300.0,8441.99,0.182,2,Yes,0,269.18,0.182,1,0
2821,2,379.82,2,57500.0,7976.55,0.139,0,Yes,0,379.82,0.139,1,0
4486,1,316.31,0,11900.0,3147.31,0.264,1,Yes,0,316.31,0.264,1,0
3284,2,603.75,2,34900.0,20968.78,0.601,1,N,0,603.75,0.601,0,0
6667,1,148.73,1,21400.0,8749.59,0.409,1,N,N,148.73,0.409,0,0
5059,2,674.16,2,30700.0,5602.84,0.183,1,Yes,No,674.16,0.183,1,0
5333,2,612.85,4,33100.0,4015.93,12.1%,0,1,0,612.85,0.121,1,0
3226,3,531.74,4,13500.0,4810.62,0.356,0,1,N,531.74,0.356,1,0
2540,2,603.66,6,56100.0,18108.35,0.323,2,No,N,603.66,0.323,0,0
11078,1,217.71,1,57100.0,7016.99,0.123,0,1,0,217.71,0.123,1,0
9475,1,138.64,1,43800.0,17705.17,0.404,0,No,0,138.64,0.404,0,0
2028,1,324.5,4,24200.0,5576.75,0.23,0,No,0,324.5,0.23,0,0
5634,1,438.78,3,34300.0,20305.45,0.592,0,0,0,438.78,0.592,0,0
910,2,538.56,3,35000.0,2204.16,0.063,2,1,0,538.56,0.063,1,0
4653,2,127.57,1,51100.0,16766.12,0.328,0,Yes,No,127.57,0.328,1,0
1569,5,392.51,2,13400.0,8423.56,0.629,1,1,0,392.51,0.629,1,0
8488,1,271.61,1,16400.0,5079.46,0.31,2,Y,0,271.61,0.31,1,0
901,4,442.84,3,30200.0,16737.47,55.4%,2,No,N,442.84,0.5539999999999999,0,0
1312,1,535.78,7,6100.0,2486.54,0.408,2,No,1,535.78,0.408,0,1
1476,3,378.39,4,44800.0,11233.13,0.251,1,N,N,378.39,0.251,0,0
1262,1,318.31,0,38800.0,18472.68,0.476,1,N,1,318.31,0.476,0,1
4045,2,370.49,1,2300.0,866.25,37.7%,2,1,No,370.49,0.377,1,0
3319,5,340.24,1,30100.0,8096.82,0.269,1,Y,0,340.24,0.269,1,0
11506,1,174.08,1,8600.0,123.33,1.4%,1,0,1,174.08,0.013999999999999999,0,1
9410,1,290.6,4,32200.0,14017.71,0.435,3,Yes,Yes,290.6,0.435,1,1
8241,2,,1,53600.0,16840.15,0.314,0,1,N,272.54,0.314,1,0
8509,1,308.15,2,51800.0,14128.16,0.273,2,Yes,1,308.15,0.273,1,1
8741,2,170.26,1,8300.0,962.79,0.116,2,Y,0,170.26,0.116,1,0
11936,2,116.24,0,32500.0,1192.73,3.7%,0,1,0,116.24,0.037000000000000005,1,0
3822,1,943.99,3,3900.0,1486.34,0.381,0,1,N,943.99,0.381,1,0
2627,1,250.38,1,29800.0,6842.15,0.23,1,No,N,250.38,0.23,0,0
422,2,247.42,3,34500.0,18188.66,0.527,1,Yes,N,247.42,0.527,1,0
4308,2,823.06,5,16900.0,6742.34,0.399,1,1,0,823.06,0.399,1,0
3462,1,324.48,3,47500.0,6236.33,0.131,5,0,0,324.48,0.131,0,0
5360,3,508.83,1,45600.0,5362.19,0.118,1,Y,No,508.83,0.118,1,0
12072,3,299.52,3,51900.0,8732.46,0.168,0,Y,No,299.52,0.168,1,0
507,1,481.2,3,34600.0,21260.18,61.4%,0,No,N,481.2,0.614,0,0
4939,3,584.9,3,40900.0,3256.92,0.08,2,Yes,No,584.9,0.08,1,0
10293,5,591.81,6,31000.0,3558.86,11.5%,0,Y,0,591.81,0.115,1,0
5764,2,775.69,7,40000.0,11441.93,0.286,0,1,0,775.69,0.286,1,0
2120,2,108.28,0,26200.0,1011.06,0.039,3,1,1,108.28,0.039,1,1
8669,2,258.58,2,36100.0,20629.76,0.571,0,N,N,258.58,0.571,0,0
11253,2,159.91,1,56400.0,4069.67,7.2%,1,Yes,0,159.91,0.07200000000000001,1,0
933,4,91.64,3,35100.0,8365.79,0.238,1,1,No,91.64,0.238,1,0
7722,1,939.07,7,8900.0,1038.8,11.7%,2,N,N,939.07,0.11699999999999999,0,0
5972,3,231.71,2,33600.0,8914.02,0.265,0,1,1,231.71,0.265,1,1
4054,3,501.24,1,54700.0,4844.09,8.9%,1,N,No,501.24,0.08900000000000001,0,0
6569,3,277.85,1,52000.0,25084.22,0.482,3,1,0,277.85,0.482,1,0
10923,4,440.82,4,25000.0,7237.19,0.289,2,N,0,440.82,0.289,0,0
1557,3,345.29,2,20500.0,11419.67,55.7%,1,1,No,345.29,0.557,1,0
1449,1,590.26,0,10700.0,5784.64,0.541,1,No,N,590.26,0.541,0,0
301,2,547.8,4,51500.0,15658.95,0.304,3,0,Yes,547.8,0.304,0,1
845,1,184.68,2,58300.0,4500.51,7.7%,1,0,No,184.68,0.077,0,0
4605,1,625.07,4,55500.0,10475.38,0.189,0,No,1,625.07,0.189,0,1
2222,3,633.61,10,2900.0,1386.44,0.478,1,1,N,633.61,0.478,1,0
2924,1,716.06,4,15600.0,554.37,0.036,3,Yes,1,716.06,0.036,1,1
9045,1,686.89,8,36100.0,4477.59,0.124,1,N,0,686.89,0.124,0,0
3233,1,711.51,2,47400.0,17655.77,0.372,1,1,0,711.51,0.372,1,0
4003,2,255.35,1,45200.0,19985.37,0.442,0,Y,N,255.35,0.442,1,0
2298,2,245.55,3,13500.0,2624.38,0.194,0,Yes,0,245.55,0.194,1,0
4727,1,387.38,6,59500.0,19732.52,33.2%,2,N,0,387.38,0.332,0,0
9495,2,395.9,1,30100.0,16780.52,0.557,0,1,N,395.9,0.557,1,0
8946,1,284.81,3,20900.0,5196.99,24.9%,0,0,0,284.81,0.249,0,0
177,2,688.51,9,8700.0,1969.39,0.226,0,1,0,688.51,0.226,1,0
2247,1,436.4,3,38200.0,12822.13,0.336,0,0,Y,436.4,0.336,0,1
2200,1,340.88,3,21100.0,4124.87,0.195,1,0,0,340.88,0.195,0,0
10319,1,480.83,3,12100.0,839.86,0.069,1,No,0,480.83,0.069,0,0
2814,2,1326.73,7,7000.0,1594.53,22.8%,1,0,0,1326.73,0.228,0,0
9688,1,189.18,1,25000.0,9278.28,0.371,0,1,1,189.18,0.371,1,1
7812,1,316.79,4,41800.0,5683.5,0.136,0,1,Y,316.79,0.136,1,1
3546,2,275.17,2,9500.0,5490.9,0.578,2,Y,0,275.17,0.578,1,0
9925,2,345.05,1,35400.0,9063.18,25.6%,3,Yes,0,345.05,0.256,1,0
10605,1,257.77,3,7600.0,811.79,0.107,0,0,0,257.77,0.107,0,0
9407,1,423.78,3,8900.0,1126.48,0.127,0,1,0,423.78,0.127,1,0
5479,1,585.04,5,28600.0,4208.87,0.147,0,0,0,585.04,0.147,0,0
9001,1,111.91,1,53700.0,3318.11,0.062,1,N,No,111.91,0.062,0,0
11387,3,565.13,3,53900.0,6569.87,0.122,3,1,Y,565.13,0.122,1,1
4855,3,216.94,0,6200.0,3301.2,0.532,0,No,No,216.94,0.532,0,0
4370,1,855.05,3,6900.0,1614.03,0.234,0,0,0,855.05,0.234,0,0
6890,1,294.4,0,36800.0,11491.27,0.312,0,Yes,Yes,294.4,0.312,1,1
8082,2,579.17,5,8100.0,2523.75,0.312,0,Y,No,579.17,0.312,1,0
9835,3,477.49,2,20900.0,2259.29,0.108,1,1,No,477.49,0.108,1,0
5870,1,187.6,1,20400.0,7889.86,0.387,1,Y,0,187.6,0.387,1,0
5857,1,878.66,7,12800.0,2645.93,0.207,1,0,0,878.66,0.207,0,0
10727,1,921.78,3,19900.0,2384.64,0.12,0,0,No,921.78,0.12,0,0
7997,1,143.61,0,38600.0,9798.91,0.254,1,0,0,143.61,0.254,0,0
5843,2,388.83,2,37500.0,23260.5,0.62,0,N,0,388.83,0.62,0,0
727,2,264.64,1,5400.0,969.63,0.18,1,Yes,0,264.64,0.18,1,0
4731,1,184.51,0,46000.0,8675.49,0.189,1,0,0,184.51,0.189,0,0
10697,2,267.82,5,45500.0,11525.08,0.253,0,Yes,N,267.82,0.253,1,0
6295,4,282.3,3,9400.0,2771.73,0.295,2,Yes,0,282.3,0.295,1,0
11312,2,452.25,3,47900.0,19350.35,40.4%,1,Yes,0,452.25,0.40399999999999997,1,0
8711,3,440.47,4,47500.0,5989.05,0.126,0,Y,N,440.47,0.126,1,0
8684,2,279.27,5,45100.0,18370.07,0.407,0,No,0,279.27,0.407,0,0
10353,3,530.13,1,42700.0,12222.29,28.6%,0,1,0,530.13,0.28600000000000003,1,0
10795,3,656.73,5,15300.0,5816.4,0.38,1,0,N,656.73,0.38,0,0
3175,1,252.33,1,28500.0,5197.64,0.182,0,No,0,252.33,0.182,0,0
9867,3,1044.08,4,55200.0,19987.63,0.362,2,1,0,1044.08,0.362,1,0
5197,3,526.07,1,48000.0,9095.86,0.189,1,Yes,No,526.07,0.189,1,0
8973,5,742.21,4,6500.0,2243.55,0.345,0,Yes,N,742.21,0.345,1,0
8022,5,455.65,4,3400.0,1593.96,46.9%,0,1,0,455.65,0.469,1,0
3933,5,223.79,0,36500.0,16643.74,0.456,1,Y,0,223.79,0.456,1,0
1694,5,441.31,5,35500.0,3714.94,0.105,2,Yes,0,441.31,0.105,1,0
8518,3,1263.6,10,33100.0,2301.96,7.0%,1,1,N,1263.6,0.07,1,0
6922,2,237.28,1,24900.0,8258.94,33.2%,1,1,No,237.28,0.332,1,0
5443,1,,3,12800.0,6683.71,0.522,1,No,No,411.22,0.522,0,0
2990,1,281.65,4,33000.0,6319.35,0.191,1,0,1,281.65,0.191,0,1
978,3,467.76,2,40100.0,2894.39,0.072,1,1,0,467.76,0.072,1,0
10567,2,261.91,3,10000.0,3067.66,0.307,1,1,No,261.91,0.307,1,0
11760,3,1007.05,10,16000.0,6175.52,0.386,0,Yes,0,1007.05,0.386,1,0
2216,3,210.06,0,49300.0,18584.46,37.7%,1,0,0,210.06,0.377,0,0
3167,3,876.73,5,52600.0,30296.35,0.576,0,1,0,876.73,0.576,1,0
4697,2,352.47,3,58000.0,26344.45,45.4%,0,1,N,352.47,0.45399999999999996,1,0
8525,1,326.11,3,45900.0,15475.18,0.337,0,0,Yes,326.11,0.337,0,1
5683,1,174.92,1,26200.0,15714.2,0.6,1,Yes,Yes,174.92,0.6,1,1
11468,1,155.56,0,32600.0,9072.56,0.278,1,0,0,155.56,0.278,0,0
10757,5,267.18,1,20800.0,5229.4,0.251,3,No,N,267.18,0.251,0,0
8886,2,387.54,2,27300.0,6882.81,0.252,0,1,N,387.54,0.252,1,0
7865,1,213.1,1,48200.0,19866.88,0.412,2,0,0,213.1,0.412,0,0
11331,3,290.74,6,57100.0,12689.5,0.222,5,No,0,290.74,0.222,0,0
9318,2,572.44,4,35800.0,10038.91,28.0%,1,0,No,572.44,0.28,0,0
9671,4,565.81,1,9900.0,1475.96,0.149,0,Yes,N,565.81,0.149,1,0
2738,1,479.0,1,16600.0,6004.75,0.362,0,0,No,479.0,0.362,0,0
9711,4,1637.42,9,13100.0,5208.08,0.398,5,1,N,1637.42,0.398,1,0
1955,3,276.53,2,13800.0,2418.97,17.5%,0,1,0,276.53,0.175,1,0
5139,3,534.72,4,3900.0,1212.26,31.1%,3,0,N,534.72,0.311,0,0
3085,3,362.08,2,37300.0,17667.83,47.4%,2,Yes,0,362.08,0.474,1,0
10242,1,650.0,10,40100.0,21311.31,0.531,1,0,N,650.0,0.531,0,0
12161,3,699.87,4,33200.0,10118.36,0.305,0,Yes,N,699.87,0.305,1,0
3244,2,92.99,3,58800.0,8734.7,14.9%,0,Y,No,92.99,0.149,1,0
7966,3,1048.35,5,40400.0,10179.36,0.252,0,No,0,1048.35,0.252,0,0
8784,1,549.18,6,20300.0,16080.14,0.792,1,0,No,549.18,0.792,0,0
4307,2,277.83,2,46600.0,20939.69,0.449,4,0,No,277.83,0.449,0,0
10953,2,,1,36300.0,5958.83,16.4%,0,Y,0,272.54,0.16399999999999998,1,0
3363,2,1086.68,6,23800.0,9298.43,0.391,2,Yes,No,1086.68,0.391,1,0
5136,2,,4,38600.0,10348.27,0.268,3,N,0,507.11,0.268,0,0
11202,2,279.92,2,56700.0,17459.33,30.8%,0,0,No,279.92,0.308,0,0
3511,2,233.75,1,37500.0,4764.75,0.127,0,1,N,233.75,0.127,1,0
9392,5,257.21,2,58400.0,34162.01,0.585,0,0,N,257.21,0.585,0,0
6446,1,164.8,0,23200.0,67.45,0.003,0,1,0,164.8,0.003,1,0
4769,3,359.29,2,26200.0,14498.9,55.3%,1,1,N,359.29,0.5529999999999999,1,0
680,2,1085.2,12,32100.0,14789.2,0.461,1,Yes,0,1085.2,0.461,1,0
10231,3,784.33,6,11100.0,3231.44,0.291,0,Yes,0,784.33,0.291,1,0
3218,1,357.56,3,21800.0,2531.69,1.63,1,1,Y,357.56,0.116,1,1
7794,3,315.0,3,16000.0,6708.48,0.419,2,Y,N,315.0,0.419,1,0
4627,3,152.51,2,49900.0,18038.86,0.362,0,1,N,152.51,0.362,1,0
10376,1,689.45,4,33500.0,9310.33,0.278,0,Yes,1,689.45,0.278,1,1
8313,1,399.2,4,14700.0,1948.44,0.133,1,1,Yes,399.2,0.133,1,1
7187,2,136.71,1,14000.0,4755.07,0.34,2,1,N,136.71,0.34,1,0
4461,3,156.02,1,46800.0,20865.76,0.446,2,1,No,156.02,0.446,1,0
3521,2,397.77,2,18700.0,10884.28,0.582,0,Y,0,397.77,0.582,1,0
11492,2,202.64,1,59700.0,1813.17,3.0%,2,Yes,No,202.64,0.03,1,0
5865,4,267.5,2,12300.0,5966.57,0.485,1,Y,1,267.5,0.485,1,1
1998,3,419.9,1,53300.0,35083.55,0.658,0,1,0,419.9,0.658,1,0
10285,2,485.05,1,51300.0,31557.61,0.615,2,1,0,485.05,0.615,1,0
8345,1,459.76,5,33900.0,8681.85,0.256,0,0,No,459.76,0.256,0,0
2171,4,1283.14,5,56100.0,4943.31,0.088,1,1,N,1283.14,0.088,1,0
6254,2,562.0,2,47600.0,15742.74,0.331,2,Y,N,562.0,0.331,1,0
8044,2,259.65,0,24800.0,8579.51,0.346,1,Y,N,259.65,0.346,1,0
3271,1,818.4,7,47200.0,6141.15,13.0%,1,Yes,No,818.4,0.13,1,0
70,1,493.15,3,43500.0,10364.14,0.238,2,Y,0,493.15,0.238,1,0
5275,4,152.82,1,42600.0,9145.31,0.215,1,Y,0,152.82,0.215,1,0
3695,5,337.68,5,40000.0,5647.57,0.141,0,0,N,337.68,0.141,0,0
3939,4,746.17,3,52600.0,20864.68,0.397,2,Yes,0,746.17,0.397,1,0
11234,2,100.48,2,35200.0,9943.14,28.2%,0,No,0,100.48,0.282,0,0
4106,2,207.17,0,58500.0,7822.38,0.134,1,No,0,207.17,0.134,0,0
10835,3,766.39,3,24700.0,11081.73,0.449,1,1,No,766.39,0.449,1,0
6240,2,501.8,4,47000.0,8487.98,0.181,1,Yes,No,501.8,0.181,1,0
8143,1,227.44,0,46600.0,26564.51,0.57,1,No,0,227.44,0.57,0,0
6074,1,1045.92,6,29400.0,17397.75,59.2%,0,N,0,1045.92,0.5920000000000001,0,0
3641,2,1269.61,9,36600.0,5996.71,0.164,2,Y,N,1269.61,0.164,1,0
8993,3,1243.81,11,27400.0,8622.89,31.5%,0,0,No,1243.81,0.315,0,0
8864,3,581.84,5,29700.0,2810.62,0.095,1,1,N,581.84,0.095,1,0
11834,2,827.96,3,17600.0,11358.44,0.645,3,Yes,0,827.96,0.645,1,0
8633,1,403.22,2,5100.0,77.48,1.5%,2,Yes,1,403.22,0.015,1,1
4834,1,524.16,3,28300.0,5913.06,0.209,0,0,No,524.16,0.209,0,0
5711,2,872.47,7,47800.0,3159.69,0.066,1,Yes,N,872.47,0.066,1,0
7247,3,731.98,5,17000.0,7544.23,0.444,1,1,N,731.98,0.444,1,0
397,2,224.21,3,6700.0,2027.07,0.303,3,1,N,224.21,0.303,1,0
10519,2,843.69,6,35800.0,4104.9,0.115,0,Y,N,843.69,0.115,1,0
2033,3,409.0,4,29300.0,3573.83,0.122,0,Yes,0,409.0,0.122,1,0
8429,2,140.65,1,47400.0,16399.06,0.346,1,Y,0,140.65,0.346,1,0
5103,1,356.16,0,4000.0,596.02,14.9%,0,0,0,356.16,0.149,0,0
6982,1,237.0,2,24200.0,12800.47,0.529,2,No,0,237.0,0.529,0,0
10047,2,119.99,1,34300.0,11401.11,33.2%,2,Yes,0,119.99,0.332,1,0
9608,1,481.79,5,15500.0,9676.27,0.624,0,No,Yes,481.79,0.624,0,1
7274,4,509.96,2,33700.0,4102.54,0.122,2,No,0,509.96,0.122,0,0
5748,5,478.49,3,3700.0,1428.56,0.386,0,1,N,478.49,0.386,1,0
6303,2,989.99,10,43900.0,14918.53,0.34,1,1,No,989.99,0.34,1,0
9659,2,604.78,3,44500.0,10685.68,0.24,0,Y,0,604.78,0.24,1,0
1624,1,311.67,2,33200.0,7997.46,24.1%,1,No,N,311.67,0.24100000000000002,0,0
6397,1,669.68,4,32600.0,13832.29,42.4%,0,Yes,Y,669.68,0.424,1,1
4970,3,620.11,4,21700.0,6212.6,0.286,1,1,0,620.11,0.286,1,0
1645,2,808.23,6,4100.0,2231.73,0.544,1,0,0,808.23,0.544,0,0
10304,1,229.96,4,13600.0,3548.71,0.261,1,0,No,229.96,0.261,0,0
2023,2,579.86,2,36500.0,13131.0,36.0%,2,Y,N,579.86,0.36,1,0
10491,3,801.98,9,14600.0,3566.24,0.244,1,Y,0,801.98,0.244,1,0
5494,1,635.21,4,47200.0,20535.81,0.435,1,1,0,635.21,0.435,1,0
1706,2,214.98,4,51500.0,21035.08,0.408,1,1,0,214.98,0.408,1,0
7458,3,100.13,1,6300.0,1364.12,0.217,0,Y,No,100.13,0.217,1,0
6760,4,343.66,1,17300.0,5268.42,0.305,0,Yes,No,343.66,0.305,1,0
10514,3,1180.54,5,12600.0,1681.52,0.133,0,Y,0,1180.54,0.133,1,0
6534,4,260.84,3,58000.0,7771.22,0.134,1,1,0,260.84,0.134,1,0
648,1,249.44,0,55000.0,28106.04,0.511,2,0,1,249.44,0.511,0,1
8317,2,254.03,2,33000.0,10011.43,0.303,1,Y,No,254.03,0.303,1,0
8043,1,795.65,4,9400.0,4654.62,49.5%,1,1,0,795.65,0.495,1,0
9020,2,340.95,2,9700.0,2481.85,0.256,1,1,No,340.95,0.256,1,0
5777,1,500.33,0,35400.0,13918.28,0.393,1,Y,1,500.33,0.393,1,1
1086,3,999.42,3,9700.0,839.48,0.087,1,1,Y,999.42,0.087,1,1
3858,1,195.11,2,23600.0,2173.59,0.092,0,Yes,No,195.11,0.092,1,0
7460,1,214.96,0,37400.0,5636.53,15.1%,0,N,0,214.96,0.151,0,0
11910,2,932.9,7,19500.0,1170.6,0.06,0,1,No,932.9,0.06,1,0
8440,2,,0,56500.0,13261.17,0.235,2,1,N,231.95,0.235,1,0
5199,4,306.1,1,18800.0,3863.54,0.206,2,No,No,306.1,0.206,0,0
7365,1,321.01,1,13600.0,3769.79,0.277,0,1,0,321.01,0.277,1,0
2078,3,664.76,2,10100.0,1037.68,0.103,0,Yes,No,664.76,0.103,1,0
4211,3,229.37,2,13300.0,3222.4,0.242,0,Y,0,229.37,0.242,1,0
10717,1,286.84,4,22100.0,4676.41,0.212,1,1,1,286.84,0.212,1,1
6478,1,508.36,2,12300.0,5159.22,0.419,1,0,0,508.36,0.419,0,0
8823,2,522.97,3,3100.0,899.29,0.29,0,1,0,522.97,0.29,1,0
6217,1,445.57,4,20800.0,8513.76,0.409,0,No,Yes,445.57,0.409,0,1
10844,1,513.29,2,52800.0,9677.87,0.183,2,Y,0,513.29,0.183,1,0
5329,3,365.45,3,4800.0,499.42,0.104,0,1,0,365.45,0.104,1,0
4917,1,574.85,7,23800.0,9559.16,40.2%,0,No,No,574.85,0.402,0,0
5826,3,340.44,2,54500.0,15587.04,0.286,2,Y,0,340.44,0.286,1,0
5572,3,332.69,2,8800.0,3186.36,36.2%,1,1,N,332.69,0.36200000000000004,1,0
2463,3,517.34,7,36300.0,7718.21,0.213,1,Y,0,517.34,0.213,1,0
1106,1,1129.17,5,39300.0,20534.43,0.523,0,0,0,1129.17,0.523,0,0
10322,3,628.23,4,10300.0,1388.54,0.135,2,1,N,628.23,0.135,1,0
854,3,846.24,5,31500.0,3134.49,0.1,0,Yes,0,846.24,0.1,1,0
374,4,469.26,3,55700.0,6117.14,11.0%,1,Y,0,469.26,0.11,1,0
4632,1,325.28,2,16200.0,2922.54,0.18,1,0,Yes,325.28,0.18,0,1
9533,2,281.51,3,43800.0,29065.63,0.664,0,1,No,281.51,0.664,1,0
9570,3,153.36,1,23300.0,3517.98,0.151,2,Yes,N,153.36,0.151,1,0
5532,1,724.04,4,10000.0,2451.27,0.245,1,N,N,724.04,0.245,0,0
9189,2,429.39,3,42500.0,16661.4,0.392,0,Y,0,429.39,0.392,1,0
9556,4,355.02,1,30300.0,4938.74,0.163,2,1,0,355.02,0.163,1,0
7226,2,130.66,1,58300.0,19650.62,33.7%,3,Y,No,130.66,0.337,1,0
6067,3,266.2,0,7300.0,3142.99,0.431,0,Yes,No,266.2,0.431,1,0
5976,1,987.16,8,13200.0,3070.61,0.233,0,0,0,987.16,0.233,0,0
9569,4,332.47,3,2700.0,921.74,0.341,0,1,0,332.47,0.341,1,0
2292,3,207.95,0,8300.0,1435.16,0.173,0,Y,0,207.95,0.173,1,0
4582,3,486.62,2,10700.0,1163.8,0.109,1,Y,0,486.62,0.109,1,0
9723,3,727.49,4,28400.0,5189.03,0.183,0,1,0,727.49,0.183,1,0
4258,2,477.88,2,8900.0,1777.63,0.2,1,1,N,477.88,0.2,1,0
11788,3,459.15,4,40900.0,7170.19,0.175,1,1,No,459.15,0.175,1,0
8996,1,592.08,1,37400.0,4846.98,0.13,1,1,0,592.08,0.13,1,0
10098,3,251.16,0,7000.0,2644.44,0.378,1,Y,0,251.16,0.378,1,0
6602,3,285.28,1,39700.0,9225.13,0.232,1,1,0,285.28,0.232,1,0
4049,1,465.62,1,8400.0,1886.0,0.225,0,0,No,465.62,0.225,0,0
844,5,153.37,1,29500.0,6447.21,0.219,1,1,0,153.37,0.219,1,0
7754,2,205.45,0,15800.0,7580.34,0.48,1,Y,0,205.45,0.48,1,0
1440,5,265.84,0,39100.0,15279.89,0.391,2,Yes,0,265.84,0.391,1,0
9488,3,1113.96,10,43300.0,3682.53,0.085,2,1,0,1113.96,0.085,1,0
8172,1,155.56,1,36300.0,18175.36,50.1%,1,0,Y,155.56,0.501,0,1
6360,2,447.47,1,57400.0,6817.55,0.119,1,Y,N,447.47,0.119,1,0
4328,2,608.42,1,10900.0,2664.75,0.244,1,1,0,608.42,0.244,1,0
1812,4,400.36,2,37000.0,3261.82,0.088,2,Yes,0,400.36,0.088,1,0
5942,1,1018.8,4,30700.0,7451.58,0.243,2,N,0,1018.8,0.243,0,0
5422,1,608.52,2,13900.0,2025.15,0.146,0,Y,No,608.52,0.146,1,0
4900,1,301.2,2,8000.0,2567.48,0.321,0,0,N,301.2,0.321,0,0
3880,3,297.99,2,4600.0,1931.34,0.42,0,Yes,N,297.99,0.42,1,0
4890,2,295.91,2,6400.0,1325.88,0.207,1,1,N,295.91,0.207,1,0
2476,1,488.17,3,39200.0,2742.66,0.07,1,0,No,488.17,0.07,0,0
3635,1,170.83,3,42200.0,22291.69,52.8%,1,No,0,170.83,0.528,0,0
11541,2,238.65,2,41100.0,23743.5,0.578,0,1,N,238.65,0.578,1,0
2242,2,456.92,0,12100.0,2792.81,0.231,0,1,0,456.92,0.231,1,0
3673,2,566.19,4,42700.0,517.9,0.012,0,1,0,566.19,0.012,1,0
11957,1,267.3,0,42100.0,23936.22,0.569,2,0,0,267.3,0.569,0,0
771,1,116.26,2,58100.0,29129.52,0.501,1,0,No,116.26,0.501,0,0
751,3,622.15,4,17000.0,274.38,1.6%,1,Y,No,622.15,0.016,1,0
6461,3,650.86,3,56000.0,21951.3,0.392,0,1,0,650.86,0.392,1,0
2528,3,179.38,1,18500.0,3512.32,0.19,1,1,N,179.38,0.19,1,0
3219,1,510.58,2,41400.0,14582.63,0.352,3,N,Yes,510.58,0.352,0,1
11789,3,188.46,2,40800.0,19767.87,48.5%,1,Yes,0,188.46,0.485,1,0
12110,3,344.62,4,29200.0,5360.54,0.184,2,Y,N,344.62,0.184,1,0
10725,5,347.77,4,20700.0,5987.03,0.289,0,Yes,0,347.77,0.289,1,0
5646,4,280.83,4,6100.0,1347.7,0.221,1,1,N,280.83,0.221,1,0
2739,1,371.17,1,40100.0,12448.03,0.31,1,Y,No,371.17,0.31,1,0
6944,3,316.32,3,21600.0,2745.0,12.7%,0,0,0,316.32,0.127,0,0
11332,3,308.59,1,55500.0,8156.73,0.147,1,N,N,308.59,0.147,0,0
3877,2,473.66,5,9700.0,1895.78,0.195,1,Y,No,473.66,0.195,1,0
4364,1,459.17,4,42300.0,7106.09,16.8%,2,No,0,459.17,0.168,0,0
5190,1,2008.11,15,4400.0,1826.18,0.415,1,No,No,2008.11,0.415,0,0
6644,2,438.95,1,5100.0,422.73,0.083,2,Yes,N,438.95,0.083,1,0
1437,1,678.36,5,58200.0,17685.62,0.304,0,N,N,678.36,0.304,0,0
2650,1,157.47,0,10300.0,2816.95,0.273,1,No,N,157.47,0.273,0,0
4891,1,390.28,3,2200.0,636.56,0.289,1,0,0,390.28,0.289,0,0
9434,4,487.64,2,30300.0,7487.17,0.247,1,1,No,487.64,0.247,1,0
7728,3,380.82,1,25500.0,1255.54,4.9%,1,Y,0,380.82,0.049,1,0
6175,1,,1,39900.0,12941.32,32.4%,0,Y,0,272.54,0.324,1,0
6430,3,400.72,1,33300.0,20018.68,0.601,1,Y,No,400.72,0.601,1,0
2803,2,128.88,1,55100.0,6656.86,0.121,1,1,0,128.88,0.121,1,0
3814,2,473.46,4,22000.0,9675.9,0.44,2,1,No,473.46,0.44,1,0
7056,1,324.66,0,12800.0,1578.92,0.123,2,0,No,324.66,0.123,0,0
9838,2,850.69,6,23200.0,6064.68,0.261,1,1,No,850.69,0.261,1,0
5603,3,676.06,6,16700.0,1388.34,0.083,4,Yes,0,676.06,0.083,1,0
2430,2,1045.93,3,47200.0,22514.84,0.477,0,1,0,1045.93,0.477,1,0
3955,3,233.79,1,55400.0,34473.42,0.622,0,Y,No,233.79,0.622,1,0
6708,3,301.39,2,5200.0,680.91,0.131,2,1,0,301.39,0.131,1,0
2121,2,185.46,0,35300.0,8558.02,0.242,1,N,0,185.46,0.242,0,0
7478,3,710.74,5,29300.0,3287.3,0.112,2,1,0,710.74,0.112,1,0
3927,3,207.09,2,9700.0,341.4,0.035,2,1,No,207.09,0.035,1,0
4901,3,895.36,5,36500.0,7689.05,21.1%,2,1,No,895.36,0.21100000000000002,1,0
6552,2,1179.36,6,35800.0,5130.83,0.143,1,Y,No,1179.36,0.143,1,0
2853,4,311.82,2,59700.0,16190.1,27.1%,2,1,No,311.82,0.271,1,0
2235,2,193.93,3,23500.0,4220.91,0.18,3,1,N,193.93,0.18,1,0
8626,1,214.99,1,7400.0,1759.23,23.8%,0,1,0,214.99,0.23800000000000002,1,0
367,2,328.99,4,58300.0,32448.58,55.7%,0,1,No,328.99,0.557,1,0
9327,3,316.15,1,35600.0,10834.34,30.4%,0,0,0,316.15,0.304,0,0
8318,1,407.15,4,18400.0,1644.23,0.089,1,N,No,407.15,0.089,0,0
3183,2,333.64,4,47100.0,1145.62,0.024,0,0,No,333.64,0.024,0,0
3766,1,602.06,4,18600.0,11224.55,0.603,2,0,No,602.06,0.603,0,0
2641,3,1087.61,10,11900.0,7056.56,0.593,2,Y,No,1087.61,0.593,1,0
9871,1,134.28,2,32900.0,7257.09,0.221,0,N,1,134.28,0.221,0,1
11305,3,1617.86,18,36400.0,8635.47,0.237,1,1,No,1617.86,0.237,1,0
6291,1,177.29,0,44300.0,10107.26,0.228,0,0,Y,177.29,0.228,0,1
10010,3,549.68,4,59600.0,11366.05,0.191,1,1,0,549.68,0.191,1,0
1691,4,549.33,2,13300.0,5278.74,0.397,1,1,No,549.33,0.397,1,0
7048,1,367.49,4,42500.0,11587.96,0.273,0,1,0,367.49,0.273,1,0
7790,1,648.72,3,8200.0,1862.07,0.227,2,0,No,648.72,0.227,0,0
1083,3,594.28,1,2500.0,542.09,0.217,3,Yes,N,594.28,0.217,1,0
7189,2,204.75,1,40600.0,8589.32,0.212,3,0,No,204.75,0.212,0,0
6675,4,406.17,6,44000.0,21572.85,49.0%,1,1,N,406.17,0.49,1,0
3788,1,971.15,7,43900.0,7579.23,0.173,1,N,1,971.15,0.173,0,1
5039,1,396.51,2,13500.0,1982.13,14.7%,2,0,0,396.51,0.147,0,0
475,1,1025.59,5,11800.0,1522.36,0.129,0,0,N,1025.59,0.129,0,0
2510,1,542.25,2,52900.0,3814.47,0.072,0,N,1,542.25,0.072,0,1
2894,3,1277.7,12,10200.0,2654.3,0.26,0,Yes,0,1277.7,0.26,1,0
3092,2,418.81,4,16900.0,2224.39,0.132,2,1,N,418.81,0.132,1,0
10101,1,256.53,1,38700.0,3367.9,8.7%,1,N,No,256.53,0.087,0,0
8906,1,257.21,5,30600.0,6414.33,0.21,0,No,0,257.21,0.21,0,0
472,1,330.69,2,38100.0,14305.92,37.5%,1,No,1,330.69,0.375,0,1
7881,3,647.25,11,11800.0,1462.62,12.4%,1,Yes,0,647.25,0.124,1,0
11827,1,1651.69,16,4500.0,1089.64,0.242,2,1,No,1651.69,0.242,1,0
9376,1,706.93,3,30100.0,7945.1,0.264,1,N,N,706.93,0.264,0,0
2466,1,329.76,4,36200.0,5182.52,0.143,0,Yes,N,329.76,0.143,1,0
1616,1,349.99,2,50300.0,12898.17,0.256,1,No,0,349.99,0.256,0,0
11213,1,1045.62,5,24500.0,12463.03,0.509,3,0,Yes,1045.62,0.509,0,1
9513,1,474.78,4,57700.0,18927.52,0.328,1,0,N,474.78,0.328,0,0
11943,1,239.84,2,58000.0,14005.01,0.241,1,Yes,1,239.84,0.241,1,1
407,1,978.76,4,49200.0,22962.43,46.7%,0,0,1,978.76,0.467,0,1
12109,3,501.69,1,51100.0,6700.85,0.131,2,Y,0,501.69,0.131,1,0
1606,1,201.12,0,49500.0,5160.82,0.104,1,No,No,201.12,0.104,0,0
708,3,354.17,3,41700.0,13906.5,0.333,1,Yes,0,354.17,0.333,1,0
5742,3,1879.2,14,32500.0,15707.61,0.483,0,1,0,1879.2,0.483,1,0
5421,1,206.0,0,57800.0,1102.13,0.019,2,N,No,206.0,0.019,0,0
6422,1,717.73,3,52600.0,8797.34,0.167,0,0,N,717.73,0.167,0,0
11768,2,329.38,2,50300.0,13681.03,0.272,0,1,No,329.38,0.272,1,0
4684,3,207.66,1,13100.0,2344.21,0.179,1,Y,0,207.66,0.179,1,0
10792,2,489.23,2,33500.0,7555.43,0.226,0,1,No,489.23,0.226,1,0
9580,3,463.47,4,46600.0,17173.09,0.369,0,Yes,No,463.47,0.369,1,0
8003,2,363.01,2,2300.0,342.23,14.9%,2,Yes,No,363.01,0.149,1,0
8085,4,277.6,4,42900.0,10167.6,0.237,1,1,N,277.6,0.237,1,0
9289,2,437.02,2,43800.0,23617.85,53.9%,2,1,0,437.02,0.539,1,0
504,1,477.92,1,56500.0,16882.66,0.299,0,0,0,477.92,0.299,0,0
10683,1,1246.56,13,6600.0,2337.34,0.354,0,0,N,1246.56,0.354,0,0
9902,4,235.93,1,35100.0,1231.83,0.035,1,0,N,235.93,0.035,0,0
11569,1,274.14,2,12100.0,1590.76,0.131,2,No,Y,274.14,0.131,0,1
10064,2,1456.72,3,46300.0,18318.57,0.396,3,1,N,1456.72,0.396,1,0
6916,1,446.91,5,20900.0,1755.44,0.084,0,N,Yes,446.91,0.084,0,1
4847,3,493.39,4,50500.0,10561.94,0.209,1,Y,No,493.39,0.209,1,0
2397,1,233.08,1,12200.0,6101.6,0.5,1,0,0,233.08,0.5,0,0
1158,1,792.84,6,40000.0,14719.63,36.8%,2,1,1,792.84,0.368,1,1
11343,1,363.35,1,21100.0,5016.25,0.238,0,Yes,N,363.35,0.238,1,0
10678,3,791.28,9,41300.0,8915.77,0.216,0,Y,0,791.28,0.216,1,0
10970,5,162.36,2,11400.0,5355.04,47.0%,0,1,N,162.36,0.47,1,0
826,1,254.32,3,18400.0,4520.15,0.246,2,0,1,254.32,0.246,0,1
6932,1,985.05,7,54900.0,7763.77,0.141,0,No,0,985.05,0.141,0,0
9380,2,235.68,1,24500.0,7426.58,0.303,1,Y,N,235.68,0.303,1,0
1185,1,428.31,3,45000.0,21279.08,47.3%,2,N,Yes,428.31,0.473,0,1
10716,4,1373.63,8,43000.0,18438.44,0.429,0,Yes,No,1373.63,0.429,1,0
12053,2,459.76,6,37800.0,6025.86,0.159,0,0,No,459.76,0.159,0,0
4761,1,288.11,2,35800.0,6041.86,0.169,0,Y,0,288.11,0.169,1,0
5410,5,494.61,5,47900.0,21534.2,0.45,1,1,0,494.61,0.45,1,0
7654,1,746.18,5,5200.0,1597.91,0.307,3,N,1,746.18,0.307,0,1
10456,2,471.81,3,46300.0,15176.06,0.328,0,Yes,No,471.81,0.328,1,0
7225,2,1000.91,4,18700.0,8981.88,0.48,2,Yes,N,1000.91,0.48,1,0
3781,1,335.6,3,27900.0,3993.32,0.143,0,Yes,1,335.6,0.143,1,1
10030,2,284.28,1,38400.0,5688.77,14.8%,1,1,No,284.28,0.14800000000000002,1,0
10878,2,335.48,0,56200.0,16121.53,0.287,1,1,No,335.48,0.287,1,0
897,5,1011.32,7,47200.0,10833.99,23.0%,1,Yes,N,1011.32,0.23,1,0
9858,3,2210.29,16,58100.0,27389.14,0.471,1,0,N,2210.29,0.471,0,0
8362,3,861.71,1,17900.0,5505.4,0.308,0,N,No,861.71,0.308,0,0
8075,2,1178.32,8,50800.0,24315.3,0.479,0,1,0,1178.32,0.479,1,0
10868,2,836.8,8,8300.0,1412.98,0.17,1,Y,0,836.8,0.17,1,0
12149,2,755.52,7,19300.0,1850.0,0.096,2,1,No,755.52,0.096,1,0
11136,3,204.35,1,34800.0,4906.55,0.141,0,0,No,204.35,0.141,0,0
2672,1,549.14,2,18500.0,4988.13,0.27,0,0,Y,549.14,0.27,0,1
9874,3,331.11,3,7500.0,274.65,0.037,1,0,N,331.11,0.037,0,0
5615,1,381.56,5,41700.0,10316.17,0.247,0,1,1,381.56,0.247,1,1
9578,3,744.99,7,20400.0,9690.08,47.5%,0,1,N,744.99,0.475,1,0
9551,1,154.84,0,8700.0,531.69,0.061,0,Yes,Yes,154.84,0.061,1,1
11148,2,289.57,3,28100.0,2453.48,0.087,1,No,0,289.57,0.087,0,0
3593,1,209.15,2,51500.0,21037.51,40.8%,2,1,N,209.15,0.408,1,0
4013,3,659.49,6,24100.0,3687.85,0.153,0,1,0,659.49,0.153,1,0
4742,2,,0,12200.0,3687.37,0.302,2,Y,0,231.95,0.302,1,0
9002,2,402.28,3,29800.0,13647.53,0.458,0,Yes,N,402.28,0.458,1,0
2482,2,567.16,6,55300.0,13158.81,0.238,1,Yes,0,567.16,0.238,1,0
822,3,548.21,3,10400.0,1114.67,10.7%,2,1,0,548.21,0.107,1,0
8225,5,900.39,5,40900.0,12728.9,0.311,1,Y,0,900.39,0.311,1,0
7253,2,502.91,5,17700.0,6316.71,35.7%,1,N,0,502.91,0.35700000000000004,0,0
7604,1,1181.0,4,31800.0,3913.38,0.123,2,No,1,1181.0,0.123,0,1
10424,5,1167.34,8,13100.0,4237.17,32.3%,1,1,0,1167.34,0.32299999999999995,1,0
5463,2,798.88,10,59300.0,30694.36,51.8%,1,1,N,798.88,0.518,1,0
11605,1,169.87,0,27300.0,11761.6,0.431,1,0,Yes,169.87,0.431,0,1
11562,1,498.55,2,34800.0,8994.0,25.8%,0,Y,N,498.55,0.258,1,0
2425,5,718.18,3,8200.0,3618.76,0.441,3,0,No,718.18,0.441,0,0
10279,3,244.81,1,38800.0,10180.86,0.262,0,1,0,244.81,0.262,1,0
8361,2,1296.79,9,25700.0,10456.56,0.407,0,Yes,No,1296.79,0.407,1,0
10709,5,475.1,2,51400.0,12503.29,24.3%,1,1,0,475.1,0.243,1,0
5144,2,996.4,5,16500.0,5644.57,34.2%,0,1,No,996.4,0.342,1,0
11892,2,379.36,5,58800.0,19973.8,0.34,1,1,0,379.36,0.34,1,0
466,1,307.15,5,34700.0,8617.7,0.248,0,0,Yes,307.15,0.248,0,1
11146,1,1124.91,11,47300.0,7852.81,16.6%,1,1,0,1124.91,0.166,1,0
4023,3,858.91,1,40900.0,5574.04,0.136,4,0,N,858.91,0.136,0,0
7960,1,867.34,5,37200.0,7723.74,0.208,1,0,No,867.34,0.208,0,0
3791,2,1870.35,13,21100.0,11821.64,0.56,1,0,Yes,1870.35,0.56,0,1
4601,1,348.8,0,31200.0,3919.79,0.126,0,N,0,348.8,0.126,0,0
7554,2,476.49,6,56000.0,5883.08,0.105,0,Y,No,476.49,0.105,1,0
9736,2,256.22,0,38500.0,5771.2,0.15,0,0,0,256.22,0.15,0,0
8882,3,788.06,3,6400.0,1188.35,0.186,1,1,N,788.06,0.186,1,0
9758,2,890.81,6,21800.0,7920.1,0.363,1,Yes,0,890.81,0.363,1,0
10588,1,271.66,1,8100.0,1629.2,0.201,2,N,N,271.66,0.201,0,0
742,2,983.5,9,57400.0,4553.07,0.079,1,Yes,No,983.5,0.079,1,0
3442,3,161.83,1,33900.0,15161.26,0.447,1,Yes,0,161.83,0.447,1,0
11475,1,94.37,0,17500.0,4447.84,0.254,1,0,Y,94.37,0.254,0,1
3350,1,194.36,0,14700.0,6991.39,0.476,3,Yes,1,194.36,0.476,1,1
10056,1,231.0,0,57900.0,9799.64,0.169,0,No,1,231.0,0.169,0,1
8096,2,909.1,10,22600.0,8082.87,35.8%,2,N,0,909.1,0.358,0,0
10179,2,342.05,0,7300.0,1947.01,0.267,0,Y,0,342.05,0.267,1,0
4434,3,1188.46,12,53000.0,19405.16,0.366,1,Yes,N,1188.46,0.366,1,0
11598,2,398.84,2,40600.0,2302.18,0.057,1,Y,N,398.84,0.057,1,0
5518,5,642.83,5,49900.0,16815.61,33.7%,0,1,0,642.83,0.337,1,0
7308,2,155.2,0,26200.0,9219.64,0.352,0,Yes,No,155.2,0.352,1,0
1195,3,564.08,4,29200.0,7848.16,0.269,0,Y,No,564.08,0.269,1,0
28,5,300.71,3,45100.0,3017.29,6.7%,1,Y,0,300.71,0.067,1,0
8659,1,1199.82,5,48800.0,10067.8,0.206,0,0,Yes,1199.82,0.206,0,1
5438,3,638.82,8,53600.0,36482.92,68.1%,0,0,0,638.82,0.6809999999999999,0,0
1490,2,347.11,1,17600.0,1642.19,0.093,3,Yes,No,347.11,0.093,1,0
2939,2,563.44,5,23000.0,11290.43,0.491,0,1,0,563.44,0.491,1,0
1877,1,243.07,2,11900.0,4622.08,0.388,1,N,No,243.07,0.388,0,0
10950,2,631.33,4,5600.0,1544.25,0.276,4,Y,0,631.33,0.276,1,0
10822,2,225.52,1,30600.0,3572.14,11.7%,2,Yes,0,225.52,0.11699999999999999,1,0
10761,2,546.38,2,10900.0,2757.99,0.253,2,N,No,546.38,0.253,0,0
2138,2,468.12,4,49200.0,15214.66,30.9%,3,Yes,0,468.12,0.309,1,0
8808,2,690.54,3,38400.0,2373.99,6.2%,0,1,0,690.54,0.062,1,0
2338,2,371.06,5,31000.0,10272.74,33.1%,1,1,No,371.06,0.331,1,0
6039,1,485.84,4,5500.0,281.56,5.1%,0,No,0,485.84,0.051,0,0
11267,4,232.96,2,19900.0,1315.54,0.066,0,1,N,232.96,0.066,1,0
11738,2,656.16,3,46100.0,10025.58,0.217,2,0,0,656.16,0.217,0,0
10371,1,290.72,5,28000.0,13224.51,47.2%,0,0,N,290.72,0.47200000000000003,0,0
2333,1,214.56,3,37500.0,6973.98,0.186,1,No,0,214.56,0.186,0,0
6683,3,316.43,3,51700.0,8788.04,0.17,0,Yes,0,316.43,0.17,1,0
2640,1,214.77,2,48500.0,18298.53,0.377,1,No,1,214.77,0.377,0,1
3714,4,727.85,7,36900.0,12326.97,0.334,2,1,N,727.85,0.334,1,0
130,1,927.43,4,54600.0,16898.9,0.31,0,N,Y,927.43,0.31,0,1
10467,3,,1,33900.0,3600.61,0.106,1,Y,N,272.54,0.106,1,0
7120,3,450.85,2,38500.0,1922.61,0.05,1,Yes,0,450.85,0.05,1,0
3742,2,790.67,5,58700.0,24929.74,42.5%,0,1,0,790.67,0.425,1,0
1903,4,280.05,4,52300.0,7700.23,14.7%,2,Y,0,280.05,0.147,1,0
3922,1,175.02,1,2700.0,201.63,0.075,1,No,0,175.02,0.075,0,0
10436,1,404.85,5,11500.0,1578.54,0.137,2,N,1,404.85,0.137,0,1
136,1,364.15,0,41900.0,23795.51,0.568,2,N,Y,364.15,0.568,0,1
1784,1,492.24,2,39600.0,6047.51,0.153,1,0,Yes,492.24,0.153,0,1
9889,1,677.14,4,14300.0,5347.38,0.374,1,0,Y,677.14,0.374,0,1
505,1,884.27,3,12100.0,4220.98,34.9%,2,N,Y,884.27,0.349,0,1
3675,2,364.14,3,16700.0,6384.0,0.382,4,N,1,364.14,0.382,0,1
8268,2,302.53,1,39000.0,21353.57,0.548,1,0,No,302.53,0.548,0,0
10314,2,213.56,3,27800.0,7021.3,25.3%,1,1,0,213.56,0.253,1,0
3925,2,263.65,4,16400.0,2019.28,0.123,0,1,N,263.65,0.123,1,0
8219,2,453.07,4,25900.0,5481.09,0.212,0,Y,No,453.07,0.212,1,0
1240,2,349.46,1,42900.0,10865.51,0.253,2,Yes,0,349.46,0.253,1,0
11210,2,410.94,1,3900.0,688.14,0.176,0,Y,N,410.94,0.176,1,0
8458,1,583.43,4,59700.0,22280.4,0.373,1,Yes,N,583.43,0.373,1,0
11051,3,1178.6,13,6500.0,1611.46,24.8%,2,1,0,1178.6,0.248,1,0
6962,3,144.06,3,50300.0,3425.53,0.068,0,0,No,144.06,0.068,0,0
2448,2,799.57,3,47800.0,26046.94,0.545,2,0,No,799.57,0.545,0,0
341,1,291.2,2,22500.0,10303.79,45.8%,1,N,0,291.2,0.45799999999999996,0,0
6917,3,1214.79,7,9500.0,3084.4,32.5%,1,Yes,0,1214.79,0.325,1,0
3934,2,419.6,4,56300.0,11344.02,0.201,3,1,N,419.6,0.201,1,0
687,2,297.42,3,36800.0,6131.39,0.167,1,1,No,297.42,0.167,1,0
11644,1,462.76,4,55100.0,20278.54,36.8%,1,N,N,462.76,0.368,0,0
1010,4,402.19,2,50100.0,11077.42,0.221,1,Yes,N,402.19,0.221,1,0
11753,3,369.11,3,10400.0,2184.13,0.21,1,No,0,369.11,0.21,0,0
4469,4,283.98,2,10900.0,8414.81,0.772,1,0,0,283.98,0.772,0,0
11286,1,1070.53,7,36900.0,17398.38,0.472,3,Y,Y,1070.53,0.472,1,1
8726,4,347.0,1,42200.0,4302.26,0.102,0,1,N,347.0,0.102,1,0
4035,1,350.41,6,33800.0,2441.7,7.2%,1,0,0,350.41,0.07200000000000001,0,0
11014,1,186.29,1,17600.0,9564.7,0.543,1,No,Yes,186.29,0.543,0,1
1287,1,395.99,2,50200.0,21040.76,41.9%,0,1,Y,395.99,0.419,1,1
10207,1,391.23,3,12600.0,3758.36,0.298,2,1,0,391.23,0.298,1,0
7302,4,536.07,1,20800.0,4197.11,0.202,1,Y,N,536.07,0.202,1,0
4237,4,236.67,1,33200.0,18127.37,54.6%,0,0,0,236.67,0.546,0,0
1392,1,154.18,2,12700.0,4720.49,0.372,0,Yes,No,154.18,0.372,1,0
6068,1,423.93,6,10500.0,4201.54,0.4,1,Y,N,423.93,0.4,1,0
1973,1,,2,22100.0,7277.09,0.329,0,0,No,339.29,0.329,0,0
4131,1,744.42,2,22000.0,10952.25,0.498,1,0,Y,744.42,0.498,0,1
7619,2,915.52,6,21800.0,9610.71,0.441,1,Yes,No,915.52,0.441,1,0
1491,1,1029.3,5,22300.0,4915.77,0.22,0,0,N,1029.3,0.22,0,0
10707,1,212.2,2,38200.0,2166.08,0.057,0,1,0,212.2,0.057,1,0
11192,1,788.33,4,22200.0,15632.44,70.4%,0,0,No,788.33,0.7040000000000001,0,0
9989,1,103.35,0,53000.0,10782.8,2.81,0,No,No,103.35,0.203,0,0
10865,3,1367.56,9,12100.0,5313.72,0.439,1,1,0,1367.56,0.439,1,0
9206,4,788.24,7,2600.0,756.67,0.291,0,Y,N,788.24,0.291,1,0
4896,2,1106.22,11,38000.0,15898.84,0.418,1,Y,N,1106.22,0.418,1,0
11440,2,187.81,2,39100.0,4777.9,0.122,3,1,N,187.81,0.122,1,0
4991,3,276.84,3,32800.0,9293.95,0.283,1,Y,N,276.84,0.283,1,0
10457,2,194.93,3,20600.0,4859.11,0.236,1,1,0,194.93,0.236,1,0
8668,1,336.28,0,59600.0,39500.55,0.663,1,0,1,336.28,0.663,0,1
4998,2,294.0,2,46200.0,8703.26,0.188,1,Yes,0,294.0,0.188,1,0
6247,4,460.14,2,41700.0,22308.8,0.535,3,Yes,0,460.14,0.535,1,0
11592,3,309.93,1,52200.0,5059.88,0.097,0,0,N,309.93,0.097,0,0
6357,2,207.4,4,23700.0,5695.83,0.24,1,1,0,207.4,0.24,1,0
11261,3,1103.62,12,26300.0,12333.63,0.469,2,1,No,1103.62,0.469,1,0
3234,2,264.76,1,46200.0,10038.32,0.217,0,Yes,0,264.76,0.217,1,0
8849,1,362.3,0,8900.0,1336.28,0.15,0,0,1,362.3,0.15,0,1
10291,1,338.98,0,56800.0,8968.16,0.158,1,0,Yes,338.98,0.158,0,1
5400,5,233.99,1,52700.0,24559.93,0.466,1,0,No,233.99,0.466,0,0
2017,1,148.38,0,3600.0,292.21,0.081,1,N,No,148.38,0.081,0,0
739,3,248.55,1,44800.0,31322.94,69.9%,0,1,0,248.55,0.6990000000000001,1,0
11235,3,,0,4200.0,1148.71,0.274,1,1,No,231.95,0.274,1,0
2702,1,149.3,1,48700.0,8128.69,0.167,0,N,Y,149.3,0.167,0,1
5720,4,247.18,3,39400.0,8873.53,0.225,1,0,No,247.18,0.225,0,0
8705,2,434.76,4,30500.0,2889.21,0.095,0,No,0,434.76,0.095,0,0
1945,5,190.12,1,41100.0,13966.53,0.34,0,1,0,190.12,0.34,1,0
5082,2,630.05,6,48500.0,13076.53,0.27,0,1,No,630.05,0.27,1,0
6861,1,264.72,1,41600.0,22006.01,52.9%,0,N,1,264.72,0.529,0,1
11691,1,410.04,3,35200.0,5715.41,0.162,0,0,Y,410.04,0.162,0,1
2978,4,289.23,0,22000.0,5527.31,0.251,1,Y,N,289.23,0.251,1,0
2241,1,131.18,1,27100.0,11699.66,0.432,0,0,0,131.18,0.432,0,0
4630,1,350.02,2,6500.0,1493.43,0.23,0,0,0,350.02,0.23,0,0
10632,2,501.59,6,26000.0,1622.93,0.062,0,1,0,501.59,0.062,1,0
4403,1,622.12,5,46700.0,19810.31,0.424,2,N,0,622.12,0.424,0,0
8924,1,97.4,2,4800.0,357.04,0.074,1,1,0,97.4,0.074,1,0
7853,1,559.33,1,15400.0,532.75,0.035,0,N,0,559.33,0.035,0,0
4168,3,160.24,0,39100.0,19318.91,49.4%,2,1,0,160.24,0.494,1,0
1198,2,352.2,3,18400.0,6878.61,0.374,0,1,0,352.2,0.374,1,0
102,5,379.68,0,52600.0,21953.37,0.417,1,1,No,379.68,0.417,1,0
26,1,588.82,4,9400.0,2637.01,0.281,0,1,0,588.82,0.281,1,0
5075,2,181.4,3,48400.0,30794.68,0.636,3,Yes,0,181.4,0.636,1,0
1138,1,849.78,6,28300.0,8096.58,0.286,1,Yes,0,849.78,0.286,1,0
10981,1,545.59,2,29100.0,4634.25,15.9%,0,1,Yes,545.59,0.159,1,1
5105,2,616.68,3,25900.0,1194.29,0.046,3,1,No,616.68,0.046,1,0
7070,3,333.95,3,19700.0,2643.38,0.134,0,1,0,333.95,0.134,1,0
1536,5,506.36,2,13100.0,2593.44,0.198,1,Y,0,506.36,0.198,1,0
923,2,436.42,0,40100.0,13044.02,32.5%,1,1,N,436.42,0.325,1,0
8566,5,250.05,2,43200.0,15517.34,0.359,1,1,N,250.05,0.359,1,0
5592,3,1025.29,2,49900.0,4777.44,0.096,2,1,N,1025.29,0.096,1,0
232,4,175.83,1,38300.0,17789.37,0.464,1,Y,0,175.83,0.464,1,0
7127,2,370.04,5,12100.0,4673.28,0.386,2,Yes,N,370.04,0.386,1,0
2224,3,200.23,2,52400.0,12238.76,0.234,1,Yes,0,200.23,0.234,1,0
3768,2,250.64,3,42900.0,7412.63,0.173,1,N,0,250.64,0.173,0,0
8126,1,236.37,1,21100.0,2454.25,0.116,0,0,1,236.37,0.116,0,1
5714,1,322.28,0,5300.0,2190.79,0.413,0,0,0,322.28,0.413,0,0
11894,3,159.65,2,59300.0,38084.28,0.642,3,Yes,0,159.65,0.642,1,0
7331,3,592.58,9,5600.0,1252.51,0.224,1,1,0,592.58,0.224,1,0
9200,4,453.82,2,45000.0,11151.6,0.248,1,1,0,453.82,0.248,1,0
6828,1,615.67,3,50700.0,7474.3,0.147,2,1,No,615.67,0.147,1,0
7172,2,578.01,6,59400.0,10309.59,0.174,0,1,N,578.01,0.174,1,0
8255,3,381.03,2,49700.0,17526.86,0.353,1,Yes,No,381.03,0.353,1,0
12016,3,471.61,3,26000.0,5880.28,0.226,1,1,N,471.61,0.226,1,0
3604,3,716.98,9,21600.0,2082.9,0.096,1,Yes,0,716.98,0.096,1,0
9430,1,309.57,0,53300.0,5789.31,0.109,0,1,1,309.57,0.109,1,1
691,3,613.83,4,56200.0,8665.78,0.154,0,1,0,613.83,0.154,1,0
4818,3,1742.82,7,46300.0,9317.14,0.201,1,1,0,1742.82,0.201,1,0
1631,3,162.23,1,28300.0,8188.56,0.289,2,0,No,162.23,0.289,0,0
10152,3,292.25,2,2400.0,449.83,0.187,2,0,0,292.25,0.187,0,0
744,3,279.31,1,24200.0,5261.72,21.7%,2,1,N,279.31,0.217,1,0
11855,4,263.46,1,38100.0,12564.15,33.0%,0,N,Yes,263.46,0.33,0,1
4644,3,322.47,0,46800.0,16620.32,0.355,1,1,No,322.47,0.355,1,0
10814,1,162.72,1,37200.0,25948.89,0.698,4,0,1,162.72,0.698,0,1
213,3,996.48,3,6700.0,1166.91,0.174,1,No,N,996.48,0.174,0,0
6583,2,175.06,3,3700.0,654.35,0.177,0,1,No,175.06,0.177,1,0
8731,2,199.9,1,18400.0,2443.9,0.133,2,No,0,199.9,0.133,0,0
1919,1,,3,50200.0,21330.27,0.425,3,0,1,411.22,0.425,0,1
1021,4,691.54,2,18700.0,2305.31,0.123,0,1,No,691.54,0.123,1,0
12040,2,333.41,3,23700.0,8762.73,0.37,1,0,N,333.41,0.37,0,0
10849,4,391.89,4,58800.0,1703.16,0.029,1,1,0,391.89,0.029,1,0
10075,3,1063.58,7,50900.0,8278.51,0.163,1,Yes,No,1063.58,0.163,1,0
8023,2,240.87,2,5600.0,969.64,0.173,1,1,N,240.87,0.173,1,0
1783,3,216.57,0,19600.0,5880.77,0.3,0,1,N,216.57,0.3,1,0
5370,2,548.52,2,12200.0,3494.59,28.6%,2,Y,N,548.52,0.28600000000000003,1,0
10643,5,574.34,2,18900.0,3411.17,18.0%,1,Yes,0,574.34,0.18,1,0
2304,2,623.9,2,57400.0,25663.13,44.7%,1,1,No,623.9,0.447,1,0
6696,3,388.3,1,21000.0,8386.48,39.9%,1,Y,No,388.3,0.39899999999999997,1,0
8623,3,261.86,3,25600.0,9819.08,38.4%,0,1,No,261.86,0.384,1,0
3697,3,594.48,1,21300.0,4008.89,0.188,4,0,0,594.48,0.188,0,0
4255,1,359.45,2,40600.0,7573.69,0.187,2,Y,No,359.45,0.187,1,0
1735,2,330.37,2,41900.0,24441.14,0.583,1,N,0,330.37,0.583,0,0
11814,2,883.6,5,8200.0,2666.22,0.325,2,Y,0,883.6,0.325,1,0
11726,1,466.56,4,42000.0,22444.24,53.4%,0,No,Y,466.56,0.534,0,1
10934,1,323.78,5,18900.0,2382.6,0.126,2,1,0,323.78,0.126,1,0
4509,4,539.5,6,7200.0,1412.74,0.196,0,N,0,539.5,0.196,0,0
6837,2,456.96,3,25500.0,4970.7,0.195,1,Y,N,456.96,0.195,1,0
2547,4,269.9,0,44300.0,10472.63,23.6%,1,1,0,269.9,0.23600000000000002,1,0
5778,3,609.07,5,16700.0,6301.73,0.377,1,Yes,N,609.07,0.377,1,0
3416,2,533.31,3,54100.0,6594.59,0.122,1,Yes,No,533.31,0.122,1,0
10512,1,123.1,1,16400.0,-524.48,0.032,2,No,0,123.1,0.032,0,0
10197,4,209.55,1,10600.0,2598.7,0.245,1,1,0,209.55,0.245,1,0
11947,2,301.98,1,2200.0,759.54,34.5%,1,1,N,301.98,0.345,1,0
11352,4,218.71,1,44000.0,15801.32,0.359,1,1,0,218.71,0.359,1,0
10261,2,461.05,6,27600.0,2927.47,0.106,0,0,0,461.05,0.106,0,0
4518,3,811.65,6,4800.0,965.91,0.201,3,Y,0,811.65,0.201,1,0
443,1,746.6,4,45800.0,32766.24,71.5%,0,N,No,746.6,0.715,0,0
6193,1,242.7,1,46800.0,11884.88,0.254,1,Y,Yes,242.7,0.254,1,1
7568,3,410.72,3,44800.0,18212.36,0.407,1,No,0,410.72,0.407,0,0
6952,3,554.61,4,3500.0,1292.67,0.369,1,Y,No,554.61,0.369,1,0
10780,1,215.06,3,33400.0,8279.39,0.248,0,0,Y,215.06,0.248,0,1
1822,4,722.95,5,27200.0,15687.68,0.577,1,N,N,722.95,0.577,0,0
7796,2,764.23,5,51900.0,9448.0,0.182,2,1,N,764.23,0.182,1,0
9540,2,396.99,1,11600.0,1636.14,0.141,2,Y,N,396.99,0.141,1,0
3843,2,265.06,1,5500.0,2498.37,0.454,0,1,0,265.06,0.454,1,0
4112,1,,7,48300.0,31204.4,0.646,0,N,1,760.96,0.646,0,1
3735,3,426.53,4,34000.0,15958.35,0.469,1,N,N,426.53,0.469,0,0
1131,2,360.54,0,52100.0,25346.26,0.486,1,0,0,360.54,0.486,0,0
1078,1,745.03,8,34000.0,3409.72,0.1,1,0,N,745.03,0.1,0,0
1061,5,321.53,1,20700.0,9480.23,0.458,3,Yes,1,321.53,0.458,1,1
3919,2,413.58,1,51700.0,15034.96,29.1%,0,1,N,413.58,0.29100000000000004,1,0
12094,3,516.89,2,52000.0,11445.53,0.22,2,Y,N,516.89,0.22,1,0
1905,2,367.04,1,26700.0,14275.66,0.535,3,No,1,367.04,0.535,0,1
9782,5,532.81,5,50700.0,15513.36,30.6%,1,1,0,532.81,0.306,1,0
4351,1,473.41,7,14500.0,1548.41,0.107,0,No,0,473.41,0.107,0,0
6093,1,714.71,7,11000.0,4092.46,0.372,0,N,1,714.71,0.372,0,1
6124,1,800.92,3,19500.0,13369.87,68.6%,0,0,N,800.92,0.6859999999999999,0,0
9423,1,344.9,1,11300.0,2045.02,0.181,1,Y,No,344.9,0.181,1,0
5450,3,90.86,1,43900.0,7475.42,17.0%,2,Yes,0,90.86,0.17,1,0
2577,3,268.11,0,47200.0,13103.17,0.278,2,1,No,268.11,0.278,1,0
11345,1,636.83,3,8200.0,3010.15,0.367,2,N,1,636.83,0.367,0,1
538,2,910.35,9,35200.0,3309.5,9.4%,0,Y,0,910.35,0.094,1,0
7667,1,426.62,7,54100.0,30963.98,0.572,2,N,1,426.62,0.572,0,1
3728,1,938.66,4,32300.0,7042.98,0.218,1,N,N,938.66,0.218,0,0
1477,2,946.39,9,18000.0,9627.78,0.535,1,1,0,946.39,0.535,1,0
888,2,983.38,8,10500.0,4492.61,0.428,3,Y,0,983.38,0.428,1,0
729,2,334.94,4,54900.0,35547.67,0.647,1,0,No,334.94,0.647,0,0
1543,4,140.09,2,29800.0,8619.99,0.289,0,1,N,140.09,0.289,1,0
2961,1,207.19,2,28900.0,4698.54,0.163,0,No,0,207.19,0.163,0,0
6955,3,909.35,3,45400.0,27027.24,0.595,2,0,No,909.35,0.595,0,0
2911,2,124.14,1,18500.0,2815.13,0.152,1,Y,0,124.14,0.152,1,0
343,4,507.11,4,4500.0,309.59,0.069,0,No,0,507.11,0.069,0,0
3748,2,457.08,6,40400.0,10420.56,0.258,2,1,0,457.08,0.258,1,0
9347,2,1970.09,23,5000.0,1536.78,0.307,2,1,0,1970.09,0.307,1,0
6562,1,612.79,4,26800.0,13424.83,0.501,2,0,N,612.79,0.501,0,0
4686,3,433.78,3,51600.0,9900.83,0.192,1,Yes,0,433.78,0.192,1,0
2320,1,669.01,1,6600.0,4500.17,0.682,1,0,0,669.01,0.682,0,0
8487,3,371.71,1,37300.0,2071.62,0.056,0,1,0,371.71,0.056,1,0
9245,1,,2,42600.0,5721.24,0.134,2,0,N,339.29,0.134,0,0
7945,2,367.96,0,32100.0,611.55,0.019,0,No,No,367.96,0.019,0,0
9211,5,1051.54,4,12700.0,4705.43,0.371,0,Yes,N,1051.54,0.371,1,0
4685,2,1233.39,13,26900.0,999.19,0.037,3,1,No,1233.39,0.037,1,0
5239,3,797.31,6,11400.0,2388.06,0.209,0,N,N,797.31,0.209,0,0
5657,2,1182.07,5,42900.0,17896.97,0.417,1,Yes,No,1182.07,0.417,1,0
2758,2,199.49,2,3700.0,1206.45,32.6%,2,N,0,199.49,0.326,0,0
894,1,599.17,3,47800.0,16906.76,2.74,0,0,0,599.17,0.354,0,0
700,2,529.72,8,44900.0,2780.31,0.062,0,Yes,No,529.72,0.062,1,0
7243,5,459.91,4,4400.0,2157.42,0.49,0,1,0,459.91,0.49,1,0
11446,1,144.47,0,12000.0,5854.28,0.488,0,N,Yes,144.47,0.488,0,1
3908,2,304.22,1,11200.0,1397.05,0.125,3,1,1,304.22,0.125,1,1
277,1,1162.18,7,17300.0,10289.12,0.595,2,Yes,No,1162.18,0.595,1,0
7590,2,259.06,0,10900.0,374.17,0.034,1,1,0,259.06,0.034,1,0
6372,3,562.77,2,35500.0,31425.92,0.885,1,1,0,562.77,0.885,1,0
7906,1,291.01,3,10300.0,4209.12,0.409,1,Y,N,291.01,0.409,1,0
7060,1,217.57,3,46500.0,10155.77,21.8%,1,Y,N,217.57,0.218,1,0
6655,1,800.93,9,33300.0,13627.97,0.409,2,No,0,800.93,0.409,0,0
1175,2,360.7,1,50600.0,12900.06,25.5%,1,No,0,360.7,0.255,0,0
274,1,509.16,1,44500.0,21441.61,0.482,2,N,0,509.16,0.482,0,0
2762,1,815.05,4,52100.0,13044.99,25.0%,1,N,No,815.05,0.25,0,0
2134,2,573.39,5,31900.0,19251.62,0.603,2,0,0,573.39,0.603,0,0
323,3,154.78,2,4200.0,1099.34,26.2%,1,Y,No,154.78,0.262,1,0
2130,4,197.21,2,17700.0,4717.2,0.267,1,1,N,197.21,0.267,1,0
12171,1,374.33,3,27400.0,4790.08,0.175,2,0,Y,374.33,0.175,0,1
1027,1,244.91,3,30300.0,4659.08,0.154,1,N,0,244.91,0.154,0,0
11370,2,224.05,4,53200.0,9659.51,0.182,0,1,N,224.05,0.182,1,0
11656,1,71.85,2,2600.0,1366.92,0.526,1,No,0,71.85,0.526,0,0
2359,3,,6,7900.0,2053.33,26.0%,1,Yes,Y,668.98,0.26,1,1
4136,4,146.76,2,8800.0,2663.4,0.303,2,No,0,146.76,0.303,0,0
1405,1,,3,5000.0,2429.46,0.486,0,0,0,411.22,0.486,0,0
10043,2,250.39,0,10300.0,5184.17,0.503,0,Y,0,250.39,0.503,1,0
8099,5,416.22,2,4000.0,877.54,0.219,3,Yes,0,416.22,0.219,1,0
491,1,505.67,1,37900.0,26664.82,0.704,1,N,N,505.67,0.704,0,0
545,3,406.66,4,21600.0,13738.95,0.636,1,N,0,406.66,0.636,0,0
8545,3,489.55,7,4900.0,1128.81,0.23,0,Yes,No,489.55,0.23,1,0
2871,1,567.56,3,57600.0,3887.35,0.067,3,Yes,1,567.56,0.067,1,1
1885,1,162.88,0,17700.0,6940.41,0.392,0,0,Yes,162.88,0.392,0,1
4915,1,341.83,2,46300.0,15333.22,0.331,3,0,0,341.83,0.331,0,0
8461,1,450.98,4,34400.0,8080.45,0.235,1,N,Yes,450.98,0.235,0,1
4496,4,1426.4,15,17600.0,1287.87,0.073,1,Yes,0,1426.4,0.073,1,0
3316,2,675.35,6,39100.0,16472.38,42.1%,0,Y,No,675.35,0.42100000000000004,1,0
10869,1,206.61,0,3400.0,1666.11,0.49,2,Y,0,206.61,0.49,1,0
1447,2,627.54,2,16600.0,1845.31,0.111,2,Yes,0,627.54,0.111,1,0
9739,3,193.12,1,24700.0,8833.76,0.358,2,Y,0,193.12,0.358,1,0
10210,2,172.5,0,29800.0,4342.55,0.146,2,Y,0,172.5,0.146,1,0
10839,4,363.27,2,41400.0,4039.69,0.098,0,Yes,N,363.27,0.098,1,0
1323,1,409.79,1,41400.0,22211.9,0.537,1,No,1,409.79,0.537,0,1
2232,2,492.18,3,23100.0,7387.16,0.32,0,1,N,492.18,0.32,1,0
12162,1,422.34,5,43900.0,8304.56,18.9%,1,N,Y,422.34,0.18899999999999997,0,1
7306,2,151.04,4,58800.0,18819.05,0.32,0,No,No,151.04,0.32,0,0
11082,3,601.74,3,12300.0,2676.64,0.218,0,Yes,N,601.74,0.218,1,0
8390,3,179.79,1,9900.0,652.33,0.066,2,1,No,179.79,0.066,1,0
8708,1,362.68,3,21100.0,9886.15,46.9%,1,Y,No,362.68,0.469,1,0
10900,3,1041.63,7,23500.0,1960.46,8.3%,0,0,0,1041.63,0.083,0,0
10469,3,348.33,2,25100.0,3156.23,0.126,2,Y,No,348.33,0.126,1,0
11359,5,381.8,6,27400.0,7590.12,0.277,1,Y,0,381.8,0.277,1,0
11292,2,398.75,2,36400.0,4973.35,0.137,1,Y,No,398.75,0.137,1,0
1660,1,,6,53200.0,2153.98,0.04,0,Y,Yes,668.98,0.04,1,1
2113,2,431.17,3,27700.0,7773.54,0.281,2,Yes,N,431.17,0.281,1,0
11184,1,261.9,0,25700.0,11912.7,0.464,2,0,0,261.9,0.464,0,0
6278,3,203.96,3,23000.0,5043.88,0.219,0,Y,0,203.96,0.219,1,0
5749,1,598.63,4,19500.0,2535.1,13.0%,1,N,No,598.63,0.13,0,0
6905,2,518.06,2,30600.0,7713.55,0.252,0,Y,N,518.06,0.252,1,0
6110,2,540.21,6,8700.0,1770.81,0.204,1,1,0,540.21,0.204,1,0
5988,5,471.24,2,29000.0,14269.86,49.2%,1,Yes,No,471.24,0.49200000000000005,1,0
6108,3,252.27,1,5600.0,3171.53,56.6%,0,Yes,N,252.27,0.5660000000000001,1,0
6469,1,520.31,4,32000.0,15461.35,0.483,1,0,0,520.31,0.483,0,0
9472,3,384.86,2,23400.0,5406.77,2.45,1,1,0,384.86,0.231,1,0
6377,1,547.71,5,20600.0,1423.86,0.069,0,1,0,547.71,0.069,1,0
11544,3,250.22,2,46800.0,21494.52,0.459,1,Yes,0,250.22,0.459,1,0
6026,3,313.61,4,49700.0,-30166.42,0.607,1,0,No,313.61,0.607,0,0
3730,1,235.92,2,39900.0,8327.49,0.209,2,0,N,235.92,0.209,0,0
8292,2,154.7,0,7900.0,1338.41,0.169,1,Yes,0,154.7,0.169,1,0
738,1,458.63,1,47500.0,19993.76,42.1%,0,0,No,458.63,0.42100000000000004,0,0
11858,1,318.47,0,28200.0,2584.46,0.092,0,No,Yes,318.47,0.092,0,1
4775,2,708.55,3,19800.0,3408.21,0.172,0,Y,0,708.55,0.172,1,0
10093,3,1121.61,6,54500.0,7790.93,0.143,0,1,0,1121.61,0.143,1,0
535,2,631.62,5,52000.0,20838.05,0.401,0,1,0,631.62,0.401,1,0
12011,4,386.47,2,57300.0,14625.3,0.255,1,0,No,386.47,0.255,0,0
6015,1,302.1,4,25400.0,8864.31,0.349,2,1,0,302.1,0.349,1,0
1006,4,408.3,5,59200.0,23543.63,0.398,1,1,N,408.3,0.398,1,0
3134,2,350.35,2,19900.0,8510.89,0.428,1,1,0,350.35,0.428,1,0
831,2,325.24,4,16400.0,2100.87,12.8%,2,1,No,325.24,0.128,1,0
7402,1,125.69,0,18500.0,6617.46,0.358,2,N,N,125.69,0.358,0,0
10783,2,177.04,3,11700.0,1662.31,0.142,2,1,N,177.04,0.142,1,0
71,2,394.08,3,15200.0,2905.64,0.191,1,Yes,No,394.08,0.191,1,0
7702,4,1402.98,11,41800.0,10610.04,0.254,1,Yes,0,1402.98,0.254,1,0
2938,1,305.52,3,50600.0,13687.56,0.271,1,Yes,Yes,305.52,0.271,1,1
1267,2,342.71,2,5200.0,557.0,0.107,1,1,No,342.71,0.107,1,0
5155,2,327.74,3,36600.0,5827.07,0.159,0,Yes,No,327.74,0.159,1,0
9007,2,207.44,1,6200.0,1819.71,0.294,1,Yes,No,207.44,0.294,1,0
6676,3,480.4,3,19100.0,7005.92,36.7%,1,0,0,480.4,0.36700000000000005,0,0
4102,3,153.24,3,12000.0,4477.58,0.373,0,Y,0,153.24,0.373,1,0
1807,2,611.14,3,17600.0,1033.1,5.9%,0,Yes,N,611.14,0.059000000000000004,1,0
9859,1,479.06,3,40100.0,10182.65,0.254,1,1,0,479.06,0.254,1,0
9174,1,755.42,4,36400.0,7941.48,0.218,2,No,0,755.42,0.218,0,0
3780,5,529.46,4,50500.0,25524.99,0.505,1,0,N,529.46,0.505,0,0
349,1,107.02,0,29600.0,14520.93,0.491,2,No,N,107.02,0.491,0,0
6606,4,403.75,4,34700.0,4356.64,0.126,1,Y,0,403.75,0.126,1,0
11813,1,398.62,3,5400.0,2756.57,0.51,0,No,0,398.62,0.51,0,0
10060,2,537.82,1,27100.0,9058.22,0.334,1,Yes,N,537.82,0.334,1,0
1551,3,303.48,2,52700.0,26928.06,0.511,0,1,0,303.48,0.511,1,0
3357,2,96.97,0,50600.0,18014.79,0.356,0,1,0,96.97,0.356,1,0
4480,4,293.0,0,57600.0,36565.76,0.635,2,No,0,293.0,0.635,0,0
5597,1,974.61,4,3900.0,2724.83,0.699,2,No,No,974.61,0.699,0,0
9293,1,479.94,3,37600.0,19368.61,0.515,2,0,No,479.94,0.515,0,0
918,2,333.23,2,21400.0,8281.82,38.7%,1,No,Y,333.23,0.387,0,1
8690,3,632.56,2,33000.0,3351.91,0.102,2,Yes,0,632.56,0.102,1,0
4154,2,587.19,4,19400.0,1992.38,0.103,1,1,0,587.19,0.103,1,0
9548,1,259.49,1,8400.0,1117.79,0.133,0,Y,Yes,259.49,0.133,1,1
10942,3,281.66,3,8500.0,4340.98,0.511,0,0,N,281.66,0.511,0,0
8851,5,159.8,1,30100.0,3422.44,0.114,2,Y,N,159.8,0.114,1,0
12168,2,253.94,3,52700.0,21586.72,0.41,2,Yes,N,253.94,0.41,1,0
11557,2,397.06,7,26400.0,7279.84,0.276,3,1,No,397.06,0.276,1,0
7719,2,492.78,1,2300.0,469.04,20.4%,0,Yes,0,492.78,0.204,1,0
9292,3,746.45,6,56100.0,10784.35,19.2%,0,0,N,746.45,0.192,0,0
6638,2,349.42,4,59400.0,14215.01,0.239,1,Y,0,349.42,0.239,1,0
9,2,481.57,2,23200.0,8647.19,0.373,1,No,No,481.57,0.373,0,0
556,2,955.87,5,41200.0,1914.68,0.046,2,Yes,0,955.87,0.046,1,0
4304,2,308.89,4,49100.0,5161.7,0.105,0,Y,N,308.89,0.105,1,0
6819,5,1125.96,5,37900.0,11759.05,0.31,0,Yes,N,1125.96,0.31,1,0
6406,1,267.16,0,17100.0,3812.13,0.223,1,No,0,267.16,0.223,0,0
10375,2,204.78,2,23000.0,6914.19,0.301,1,0,N,204.78,0.301,0,0
3177,2,200.52,0,48500.0,13986.41,0.288,0,No,No,200.52,0.288,0,0
8542,3,406.92,3,7300.0,2145.41,0.294,0,Yes,N,406.92,0.294,1,0
7915,1,381.63,0,38700.0,1364.15,3.5%,1,0,1,381.63,0.035,0,1
4927,1,280.11,2,15300.0,3105.77,20.3%,1,No,No,280.11,0.203,0,0
9277,1,636.85,7,44800.0,7581.91,0.169,3,N,N,636.85,0.169,0,0
11447,4,213.24,2,7000.0,2631.12,0.376,1,Y,No,213.24,0.376,1,0
12045,2,178.46,1,24000.0,9039.56,0.377,2,Y,No,178.46,0.377,1,0
4956,1,271.78,4,20700.0,5218.22,25.2%,0,1,Yes,271.78,0.252,1,1
6470,2,1153.33,5,39900.0,25571.27,0.641,3,1,0,1153.33,0.641,1,0
8289,4,255.7,1,19700.0,3302.55,0.168,0,1,No,255.7,0.168,1,0
11670,4,362.98,3,34500.0,630.97,1.8%,2,0,0,362.98,0.018000000000000002,0,0
8466,2,303.15,1,32400.0,4466.92,0.138,2,1,No,303.15,0.138,1,0
1608,5,324.83,2,4300.0,1349.04,0.314,2,Y,0,324.83,0.314,1,0
620,2,637.55,9,9300.0,2918.42,0.314,2,No,N,637.55,0.314,0,0
8887,1,398.13,3,27200.0,3604.18,0.133,0,N,0,398.13,0.133,0,0
1709,2,539.33,5,24800.0,9834.99,0.397,1,Yes,No,539.33,0.397,1,0
1485,2,1070.93,6,40100.0,14933.04,0.372,3,1,0,1070.93,0.372,1,0
8481,3,476.69,4,56600.0,20320.55,0.359,0,1,N,476.69,0.359,1,0
11263,1,1501.29,7,47900.0,16478.69,0.344,1,No,0,1501.29,0.344,0,0
6759,1,256.88,2,45400.0,12292.83,0.271,0,0,0,256.88,0.271,0,0
12082,3,156.84,2,3200.0,856.51,0.268,1,1,N,156.84,0.268,1,0
5831,1,185.46,0,49400.0,7890.12,0.16,1,1,No,185.46,0.16,1,0
145,1,184.07,1,10400.0,4227.99,0.407,1,0,N,184.07,0.407,0,0
3805,2,379.54,6,55600.0,19053.97,0.343,0,1,No,379.54,0.343,1,0
9822,1,352.13,2,33200.0,7914.96,23.8%,1,Y,1,352.13,0.23800000000000002,1,1
1926,1,,2,9800.0,2312.03,0.236,2,Yes,0,339.29,0.236,1,0
9563,4,,2,53300.0,28565.89,0.536,2,No,0,339.29,0.536,0,0
7352,2,520.44,1,13400.0,192.92,0.014,0,1,No,520.44,0.014,1,0
7678,1,258.06,1,56900.0,12370.83,0.217,1,1,Yes,258.06,0.217,1,1
3002,5,233.27,2,16400.0,8399.22,0.512,3,Yes,N,233.27,0.512,1,0
3692,2,557.12,4,32400.0,9416.27,29.1%,0,Yes,0,557.12,0.29100000000000004,1,0
6462,2,1284.49,16,4700.0,1620.86,0.345,0,1,No,1284.49,0.345,1,0
2867,3,498.12,7,31300.0,7505.19,0.24,1,N,No,498.12,0.24,0,0
8337,2,840.3,8,58000.0,2659.86,0.046,2,Y,No,840.3,0.046,1,0
2771,1,443.56,2,53700.0,1701.98,0.032,1,0,0,443.56,0.032,0,0
11764,3,384.59,0,54000.0,24275.48,0.45,1,1,N,384.59,0.45,1,0
5119,1,69.13,0,20000.0,11054.31,0.553,0,No,Yes,69.13,0.553,0,1
8223,2,482.72,4,23400.0,9841.16,0.421,0,Yes,0,482.72,0.421,1,0
4046,1,153.88,1,7100.0,2751.21,0.387,2,1,1,153.88,0.387,1,1
4641,2,624.2,4,5700.0,1610.12,0.282,3,1,N,624.2,0.282,1,0
7343,3,274.17,1,22800.0,1129.57,0.05,0,1,N,274.17,0.05,1,0
10057,1,523.54,2,38400.0,15284.45,0.398,0,0,N,523.54,0.398,0,0
9314,1,698.72,6,18000.0,4400.09,24.4%,0,Y,No,698.72,0.244,1,0
10203,5,379.4,3,16100.0,3477.01,0.216,0,1,0,379.4,0.216,1,0
769,1,288.64,4,21500.0,1067.96,0.05,0,N,0,288.64,0.05,0,0
233,2,583.39,4,51400.0,32116.75,0.625,2,N,No,583.39,0.625,0,0
2331,2,364.55,2,2200.0,179.12,8.1%,3,Y,0,364.55,0.081,1,0
6158,1,517.98,1,40500.0,7386.64,0.182,1,No,No,517.98,0.182,0,0
9063,2,937.38,6,51200.0,24508.6,47.9%,0,N,N,937.38,0.479,0,0
6886,3,512.63,1,52200.0,36271.1,0.695,1,N,No,512.63,0.695,0,0
7670,2,930.18,9,41200.0,7709.0,0.187,3,Y,No,930.18,0.187,1,0
3810,1,254.99,0,55800.0,19865.38,0.356,1,0,0,254.99,0.356,0,0
1278,2,216.07,2,7600.0,1121.86,0.148,0,1,0,216.07,0.148,1,0
2792,2,288.88,2,42900.0,7354.37,17.1%,0,0,0,288.88,0.171,0,0
9873,2,74.53,1,31200.0,8723.58,0.28,1,Y,0,74.53,0.28,1,0
10611,2,409.37,4,3400.0,646.51,0.19,2,Yes,N,409.37,0.19,1,0
10927,2,312.31,1,38200.0,16541.9,0.433,0,Yes,0,312.31,0.433,1,0
804,1,280.61,3,17600.0,4469.13,0.254,1,1,N,280.61,0.254,1,0
4410,3,1564.25,10,23300.0,4695.37,0.202,2,1,0,1564.25,0.202,1,0
1310,1,129.67,2,8000.0,1566.55,0.196,1,N,Y,129.67,0.196,0,1
935,2,396.99,2,34800.0,1569.55,0.045,1,Yes,0,396.99,0.045,1,0
10634,2,,6,3900.0,218.2,0.056,1,Y,N,668.98,0.056,1,0
3377,2,393.03,2,34700.0,14592.13,0.421,1,Yes,0,393.03,0.421,1,0
3963,5,523.57,5,57700.0,9880.01,0.171,1,1,0,523.57,0.171,1,0
10209,1,549.37,4,27900.0,5635.02,0.202,0,0,N,549.37,0.202,0,0
4661,1,278.36,2,49700.0,11830.52,0.238,1,Yes,1,278.36,0.238,1,1
3119,2,406.81,1,9600.0,1343.79,0.14,3,1,Y,406.81,0.14,1,1
11322,3,353.44,2,40100.0,8482.3,0.212,3,1,No,353.44,0.212,1,0
6090,1,270.39,2,20200.0,756.98,0.037,2,0,Yes,270.39,0.037,0,1
8605,3,462.4,2,18200.0,6920.92,0.38,0,1,0,462.4,0.38,1,0
6062,1,347.58,1,31500.0,18552.71,0.589,2,0,Yes,347.58,0.589,0,1
9419,3,393.27,2,28400.0,9614.36,0.339,3,1,0,393.27,0.339,1,0
736,2,337.15,2,4600.0,1143.11,0.249,0,Y,N,337.15,0.249,1,0
9418,3,,0,11400.0,3923.11,34.4%,0,1,0,231.95,0.344,1,0
5488,2,947.17,3,55600.0,20528.84,0.369,1,1,N,947.17,0.369,1,0
11508,3,277.95,4,35900.0,10144.58,0.283,0,Yes,0,277.95,0.283,1,0
1886,2,681.82,8,49200.0,17318.12,0.352,2,Yes,No,681.82,0.352,1,0
6929,4,508.92,1,3800.0,462.57,0.122,0,Yes,No,508.92,0.122,1,0
8905,4,67.13,3,49700.0,433.5,0.009,1,No,N,67.13,0.009,0,0
11257,5,656.37,3,33900.0,5447.17,0.161,0,1,No,656.37,0.161,1,0
1105,2,767.51,9,20900.0,8054.42,0.385,2,1,0,767.51,0.385,1,0
4913,3,413.95,4,29300.0,9199.35,31.4%,0,1,N,413.95,0.314,1,0
1803,1,471.91,8,44500.0,16917.82,0.38,0,N,N,471.91,0.38,0,0
6400,2,413.96,2,24200.0,9659.87,0.399,1,Y,N,413.96,0.399,1,0
4815,2,271.71,3,25300.0,7832.62,0.31,1,1,0,271.71,0.31,1,0
3672,2,787.15,5,14700.0,3780.94,25.7%,1,Yes,No,787.15,0.257,1,0
7836,4,251.2,0,6500.0,2308.78,0.355,1,Y,0,251.2,0.355,1,0
8385,4,153.91,1,2400.0,904.09,0.377,1,0,N,153.91,0.377,0,0
7804,1,364.76,1,34500.0,13668.05,39.6%,0,0,No,364.76,0.396,0,0
7357,1,1545.87,11,36000.0,11127.93,0.309,1,0,1,1545.87,0.309,0,1
2455,2,465.93,4,17900.0,11283.31,0.63,1,Yes,N,465.93,0.63,1,0
10713,4,669.1,3,35000.0,12289.02,0.351,0,1,0,669.1,0.351,1,0
6502,2,631.48,4,56600.0,23913.67,0.423,1,Yes,0,631.48,0.423,1,0
4236,2,302.51,1,34000.0,15675.38,0.461,1,Y,0,302.51,0.461,1,0
4887,4,625.49,5,10800.0,1507.14,0.14,0,1,0,625.49,0.14,1,0
10078,2,318.69,3,12400.0,3578.88,0.289,5,Y,0,318.69,0.289,1,0
7346,1,245.27,1,40400.0,9537.97,0.236,1,Yes,0,245.27,0.236,1,0
7128,1,465.8,4,8300.0,1141.38,0.138,4,0,Yes,465.8,0.138,0,1
6299,3,161.37,1,9500.0,310.67,0.033,2,Y,No,161.37,0.033,1,0
7299,2,260.76,0,52400.0,22150.28,42.3%,2,Y,0,260.76,0.423,1,0
5554,1,186.9,1,29200.0,2010.43,0.069,1,0,Yes,186.9,0.069,0,1
9383,2,274.55,0,11800.0,462.3,3.9%,0,Yes,0,274.55,0.039,1,0
4561,1,249.95,2,56100.0,13059.07,23.3%,1,N,N,249.95,0.233,0,0
10703,2,205.99,1,40100.0,7481.57,0.187,1,1,No,205.99,0.187,1,0
6541,1,153.13,0,24500.0,8906.82,0.364,0,1,0,153.13,0.364,1,0
869,1,833.02,6,53100.0,24873.8,0.468,2,1,1,833.02,0.468,1,1
5072,4,451.58,2,3300.0,1679.27,0.509,1,Yes,0,451.58,0.509,1,0
1481,4,397.32,1,28300.0,6686.94,0.236,2,N,0,397.32,0.236,0,0
6159,2,266.42,1,58400.0,11516.07,19.7%,0,Y,0,266.42,0.19699999999999998,1,0
4703,5,738.36,4,26500.0,4664.15,0.176,1,1,N,738.36,0.176,1,0
2891,4,1143.22,10,57700.0,16314.0,0.283,0,Y,N,1143.22,0.283,1,0
11283,2,244.01,3,46700.0,7366.02,0.158,0,1,No,244.01,0.158,1,0
7742,1,489.55,3,39400.0,5254.0,0.133,0,N,0,489.55,0.133,0,0
10102,1,225.2,0,5900.0,271.36,0.046,1,0,0,225.2,0.046,0,0
11100,1,374.03,2,40200.0,13891.55,0.346,1,1,N,374.03,0.346,1,0
6945,1,260.95,1,47400.0,9455.55,0.199,1,1,0,260.95,0.199,1,0
1585,2,296.13,1,35600.0,6487.28,0.182,0,1,0,296.13,0.182,1,0
2831,2,316.59,1,48000.0,4629.02,0.096,2,1,No,316.59,0.096,1,0
979,3,,1,8000.0,5847.87,0.731,1,Yes,N,272.54,0.731,1,0
3912,4,986.66,4,11100.0,3410.61,0.307,3,Y,N,986.66,0.307,1,0
304,3,336.47,0,10700.0,1947.82,0.182,3,1,N,336.47,0.182,1,0
11806,4,765.43,2,57100.0,3087.35,5.4%,0,Yes,0,765.43,0.054000000000000006,1,0
1765,1,254.61,2,52400.0,31368.31,0.599,1,No,N,254.61,0.599,0,0
10583,2,699.1,5,3000.0,368.67,0.123,1,N,0,699.1,0.123,0,0
3576,3,332.68,2,56000.0,32688.77,0.584,1,N,No,332.68,0.584,0,0
9491,2,228.72,3,34700.0,12950.46,0.373,2,Yes,0,228.72,0.373,1,0
10419,2,375.11,5,47400.0,7824.36,0.165,0,Yes,0,375.11,0.165,1,0
5476,1,604.3,0,3200.0,478.17,0.149,0,No,Yes,604.3,0.149,0,1
8251,1,389.93,2,13900.0,2574.15,0.185,0,0,0,389.93,0.185,0,0
10977,2,712.01,3,33000.0,8744.89,0.265,0,Yes,0,712.01,0.265,1,0
8983,2,343.48,2,31400.0,2440.69,0.078,0,1,0,343.48,0.078,1,0
527,3,938.22,8,39400.0,4760.11,12.1%,2,1,No,938.22,0.121,1,0
7624,2,347.77,2,8700.0,3846.92,0.442,0,1,0,347.77,0.442,1,0
10904,1,485.87,2,50200.0,12211.73,0.243,1,0,0,485.87,0.243,0,0
3366,1,544.92,0,46400.0,4195.04,9.0%,2,Yes,N,544.92,0.09,1,0
5192,1,289.52,5,29000.0,8724.39,0.301,1,1,Y,289.52,0.301,1,1
12108,5,556.67,2,28500.0,11029.05,38.7%,1,1,0,556.67,0.387,1,0
8937,4,552.74,5,56100.0,6173.36,0.11,1,1,No,552.74,0.11,1,0
5519,5,735.7,6,13400.0,4397.39,0.328,1,0,N,735.7,0.328,0,0
9744,1,336.95,3,42400.0,5199.65,0.123,1,0,No,336.95,0.123,0,0
5469,3,494.15,4,10300.0,3944.06,0.383,1,Yes,N,494.15,0.383,1,0
5066,1,1090.23,3,2800.0,473.97,0.169,1,0,N,1090.23,0.169,0,0
5230,1,565.02,1,46700.0,24126.19,0.517,2,Yes,1,565.02,0.517,1,1
2553,2,606.08,7,15600.0,1070.78,0.069,1,1,N,606.08,0.069,1,0
2658,1,209.28,1,27300.0,3286.89,0.12,2,Y,0,209.28,0.12,1,0
141,2,316.21,1,16100.0,6759.11,0.42,1,Y,N,316.21,0.42,1,0
10028,1,504.65,1,40400.0,10779.03,0.267,0,0,Yes,504.65,0.267,0,1
6164,1,367.08,0,36900.0,13534.35,0.367,1,1,1,367.08,0.367,1,1
2827,2,297.06,2,36800.0,7487.33,20.3%,1,0,0,297.06,0.203,0,0
9282,2,940.36,6,34100.0,6525.43,0.191,1,1,0,940.36,0.191,1,0
1085,4,251.11,1,24000.0,5175.07,21.6%,0,1,0,251.11,0.21600000000000003,1,0
9763,2,222.01,3,8900.0,1760.45,19.8%,0,Y,0,222.01,0.198,1,0
10513,1,,3,50000.0,30258.49,0.605,2,0,N,411.22,0.605,0,0
3785,3,488.03,2,14100.0,2038.3,0.145,0,1,No,488.03,0.145,1,0
10831,1,533.64,4,52300.0,6062.21,0.116,0,0,1,533.64,0.116,0,1
9500,2,580.37,4,15800.0,5574.27,0.353,0,1,No,580.37,0.353,1,0
9814,2,264.61,2,3200.0,1200.25,0.375,0,Yes,N,264.61,0.375,1,0
8260,1,815.66,12,9600.0,626.05,0.065,1,No,0,815.66,0.065,0,0
9312,2,706.62,1,44600.0,22483.82,50.4%,1,Y,0,706.62,0.504,1,0
2060,2,509.38,4,47700.0,7714.22,0.162,0,1,No,509.38,0.162,1,0
9068,2,294.13,1,23100.0,7654.75,0.331,0,Yes,0,294.13,0.331,1,0
7182,1,612.73,6,44700.0,17153.81,0.384,0,No,1,612.73,0.384,0,1
8076,2,443.11,1,30900.0,7429.31,0.24,0,1,No,443.11,0.24,1,0
3010,1,260.08,1,40100.0,15309.91,0.382,1,No,N,260.08,0.382,0,0
9961,2,124.18,1,23400.0,635.32,2.7%,0,Y,N,124.18,0.027000000000000003,1,0
5574,4,447.19,2,44600.0,11980.45,0.269,0,1,0,447.19,0.269,1,0
11001,5,378.07,3,48100.0,9746.37,20.3%,0,0,0,378.07,0.203,0,0
9639,3,1043.7,8,29400.0,2529.74,0.086,2,Y,0,1043.7,0.086,1,0
370,5,543.87,3,48000.0,2292.79,0.048,1,1,N,543.87,0.048,1,0
4031,3,192.13,0,42400.0,11337.11,26.7%,2,N,No,192.13,0.267,0,0
196,3,1170.07,11,19200.0,8780.58,0.457,2,Yes,0,1170.07,0.457,1,0
2443,1,2313.0,13,5100.0,1078.14,0.211,1,N,0,2313.0,0.211,0,0
5689,2,268.37,1,54000.0,14889.45,0.276,2,1,No,268.37,0.276,1,0
9356,1,833.54,2,27500.0,4437.58,16.1%,0,0,No,833.54,0.161,0,0
11482,1,163.35,1,34900.0,17861.41,51.2%,1,No,0,163.35,0.512,0,0
2654,3,195.62,0,7200.0,2284.93,31.7%,1,Yes,No,195.62,0.317,1,0
916,3,600.03,4,53300.0,6248.42,0.117,2,1,0,600.03,0.117,1,0
6195,2,400.14,2,19000.0,6936.35,0.365,0,0,N,400.14,0.365,0,0
10348,2,185.96,3,14700.0,2983.83,0.203,0,N,N,185.96,0.203,0,0
4457,1,963.7,10,41700.0,19803.65,0.475,2,Yes,0,963.7,0.475,1,0
8672,1,274.36,2,40200.0,9439.78,0.235,1,N,0,274.36,0.235,0,0
1937,3,337.73,2,9900.0,3200.88,0.323,1,1,N,337.73,0.323,1,0
10821,2,774.18,2,12200.0,1644.63,13.5%,1,Yes,N,774.18,0.135,1,0
11530,2,561.63,3,5500.0,1414.07,0.257,0,0,No,561.63,0.257,0,0
12144,2,498.79,3,51800.0,22370.0,0.432,0,No,No,498.79,0.432,0,0
96,5,467.04,1,42600.0,20265.91,0.476,2,Yes,N,467.04,0.476,1,0
8394,1,661.96,4,46300.0,4624.97,0.1,2,Y,No,661.96,0.1,1,0
5001,1,275.35,1,58200.0,7261.3,0.125,0,Yes,1,275.35,0.125,1,1
5674,1,103.33,2,20500.0,4097.82,0.2,0,1,0,103.33,0.2,1,0
11585,1,478.44,5,2500.0,324.82,0.13,0,0,Y,478.44,0.13,0,1
1748,1,848.4,5,30900.0,4784.93,0.155,0,0,0,848.4,0.155,0,0
2632,1,208.16,1,6400.0,3636.98,0.568,0,0,0,208.16,0.568,0,0
4979,3,649.26,4,49700.0,25919.12,0.522,0,0,N,649.26,0.522,0,0
13,1,969.6,6,12700.0,2758.97,0.217,1,N,N,969.6,0.217,0,0
6236,4,816.16,5,53500.0,22788.78,42.6%,1,1,N,816.16,0.426,1,0
11004,4,497.7,1,13500.0,2689.76,19.9%,0,0,N,497.7,0.19899999999999998,0,0
7392,3,1072.65,8,48000.0,8719.67,0.182,1,Yes,N,1072.65,0.182,1,0
9857,2,585.24,3,35500.0,19266.46,0.543,0,1,0,585.24,0.543,1,0
8935,3,686.54,7,44200.0,3510.78,0.079,0,Yes,0,686.54,0.079,1,0
3796,1,306.55,1,4700.0,744.92,0.158,4,0,Y,306.55,0.158,0,1
5630,3,661.22,7,43500.0,14930.52,0.343,0,0,0,661.22,0.343,0,0
5074,1,218.81,0,43600.0,6645.98,0.152,2,0,0,218.81,0.152,0,0
1475,1,,2,31400.0,13387.34,42.6%,0,0,N,339.29,0.426,0,0
4375,2,182.2,1,32400.0,3427.53,0.106,0,Yes,No,182.2,0.106,1,0
6711,3,517.4,3,12500.0,2352.15,0.188,0,Yes,0,517.4,0.188,1,0
2506,2,258.53,2,21200.0,14021.89,0.661,1,1,N,258.53,0.661,1,0
7147,2,1671.31,10,5900.0,2231.49,37.8%,0,1,0,1671.31,0.37799999999999995,1,0
1849,1,339.34,3,28200.0,5067.04,0.18,2,0,Y,339.34,0.18,0,1
9654,1,361.69,3,56700.0,1547.44,0.027,3,Y,Y,361.69,0.027,1,1
796,3,405.21,3,18700.0,6985.55,0.374,0,Y,0,405.21,0.374,1,0
1882,4,847.18,3,38200.0,19703.7,0.516,0,No,1,847.18,0.516,0,1
1582,4,526.7,5,3000.0,1228.75,41.0%,1,0,0,526.7,0.41,0,0
11716,1,401.53,5,25200.0,13624.74,0.541,0,Y,No,401.53,0.541,1,0
7956,2,700.58,3,18900.0,4520.61,0.239,3,1,0,700.58,0.239,1,0
3185,4,799.4,4,11600.0,1053.49,9.1%,1,Yes,0,799.4,0.091,1,0
8702,3,489.83,2,5600.0,1112.74,0.199,0,No,No,489.83,0.199,0,0
1500,3,,1,20100.0,4356.79,21.7%,2,1,No,272.54,0.217,1,0
9334,2,1466.19,8,10900.0,1110.68,10.2%,2,Y,0,1466.19,0.102,1,0
9932,1,410.45,2,44400.0,10219.48,0.23,2,0,No,410.45,0.23,0,0
6689,2,403.54,3,39500.0,17042.46,0.431,2,1,0,403.54,0.431,1,0
10390,3,717.51,9,39600.0,18259.31,46.1%,1,Y,0,717.51,0.461,1,0
3998,1,309.29,2,51000.0,7466.15,14.6%,0,1,Y,309.29,0.146,1,1
11519,2,497.52,6,56900.0,10600.04,0.186,2,Yes,1,497.52,0.186,1,1
5258,2,191.21,2,25300.0,3787.01,15.0%,2,1,No,191.21,0.15,1,0
4134,1,688.08,7,25500.0,6017.09,0.236,0,0,1,688.08,0.236,0,1
8794,4,656.38,5,18700.0,3527.64,0.189,0,Yes,0,656.38,0.189,1,0
786,2,237.63,2,8000.0,4090.05,51.1%,1,Y,0,237.63,0.511,1,0
2092,1,496.9,4,55200.0,10795.14,0.196,2,Yes,1,496.9,0.196,1,1
4804,2,396.62,1,5400.0,2643.88,0.49,0,1,No,396.62,0.49,1,0
11386,3,706.99,4,46800.0,9441.57,0.202,1,1,0,706.99,0.202,1,0
2752,3,351.39,6,39700.0,6664.81,0.168,3,Y,No,351.39,0.168,1,0
7770,2,1498.74,7,33100.0,7974.99,0.241,0,Yes,0,1498.74,0.241,1,0
5026,2,291.61,3,58100.0,35653.48,0.614,1,0,No,291.61,0.614,0,0
10081,4,236.67,0,19300.0,9705.95,50.3%,0,Yes,N,236.67,0.503,1,0
6992,3,290.4,4,7600.0,1208.53,0.159,0,1,0,290.4,0.159,1,0
728,1,133.61,4,12600.0,2565.76,0.204,0,1,1,133.61,0.204,1,1
9879,1,1141.62,7,55400.0,13791.94,0.249,1,No,0,1141.62,0.249,0,0
11523,5,544.82,7,29500.0,2616.91,0.089,1,Yes,0,544.82,0.089,1,0
3385,2,395.39,2,48700.0,21181.62,0.435,0,Yes,0,395.39,0.435,1,0
5484,1,538.51,3,11800.0,1197.54,0.101,1,0,N,538.51,0.101,0,0
5645,2,246.09,3,51600.0,3736.91,7.2%,3,Yes,1,246.09,0.07200000000000001,1,1
9389,4,198.39,3,30900.0,6856.66,0.222,1,N,No,198.39,0.222,0,0
4763,1,751.29,5,16300.0,5978.98,0.367,0,Y,Yes,751.29,0.367,1,1
1626,3,607.52,6,18600.0,10040.3,0.54,1,1,N,607.52,0.54,1,0
7026,2,782.28,12,5200.0,3208.79,0.617,2,0,0,782.28,0.617,0,0
684,1,164.74,1,16700.0,6275.28,0.376,1,0,1,164.74,0.376,0,1
1665,1,1099.34,3,56000.0,7533.95,0.135,1,Yes,N,1099.34,0.135,1,0
9398,1,1348.04,7,8000.0,3368.57,0.421,3,N,Yes,1348.04,0.421,0,1
138,4,222.87,0,57400.0,6389.05,0.111,1,N,0,222.87,0.111,0,0
4558,2,535.47,2,48800.0,2501.98,5.1%,2,Y,0,535.47,0.051,1,0
4352,2,197.08,2,56000.0,22771.21,40.7%,0,1,No,197.08,0.40700000000000003,1,0
131,1,314.78,2,57700.0,18779.67,0.325,1,0,No,314.78,0.325,0,0
2597,5,176.54,1,2200.0,291.7,13.3%,0,1,N,176.54,0.133,1,0
8154,5,690.4,4,16500.0,6382.81,38.7%,0,1,0,690.4,0.387,1,0
7482,1,1049.14,7,21400.0,6131.75,0.287,0,N,0,1049.14,0.287,0,0
2077,1,540.46,2,28200.0,679.46,0.024,1,1,0,540.46,0.024,1,0
1246,1,346.74,2,27600.0,16943.94,0.614,3,No,0,346.74,0.614,0,0
6965,2,260.25,2,2800.0,1107.11,0.395,0,1,0,260.25,0.395,1,0
10743,2,455.38,2,17100.0,3243.87,0.19,0,Y,0,455.38,0.19,1,0
10765,3,214.97,1,29300.0,5054.05,0.172,2,Yes,0,214.97,0.172,1,0
8817,2,259.99,3,5500.0,2288.58,0.416,1,Y,0,259.99,0.416,1,0
8464,3,1139.9,8,20100.0,14313.85,0.712,1,1,N,1139.9,0.712,1,0
3745,2,420.68,1,56100.0,11357.71,0.202,1,Y,0,420.68,0.202,1,0
2514,1,178.21,1,4800.0,1398.13,29.1%,1,0,1,178.21,0.29100000000000004,0,1
7563,5,207.07,1,34300.0,3221.57,0.094,1,1,0,207.07,0.094,1,0
3239,2,633.81,7,51600.0,15463.1,0.3,1,Y,N,633.81,0.3,1,0
2899,4,343.08,3,4400.0,1066.55,24.2%,0,Yes,0,343.08,0.242,1,0
4527,1,349.63,3,8700.0,3378.39,0.388,2,0,No,349.63,0.388,0,0
2880,1,590.58,4,42300.0,17322.48,0.41,2,N,No,590.58,0.41,0,0
10962,2,467.19,1,29200.0,10477.82,0.359,0,Yes,0,467.19,0.359,1,0
9208,4,433.67,7,51800.0,26804.85,0.517,2,Y,0,433.67,0.517,1,0
8092,2,328.97,2,55700.0,15427.48,27.7%,1,1,No,328.97,0.27699999999999997,1,0
8252,1,466.94,3,54200.0,8262.78,0.152,2,No,1,466.94,0.152,0,1
10733,3,220.06,1,58600.0,5022.0,0.086,0,1,N,220.06,0.086,1,0
5364,2,547.01,2,33400.0,11420.14,0.342,1,1,0,547.01,0.342,1,0
8853,5,311.08,1,52600.0,28496.47,0.542,0,1,N,311.08,0.542,1,0
2608,2,445.38,4,47100.0,12916.28,0.274,1,1,0,445.38,0.274,1,0
5954,1,365.94,3,3200.0,1142.48,0.357,1,0,No,365.94,0.357,0,0
1488,2,854.48,6,11700.0,1582.58,0.135,1,1,N,854.48,0.135,1,0
4184,1,898.58,8,24400.0,2908.21,11.9%,0,0,0,898.58,0.11900000000000001,0,0
8222,2,618.78,2,41600.0,25106.8,0.604,0,N,N,618.78,0.604,0,0
4747,1,1043.53,8,54300.0,27708.93,0.51,1,No,0,1043.53,0.51,0,0
7160,1,198.99,0,30800.0,14795.63,48.0%,2,N,0,198.99,0.48,0,0
2931,1,184.78,1,7000.0,1806.93,25.8%,2,0,0,184.78,0.258,0,0
2221,3,424.22,3,10400.0,2306.53,0.222,1,Yes,No,424.22,0.222,1,0
10452,2,242.02,1,54700.0,19566.53,0.358,1,1,No,242.02,0.358,1,0
8763,3,278.76,1,45400.0,11387.85,25.1%,2,1,N,278.76,0.251,1,0
5181,2,346.86,2,31100.0,4024.64,0.129,1,1,No,346.86,0.129,1,0
11020,2,745.42,7,46400.0,13898.79,0.3,1,Y,0,745.42,0.3,1,0
1221,1,233.08,0,27600.0,1738.89,6.3%,2,No,Y,233.08,0.063,0,1
7565,1,232.59,3,11400.0,3911.34,0.343,1,Yes,1,232.59,0.343,1,1
5150,3,305.75,2,23400.0,7894.71,0.337,0,1,0,305.75,0.337,1,0
9082,2,283.3,4,29700.0,7690.05,0.259,0,Yes,0,283.3,0.259,1,0
8804,1,538.87,5,35500.0,8874.27,0.25,0,No,0,538.87,0.25,0,0
3250,3,671.56,5,27500.0,11093.0,0.403,1,N,No,671.56,0.403,0,0
4183,2,177.69,0,12600.0,1858.21,0.147,0,Y,0,177.69,0.147,1,0
1036,1,686.99,6,36900.0,4053.61,0.11,0,N,No,686.99,0.11,0,0
524,3,611.27,4,58100.0,8427.63,0.145,3,0,No,611.27,0.145,0,0
8000,2,335.05,3,56800.0,18790.91,0.331,0,Y,No,335.05,0.331,1,0
3247,2,1006.03,7,30300.0,7197.34,23.8%,1,Y,N,1006.03,0.23800000000000002,1,0
7468,5,459.97,3,22200.0,9060.94,40.8%,2,1,N,459.97,0.408,1,0
2801,3,441.34,3,56200.0,17167.37,30.5%,0,1,N,441.34,0.305,1,0
8941,5,592.81,2,58700.0,16003.3,27.3%,1,1,No,592.81,0.273,1,0
7842,1,643.98,5,4000.0,472.01,0.118,2,0,0,643.98,0.118,0,0
10097,2,618.72,6,21400.0,3264.04,0.153,0,1,0,618.72,0.153,1,0
7398,2,798.22,3,44200.0,7682.51,0.174,0,0,0,798.22,0.174,0,0
4383,2,679.84,5,10700.0,4584.33,0.428,0,Yes,0,679.84,0.428,1,0
11681,1,523.96,2,14000.0,7136.43,51.0%,0,No,0,523.96,0.51,0,0
1174,1,318.46,2,27000.0,954.25,0.035,0,N,N,318.46,0.035,0,0
6460,1,647.76,5,40100.0,14442.64,0.36,1,N,N,647.76,0.36,0,0
523,1,1096.9,6,35400.0,19659.78,0.555,2,No,Y,1096.9,0.555,0,1
9833,2,287.71,1,53500.0,13528.82,0.253,0,1,N,287.71,0.253,1,0
10903,1,234.07,2,45800.0,10898.01,0.238,1,N,Y,234.07,0.238,0,1
10640,2,224.77,3,54000.0,32821.69,0.608,0,Y,No,224.77,0.608,1,0
3334,2,498.2,0,9500.0,532.51,0.056,0,Yes,No,498.2,0.056,1,0
6003,1,509.22,3,12900.0,4887.71,0.379,2,1,No,509.22,0.379,1,0
10110,4,170.11,2,24500.0,8014.79,0.327,0,1,N,170.11,0.327,1,0
9695,3,338.09,1,25800.0,10757.1,0.417,1,Y,No,338.09,0.417,1,0
3659,2,346.14,2,35300.0,2299.67,6.5%,1,Y,0,346.14,0.065,1,0
8616,3,200.7,1,5100.0,128.59,0.025,1,1,N,200.7,0.025,1,0
9257,4,484.37,3,51700.0,27898.05,54.0%,2,0,0,484.37,0.54,0,0
5163,2,354.13,2,48400.0,12793.88,0.264,1,Yes,N,354.13,0.264,1,0
5171,1,225.71,0,38400.0,7412.68,19.3%,1,0,0,225.71,0.193,0,0
6338,3,398.6,1,36700.0,16426.38,0.448,1,No,0,398.6,0.448,0,0
5212,2,172.62,1,49500.0,22637.89,0.457,1,Yes,0,172.62,0.457,1,0
6208,3,104.49,0,3700.0,1117.58,30.2%,1,1,0,104.49,0.302,1,0
1438,3,455.21,3,39000.0,14576.36,0.374,1,Y,N,455.21,0.374,1,0
2712,1,762.45,7,7400.0,2084.41,0.282,1,No,1,762.45,0.282,0,1
9008,2,382.93,1,31600.0,8824.84,0.279,2,Yes,No,382.93,0.279,1,0
1754,4,473.86,5,32900.0,11505.42,0.35,1,1,N,473.86,0.35,1,0
10633,4,1097.48,7,38600.0,9083.6,0.235,0,0,0,1097.48,0.235,0,0
10084,1,245.7,2,32200.0,3522.11,0.109,0,No,0,245.7,0.109,0,0
5102,3,259.98,1,13800.0,2447.79,0.177,2,1,0,259.98,0.177,1,0
12174,4,318.63,2,15800.0,1934.66,0.122,1,N,No,318.63,0.122,0,0
2973,2,363.82,4,9300.0,4378.6,47.1%,1,Y,0,363.82,0.47100000000000003,1,0
11021,4,506.31,4,16400.0,3347.37,0.204,2,Y,N,506.31,0.204,1,0
1189,2,657.67,5,45700.0,13355.42,0.292,2,Y,N,657.67,0.292,1,0
11779,1,1475.75,14,20900.0,6011.56,0.288,0,N,Yes,1475.75,0.288,0,1
5445,5,283.64,0,59100.0,10583.23,0.179,4,0,0,283.64,0.179,0,0
11948,1,574.22,5,32000.0,1461.69,4.6%,2,0,N,574.22,0.046,0,0
3392,2,199.7,1,32400.0,11484.95,0.354,2,0,No,199.7,0.354,0,0
11123,1,2165.15,14,25800.0,7914.22,0.307,3,1,Yes,2165.15,0.307,1,1
6669,1,407.58,2,25900.0,3682.02,14.2%,1,No,0,407.58,0.142,0,0
6321,1,285.77,1,48900.0,5123.75,10.5%,2,N,Yes,285.77,0.105,0,1
3885,2,322.69,3,18300.0,4094.34,0.224,1,No,N,322.69,0.224,0,0
11939,2,199.09,1,44600.0,9320.99,0.209,2,Yes,0,199.09,0.209,1,0
3489,3,317.45,2,21600.0,11894.84,0.551,0,0,No,317.45,0.551,0,0
5223,3,2040.64,8,15600.0,4129.93,0.265,1,Yes,0,2040.64,0.265,1,0
7610,5,417.48,2,6600.0,1273.21,19.3%,3,1,0,417.48,0.193,1,0
10281,2,327.61,1,43900.0,12683.79,0.289,0,Y,N,327.61,0.289,1,0
710,3,457.94,4,53200.0,14926.91,0.281,1,1,0,457.94,0.281,1,0
15,2,203.61,1,14900.0,2994.58,0.201,0,Y,0,203.61,0.201,1,0
6071,1,779.12,5,9400.0,311.16,0.033,1,Yes,No,779.12,0.033,1,0
5841,4,311.38,2,48000.0,19121.4,0.398,2,Yes,0,311.38,0.398,1,0
10333,1,304.68,2,18100.0,2685.0,14.8%,1,0,1,304.68,0.14800000000000002,0,1
1408,1,529.2,4,30000.0,4501.16,0.15,1,No,No,529.2,0.15,0,0
2229,2,276.37,2,25200.0,7666.23,0.304,3,1,1,276.37,0.304,1,1
3245,2,321.24,1,10900.0,2306.33,0.212,0,1,0,321.24,0.212,1,0
722,1,1055.45,7,31000.0,12124.57,0.391,2,Y,Y,1055.45,0.391,1,1
3207,2,286.62,3,45200.0,6622.62,0.147,0,1,No,286.62,0.147,1,0
356,1,318.39,5,30800.0,7002.2,22.7%,0,1,Y,318.39,0.22699999999999998,1,1
4784,3,237.93,2,34900.0,4029.18,0.115,0,1,No,237.93,0.115,1,0
7845,1,289.56,2,48700.0,27748.59,0.57,2,N,N,289.56,0.57,0,0
1176,1,807.7,7,28200.0,21188.98,0.751,0,N,0,807.7,0.751,0,0
9804,3,310.4,3,52100.0,17070.27,0.328,2,0,0,310.4,0.328,0,0
10853,1,247.62,2,3100.0,381.1,0.123,0,0,No,247.62,0.123,0,0
9285,1,227.62,2,3300.0,1248.4,0.378,0,0,1,227.62,0.378,0,1
6179,3,381.07,1,59900.0,24697.77,0.412,0,1,N,381.07,0.412,1,0
10563,1,878.78,4,54900.0,14012.4,25.5%,2,No,N,878.78,0.255,0,0
8339,2,326.55,4,44500.0,17667.05,39.7%,2,1,0,326.55,0.397,1,0
4625,2,297.37,2,23800.0,7243.92,0.304,0,1,No,297.37,0.304,1,0
5386,2,627.97,5,10500.0,4890.7,0.466,0,1,0,627.97,0.466,1,0
1163,3,187.21,1,28000.0,12384.07,0.442,0,Yes,N,187.21,0.442,1,0
1334,1,413.87,1,59800.0,35940.41,0.601,2,0,Yes,413.87,0.601,0,1
339,1,291.87,1,40000.0,5823.06,0.146,1,0,N,291.87,0.146,0,0
6885,4,731.09,4,49200.0,7654.72,0.156,0,Y,No,731.09,0.156,1,0
847,2,350.81,3,33400.0,9060.98,27.1%,0,Yes,0,350.81,0.271,1,0
3079,2,686.69,4,11200.0,4776.61,0.426,1,Yes,N,686.69,0.426,1,0
11040,4,180.22,1,48000.0,4010.07,0.084,1,0,0,180.22,0.084,0,0
760,5,676.24,4,19900.0,6369.79,0.32,1,1,N,676.24,0.32,1,0
7039,1,966.1,3,35600.0,7933.92,22.3%,0,0,Yes,966.1,0.223,0,1
9877,3,597.77,7,47200.0,16893.9,0.358,2,Y,No,597.77,0.358,1,0
2341,4,814.57,9,13000.0,3507.24,27.0%,1,Yes,N,814.57,0.27,1,0
4937,1,582.58,6,6500.0,2509.42,38.6%,0,0,No,582.58,0.386,0,0
6780,1,197.77,1,43100.0,23858.04,0.554,1,N,1,197.77,0.554,0,1
11570,3,117.15,2,14200.0,3260.82,0.23,3,1,No,117.15,0.23,1,0
11762,1,273.63,3,14900.0,4021.49,27.0%,2,0,0,273.63,0.27,0,0
8949,1,158.23,1,3300.0,472.92,0.143,0,1,1,158.23,0.143,1,1
6670,2,322.94,3,45500.0,20862.27,0.459,0,Yes,N,322.94,0.459,1,0
80,2,523.11,8,23100.0,7218.34,31.2%,1,1,0,523.11,0.312,1,0
9453,2,297.08,3,50000.0,2973.52,0.059,0,0,No,297.08,0.059,0,0
4016,4,163.1,1,58100.0,1991.97,0.034,0,Yes,0,163.1,0.034,1,0
4086,1,438.35,0,15200.0,7622.72,0.501,2,0,0,438.35,0.501,0,0
12122,3,,2,52600.0,23387.19,0.445,1,1,N,339.29,0.445,1,0
2879,2,188.14,0,38500.0,5990.92,0.156,2,1,0,188.14,0.156,1,0
7330,2,575.07,5,53300.0,7235.98,0.136,1,1,No,575.07,0.136,1,0
11297,2,152.46,3,28000.0,16415.4,0.586,0,No,0,152.46,0.586,0,0
8038,2,238.83,2,29200.0,3450.07,0.118,0,Y,No,238.83,0.118,1,0
11055,4,760.36,5,40700.0,5953.19,0.146,2,1,0,760.36,0.146,1,0
6043,2,1904.55,5,6500.0,1295.35,19.9%,2,Yes,N,1904.55,0.19899999999999998,1,0
5787,4,231.46,0,59800.0,32103.88,0.537,1,1,0,231.46,0.537,1,0
4768,3,271.16,2,8400.0,2214.22,0.264,1,1,N,271.16,0.264,1,0
7692,3,814.2,3,25900.0,5547.51,0.214,0,1,No,814.2,0.214,1,0
10516,1,398.9,3,33500.0,8993.03,0.268,0,1,0,398.9,0.268,1,0
2099,1,136.05,1,24600.0,8264.6,0.336,1,1,1,136.05,0.336,1,1
5745,2,551.62,4,28800.0,10235.77,0.355,1,Yes,No,551.62,0.355,1,0
7912,1,434.54,2,25500.0,8564.37,0.336,0,0,N,434.54,0.336,0,0
10650,3,295.85,1,16000.0,4390.06,0.274,0,Yes,0,295.85,0.274,1,0
11199,1,574.33,5,15900.0,4077.3,0.256,0,1,N,574.33,0.256,1,0
12021,1,622.98,6,29900.0,3843.09,12.9%,2,N,0,622.98,0.129,0,0
6933,1,687.95,3,36800.0,17178.62,0.467,0,N,Y,687.95,0.467,0,1
3633,2,353.9,2,51900.0,13536.27,26.1%,1,Yes,N,353.9,0.261,1,0
9787,5,136.7,0,4800.0,1167.94,0.243,1,1,0,136.7,0.243,1,0
11675,4,386.95,3,4600.0,1105.1,0.24,0,Y,0,386.95,0.24,1,0
7155,2,186.49,2,14700.0,5449.79,0.371,2,1,N,186.49,0.371,1,0
7675,1,373.66,1,9600.0,432.15,0.045,0,0,0,373.66,0.045,0,0
6389,1,647.07,8,25800.0,9056.58,0.351,2,0,Yes,647.07,0.351,0,1
5482,3,815.25,6,45900.0,3078.8,0.067,1,N,0,815.25,0.067,0,0
6298,1,556.12,3,36800.0,9204.47,0.25,1,1,0,556.12,0.25,1,0
30,2,1059.89,8,10500.0,4148.2,0.395,1,1,N,1059.89,0.395,1,0
6083,3,187.56,2,17000.0,1439.93,0.085,1,No,0,187.56,0.085,0,0
2546,3,447.81,1,18700.0,6801.58,0.364,2,Yes,No,447.81,0.364,1,0
10779,2,453.22,9,36000.0,10643.32,0.296,2,0,0,453.22,0.296,0,0
4254,5,807.48,2,4500.0,494.49,0.11,0,1,No,807.48,0.11,1,0
10104,2,314.16,1,26200.0,8401.42,0.321,1,Yes,0,314.16,0.321,1,0
3378,3,309.48,1,23900.0,16794.21,0.703,0,Yes,0,309.48,0.703,1,0
1096,1,302.68,1,6100.0,1842.34,0.302,1,0,0,302.68,0.302,0,0
3281,1,529.4,4,39200.0,15346.66,0.391,2,No,0,529.4,0.391,0,0
10039,1,241.88,2,43200.0,13622.19,0.315,0,0,0,241.88,0.315,0,0
6666,3,1081.14,4,55200.0,6977.12,12.6%,1,0,No,1081.14,0.126,0,0
7459,2,416.18,5,28900.0,7804.29,0.27,0,Yes,0,416.18,0.27,1,0
2493,1,1190.28,8,7300.0,1543.86,0.211,0,1,0,1190.28,0.211,1,0
336,5,455.6,5,41600.0,15220.41,36.6%,1,Y,0,455.6,0.366,1,0
3820,3,341.93,1,19400.0,7451.36,0.384,1,1,0,341.93,0.384,1,0
5465,2,850.26,8,41800.0,8847.75,0.212,0,No,No,850.26,0.212,0,0
5441,1,713.87,0,45200.0,2223.11,4.9%,0,N,0,713.87,0.049,0,0
11452,2,918.06,10,30500.0,6759.83,0.222,0,0,0,918.06,0.222,0,0
11816,1,290.71,3,24400.0,6294.63,0.258,0,No,0,290.71,0.258,0,0
1515,1,200.84,3,42300.0,23378.74,0.553,2,No,N,200.84,0.553,0,0
7587,3,219.8,0,60000.0,13481.36,0.225,1,Yes,N,219.8,0.225,1,0
11365,4,283.82,3,14600.0,3133.64,0.215,1,1,0,283.82,0.215,1,0
10088,5,564.74,8,41200.0,6987.97,17.0%,0,N,0,564.74,0.17,0,0
11983,1,386.66,3,46100.0,17274.43,0.375,1,N,N,386.66,0.375,0,0
1097,1,233.21,0,52200.0,13408.33,0.257,1,Y,N,233.21,0.257,1,0
11017,1,173.57,2,56500.0,7846.81,0.139,0,No,0,173.57,0.139,0,0
4224,1,534.24,4,42000.0,10645.77,0.253,1,No,No,534.24,0.253,0,0
11636,2,785.72,7,55200.0,15691.41,0.284,0,Y,N,785.72,0.284,1,0
6537,2,392.83,4,19600.0,4329.63,0.221,0,1,0,392.83,0.221,1,0
8824,1,145.4,3,54000.0,6939.26,12.9%,1,N,N,145.4,0.129,0,0
8802,3,235.39,3,42200.0,25815.44,61.2%,2,No,0,235.39,0.612,0,0
4273,5,257.72,1,26000.0,10486.02,0.403,1,Yes,0,257.72,0.403,1,0
3015,4,314.67,3,3000.0,1612.52,0.538,1,0,N,314.67,0.538,0,0
11771,3,421.15,2,3700.0,1060.55,0.287,0,1,0,421.15,0.287,1,0
3242,2,327.03,2,27900.0,11430.76,0.41,3,Y,No,327.03,0.41,1,0
10017,1,673.77,4,29500.0,6962.7,0.236,0,No,Y,673.77,0.236,0,1
6284,1,,2,5200.0,554.41,0.107,0,No,0,339.29,0.107,0,0
8538,5,990.41,10,42900.0,25138.82,0.586,1,0,0,990.41,0.586,0,0
9670,1,160.07,0,57300.0,27856.01,0.486,1,No,0,160.07,0.486,0,0
8880,1,562.66,2,52900.0,32875.03,62.1%,1,No,No,562.66,0.621,0,0
4508,3,884.85,12,37400.0,12260.42,0.328,1,0,N,884.85,0.328,0,0
9938,1,877.07,10,5100.0,1327.27,0.26,1,0,1,877.07,0.26,0,1
9684,4,400.73,0,46400.0,18795.47,0.405,2,1,No,400.73,0.405,1,0
10386,4,430.66,5,30000.0,7789.27,26.0%,1,1,No,430.66,0.26,1,0
6331,1,424.74,3,22800.0,5503.19,0.241,0,1,1,424.74,0.241,1,1
2103,2,261.08,1,53600.0,25721.2,0.48,1,1,0,261.08,0.48,1,0
6551,1,332.33,0,46800.0,3817.92,8.2%,1,1,0,332.33,0.08199999999999999,1,0
582,1,1279.78,4,27200.0,8609.09,0.317,1,No,No,1279.78,0.317,0,0
5424,2,127.05,1,33700.0,11334.59,0.336,2,1,0,127.05,0.336,1,0
7408,1,383.55,2,26400.0,6565.94,24.9%,0,0,1,383.55,0.249,0,1
6900,5,310.53,3,17700.0,7080.08,40.0%,0,1,0,310.53,0.4,1,0
5267,3,463.25,1,8500.0,3860.95,0.454,0,Yes,No,463.25,0.454,1,0
2721,2,656.72,3,43600.0,5939.49,0.136,1,Yes,N,656.72,0.136,1,0
6253,2,215.4,1,20000.0,10428.5,0.521,3,0,No,215.4,0.521,0,0
1275,2,828.98,7,47900.0,21162.72,0.442,0,Y,0,828.98,0.442,1,0
8660,2,467.04,2,53100.0,19010.92,0.358,0,1,0,467.04,0.358,1,0
9937,1,743.29,4,51500.0,9907.29,0.192,3,No,1,743.29,0.192,0,1
1479,1,275.05,4,45600.0,7530.64,0.165,1,No,No,275.05,0.165,0,0
560,5,404.82,3,9600.0,4336.48,0.452,1,No,No,404.82,0.452,0,0
9903,3,475.28,5,20300.0,6016.43,0.296,1,0,N,475.28,0.296,0,0
7713,1,515.74,1,54200.0,16320.64,0.301,0,1,N,515.74,0.301,1,0
5771,2,794.01,10,38500.0,10826.22,0.281,1,Yes,N,794.01,0.281,1,0
4733,2,361.88,1,26600.0,711.12,0.027,0,0,No,361.88,0.027,0,0
3608,2,741.97,3,16900.0,8686.01,51.4%,0,0,N,741.97,0.514,0,0
5989,5,508.85,4,52200.0,26768.5,0.513,0,1,0,508.85,0.513,1,0
8389,5,403.78,3,40800.0,4817.6,0.118,2,1,N,403.78,0.118,1,0
7437,2,191.89,2,28500.0,8169.39,0.287,2,1,0,191.89,0.287,1,0
7582,2,565.54,5,7100.0,3656.98,51.5%,0,0,0,565.54,0.515,0,0
8183,4,293.37,1,25500.0,9818.24,0.385,0,N,0,293.37,0.385,0,0
9686,5,270.36,2,14400.0,6608.54,0.459,2,Yes,No,270.36,0.459,1,0
200,1,1260.25,15,58600.0,18629.68,0.318,1,0,0,1260.25,0.318,0,0
544,3,387.72,2,45000.0,24537.65,54.5%,1,N,0,387.72,0.545,0,0
8831,2,133.62,1,23300.0,4366.6,0.187,0,Y,0,133.62,0.187,1,0
12155,2,414.03,2,53100.0,17156.8,0.323,2,Y,0,414.03,0.323,1,0
3330,2,191.94,3,46500.0,7434.19,16.0%,1,Yes,0,191.94,0.16,1,0
8446,2,867.79,4,20000.0,9450.1,0.473,1,Yes,0,867.79,0.473,1,0
8425,1,646.69,5,23000.0,5577.7,0.243,2,0,N,646.69,0.243,0,0
2407,2,172.94,0,58500.0,4701.1,0.08,0,1,N,172.94,0.08,1,0
6731,2,421.76,1,27000.0,4256.7,0.158,1,Y,0,421.76,0.158,1,0
11222,5,487.5,5,58000.0,22731.11,0.392,0,Y,0,487.5,0.392,1,0
1336,3,190.13,5,7900.0,2014.36,0.255,0,1,No,190.13,0.255,1,0
7159,1,289.77,1,43100.0,8726.02,0.202,1,0,N,289.77,0.202,0,0
8803,3,712.59,5,2100.0,453.18,0.216,0,N,0,712.59,0.216,0,0
5473,2,302.67,2,20500.0,8832.85,0.431,0,1,No,302.67,0.431,1,0
8133,3,405.2,2,22100.0,12984.4,0.588,0,1,No,405.2,0.588,1,0
10068,4,301.16,3,9800.0,5586.99,0.57,1,1,N,301.16,0.57,1,0
9759,1,388.84,4,37400.0,14493.44,0.388,2,0,N,388.84,0.388,0,0
3825,5,341.4,3,16300.0,1272.66,0.078,0,1,N,341.4,0.078,1,0
3120,3,498.48,1,35700.0,10271.61,0.288,3,Y,0,498.48,0.288,1,0
641,2,318.42,6,17400.0,7320.88,0.421,2,1,No,318.42,0.421,1,0
4079,3,131.42,2,54600.0,12401.7,0.227,0,1,No,131.42,0.227,1,0
3310,2,394.59,2,35400.0,8784.87,0.248,0,Y,No,394.59,0.248,1,0
5985,2,382.95,6,58500.0,16055.5,0.274,1,1,0,382.95,0.274,1,0
4148,3,441.92,4,34900.0,3754.4,0.108,1,1,0,441.92,0.108,1,0
7355,5,144.06,2,6700.0,2969.81,0.443,0,N,N,144.06,0.443,0,0
4170,4,347.65,4,59000.0,14763.87,0.25,1,Y,0,347.65,0.25,1,0
7272,1,434.45,5,45500.0,11633.44,0.256,2,No,0,434.45,0.256,0,0
11863,1,156.34,0,31400.0,12964.6,0.413,1,Yes,No,156.34,0.413,1,0
10356,3,248.94,3,19400.0,3350.4,0.173,1,1,0,248.94,0.173,1,0
8832,2,319.99,5,28100.0,1007.03,0.036,1,Yes,0,319.99,0.036,1,0
3211,1,309.93,4,10300.0,1184.48,0.115,0,No,1,309.93,0.115,0,1
4967,3,248.39,2,31000.0,11156.0,0.36,1,Yes,No,248.39,0.36,1,0
11464,2,382.66,4,57400.0,14522.45,25.3%,1,1,0,382.66,0.253,1,0
1708,1,505.25,6,57300.0,15335.69,0.268,2,0,1,505.25,0.268,0,1
10288,3,850.54,6,42300.0,4829.26,0.114,2,1,N,850.54,0.114,1,0
3723,4,196.49,0,28100.0,1491.36,0.053,2,Y,0,196.49,0.053,1,0
5006,2,320.94,1,7200.0,1956.12,0.272,1,Yes,N,320.94,0.272,1,0
1946,1,808.37,7,34400.0,11331.5,0.329,0,N,No,808.37,0.329,0,0
10925,2,317.8,4,4600.0,1838.54,0.4,1,1,N,317.8,0.4,1,0
699,1,564.85,3,35400.0,16033.19,0.453,1,0,0,564.85,0.453,0,0
1676,3,974.1,7,57300.0,14044.16,0.245,0,Y,N,974.1,0.245,1,0
9163,2,345.01,4,27700.0,10754.56,0.388,0,Y,0,345.01,0.388,1,0
850,3,388.06,3,2900.0,1296.14,0.447,2,No,0,388.06,0.447,0,0
806,2,231.43,6,31400.0,1349.18,4.3%,1,Yes,0,231.43,0.043,1,0
626,1,334.65,3,23400.0,10305.49,0.44,0,N,Y,334.65,0.44,0,1
11018,2,162.83,2,11000.0,1760.07,16.0%,2,1,0,162.83,0.16,1,0
10055,3,223.98,0,18700.0,4392.51,23.5%,0,1,0,223.98,0.235,1,0
3650,4,305.14,3,57200.0,22061.19,0.386,1,1,No,305.14,0.386,1,0
12092,3,273.45,0,10900.0,1876.52,0.172,1,Yes,N,273.45,0.172,1,0
1458,3,331.09,3,7500.0,3220.07,0.429,1,1,0,331.09,0.429,1,0
4588,2,473.72,3,8200.0,4004.03,0.488,1,1,0,473.72,0.488,1,0
9537,1,297.25,3,25900.0,10245.39,0.396,2,No,0,297.25,0.396,0,0
2042,5,527.74,6,57300.0,13619.93,0.238,0,Yes,0,527.74,0.238,1,0
7861,1,437.66,5,44100.0,3431.97,7.8%,1,Yes,1,437.66,0.078,1,1
9876,1,479.93,3,19800.0,3620.19,0.183,0,N,0,479.93,0.183,0,0
1289,2,691.03,1,8200.0,1780.79,21.7%,2,1,0,691.03,0.217,1,0
9275,2,396.47,2,35400.0,7863.02,0.222,0,1,No,396.47,0.222,1,0
4212,2,843.07,10,47700.0,15626.81,0.328,0,0,N,843.07,0.328,0,0
735,1,679.34,11,53700.0,23983.55,0.447,0,0,N,679.34,0.447,0,0
1048,4,414.76,2,4800.0,1203.67,0.251,0,1,No,414.76,0.251,1,0
2387,2,424.01,2,36100.0,2586.36,0.072,1,Y,0,424.01,0.072,1,0
6772,1,,1,26900.0,6257.53,0.233,0,Y,N,272.54,0.233,1,0
7869,3,874.83,3,15800.0,2008.22,0.127,1,Y,0,874.83,0.127,1,0
5930,1,3582.07,22,33900.0,2769.17,0.082,0,No,Yes,3582.07,0.082,0,1
4566,3,565.06,8,12700.0,5562.25,0.438,0,Yes,N,565.06,0.438,1,0
1953,3,420.73,1,22000.0,8958.61,0.407,0,1,N,420.73,0.407,1,0
1063,2,521.07,1,20300.0,7300.77,0.36,0,1,No,521.07,0.36,1,0
6640,3,857.36,6,57600.0,10675.07,0.185,1,Yes,0,857.36,0.185,1,0
7991,2,251.14,1,38400.0,14976.94,0.39,0,Y,N,251.14,0.39,1,0
6011,2,343.62,1,13500.0,3094.41,22.9%,1,1,0,343.62,0.22899999999999998,1,0
4246,3,250.27,4,5500.0,633.07,0.115,2,Yes,0,250.27,0.115,1,0
11725,4,403.16,3,58700.0,7240.57,0.123,0,Yes,N,403.16,0.123,1,0
8201,1,413.01,3,30500.0,7221.77,0.237,2,0,1,413.01,0.237,0,1
1656,5,341.37,1,10000.0,3561.41,35.6%,0,Y,0,341.37,0.35600000000000004,1,0
11653,1,136.76,0,29200.0,9178.76,0.314,1,Y,No,136.76,0.314,1,0
1599,1,172.44,1,37200.0,8374.12,0.225,1,Yes,N,172.44,0.225,1,0
9518,1,557.3,4,13400.0,6865.22,0.512,0,No,1,557.3,0.512,0,1
733,3,163.37,0,13400.0,6276.26,0.468,3,1,No,163.37,0.468,1,0
12137,1,487.92,3,19600.0,7802.25,0.398,0,No,N,487.92,0.398,0,0
10690,3,370.62,1,21100.0,10265.97,48.7%,1,Y,0,370.62,0.48700000000000004,1,0
4989,2,156.22,1,2100.0,1228.56,0.585,0,1,0,156.22,0.585,1,0
5180,3,410.15,4,3100.0,1463.58,0.472,2,Yes,N,410.15,0.472,1,0
10251,1,856.3,4,9900.0,2244.27,0.227,2,Y,N,856.3,0.227,1,0
7628,2,471.34,4,36300.0,6098.7,0.168,1,N,N,471.34,0.168,0,0
1418,1,477.6,5,9800.0,3556.36,0.363,0,0,0,477.6,0.363,0,0
2742,1,136.65,0,38900.0,10993.66,0.283,1,0,0,136.65,0.283,0,0
8717,4,424.57,5,28500.0,11807.04,0.414,0,No,0,424.57,0.414,0,0
9445,2,661.18,4,10700.0,3870.41,0.362,2,1,0,661.18,0.362,1,0
6472,3,497.42,4,14600.0,9158.99,62.7%,0,1,0,497.42,0.627,1,0
4931,3,467.96,4,58700.0,11684.77,0.199,0,0,0,467.96,0.199,0,0
9210,2,221.05,3,59500.0,8001.77,0.134,0,Y,No,221.05,0.134,1,0
8333,2,1137.88,12,54800.0,12147.56,0.222,0,Y,N,1137.88,0.222,1,0
8621,2,318.82,6,46100.0,8800.13,0.191,0,Y,N,318.82,0.191,1,0
4759,1,767.09,10,23900.0,4012.47,0.168,3,No,1,767.09,0.168,0,1
78,2,136.39,1,13300.0,598.15,0.045,0,1,No,136.39,0.045,1,0
8578,1,862.6,6,36800.0,10229.58,27.8%,3,0,1,862.6,0.278,0,1
6322,3,307.59,4,34800.0,21125.04,0.607,2,0,No,307.59,0.607,0,0
9345,5,275.32,1,23400.0,5937.07,0.254,0,1,0,275.32,0.254,1,0
1325,2,790.96,10,47700.0,20611.97,0.432,1,Yes,No,790.96,0.432,1,0
6103,1,608.63,7,59300.0,24852.42,0.419,2,No,N,608.63,0.419,0,0
1530,2,312.97,1,53700.0,5111.09,0.095,1,N,No,312.97,0.095,0,0
5132,5,394.89,4,41200.0,24671.53,0.599,0,1,0,394.89,0.599,1,0
10259,2,596.55,3,2600.0,1722.31,66.2%,0,0,0,596.55,0.662,0,0
8502,2,316.73,2,27400.0,2697.99,0.098,1,Yes,No,316.73,0.098,1,0
4333,2,338.88,3,18000.0,4925.14,0.274,1,1,N,338.88,0.274,1,0
6418,2,203.1,3,36300.0,10113.95,27.9%,1,1,N,203.1,0.27899999999999997,1,0
7001,1,249.26,1,35700.0,9007.01,25.2%,1,No,N,249.26,0.252,0,0
9524,1,269.42,5,19100.0,6545.55,34.3%,0,N,1,269.42,0.34299999999999997,0,1
6407,1,187.92,0,38200.0,7652.97,0.2,2,Y,N,187.92,0.2,1,0
4541,3,253.3,1,33800.0,15071.08,0.446,0,1,0,253.3,0.446,1,0
9077,2,1034.36,8,14400.0,3432.07,0.238,1,0,0,1034.36,0.238,0,0
4649,4,773.09,7,37400.0,8324.31,0.223,1,Y,0,773.09,0.223,1,0
3012,2,222.47,0,50800.0,5751.85,0.113,1,Yes,0,222.47,0.113,1,0
6234,1,540.29,3,27600.0,20195.72,0.732,1,No,0,540.29,0.732,0,0
10665,1,262.15,0,24500.0,3197.64,13.1%,2,0,N,262.15,0.131,0,0
2962,3,228.61,0,11300.0,1035.48,0.092,1,Yes,0,228.61,0.092,1,0
9530,4,559.45,2,27300.0,9182.34,33.6%,2,Yes,0,559.45,0.336,1,0
10989,1,,3,10000.0,5253.25,0.525,0,0,No,411.22,0.525,0,0
5299,4,145.1,0,56900.0,10837.16,0.19,2,1,No,145.1,0.19,1,0
2922,5,234.61,1,11800.0,1942.64,0.165,1,1,No,234.61,0.165,1,0
1819,1,234.9,0,5500.0,2385.47,0.434,2,N,No,234.9,0.434,0,0
12057,1,424.43,3,15900.0,3622.91,22.8%,1,1,N,424.43,0.228,1,0
1417,1,347.36,5,2600.0,642.48,0.247,1,No,N,347.36,0.247,0,0
2723,3,501.76,6,22500.0,7909.46,0.352,0,Y,No,501.76,0.352,1,0
8698,2,215.26,0,14200.0,2499.86,0.176,0,No,0,215.26,0.176,0,0
2065,2,324.33,2,38100.0,10184.22,0.267,2,Y,N,324.33,0.267,1,0
4036,5,212.13,0,5300.0,2735.5,0.516,0,0,No,212.13,0.516,0,0
9510,2,184.1,2,56200.0,32209.77,0.573,2,No,0,184.1,0.573,0,0
983,2,275.09,1,30300.0,10555.58,0.348,2,1,0,275.09,0.348,1,0
9956,2,707.87,5,37800.0,26034.49,0.689,1,No,0,707.87,0.689,0,0
4470,3,601.47,5,35100.0,6298.54,0.179,1,0,N,601.47,0.179,0,0
12079,2,398.78,2,50000.0,8769.5,17.5%,0,N,0,398.78,0.175,0,0
5676,5,1085.96,6,44500.0,37063.39,0.833,0,1,No,1085.96,0.833,1,0
11380,2,69.58,1,5300.0,3103.38,0.586,3,1,0,69.58,0.586,1,0
8144,3,421.29,2,43700.0,16565.73,0.379,3,1,No,421.29,0.379,1,0
6657,2,814.43,4,5700.0,351.5,0.062,1,1,0,814.43,0.062,1,0
4313,2,907.19,5,59400.0,12049.44,0.203,3,Y,0,907.19,0.203,1,0
10096,1,374.5,5,47400.0,25763.25,0.544,1,0,1,374.5,0.544,0,1
1545,2,252.28,1,42600.0,16078.57,0.377,0,No,No,252.28,0.377,0,0
3973,3,147.51,0,26900.0,9476.6,0.352,2,1,0,147.51,0.352,1,0
11418,2,322.9,1,30800.0,6009.84,0.195,2,0,0,322.9,0.195,0,0
655,1,727.67,6,15000.0,7321.33,0.488,0,0,Yes,727.67,0.488,0,1
3886,2,277.19,0,29300.0,7800.37,0.266,1,1,N,277.19,0.266,1,0
12051,4,218.1,1,33000.0,6662.09,20.2%,1,Y,No,218.1,0.20199999999999999,1,0
7409,3,948.43,5,38100.0,15884.82,0.417,1,1,No,948.43,0.417,1,0
10388,5,821.33,3,40400.0,4320.33,10.7%,1,Y,0,821.33,0.107,1,0
1996,4,,9,44400.0,20850.96,0.47,2,Yes,N,940.35,0.47,1,0
9117,1,697.64,6,11100.0,2112.74,0.19,1,Y,0,697.64,0.19,1,0
9863,5,130.0,1,17200.0,2719.84,0.158,0,1,No,130.0,0.158,1,0
7890,1,,1,37300.0,9857.97,0.264,2,0,N,272.54,0.264,0,0
4306,3,406.06,1,32100.0,3207.54,10.0%,4,Y,No,406.06,0.1,1,0
10827,2,556.28,5,47200.0,25576.9,0.542,0,1,0,556.28,0.542,1,0
3694,1,313.72,3,25100.0,11200.95,44.6%,1,No,No,313.72,0.446,0,0
5501,1,425.84,3,59600.0,14667.98,1.61,1,0,0,425.84,0.246,0,0
4033,5,178.8,2,32400.0,9553.08,2.67,1,Y,0,178.8,0.295,1,0
9742,3,301.96,2,9100.0,4615.18,0.507,0,0,N,301.96,0.507,0,0
2312,4,537.01,4,47400.0,25707.9,0.542,1,No,0,537.01,0.542,0,0
575,2,106.27,0,45900.0,12413.97,27.0%,3,1,N,106.27,0.27,1,0
3212,4,215.48,1,18100.0,5597.33,0.309,0,N,0,215.48,0.309,0,0
5945,2,249.49,2,26100.0,11115.26,0.426,1,Yes,0,249.49,0.426,1,0
9213,3,487.23,2,32600.0,4422.03,0.136,0,1,0,487.23,0.136,1,0
7511,3,184.54,0,17700.0,4073.8,0.23,0,Yes,0,184.54,0.23,1,0
6704,2,208.67,0,46500.0,20788.35,0.447,0,1,0,208.67,0.447,1,0
2456,3,401.48,2,13700.0,3654.86,0.267,0,Yes,0,401.48,0.267,1,0
10706,5,684.87,6,45100.0,23178.85,0.514,1,1,0,684.87,0.514,1,0
2399,3,292.03,0,27100.0,5789.13,0.214,1,No,0,292.03,0.214,0,0
5975,3,282.26,5,7300.0,3006.23,41.2%,1,Yes,0,282.26,0.41200000000000003,1,0
5726,5,186.01,3,13200.0,5109.71,0.387,1,Y,0,186.01,0.387,1,0
8030,2,213.82,3,50900.0,10383.06,0.204,3,1,N,213.82,0.204,1,0
3018,3,402.33,1,36500.0,10060.77,0.276,0,Yes,No,402.33,0.276,1,0
3397,1,540.11,3,10000.0,2840.77,0.284,3,No,1,540.11,0.284,0,1
251,2,404.44,0,15600.0,1979.21,0.127,1,1,0,404.44,0.127,1,0
7998,1,286.61,3,13200.0,4318.92,0.327,0,N,No,286.61,0.327,0,0
10659,1,496.54,4,49500.0,3958.63,0.08,0,0,1,496.54,0.08,0,1
9908,2,366.48,3,11600.0,3732.14,0.322,1,Y,0,366.48,0.322,1,0
7201,1,346.32,5,40000.0,7805.07,0.195,0,N,No,346.32,0.195,0,0
9704,1,380.18,2,59000.0,30056.38,50.9%,0,Y,Yes,380.18,0.509,1,1
3082,4,595.11,2,46900.0,13544.47,0.289,0,1,0,595.11,0.289,1,0
9348,1,333.7,4,14000.0,5622.78,0.402,3,1,1,333.7,0.402,1,1
574,2,223.68,2,35500.0,3751.06,0.106,1,Yes,No,223.68,0.106,1,0
10846,3,785.89,3,4200.0,1708.12,40.7%,1,1,0,785.89,0.40700000000000003,1,0
8188,2,570.84,4,35500.0,7581.79,21.4%,0,No,0,570.84,0.214,0,0
10629,1,500.85,4,4600.0,1317.68,0.286,1,Y,1,500.85,0.286,1,1
7224,3,276.29,0,42900.0,15143.89,0.353,0,1,0,276.29,0.353,1,0
5399,1,468.28,6,57300.0,7674.27,0.134,1,0,0,468.28,0.134,0,0
4302,1,163.35,2,3600.0,1569.41,0.436,4,0,Yes,163.35,0.436,0,1
2588,4,176.14,2,14800.0,7946.67,0.537,2,No,N,176.14,0.537,0,0
1256,3,704.04,4,58100.0,18715.29,32.2%,1,1,N,704.04,0.322,1,0
10830,3,645.76,5,11900.0,1821.12,0.153,1,0,No,645.76,0.153,0,0
3285,2,374.79,4,54000.0,40076.21,0.742,1,1,N,374.79,0.742,1,0
4270,1,248.98,3,7500.0,429.6,0.057,0,Yes,Yes,248.98,0.057,1,1
660,2,1111.83,6,2000.0,495.27,0.248,1,1,0,1111.83,0.248,1,0
3847,1,373.07,3,24200.0,6448.44,0.266,0,No,1,373.07,0.266,0,1
10350,3,260.41,2,22400.0,8453.97,0.377,0,Yes,N,260.41,0.377,1,0
2291,2,577.89,6,15300.0,7079.19,46.3%,2,Y,0,577.89,0.46299999999999997,1,0
1745,1,378.88,1,3100.0,693.46,22.4%,0,0,No,378.88,0.22399999999999998,0,0
8697,3,450.26,5,15700.0,3048.03,0.194,0,1,0,450.26,0.194,1,0
8435,3,1893.36,12,29100.0,5063.86,17.4%,0,0,0,1893.36,0.174,0,0
10193,3,162.18,0,47200.0,14020.87,0.297,0,Yes,0,162.18,0.297,1,0
592,1,654.32,7,15900.0,114.55,0.007,1,0,0,654.32,0.007,0,0
7462,3,114.04,1,15300.0,3526.92,0.231,0,Yes,0,114.04,0.231,1,0
4825,2,173.5,2,12000.0,7176.47,0.598,1,1,0,173.5,0.598,1,0
8238,4,281.39,1,28400.0,13462.67,0.474,1,Yes,0,281.39,0.474,1,0
10408,2,336.83,2,34800.0,19051.37,0.547,1,1,No,336.83,0.547,1,0
623,1,202.36,0,29400.0,2279.69,0.078,0,No,N,202.36,0.078,0,0
5277,2,648.35,5,17800.0,1797.71,0.101,2,1,0,648.35,0.101,1,0
6442,1,304.32,2,50700.0,14608.78,28.8%,0,0,N,304.32,0.28800000000000003,0,0
1805,2,764.14,4,9300.0,3450.02,0.371,0,Yes,0,764.14,0.371,1,0
3760,1,830.41,3,46600.0,11246.85,0.241,1,N,Yes,830.41,0.241,0,1
173,3,227.83,4,46400.0,26614.21,57.4%,1,No,N,227.83,0.574,0,0
11068,1,940.97,4,24200.0,7704.05,0.318,0,N,0,940.97,0.318,0,0
3655,2,516.28,4,46800.0,22372.3,47.8%,0,N,N,516.28,0.478,0,0
1134,2,780.56,7,28400.0,11675.27,0.411,0,Y,0,780.56,0.411,1,0
1890,1,192.76,2,43900.0,14076.03,32.1%,1,0,1,192.76,0.321,0,1
8489,2,330.06,3,56700.0,6161.52,10.9%,1,Y,No,330.06,0.109,1,0
10446,2,936.09,3,43500.0,4460.76,0.103,0,N,0,936.09,0.103,0,0
8020,1,610.38,5,23400.0,3941.49,0.168,2,0,Yes,610.38,0.168,0,1
8531,1,680.91,4,7300.0,2688.28,0.368,0,No,N,680.91,0.368,0,0
2195,2,331.22,2,31300.0,3792.82,12.1%,1,Y,No,331.22,0.121,1,0
2392,3,379.35,3,44400.0,7715.87,0.174,0,Y,No,379.35,0.174,1,0
10345,4,262.93,1,44800.0,3720.32,0.083,0,Yes,No,262.93,0.083,1,0
10696,4,1017.54,1,49600.0,6687.6,0.135,1,N,0,1017.54,0.135,0,0
10499,2,310.5,1,50700.0,15294.93,0.302,1,1,No,310.5,0.302,1,0
2748,3,960.72,4,29900.0,6055.28,20.3%,1,Y,No,960.72,0.203,1,0
5040,2,253.15,0,55600.0,26202.15,0.471,0,Y,N,253.15,0.471,1,0
3013,3,1725.41,8,36200.0,11664.18,0.322,3,1,1,1725.41,0.322,1,1
3625,2,330.27,3,30200.0,16275.88,0.539,0,0,0,330.27,0.539,0,0
11048,4,724.25,3,29800.0,2821.2,9.5%,0,Y,No,724.25,0.095,1,0
1717,2,456.57,2,34000.0,2710.07,8.0%,0,1,N,456.57,0.08,1,0
880,3,669.02,8,40600.0,29191.66,71.9%,1,No,0,669.02,0.7190000000000001,0,0
4867,1,257.76,2,25800.0,3196.02,0.124,1,Yes,No,257.76,0.124,1,0
8009,3,480.6,0,42400.0,16771.03,39.6%,0,1,No,480.6,0.396,1,0
10106,3,280.49,3,52000.0,9744.82,0.187,0,Y,N,280.49,0.187,1,0
4186,1,564.19,4,42800.0,27958.55,65.3%,1,0,Yes,564.19,0.653,0,1
11220,1,279.18,1,34200.0,17100.75,0.5,1,1,1,279.18,0.5,1,1
9850,1,465.97,4,33400.0,23305.0,0.698,1,0,No,465.97,0.698,0,0
7984,2,395.44,2,4100.0,972.63,0.237,2,Yes,No,395.44,0.237,1,0
10038,1,330.13,2,19100.0,2318.95,0.121,0,0,0,330.13,0.121,0,0
6995,5,497.6,4,43500.0,9022.23,20.7%,1,No,0,497.6,0.207,0,0
10692,1,404.09,5,27100.0,14754.91,0.544,2,N,No,404.09,0.544,0,0
10410,3,141.38,1,18800.0,5978.9,0.318,1,1,No,141.38,0.318,1,0
7548,5,401.62,4,32900.0,5532.41,0.168,1,1,No,401.62,0.168,1,0
10276,2,120.75,0,50700.0,17537.34,0.346,2,Y,0,120.75,0.346,1,0
4549,1,152.26,0,10000.0,3410.2,0.341,2,Y,0,152.26,0.341,1,0
6516,2,238.42,1,16500.0,3924.95,0.238,2,0,No,238.42,0.238,0,0
3464,1,309.87,2,6800.0,1368.2,0.201,1,N,Yes,309.87,0.201,0,1
10337,4,754.19,3,40300.0,15782.71,0.392,0,1,0,754.19,0.392,1,0
5539,1,95.34,1,34900.0,15774.98,45.2%,1,No,1,95.34,0.452,0,1
3864,1,446.43,1,18300.0,4863.04,26.6%,0,No,N,446.43,0.266,0,0
6411,1,126.44,1,48300.0,10805.33,22.4%,2,0,0,126.44,0.22399999999999998,0,0
11098,4,193.88,2,21600.0,2774.4,0.128,0,Y,No,193.88,0.128,1,0
2442,1,160.28,0,2700.0,645.27,0.239,1,0,1,160.28,0.239,0,1
3433,5,718.69,4,2600.0,438.1,0.168,0,1,0,718.69,0.168,1,0
2034,2,364.46,2,52700.0,14948.31,28.4%,0,Yes,N,364.46,0.284,1,0
8714,4,614.3,5,31500.0,5161.97,0.164,4,Yes,N,614.3,0.164,1,0
6629,1,353.38,1,19400.0,14234.28,73.4%,1,N,0,353.38,0.7340000000000001,0,0
4182,4,702.41,4,40700.0,9800.97,24.1%,0,1,No,702.41,0.24100000000000002,1,0
490,2,836.81,10,8900.0,4650.69,0.523,1,0,N,836.81,0.523,0,0
12085,1,594.5,2,31700.0,15380.46,0.485,1,N,0,594.5,0.485,0,0
11875,3,906.61,9,21600.0,6910.8,0.32,0,1,0,906.61,0.32,1,0
12128,4,386.48,4,17200.0,1603.5,0.093,0,No,0,386.48,0.093,0,0
5086,1,557.77,2,53200.0,8644.67,0.162,0,0,N,557.77,0.162,0,0
12025,5,609.9,5,23100.0,7871.07,0.341,1,Yes,0,609.9,0.341,1,0
5008,1,555.19,8,24600.0,7067.63,0.287,0,0,0,555.19,0.287,0,0
10979,3,2019.83,17,55600.0,3337.15,0.06,0,Yes,No,2019.83,0.06,1,0
9847,2,444.39,2,32800.0,8292.59,0.253,1,Y,0,444.39,0.253,1,0
9620,2,564.77,2,58900.0,20110.97,0.341,0,Y,No,564.77,0.341,1,0
7055,1,280.64,1,51900.0,17032.66,32.8%,2,Yes,Yes,280.64,0.32799999999999996,1,1
8354,2,374.08,1,8800.0,2952.12,0.335,0,1,No,374.08,0.335,1,0
5274,1,243.76,2,20900.0,4726.02,0.226,0,Y,N,243.76,0.226,1,0
11486,1,304.85,1,21600.0,7828.91,36.2%,0,0,0,304.85,0.36200000000000004,0,0
10187,5,158.95,2,20300.0,3415.11,0.168,0,Y,No,158.95,0.168,1,0
4010,1,415.82,2,21000.0,5254.34,0.25,1,0,No,415.82,0.25,0,0
7546,3,936.77,12,14200.0,2938.67,0.207,1,Yes,0,936.77,0.207,1,0
1248,2,463.28,4,34400.0,9485.06,0.276,0,Y,N,463.28,0.276,1,0
11846,1,727.25,7,35300.0,8875.91,0.251,3,0,1,727.25,0.251,0,1
7300,1,396.38,2,33900.0,11095.03,0.327,1,No,0,396.38,0.327,0,0
1786,4,514.05,3,12400.0,3262.63,26.3%,1,1,0,514.05,0.263,1,0
6713,2,294.82,2,4600.0,2721.91,0.592,1,0,0,294.82,0.592,0,0
9883,1,931.03,3,47800.0,6958.22,0.146,2,Y,N,931.03,0.146,1,0
6239,3,540.92,5,7800.0,3392.37,0.435,1,Yes,N,540.92,0.435,1,0
9881,3,450.95,1,6100.0,891.32,0.146,2,1,No,450.95,0.146,1,0
4476,3,165.32,1,40600.0,12439.54,0.306,1,1,No,165.32,0.306,1,0
5451,2,514.59,6,4300.0,1247.87,29.0%,0,1,N,514.59,0.29,1,0
7323,4,600.37,5,32500.0,14669.98,0.451,1,N,0,600.37,0.451,0,0
9917,4,678.54,2,38200.0,11492.2,0.301,0,Yes,No,678.54,0.301,1,0
4629,3,339.19,1,41000.0,14313.7,34.9%,1,1,N,339.19,0.349,1,0
9554,2,692.9,3,8100.0,3535.25,0.436,0,No,0,692.9,0.436,0,0
4203,2,275.0,2,24000.0,1200.0,0.05,1,0,0,275.0,0.05,0,0
9140,2,479.45,3,56900.0,22272.49,0.391,2,Yes,N,479.45,0.391,1,0
11251,2,273.19,1,47400.0,22339.2,47.1%,1,Yes,N,273.19,0.47100000000000003,1,0
695,1,337.07,0,4000.0,676.78,0.169,1,N,0,337.07,0.169,0,0
5876,3,674.8,2,27400.0,4155.97,0.152,0,1,0,674.8,0.152,1,0
8885,1,909.92,8,41400.0,18752.31,0.453,1,0,Yes,909.92,0.453,0,1
886,3,515.42,5,37700.0,2792.71,7.4%,1,1,N,515.42,0.07400000000000001,1,0
7388,2,338.13,3,23400.0,10097.59,0.432,0,1,No,338.13,0.432,1,0
4996,2,992.56,5,41700.0,19522.6,0.468,2,1,No,992.56,0.468,1,0
6305,2,398.91,4,6800.0,1477.84,0.217,0,1,0,398.91,0.217,1,0
1836,1,641.15,7,26700.0,9231.15,0.346,1,0,Y,641.15,0.346,0,1
6930,1,326.81,4,42300.0,3115.95,0.074,1,1,No,326.81,0.074,1,0
5276,1,329.06,5,21500.0,8705.52,0.405,0,N,0,329.06,0.405,0,0
6854,1,129.82,0,51900.0,15981.58,0.308,1,Yes,1,129.82,0.308,1,1
3112,4,497.57,4,8000.0,1292.0,0.162,0,1,0,497.57,0.162,1,0
8381,2,965.04,5,11500.0,1357.56,0.118,2,1,No,965.04,0.118,1,0
4612,1,600.26,5,10300.0,2332.41,0.226,0,0,0,600.26,0.226,0,0
4067,2,198.77,0,42600.0,15665.88,0.368,1,Y,0,198.77,0.368,1,0
2150,2,355.23,1,57100.0,40457.33,0.709,3,Y,0,355.23,0.709,1,0
2559,2,915.45,3,31900.0,8451.04,0.265,1,Y,N,915.45,0.265,1,0
4160,1,273.57,1,26400.0,9734.51,36.9%,3,0,Yes,273.57,0.369,0,1
7416,2,3104.5,11,32500.0,11494.13,35.4%,1,1,N,3104.5,0.354,1,0
9265,1,769.48,4,28300.0,3652.8,0.129,1,0,Y,769.48,0.129,0,1
6366,5,226.26,1,20200.0,6071.33,0.301,1,1,0,226.26,0.301,1,0
7278,2,269.89,4,26300.0,15236.36,0.579,1,0,No,269.89,0.579,0,0
6557,3,157.16,0,58900.0,15347.63,0.261,0,1,No,157.16,0.261,1,0
9531,1,449.51,3,51900.0,23511.15,0.453,0,No,No,449.51,0.453,0,0
10114,2,241.32,1,5400.0,1065.64,0.197,1,No,0,241.32,0.197,0,0
3631,3,635.39,3,57100.0,16631.5,0.291,0,Y,0,635.39,0.291,1,0
8960,3,288.28,2,37300.0,7012.03,0.188,0,Y,N,288.28,0.188,1,0
943,1,787.58,6,49800.0,17582.97,0.353,2,0,N,787.58,0.353,0,0
8086,4,281.83,0,15500.0,2837.33,0.183,2,Y,0,281.83,0.183,1,0
10530,1,331.0,1,6300.0,436.52,0.069,2,0,No,331.0,0.069,0,0
6855,5,362.7,3,3800.0,1324.78,0.349,0,1,N,362.7,0.349,1,0
9830,2,320.69,1,35200.0,5527.22,0.157,2,1,0,320.69,0.157,1,0
6104,4,517.19,3,41300.0,5485.12,0.133,1,Yes,0,517.19,0.133,1,0
1373,1,362.21,3,36300.0,22506.6,0.62,1,N,1,362.21,0.62,0,1
1259,3,333.69,1,39600.0,13328.63,0.337,0,1,N,333.69,0.337,1,0
5219,2,1227.73,5,52500.0,24018.05,45.7%,1,0,No,1227.73,0.457,0,0
9646,3,128.3,0,13800.0,5596.78,0.406,0,Yes,No,128.3,0.406,1,0
2635,2,462.44,3,40200.0,11359.95,0.283,0,Yes,0,462.44,0.283,1,0
9943,2,136.73,0,55200.0,6819.38,0.124,0,N,0,136.73,0.124,0,0
10021,2,623.35,7,39400.0,6633.17,0.168,1,Y,0,623.35,0.168,1,0
11336,4,259.95,2,19900.0,5143.77,0.258,1,1,N,259.95,0.258,1,0
6224,2,1386.34,10,32700.0,2374.56,0.073,2,1,No,1386.34,0.073,1,0
512,1,336.45,2,31000.0,4252.99,0.137,1,1,0,336.45,0.137,1,0
8597,1,299.59,1,39400.0,7026.05,0.178,1,0,N,299.59,0.178,0,0
10501,1,444.28,1,9600.0,2987.76,0.311,1,N,0,444.28,0.311,0,0
6049,1,395.03,1,18900.0,7029.56,0.372,3,1,Yes,395.03,0.372,1,1
3514,3,674.29,7,52400.0,32785.52,62.6%,1,0,0,674.29,0.626,0,0
7495,1,583.1,5,9400.0,1081.91,0.115,1,No,1,583.1,0.115,0,1
10571,3,213.07,0,31300.0,9459.0,0.302,1,Yes,No,213.07,0.302,1,0
5076,1,2641.6,13,44500.0,26700.12,0.6,1,No,No,2641.6,0.6,0,0
7736,1,324.31,3,43400.0,25749.82,0.593,0,0,N,324.31,0.593,0,0
294,3,1318.67,11,9300.0,3926.18,42.2%,1,1,No,1318.67,0.42200000000000004,1,0
2459,3,539.32,4,27400.0,13914.55,0.508,1,No,N,539.32,0.508,0,0
1360,2,435.83,0,8000.0,2101.13,0.263,0,Y,0,435.83,0.263,1,0
5020,1,177.17,1,49800.0,13526.42,27.2%,1,Y,No,177.17,0.272,1,0
8046,3,136.05,0,19700.0,6037.07,0.306,1,N,No,136.05,0.306,0,0
11247,4,619.94,3,23200.0,3246.63,14.0%,1,1,N,619.94,0.14,1,0
3937,4,313.49,1,22000.0,5929.88,0.27,0,Yes,0,313.49,0.27,1,0
8892,2,358.64,1,44600.0,5195.52,0.116,1,1,N,358.64,0.116,1,0
6627,2,308.87,3,16400.0,2028.55,0.124,1,Y,N,308.87,0.124,1,0
6750,2,337.59,3,47200.0,22615.57,0.479,2,1,No,337.59,0.479,1,0
1412,4,343.97,2,24400.0,4063.51,16.7%,3,0,0,343.97,0.16699999999999998,0,0
9683,3,347.73,3,3400.0,917.49,0.27,2,Y,0,347.73,0.27,1,0
434,1,311.96,0,48000.0,5615.34,0.117,2,0,0,311.96,0.117,0,0
11156,1,321.98,1,7100.0,3065.3,0.432,3,1,0,321.98,0.432,1,0
2178,5,260.8,1,40700.0,18003.98,0.442,0,1,0,260.8,0.442,1,0
11296,2,515.83,6,45300.0,12606.38,0.278,2,1,No,515.83,0.278,1,0
7121,2,364.89,2,18500.0,7978.16,0.431,0,1,No,364.89,0.431,1,0
8256,2,606.85,5,30000.0,7841.63,0.261,0,Yes,No,606.85,0.261,1,0
4507,1,231.49,1,19500.0,2345.98,0.12,0,1,N,231.49,0.12,1,0
4794,1,1394.14,12,52400.0,3819.2,0.073,2,0,N,1394.14,0.073,0,0
1120,2,464.06,4,38100.0,19162.87,0.503,1,1,No,464.06,0.503,1,0
2818,4,325.48,6,8500.0,522.17,0.061,0,1,0,325.48,0.061,1,0
1625,4,184.78,2,46900.0,28992.06,61.8%,0,Y,No,184.78,0.618,1,0
2035,4,1002.63,8,21200.0,10505.15,0.496,2,Yes,No,1002.63,0.496,1,0
6296,3,686.09,9,25400.0,5211.63,0.205,4,0,N,686.09,0.205,0,0
1961,5,741.67,3,27400.0,3021.6,0.11,2,1,No,741.67,0.11,1,0
2732,2,247.34,2,2700.0,723.08,0.268,1,0,No,247.34,0.268,0,0
1878,2,210.65,0,32300.0,15179.32,0.47,0,Y,0,210.65,0.47,1,0
9308,1,621.98,4,51500.0,4520.0,0.088,1,0,Y,621.98,0.088,0,1
3888,3,302.25,0,54400.0,14150.83,0.26,0,1,No,302.25,0.26,1,0
7220,3,827.44,5,41200.0,10806.51,26.2%,0,Y,0,827.44,0.262,1,0
11064,4,321.16,2,59900.0,15879.36,0.265,1,Y,N,321.16,0.265,1,0
11272,5,454.69,2,8500.0,3361.13,0.395,0,1,0,454.69,0.395,1,0
6121,4,243.53,1,8100.0,822.51,10.2%,0,Y,N,243.53,0.102,1,0
6201,5,576.76,8,44100.0,4536.53,0.103,2,Y,No,576.76,0.103,1,0
4360,1,846.18,4,28200.0,12762.97,45.3%,0,No,Yes,846.18,0.45299999999999996,0,1
8388,1,444.04,7,10100.0,3209.58,0.318,0,0,0,444.04,0.318,0,0
2040,1,694.0,0,11700.0,2706.33,0.231,1,0,0,694.0,0.231,0,0
970,4,561.02,3,36500.0,9111.27,0.25,0,1,N,561.02,0.25,1,0
8104,3,225.8,2,29500.0,3945.33,0.134,1,Yes,0,225.8,0.134,1,0
9780,3,381.42,3,13700.0,793.74,0.058,1,Y,N,381.42,0.058,1,0
4490,1,189.22,0,9100.0,1236.29,13.6%,0,Y,1,189.22,0.136,1,1
5859,3,275.17,2,14800.0,8166.05,0.552,2,Yes,0,275.17,0.552,1,0
1506,2,600.94,5,38000.0,5921.08,0.156,2,1,No,600.94,0.156,1,0
3452,1,293.53,2,27900.0,15039.73,53.9%,0,No,1,293.53,0.539,0,1
10789,4,729.54,4,18200.0,5146.37,0.283,1,1,N,729.54,0.283,1,0
2497,1,532.97,6,53200.0,6661.83,0.125,1,0,N,532.97,0.125,0,0
6512,2,407.83,5,16800.0,4681.37,0.279,0,0,No,407.83,0.279,0,0
7899,2,323.41,0,46000.0,15298.15,0.333,1,1,N,323.41,0.333,1,0
10012,1,340.13,4,47000.0,3718.76,0.079,1,Y,1,340.13,0.079,1,1
3678,1,619.71,6,7500.0,2128.16,0.284,0,0,N,619.71,0.284,0,0
9442,1,171.68,1,30900.0,13355.82,0.432,1,0,1,171.68,0.432,0,1
8176,1,208.27,0,31700.0,7264.0,0.229,0,No,0,208.27,0.229,0,0
6566,3,168.31,0,16500.0,1179.42,0.071,0,Y,N,168.31,0.071,1,0
12037,2,1121.13,4,5300.0,981.19,0.185,1,N,N,1121.13,0.185,0,0
7798,1,239.45,2,34500.0,7333.9,0.213,0,0,N,239.45,0.213,0,0
8097,1,1618.78,11,32400.0,23201.79,71.6%,3,No,0,1618.78,0.716,0,0
7298,1,211.59,3,4800.0,1749.05,0.364,2,0,0,211.59,0.364,0,0
861,1,553.89,5,39100.0,3840.29,0.098,0,0,1,553.89,0.098,0,1
2051,3,447.82,0,50300.0,10545.95,0.21,3,1,0,447.82,0.21,1,0
6742,1,767.72,5,31200.0,10809.75,0.346,0,N,0,767.72,0.346,0,0
9251,1,255.52,2,15100.0,1798.82,0.119,1,No,0,255.52,0.119,0,0
4513,1,655.87,5,17800.0,3156.75,17.7%,3,Y,Yes,655.87,0.177,1,1
268,2,285.42,2,28400.0,11692.77,0.412,0,1,0,285.42,0.412,1,0
11597,4,256.83,1,10100.0,7617.96,0.754,1,0,No,256.83,0.754,0,0
7588,2,212.72,3,15900.0,2305.08,0.145,2,Y,0,212.72,0.145,1,0
6902,2,220.73,2,11500.0,4347.67,37.8%,1,Yes,0,220.73,0.37799999999999995,1,0
8565,2,526.2,4,41600.0,12946.8,0.311,1,1,No,526.2,0.311,1,0
1098,2,150.3,1,48200.0,22386.45,46.4%,2,1,No,150.3,0.46399999999999997,1,0
3924,2,507.22,0,3800.0,1524.91,0.401,5,1,No,507.22,0.401,1,0
7334,1,832.73,3,48000.0,14571.82,0.304,1,0,0,832.73,0.304,0,0
4277,3,216.3,0,55600.0,14158.54,25.5%,2,1,N,216.3,0.255,1,0
8928,1,367.23,0,16200.0,3263.72,0.201,1,0,No,367.23,0.201,0,0
1982,3,432.63,3,26700.0,3177.72,0.119,0,Yes,No,432.63,0.119,1,0
9414,2,129.67,0,26000.0,7806.76,0.3,1,1,No,129.67,0.3,1,0
11215,1,1245.87,10,59900.0,11361.19,0.19,2,No,0,1245.87,0.19,0,0
1067,1,351.61,1,53400.0,17392.81,0.326,0,0,N,351.61,0.326,0,0
9872,1,594.83,1,56900.0,6043.91,0.106,1,0,0,594.83,0.106,0,0
9754,2,369.48,5,7600.0,2962.52,0.39,1,Yes,0,369.48,0.39,1,0
8404,3,358.17,1,28200.0,7778.32,0.276,1,0,0,358.17,0.276,0,0
7660,1,336.01,1,37500.0,6906.53,0.184,1,1,0,336.01,0.184,1,0
1489,2,394.07,3,27600.0,12642.66,0.458,0,1,No,394.07,0.458,1,0
11885,1,434.68,5,15400.0,5391.24,0.35,1,Y,0,434.68,0.35,1,0
9092,3,322.14,3,44600.0,17064.73,0.383,1,Yes,0,322.14,0.383,1,0
8239,4,533.06,2,14200.0,4067.6,0.286,1,Y,N,533.06,0.286,1,0
681,1,451.95,3,33400.0,12844.57,38.5%,0,Y,N,451.95,0.385,1,0
4976,1,115.27,1,30700.0,3762.04,12.3%,1,Yes,0,115.27,0.12300000000000001,1,0
5916,1,205.6,1,12200.0,5495.91,0.45,1,1,1,205.6,0.45,1,1
9028,5,892.28,4,26800.0,5937.58,0.222,0,1,0,892.28,0.222,1,0
3174,3,1884.32,13,54000.0,10512.95,0.195,1,Yes,0,1884.32,0.195,1,0
7499,3,617.48,2,56100.0,12436.41,0.222,3,Y,No,617.48,0.222,1,0
7988,3,266.86,0,42900.0,19950.09,0.465,0,1,No,266.86,0.465,1,0
2050,1,149.6,1,3900.0,257.2,0.066,0,0,N,149.6,0.066,0,0
5232,4,413.28,3,29600.0,7752.68,0.262,0,Yes,0,413.28,0.262,1,0
1247,1,213.98,1,35100.0,12093.14,0.345,1,0,Yes,213.98,0.345,0,1
29,3,312.15,1,50700.0,18782.41,0.37,2,1,0,312.15,0.37,1,0
7386,4,,1,14100.0,4979.78,0.353,1,1,0,272.54,0.353,1,0
9058,3,728.56,2,13200.0,5346.43,0.405,1,Yes,N,728.56,0.405,1,0
8258,1,456.28,1,8900.0,2241.17,0.252,0,Y,0,456.28,0.252,1,0
7854,3,351.9,3,22700.0,2586.82,0.114,0,Yes,0,351.9,0.114,1,0
1654,2,560.96,3,18600.0,5410.96,0.291,0,Yes,N,560.96,0.291,1,0
6318,3,512.67,5,52700.0,36884.68,0.7,1,0,N,512.67,0.7,0,0
7164,2,322.13,4,37900.0,17486.64,0.461,0,Y,0,322.13,0.461,1,0
7779,2,1356.03,13,29800.0,5425.6,0.182,0,1,0,1356.03,0.182,1,0
2250,1,453.84,4,38700.0,14788.14,0.382,3,0,1,453.84,0.382,0,1
8839,3,569.23,5,55400.0,9323.05,0.168,3,Yes,0,569.23,0.168,1,0
12159,2,162.57,1,3800.0,1432.57,0.377,0,1,0,162.57,0.377,1,0
8162,1,742.62,5,11600.0,3388.52,0.292,2,0,N,742.62,0.292,0,0
8838,2,594.09,1,45900.0,3970.81,0.087,1,N,0,594.09,0.087,0,0
9820,2,163.03,3,34300.0,11997.85,0.35,1,1,0,163.03,0.35,1,0
4376,1,412.64,2,2400.0,1263.14,52.6%,1,No,Y,412.64,0.526,0,1
8455,1,254.08,3,52300.0,5794.39,0.111,0,N,1,254.08,0.111,0,1
1940,3,583.33,0,15400.0,4195.44,0.272,0,1,0,583.33,0.272,1,0
6075,2,1067.53,10,41300.0,8354.17,0.202,1,Yes,No,1067.53,0.202,1,0
11087,3,259.21,2,43500.0,1122.94,0.026,0,1,0,259.21,0.026,1,0
1443,1,587.83,3,24200.0,7964.61,0.329,0,N,0,587.83,0.329,0,0
3237,3,273.22,4,13400.0,4024.89,30.0%,0,Yes,0,273.22,0.3,1,0
6762,4,649.1,3,12300.0,684.95,0.056,1,1,N,649.1,0.056,1,0
7521,1,777.58,3,25500.0,9504.32,0.373,4,1,1,777.58,0.373,1,1
2518,1,463.69,5,9200.0,2476.43,0.269,2,No,0,463.69,0.269,0,0
8530,2,340.94,1,2900.0,262.1,9.0%,1,1,N,340.94,0.09,1,0
873,2,379.14,1,24100.0,4991.92,20.7%,2,1,No,379.14,0.207,1,0
5596,1,455.34,0,25100.0,9029.49,0.36,2,1,0,455.34,0.36,1,0
10007,3,823.92,3,49800.0,3023.34,0.061,1,1,No,823.92,0.061,1,0
11045,1,804.51,6,59100.0,4835.56,0.082,2,Yes,No,804.51,0.082,1,0
3784,3,788.82,8,36500.0,2058.84,5.6%,2,Y,0,788.82,0.055999999999999994,1,0
8757,2,410.75,1,46500.0,22257.04,0.479,0,Y,No,410.75,0.479,1,0
10533,2,709.6,5,50500.0,8641.87,0.171,1,1,N,709.6,0.171,1,0
428,1,875.66,7,3900.0,518.49,0.133,1,N,No,875.66,0.133,0,0
10544,1,1097.36,3,18300.0,8184.24,0.447,0,Yes,0,1097.36,0.447,1,0
6127,4,205.6,0,58500.0,8520.42,0.146,1,1,0,205.6,0.146,1,0
6319,3,459.62,2,6000.0,1833.25,0.306,3,Yes,N,459.62,0.306,1,0
5295,1,605.44,2,50600.0,16758.28,0.331,2,Y,Yes,605.44,0.331,1,1
9953,1,176.4,1,21800.0,4675.07,0.214,1,0,Yes,176.4,0.214,0,1
7118,2,730.56,8,56400.0,15806.23,0.28,1,1,N,730.56,0.28,1,0
5912,2,1245.76,8,32000.0,7803.25,0.244,0,Y,N,1245.76,0.244,1,0
4374,1,535.4,1,17700.0,693.82,0.039,2,N,No,535.4,0.039,0,0
7957,1,560.26,5,20900.0,6071.92,0.291,1,1,0,560.26,0.291,1,0
4116,2,773.73,6,31000.0,5760.5,0.186,1,1,0,773.73,0.186,1,0
10472,2,717.17,4,23600.0,3623.33,0.154,0,Y,No,717.17,0.154,1,0
3662,1,1225.47,9,33800.0,21939.01,0.649,0,0,0,1225.47,0.649,0,0
7617,1,221.21,0,42500.0,19908.87,0.468,1,N,0,221.21,0.468,0,0
9228,3,275.12,3,50700.0,31055.01,61.3%,1,0,N,275.12,0.613,0,0
534,2,324.03,1,45500.0,15450.47,0.34,3,Yes,1,324.03,0.34,1,1
11465,1,284.77,0,59300.0,29698.3,0.501,1,0,1,284.77,0.501,0,1
7764,4,442.67,3,53000.0,25604.34,0.483,1,0,0,442.67,0.483,0,0
997,3,350.95,4,17900.0,2523.42,0.141,0,1,0,350.95,0.141,1,0
7165,1,350.87,4,49400.0,5406.28,0.109,0,0,No,350.87,0.109,0,0
2718,1,1816.97,14,49400.0,12717.89,25.7%,1,0,Y,1816.97,0.257,0,1
3025,2,273.12,2,51400.0,17206.65,0.335,5,1,N,273.12,0.335,1,0
9365,1,413.24,1,59400.0,25446.39,0.428,1,N,No,413.24,0.428,0,0
4988,3,360.58,4,44400.0,14905.52,0.336,0,1,No,360.58,0.336,1,0
1664,1,447.07,1,13700.0,4240.11,0.309,2,No,1,447.07,0.309,0,1
1462,4,264.69,0,3200.0,754.5,0.236,2,No,No,264.69,0.236,0,0
5839,1,286.9,1,10600.0,1244.21,0.117,1,0,Y,286.9,0.117,0,1
586,4,401.09,4,45500.0,12214.75,0.268,1,Yes,1,401.09,0.268,1,1
1327,1,267.05,1,39000.0,8846.99,0.227,1,0,0,267.05,0.227,0,0
2116,3,579.28,4,30200.0,1428.48,0.047,1,0,0,579.28,0.047,0,0
8650,1,190.71,0,57100.0,27644.2,0.484,0,0,1,190.71,0.484,0,1
4712,1,643.85,3,16100.0,7100.09,0.441,0,0,Y,643.85,0.441,0,1
12042,1,373.37,2,42600.0,13669.5,0.321,0,0,0,373.37,0.321,0,0
10340,1,945.78,4,58300.0,33859.31,0.581,1,0,0,945.78,0.581,0,0
4858,3,507.51,1,5700.0,2274.92,0.399,2,Y,No,507.51,0.399,1,0
7643,1,331.49,4,43500.0,15682.04,0.361,1,No,Y,331.49,0.361,0,1
2469,3,414.77,3,7700.0,3957.2,0.514,1,1,0,414.77,0.514,1,0
5875,4,479.45,2,11700.0,2299.68,19.7%,0,Yes,0,479.45,0.19699999999999998,1,0
7373,1,377.46,3,24600.0,10597.05,43.1%,2,Yes,0,377.46,0.431,1,0
9103,2,525.05,4,15500.0,1865.14,0.12,2,1,0,525.05,0.12,1,0
8840,2,225.87,2,22100.0,6398.22,0.29,0,Y,0,225.87,0.29,1,0
16,3,405.81,1,59300.0,9680.92,0.163,2,0,0,405.81,0.163,0,0
8029,2,411.97,2,44900.0,11673.62,0.26,0,No,0,411.97,0.26,0,0
10400,1,239.9,0,42400.0,15335.25,36.2%,2,1,1,239.9,0.36200000000000004,1,1
4194,3,805.09,8,7200.0,2124.61,0.295,1,1,No,805.09,0.295,1,0
1332,5,916.62,13,39600.0,1193.95,0.03,2,1,0,916.62,0.03,1,0
4066,3,260.84,1,33700.0,2316.11,6.9%,0,Yes,0,260.84,0.069,1,0
4788,3,452.98,2,38600.0,21410.02,0.555,0,Yes,No,452.98,0.555,1,0
225,1,670.13,7,7000.0,2229.16,0.318,2,N,Y,670.13,0.318,0,1
3320,3,590.16,4,49800.0,6530.52,13.1%,1,Y,0,590.16,0.131,1,0
6796,4,628.23,2,34300.0,15682.33,45.7%,0,No,N,628.23,0.457,0,0
2212,4,490.83,6,27300.0,15459.83,0.566,2,1,0,490.83,0.566,1,0
6378,2,312.85,2,36500.0,8022.97,0.22,1,1,0,312.85,0.22,1,0
2677,5,212.57,0,32200.0,3778.1,11.7%,2,Y,0,212.57,0.11699999999999999,1,0
9062,1,570.77,2,4400.0,1002.5,0.228,1,0,1,570.77,0.228,0,1
6459,1,,3,53900.0,4919.73,0.091,2,0,No,411.22,0.091,0,0
1038,5,248.33,1,6500.0,1768.74,0.272,0,Y,N,248.33,0.272,1,0
2089,1,462.23,2,34500.0,5706.1,16.5%,2,Y,N,462.23,0.165,1,0
3058,4,329.3,3,17000.0,11690.26,0.688,1,N,N,329.3,0.688,0,0
4782,3,1372.01,6,11900.0,3036.9,0.255,0,1,N,1372.01,0.255,1,0
10921,3,279.71,3,27700.0,3925.61,0.142,0,1,No,279.71,0.142,1,0
10655,2,336.69,2,7200.0,938.43,13.0%,1,1,N,336.69,0.13,1,0
7615,1,577.37,5,4700.0,2893.4,0.616,0,No,No,577.37,0.616,0,0
4259,1,653.24,4,53300.0,7701.05,14.4%,0,1,No,653.24,0.14400000000000002,1,0
3978,5,241.93,1,24800.0,6590.23,0.266,0,0,0,241.93,0.266,0,0
906,3,407.59,2,33100.0,9885.15,0.299,0,0,0,407.59,0.299,0,0
3946,2,203.45,0,35900.0,10937.15,0.305,0,Yes,0,203.45,0.305,1,0
3014,1,352.32,0,33000.0,8690.49,0.263,1,Y,1,352.32,0.263,1,1
3424,1,583.43,5,18800.0,10718.66,57.0%,0,0,N,583.43,0.57,0,0
10880,2,234.78,2,33800.0,6091.61,0.18,1,Yes,No,234.78,0.18,1,0
10434,1,484.29,2,50300.0,4858.97,9.7%,0,0,0,484.29,0.09699999999999999,0,0
2413,5,871.86,12,25400.0,2465.74,0.097,1,Yes,N,871.86,0.097,1,0
5851,3,1081.08,8,21600.0,5125.32,0.237,0,1,No,1081.08,0.237,1,0
10270,4,307.98,4,10100.0,2624.77,0.26,0,1,No,307.98,0.26,1,0
4491,2,476.42,4,31900.0,11305.05,0.354,2,Yes,0,476.42,0.354,1,0
7569,1,448.38,3,41700.0,14001.46,0.336,1,N,0,448.38,0.336,0,0
2122,3,272.53,2,29000.0,916.53,0.032,0,1,0,272.53,0.032,1,0
9381,5,319.89,3,15800.0,1218.47,7.7%,0,Yes,0,319.89,0.077,1,0
2081,1,515.96,5,55700.0,4730.64,8.5%,0,Y,0,515.96,0.085,1,0
11609,5,378.17,2,4100.0,874.69,0.213,2,Y,N,378.17,0.213,1,0
10090,2,575.36,8,55500.0,14558.67,0.262,1,Y,0,575.36,0.262,1,0
5016,1,206.33,1,3700.0,491.19,0.133,2,1,0,206.33,0.133,1,0
4869,3,201.71,3,40300.0,14430.76,0.358,2,Yes,0,201.71,0.358,1,0
5824,1,151.59,1,27800.0,9486.28,0.341,1,0,No,151.59,0.341,0,0
9597,4,417.66,2,27000.0,1232.57,0.046,1,Y,0,417.66,0.046,1,0
1818,2,234.97,2,40200.0,14316.89,0.356,0,Y,0,234.97,0.356,1,0
11357,1,513.07,2,17400.0,3892.95,0.224,1,No,Yes,513.07,0.224,0,1
8537,4,269.35,0,17200.0,3622.1,0.211,0,1,N,269.35,0.211,1,0
2032,2,248.6,3,34400.0,2767.15,0.08,1,1,N,248.6,0.08,1,0
9149,4,194.6,0,48600.0,2971.15,0.061,0,No,No,194.6,0.061,0,0
5902,1,882.47,5,49300.0,6793.15,0.138,2,No,1,882.47,0.138,0,1
8119,2,224.53,3,22600.0,6602.48,0.292,1,Yes,No,224.53,0.292,1,0
11469,2,863.98,10,10000.0,6159.07,0.616,1,Y,No,863.98,0.616,1,0
8418,1,244.84,2,49200.0,18203.37,0.37,0,N,No,244.84,0.37,0,0
6761,2,826.71,7,2500.0,325.75,0.13,1,1,N,826.71,0.13,1,0
6967,3,82.22,1,27400.0,660.26,0.024,1,No,No,82.22,0.024,0,0
1341,4,513.52,2,14400.0,8314.41,0.577,0,0,0,513.52,0.577,0,0
2529,1,625.39,3,44500.0,7115.61,0.16,0,No,1,625.39,0.16,0,1
5235,1,552.2,3,20600.0,7054.84,0.342,3,1,Yes,552.2,0.342,1,1
9173,1,258.98,2,27900.0,7386.67,26.5%,1,1,Y,258.98,0.265,1,1
1800,2,358.03,0,39300.0,7902.78,0.201,1,Yes,0,358.03,0.201,1,0
1151,1,405.84,4,33100.0,18477.23,55.8%,0,0,1,405.84,0.5579999999999999,0,1
552,2,414.18,6,15600.0,7016.9,45.0%,1,1,0,414.18,0.45,1,0
3065,2,196.55,4,45600.0,10733.62,0.235,1,1,N,196.55,0.235,1,0
1570,2,191.65,0,24500.0,5657.47,0.231,0,Y,0,191.65,0.231,1,0
11817,2,,5,14400.0,1925.28,0.134,1,Yes,No,575.25,0.134,1,0
9539,1,894.65,8,13200.0,4323.51,0.328,0,Yes,Yes,894.65,0.328,1,1
5665,1,78.69,3,37800.0,11366.28,0.301,1,No,N,78.69,0.301,0,0
3201,1,1272.48,10,57900.0,8380.03,0.145,0,0,0,1272.48,0.145,0,0
6496,2,68.86,0,38300.0,18806.29,0.491,1,1,0,68.86,0.491,1,0
2478,2,176.57,0,9300.0,3217.49,0.346,0,1,0,176.57,0.346,1,0
8001,2,,3,26900.0,804.89,0.03,1,0,0,411.22,0.03,0,0
10987,1,2259.36,15,31000.0,7553.73,0.244,0,N,Yes,2259.36,0.244,0,1
10649,1,526.13,5,26000.0,2288.6,0.088,0,No,Yes,526.13,0.088,0,1
4369,2,368.9,0,34600.0,9194.11,0.266,3,Yes,0,368.9,0.266,1,0
8065,4,180.26,0,8700.0,4416.75,50.8%,1,0,No,180.26,0.508,0,0
11660,2,614.22,2,37200.0,9216.6,0.248,3,Y,0,614.22,0.248,1,0
4414,3,97.7,3,2300.0,1113.35,48.4%,0,Y,0,97.7,0.484,1,0
3314,1,1082.26,3,38200.0,2730.28,0.071,1,0,N,1082.26,0.071,0,0
3914,5,165.79,1,13300.0,6678.14,50.2%,0,Yes,N,165.79,0.502,1,0
5240,2,205.14,2,28000.0,3110.57,0.111,1,0,0,205.14,0.111,0,0
6937,3,163.13,0,57700.0,3087.01,0.054,0,1,0,163.13,0.054,1,0
6873,2,607.56,4,39400.0,4047.99,0.103,1,1,N,607.56,0.103,1,0
9371,1,1371.39,13,31700.0,2573.7,0.081,1,1,1,1371.39,0.081,1,1
7419,2,183.88,3,42500.0,6601.78,0.155,2,Y,No,183.88,0.155,1,0
8989,4,264.04,2,40600.0,11253.21,0.277,2,1,No,264.04,0.277,1,0
7449,1,270.21,2,58300.0,31417.47,0.539,0,0,0,270.21,0.539,0,0
6908,2,120.44,1,20400.0,11694.29,0.573,0,0,N,120.44,0.573,0,0
6679,1,281.18,2,54300.0,11391.55,0.21,1,N,Y,281.18,0.21,0,1
11240,3,932.25,3,27600.0,13282.13,0.481,4,N,0,932.25,0.481,0,0
11935,2,216.97,1,55200.0,16538.4,0.3,1,Yes,No,216.97,0.3,1,0
364,3,598.2,4,43400.0,19622.06,0.452,1,1,No,598.2,0.452,1,0
4341,4,279.65,2,24400.0,1294.39,0.053,0,1,N,279.65,0.053,1,0
11460,1,164.2,0,7100.0,1140.03,0.161,1,1,No,164.2,0.161,1,0
6600,4,178.99,2,14800.0,6584.55,0.445,1,Y,0,178.99,0.445,1,0
9043,1,447.71,1,22500.0,1519.62,6.8%,1,No,N,447.71,0.068,0,0
4908,2,167.72,3,33900.0,11992.95,0.354,0,1,N,167.72,0.354,1,0
6622,5,417.31,5,24700.0,13718.72,0.555,2,0,No,417.31,0.555,0,0
3451,2,402.18,2,58300.0,18794.84,0.322,0,No,No,402.18,0.322,0,0
5718,2,329.91,1,29000.0,14000.05,0.483,1,1,0,329.91,0.483,1,0
11403,4,317.12,0,54500.0,20112.38,0.369,2,Yes,0,317.12,0.369,1,0
8137,2,346.68,4,27800.0,10227.03,0.368,1,Y,0,346.68,0.368,1,0
209,4,204.91,2,47400.0,8938.45,0.189,1,Yes,N,204.91,0.189,1,0
2662,2,235.74,0,16300.0,7404.01,0.454,1,No,N,235.74,0.454,0,0
10112,1,338.26,2,11200.0,2408.18,0.215,1,1,0,338.26,0.215,1,0
1364,2,524.42,3,28200.0,10827.96,38.4%,0,1,No,524.42,0.384,1,0
8862,2,406.78,3,21300.0,5322.97,0.25,2,Yes,0,406.78,0.25,1,0
573,3,293.23,1,3300.0,699.69,21.2%,2,Yes,0,293.23,0.212,1,0
2729,3,638.94,1,34900.0,18115.03,0.519,0,Yes,0,638.94,0.519,1,0
11608,1,182.89,1,57000.0,10354.88,18.2%,1,No,No,182.89,0.182,0,0
6717,3,371.18,3,38200.0,17188.28,0.45,0,1,0,371.18,0.45,1,0
11069,2,668.98,6,15700.0,5246.01,33.4%,1,1,No,668.98,0.33399999999999996,1,0
4577,1,652.08,2,15400.0,5198.74,0.338,0,N,No,652.08,0.338,0,0
10997,2,200.3,2,54700.0,4648.9,0.085,0,1,0,200.3,0.085,1,0
6773,2,228.63,0,32400.0,1695.39,0.052,0,Yes,No,228.63,0.052,1,0
6542,3,763.25,7,15300.0,5324.5,0.348,1,Y,0,763.25,0.348,1,0
3541,4,176.6,1,22100.0,4862.37,0.22,1,1,0,176.6,0.22,1,0
10576,2,291.1,0,48600.0,34882.78,0.718,2,0,No,291.1,0.718,0,0
7553,3,1421.99,13,13500.0,4347.82,0.322,0,Yes,0,1421.99,0.322,1,0
7249,3,339.29,2,22700.0,10528.5,0.464,1,Yes,No,339.29,0.464,1,0
10898,1,321.42,3,2700.0,180.38,0.067,0,No,Y,321.42,0.067,0,1
10887,2,273.63,1,40800.0,11912.97,0.292,3,Yes,0,273.63,0.292,1,0
1343,2,350.85,2,50500.0,9322.59,0.185,1,N,0,350.85,0.185,0,0
10506,1,261.4,2,15700.0,5820.39,0.371,0,1,Yes,261.4,0.371,1,1
6596,3,345.44,3,27100.0,13043.26,0.481,1,No,No,345.44,0.481,0,0
4944,5,322.02,2,58800.0,16521.15,0.281,1,1,N,322.02,0.281,1,0
3343,2,227.14,2,49300.0,12656.34,0.257,1,1,0,227.14,0.257,1,0
1296,2,286.87,1,9100.0,2179.59,0.24,0,1,0,286.87,0.24,1,0
10732,2,1001.56,4,35600.0,21847.81,61.4%,0,No,0,1001.56,0.614,0,0
4755,1,213.73,0,49300.0,14455.4,0.293,3,0,Yes,213.73,0.293,0,1
7348,1,874.21,5,54600.0,5114.51,0.094,2,No,0,874.21,0.094,0,0
1865,1,479.2,1,49900.0,10587.53,0.212,1,N,N,479.2,0.212,0,0
11873,3,200.26,3,15700.0,4500.33,0.287,4,0,0,200.26,0.287,0,0
5361,4,308.14,3,28700.0,5001.15,0.174,2,1,0,308.14,0.174,1,0
6465,1,419.3,3,56700.0,11565.01,20.4%,1,0,0,419.3,0.204,0,0
2165,1,175.09,1,14100.0,2540.95,18.0%,0,No,0,175.09,0.18,0,0
3936,2,180.88,1,13500.0,1880.41,0.139,2,1,N,180.88,0.139,1,0
8490,1,678.97,2,27700.0,13814.55,0.499,0,0,No,678.97,0.499,0,0
3590,2,326.84,3,40900.0,8420.88,0.206,3,1,Y,326.84,0.206,1,1
3680,2,150.44,0,45400.0,27444.47,60.5%,2,N,0,150.44,0.605,0,0
2144,1,160.53,1,30200.0,5366.75,0.178,2,N,N,160.53,0.178,0,0
4488,1,316.59,1,38000.0,6267.72,0.165,0,Y,1,316.59,0.165,1,1
10425,3,688.39,11,7100.0,292.28,4.1%,0,Y,N,688.39,0.040999999999999995,1,0
4916,2,490.06,3,15400.0,6734.85,0.437,2,Yes,0,490.06,0.437,1,0
1749,2,401.78,2,29000.0,1959.64,0.068,1,Yes,N,401.78,0.068,1,0
10797,1,968.07,5,38300.0,9733.37,25.4%,1,N,0,968.07,0.254,0,0
8132,2,481.36,7,6200.0,2762.2,0.446,2,0,No,481.36,0.446,0,0
3097,2,753.23,3,43700.0,22878.59,0.524,0,Yes,No,753.23,0.524,1,0
637,1,186.93,1,55600.0,15300.09,0.275,3,0,Y,186.93,0.275,0,1
5677,4,341.48,1,12500.0,7470.21,0.598,0,0,0,341.48,0.598,0,0
5307,2,226.19,1,54200.0,12714.23,0.235,4,N,0,226.19,0.235,0,0
6145,4,253.39,1,39200.0,22901.82,0.584,3,N,No,253.39,0.584,0,0
8854,3,795.66,2,11100.0,6470.24,0.583,0,0,No,795.66,0.583,0,0
5130,2,120.46,2,8300.0,1361.44,0.164,0,1,No,120.46,0.164,1,0
7103,4,306.35,1,53600.0,1753.17,0.033,0,Yes,0,306.35,0.033,1,0
10943,1,229.11,0,49000.0,5260.94,10.7%,0,0,No,229.11,0.107,0,0
4501,5,387.82,3,16300.0,3453.82,0.212,1,1,0,387.82,0.212,1,0
97,1,874.29,6,14400.0,3089.62,21.5%,1,0,Yes,874.29,0.215,0,1
10687,2,1244.6,11,56700.0,5596.87,0.099,1,1,0,1244.6,0.099,1,0
11728,3,197.23,1,30500.0,14391.56,0.472,3,Yes,No,197.23,0.472,1,0
7320,1,259.41,0,47400.0,7901.56,0.167,0,1,Y,259.41,0.167,1,1
7856,3,849.75,6,57200.0,13243.13,23.2%,2,1,N,849.75,0.23199999999999998,1,0
2944,3,1070.3,5,51500.0,33621.08,0.653,2,N,N,1070.3,0.653,0,0
7512,3,327.16,2,57200.0,26670.83,0.466,0,0,No,327.16,0.466,0,0
3620,1,279.71,2,42100.0,6560.44,0.156,0,0,0,279.71,0.156,0,0
3639,4,155.44,0,8600.0,4714.05,0.548,1,Yes,0,155.44,0.548,1,0
1186,1,643.21,4,43300.0,22516.84,52.0%,2,N,No,643.21,0.52,0,0
11650,3,407.49,3,47400.0,22685.17,0.479,0,0,0,407.49,0.479,0,0
6747,4,529.22,5,32500.0,3311.58,0.102,0,Yes,No,529.22,0.102,1,0
7335,4,665.84,4,13000.0,3182.39,0.245,1,0,N,665.84,0.245,0,0
4721,1,592.39,3,3400.0,249.69,0.073,1,N,0,592.39,0.073,0,0
783,2,455.85,2,45100.0,16602.37,0.368,1,Y,No,455.85,0.368,1,0
10146,1,587.81,4,46400.0,11326.94,0.244,2,0,1,587.81,0.244,0,1
9186,2,537.48,7,6900.0,1638.16,0.237,2,1,0,537.48,0.237,1,0
3086,4,178.48,2,49900.0,11783.25,0.236,2,1,N,178.48,0.236,1,0
585,2,241.73,2,38100.0,15368.23,0.403,2,N,No,241.73,0.403,0,0
3066,3,549.26,2,15900.0,5775.01,0.363,0,1,0,549.26,0.363,1,0
8532,1,614.31,8,27700.0,947.67,3.4%,1,No,1,614.31,0.034,0,1
11683,3,,2,34800.0,7277.35,0.209,1,1,0,339.29,0.209,1,0
10685,1,401.14,4,57600.0,13342.54,0.232,1,0,N,401.14,0.232,0,0
577,1,549.84,3,9800.0,1704.06,0.174,1,No,Yes,549.84,0.174,0,1
11783,2,400.72,3,54800.0,14222.74,0.26,1,1,0,400.72,0.26,1,0
1113,2,,4,14400.0,3021.24,21.0%,1,Y,0,507.11,0.21,1,0
7650,1,201.82,2,15900.0,6340.23,0.399,1,No,N,201.82,0.399,0,0
6317,1,391.79,2,2500.0,87.18,3.5%,0,No,1,391.79,0.035,0,1
2774,2,497.56,5,31300.0,8185.65,0.262,0,1,No,497.56,0.262,1,0
7184,2,187.11,2,10400.0,419.42,0.04,1,0,0,187.11,0.04,0,0
9281,2,1309.68,8,35800.0,6707.05,0.187,1,1,0,1309.68,0.187,1,0
8493,2,601.43,4,7600.0,3553.44,46.8%,0,Yes,0,601.43,0.46799999999999997,1,0
2846,2,417.54,2,19000.0,4655.94,24.5%,0,N,0,417.54,0.245,0,0
3,2,292.46,2,35800.0,16462.55,0.46,0,0,No,292.46,0.46,0,0
11072,1,314.86,0,19000.0,7638.44,0.402,2,N,No,314.86,0.402,0,0
10564,1,699.17,2,32100.0,14260.43,0.444,1,N,0,699.17,0.444,0,0
11954,2,993.9,8,5600.0,2164.6,0.387,1,1,N,993.9,0.387,1,0
5342,5,2194.03,16,3200.0,946.42,0.296,2,Y,No,2194.03,0.296,1,0
5362,2,313.04,2,47900.0,6654.27,13.9%,1,Yes,N,313.04,0.139,1,0
12098,3,315.68,4,46000.0,13932.37,0.303,1,Y,N,315.68,0.303,1,0
11309,1,474.36,2,59500.0,13487.15,0.227,0,1,N,474.36,0.227,1,0
2780,2,449.35,5,36300.0,19690.87,54.2%,2,1,N,449.35,0.542,1,0
644,1,112.71,1,21400.0,7142.68,33.4%,1,No,Yes,112.71,0.33399999999999996,0,1
4840,1,345.16,3,26700.0,10420.08,0.39,0,No,N,345.16,0.39,0,0
2589,2,347.75,5,11600.0,1831.69,0.158,1,1,0,347.75,0.158,1,0
1029,5,853.46,9,24900.0,7546.28,0.303,1,1,No,853.46,0.303,1,0
951,2,154.62,1,4900.0,1967.26,0.401,1,1,N,154.62,0.401,1,0
8769,1,252.26,0,27500.0,4812.85,0.175,0,No,N,252.26,0.175,0,0
7135,1,520.53,3,26700.0,1419.37,0.053,0,0,1,520.53,0.053,0,1
2564,1,816.36,3,45200.0,5109.42,0.113,1,1,N,816.36,0.113,1,0
8134,4,504.23,3,2700.0,762.49,0.282,1,1,0,504.23,0.282,1,0
8302,5,115.47,3,41800.0,5637.77,13.5%,2,N,No,115.47,0.135,0,0
5521,4,603.77,2,46900.0,11402.47,0.243,1,Yes,0,603.77,0.243,1,0
21,1,293.19,2,28600.0,16611.14,0.581,1,N,N,293.19,0.581,0,0
5017,4,212.18,2,32000.0,8701.54,0.272,0,Yes,N,212.18,0.272,1,0
3612,2,679.78,4,24700.0,3623.01,0.147,2,1,0,679.78,0.147,1,0
7576,1,186.8,4,17700.0,6477.83,0.366,2,N,0,186.8,0.366,0,0
1379,2,258.59,1,32000.0,5057.47,0.158,0,N,0,258.59,0.158,0,0
2967,4,305.36,3,42400.0,4977.71,0.117,2,1,0,305.36,0.117,1,0
8063,4,219.99,1,5600.0,1524.82,0.272,2,Yes,0,219.99,0.272,1,0
7930,3,607.6,5,43400.0,6586.91,0.152,1,1,0,607.6,0.152,1,0
6792,4,1687.1,10,57300.0,11382.87,19.9%,1,1,0,1687.1,0.19899999999999998,1,0
5901,1,210.91,1,15500.0,2516.32,0.162,2,N,1,210.91,0.162,0,1
747,1,297.47,2,37200.0,7408.87,19.9%,0,1,1,297.47,0.19899999999999998,1,1
9426,1,323.45,1,10000.0,3495.93,0.35,0,Y,N,323.45,0.35,1,0
5920,3,661.4,5,28900.0,11587.62,0.401,1,N,No,661.4,0.401,0,0
5990,2,522.62,6,21700.0,677.77,0.031,1,Yes,0,522.62,0.031,1,0
1531,1,454.21,3,3300.0,855.51,0.259,1,0,1,454.21,0.259,0,1
6484,2,753.48,4,36100.0,18227.59,0.505,3,Yes,No,753.48,0.505,1,0
73,1,295.13,1,10000.0,902.1,0.09,3,0,Yes,295.13,0.09,0,1
4357,2,457.24,3,27700.0,4688.37,16.9%,0,1,N,457.24,0.16899999999999998,1,0
2769,4,272.78,2,26100.0,10608.75,0.406,3,1,0,272.78,0.406,1,0
12180,1,52.15,0,54100.0,3591.06,0.066,1,0,0,52.15,0.066,0,0
3241,1,181.94,1,10100.0,1380.53,13.7%,2,N,0,181.94,0.13699999999999998,0,0
5905,1,,5,8300.0,6086.52,0.733,1,N,Y,575.25,0.733,0,1
10548,1,175.57,1,5400.0,1924.57,35.6%,3,No,1,175.57,0.35600000000000004,0,1
7442,5,596.99,4,20500.0,1837.44,0.09,1,1,0,596.99,0.09,1,0
3488,4,105.99,1,4100.0,719.29,0.175,0,Yes,No,105.99,0.175,1,0
6616,1,469.33,3,43200.0,15601.67,0.361,0,0,N,469.33,0.361,0,0
2538,5,1320.63,6,11400.0,2660.66,0.233,3,No,No,1320.63,0.233,0,0
6580,2,530.03,1,13400.0,3258.0,0.243,1,Y,0,530.03,0.243,1,0
2674,2,956.31,3,28400.0,16074.17,0.566,0,0,0,956.31,0.566,0,0
2508,1,379.35,3,57900.0,11044.0,0.191,1,No,0,379.35,0.191,0,0
8932,1,231.46,4,28100.0,6246.4,0.222,1,N,1,231.46,0.222,0,1
4213,2,186.97,0,50800.0,33930.1,66.8%,1,No,No,186.97,0.6679999999999999,0,0
171,1,262.87,2,41700.0,13111.84,31.4%,2,No,0,262.87,0.314,0,0
3206,1,,3,11700.0,808.06,6.9%,3,0,1,411.22,0.069,0,1
10131,2,462.51,6,20900.0,4478.9,21.4%,1,Yes,0,462.51,0.214,1,0
2800,2,363.14,2,57600.0,14615.11,0.254,1,1,N,363.14,0.254,1,0
3388,1,1649.19,9,53500.0,6367.43,11.9%,0,1,0,1649.19,0.11900000000000001,1,0
6607,1,412.31,0,37100.0,10474.33,0.282,1,0,Yes,412.31,0.282,0,1
9489,2,230.98,2,39900.0,1033.99,2.6%,1,1,0,230.98,0.026000000000000002,1,0
3470,1,294.62,4,46200.0,19885.73,0.43,2,No,1,294.62,0.43,0,1
5708,5,422.93,1,31300.0,17830.3,0.57,0,No,N,422.93,0.57,0,0
9158,1,284.15,3,17100.0,5814.98,0.34,2,No,No,284.15,0.34,0,0
1230,2,1449.11,11,18500.0,1819.16,0.098,0,No,No,1449.11,0.098,0,0
3554,1,1049.99,10,57200.0,25436.65,0.445,1,Yes,No,1049.99,0.445,1,0
20,3,489.52,5,30000.0,5344.65,0.178,0,1,No,489.52,0.178,1,0
10982,1,339.25,0,56200.0,9278.71,0.165,0,Yes,0,339.25,0.165,1,0
6379,2,439.72,3,13300.0,3853.75,0.29,0,1,No,439.72,0.29,1,0
4954,1,520.33,4,37200.0,3597.06,9.7%,1,N,1,520.33,0.09699999999999999,0,1
7248,3,504.68,2,54900.0,2750.1,0.05,2,Y,N,504.68,0.05,1,0
9424,3,1481.6,8,45800.0,31138.09,0.68,0,1,0,1481.6,0.68,1,0
10035,2,227.98,0,23400.0,4653.09,0.199,2,1,N,227.98,0.199,1,0
5673,3,496.98,1,19100.0,3950.31,0.207,0,Yes,0,496.98,0.207,1,0
602,3,563.14,3,27000.0,17704.18,65.6%,0,0,No,563.14,0.6559999999999999,0,0
7179,1,245.85,2,50100.0,20693.91,0.413,0,1,N,245.85,0.413,1,0
317,2,161.46,1,8100.0,1535.1,0.19,2,Yes,0,161.46,0.19,1,0
9637,2,242.18,0,52400.0,12986.75,0.248,1,1,0,242.18,0.248,1,0
7049,1,434.89,3,23900.0,5349.73,0.224,0,No,0,434.89,0.224,0,0
6736,1,282.91,2,56400.0,18865.76,0.334,1,0,No,282.91,0.334,0,0
3622,3,200.24,3,38100.0,4641.68,0.122,0,Yes,0,200.24,0.122,1,0
9584,2,450.74,3,21200.0,3813.95,18.0%,1,1,N,450.74,0.18,1,0
7040,4,447.2,1,57300.0,6769.57,0.118,3,Y,Y,447.2,0.118,1,1
1049,4,319.72,5,53200.0,23969.27,0.451,0,Yes,0,319.72,0.451,1,0
2957,4,824.63,5,57500.0,6281.37,10.9%,1,Yes,0,824.63,0.109,1,0
5838,1,682.84,6,19400.0,6121.11,31.6%,1,0,1,682.84,0.316,0,1
6702,4,586.97,5,23800.0,9124.25,0.383,0,1,N,586.97,0.383,1,0
5322,2,279.62,3,4600.0,851.33,0.185,1,1,No,279.62,0.185,1,0
1810,2,613.56,4,7700.0,2108.83,0.274,0,1,N,613.56,0.274,1,0
10280,3,357.08,0,35400.0,9853.39,0.278,0,0,0,357.08,0.278,0,0
11497,2,1190.17,8,2400.0,1198.07,0.499,3,Y,No,1190.17,0.499,1,0
790,3,291.94,2,34800.0,8647.9,0.249,1,1,0,291.94,0.249,1,0
3309,1,126.46,1,19000.0,6451.04,0.34,2,0,N,126.46,0.34,0,0
5715,3,472.83,4,39400.0,6461.29,0.164,0,Y,1,472.83,0.164,1,1
10641,2,378.76,3,16800.0,4245.89,25.3%,1,1,0,378.76,0.253,1,0
5346,2,81.43,2,48000.0,13639.1,0.284,0,Y,N,81.43,0.284,1,0
999,2,558.69,3,41500.0,28198.69,0.679,1,1,N,558.69,0.679,1,0
6069,2,244.79,1,9600.0,2340.87,0.244,1,1,0,244.79,0.244,1,0
8055,3,188.84,3,6800.0,1085.93,0.16,1,1,0,188.84,0.16,1,0
4110,1,1797.21,4,9000.0,4723.29,52.5%,1,0,N,1797.21,0.525,0,0
8907,2,226.56,0,57300.0,18817.85,0.328,2,1,N,226.56,0.328,1,0
890,5,953.62,5,28300.0,10085.47,0.356,0,Yes,N,953.62,0.356,1,0
4678,4,310.38,2,23600.0,8375.18,0.355,0,1,N,310.38,0.355,1,0
1629,2,823.89,4,4800.0,853.8,0.178,0,N,0,823.89,0.178,0,0
11594,1,814.42,8,10400.0,6750.75,64.9%,2,No,N,814.42,0.649,0,0
2745,2,498.33,2,4500.0,1022.91,0.227,1,Yes,No,498.33,0.227,1,0
3189,2,616.56,2,11500.0,4404.9,38.3%,2,Y,No,616.56,0.38299999999999995,1,0
7528,3,589.14,5,43600.0,3781.08,0.087,1,Y,No,589.14,0.087,1,0
645,2,186.87,1,34100.0,17847.21,0.523,0,N,0,186.87,0.523,0,0
4585,3,210.84,0,56100.0,28699.96,0.512,3,1,No,210.84,0.512,1,0
5506,1,365.09,2,17200.0,1718.81,0.1,2,No,1,365.09,0.1,0,1
3849,5,1107.13,10,21600.0,5566.22,25.8%,2,1,No,1107.13,0.258,1,0
4344,2,918.8,8,18400.0,1929.92,0.105,0,Y,Yes,918.8,0.105,1,1
11113,4,411.88,2,51300.0,1150.12,0.022,2,1,N,411.88,0.022,1,0
3836,3,726.05,5,31600.0,7452.88,0.236,0,1,No,726.05,0.236,1,0
2461,2,655.54,5,19100.0,5830.92,0.305,3,Y,Y,655.54,0.305,1,1
10753,2,108.81,1,21900.0,6605.01,30.2%,2,Y,N,108.81,0.302,1,0
9821,2,354.37,2,48300.0,21099.81,0.437,0,1,No,354.37,0.437,1,0
8834,3,435.1,2,38500.0,5057.81,0.131,3,Y,0,435.1,0.131,1,0
4000,4,131.86,0,24600.0,11779.08,0.479,2,Y,N,131.86,0.479,1,0
7316,1,390.16,2,39600.0,4864.95,0.123,1,N,No,390.16,0.123,0,0
7570,1,90.5,2,43400.0,25922.2,0.597,1,No,Y,90.5,0.597,0,1
5743,2,154.9,0,29800.0,14978.21,0.503,0,1,No,154.9,0.503,1,0
8793,3,691.41,3,43700.0,15945.86,0.365,0,1,0,691.41,0.365,1,0
8701,1,879.33,1,10600.0,3302.1,0.312,0,N,0,879.33,0.312,0,0
3627,1,126.31,1,7000.0,3467.71,0.495,1,No,0,126.31,0.495,0,0
5013,3,95.7,1,45500.0,20639.09,45.4%,2,1,0,95.7,0.45399999999999996,1,0
8153,4,1463.8,5,25400.0,4947.3,0.195,1,1,0,1463.8,0.195,1,0
1376,3,320.91,4,13700.0,2767.22,0.202,0,1,No,320.91,0.202,1,0
6729,3,1200.77,11,6600.0,1038.71,0.157,3,Yes,0,1200.77,0.157,1,0
9607,2,749.86,4,14300.0,1178.55,0.082,4,Yes,No,749.86,0.082,1,0
10155,1,152.67,0,53700.0,12457.66,0.232,0,No,0,152.67,0.232,0,0
2263,2,354.15,1,38200.0,16242.48,42.5%,2,1,No,354.15,0.425,1,0
10111,1,333.68,2,50500.0,8485.32,0.168,1,1,1,333.68,0.168,1,1
4068,3,313.36,2,2900.0,402.63,0.139,0,1,No,313.36,0.139,1,0
6086,4,363.37,0,30100.0,8365.68,0.278,1,0,N,363.37,0.278,0,0
7445,3,387.94,4,12500.0,5540.56,0.443,1,No,0,387.94,0.443,0,0
5318,3,173.89,1,33500.0,1593.49,0.048,1,1,0,173.89,0.048,1,0
8396,2,1020.42,9,41800.0,5679.45,0.136,0,Y,0,1020.42,0.136,1,0
698,1,440.72,2,30300.0,4838.92,0.16,2,Yes,N,440.72,0.16,1,0
2379,1,561.08,7,44900.0,11679.62,0.26,1,No,0,561.08,0.26,0,0
10946,3,309.17,0,59800.0,31480.87,52.6%,1,Yes,N,309.17,0.526,1,0
10396,2,2231.07,14,40400.0,5405.74,0.134,0,Yes,N,2231.07,0.134,1,0
5549,2,343.83,0,38600.0,2355.57,6.1%,0,1,N,343.83,0.061,1,0
3362,3,506.21,2,19100.0,10158.22,0.532,1,N,0,506.21,0.532,0,0
10255,1,171.62,0,4700.0,2125.8,0.452,2,N,0,171.62,0.452,0,0
10127,4,780.53,5,24700.0,6077.26,0.246,1,1,N,780.53,0.246,1,0
9655,2,319.18,5,11400.0,2646.66,0.232,0,Y,0,319.18,0.232,1,0
10518,1,432.59,3,13700.0,7919.9,0.578,0,0,No,432.59,0.578,0,0
9897,1,262.29,3,10900.0,7357.89,0.675,3,0,Yes,262.29,0.675,0,1
2700,2,139.76,1,3300.0,270.58,0.082,3,Y,0,139.76,0.082,1,0
7895,1,507.12,4,16700.0,5062.05,0.303,0,No,No,507.12,0.303,0,0
5712,1,602.6,5,29700.0,693.62,0.023,2,No,Yes,602.6,0.023,0,1
8916,5,426.21,6,38900.0,8583.73,22.1%,1,1,0,426.21,0.221,1,0
4799,2,375.66,1,46400.0,8210.65,0.177,1,1,0,375.66,0.177,1,0
316,3,257.64,3,41200.0,13907.4,0.338,1,1,0,257.64,0.338,1,0
5751,1,560.96,5,30000.0,9363.55,0.312,0,N,0,560.96,0.312,0,0
11102,5,128.43,0,41800.0,6392.23,0.153,1,1,No,128.43,0.153,1,0
4534,4,224.3,3,18100.0,6184.4,0.342,0,0,N,224.3,0.342,0,0
10011,1,108.45,2,12500.0,5492.7,0.439,0,Y,0,108.45,0.439,1,0
3708,2,470.22,3,35500.0,4831.59,0.136,1,1,0,470.22,0.136,1,0
8975,5,420.96,4,11300.0,2983.86,0.264,2,Yes,0,420.96,0.264,1,0
312,2,488.66,4,45500.0,28196.7,0.62,2,0,0,488.66,0.62,0,0
625,1,895.7,10,28100.0,11077.49,0.394,1,0,No,895.7,0.394,0,0
8350,3,218.78,0,46900.0,16152.13,0.344,2,1,0,218.78,0.344,1,0
931,2,299.17,5,23500.0,14934.57,0.636,0,Yes,Y,299.17,0.636,1,1
1951,5,1056.96,4,14700.0,901.65,0.061,0,1,0,1056.96,0.061,1,0
8904,2,450.07,2,10300.0,3085.2,0.3,2,1,No,450.07,0.3,1,0
5218,4,180.61,0,14400.0,4550.65,0.316,1,1,N,180.61,0.316,1,0
3551,4,306.87,1,56100.0,6848.04,0.122,3,1,1,306.87,0.122,1,1
10167,1,115.67,1,44000.0,21439.74,0.487,0,0,N,115.67,0.487,0,0
3020,2,519.81,4,38300.0,12488.56,0.326,0,1,No,519.81,0.326,1,0
10170,3,302.05,2,51400.0,19634.25,38.2%,3,No,N,302.05,0.382,0,0
12152,3,248.62,5,26600.0,6782.4,0.255,0,0,N,248.62,0.255,0,0
9469,4,242.29,1,26400.0,1675.41,0.063,3,Yes,N,242.29,0.063,1,0
9965,4,170.73,0,24700.0,12317.14,0.499,2,1,N,170.73,0.499,1,0
2687,2,717.37,4,26000.0,9299.79,0.358,2,Yes,0,717.37,0.358,1,0
1442,1,324.53,1,22500.0,8505.21,0.378,1,Y,N,324.53,0.378,1,0
6289,3,272.71,1,42200.0,20816.34,0.493,1,1,No,272.71,0.493,1,0
2383,2,605.47,6,40700.0,9620.41,0.236,1,1,0,605.47,0.236,1,0
8780,4,388.7,3,13000.0,5278.39,0.406,0,1,0,388.7,0.406,1,0
11552,2,290.75,3,58900.0,11037.46,0.187,5,0,0,290.75,0.187,0,0
1902,3,157.45,0,28200.0,11540.17,0.409,0,1,N,157.45,0.409,1,0
6889,1,628.15,6,43300.0,12625.39,29.2%,0,0,No,628.15,0.292,0,0
8760,1,349.09,2,45500.0,9392.02,20.6%,2,0,1,349.09,0.20600000000000002,0,1
9603,2,405.77,2,25800.0,1989.27,0.077,0,No,0,405.77,0.077,0,0
9677,1,845.18,3,11500.0,4786.94,0.416,2,0,1,845.18,0.416,0,1
7661,2,124.69,2,28700.0,7805.05,0.272,0,1,0,124.69,0.272,1,0
7808,2,417.28,0,55600.0,5167.9,0.093,0,Y,0,417.28,0.093,1,0
11808,1,539.68,3,41300.0,439.19,1.1%,2,1,0,539.68,0.011000000000000001,1,0
3844,2,352.61,1,13700.0,5271.17,0.385,0,1,0,352.61,0.385,1,0
4163,3,164.73,3,43800.0,16097.18,36.8%,0,Yes,N,164.73,0.368,1,0
1952,3,507.83,5,29300.0,8916.85,30.4%,0,1,0,507.83,0.304,1,0
8011,2,247.94,1,42800.0,12138.29,0.284,2,Y,No,247.94,0.284,1,0
11304,2,516.12,1,56100.0,11366.16,20.3%,1,Y,0,516.12,0.203,1,0
5414,1,673.11,4,56000.0,12238.61,0.219,0,1,Yes,673.11,0.219,1,1
9660,3,261.41,1,4400.0,257.36,5.8%,2,Y,0,261.41,0.057999999999999996,1,0
1737,1,483.44,8,7900.0,6000.61,0.76,2,0,No,483.44,0.76,0,0
7968,4,233.61,2,56400.0,11724.57,0.208,1,1,0,233.61,0.208,1,0
8358,1,513.99,3,51900.0,2119.65,0.041,0,Y,No,513.99,0.041,1,0
6653,2,353.64,4,24300.0,12998.78,53.5%,1,Y,N,353.64,0.535,1,0
9014,2,787.27,7,22300.0,7105.48,0.319,2,1,N,787.27,0.319,1,0
5724,1,1101.51,6,37100.0,9244.01,0.249,0,No,No,1101.51,0.249,0,0
10,1,517.78,3,25100.0,5149.57,0.205,1,No,0,517.78,0.205,0,0
7761,2,498.56,3,7000.0,3174.8,0.454,0,Y,0,498.56,0.454,1,0
5953,1,225.08,2,32500.0,19801.92,60.9%,0,No,No,225.08,0.609,0,0
11540,4,894.75,6,47400.0,7049.67,0.149,2,No,0,894.75,0.149,0,0
8265,1,363.57,2,20900.0,8762.42,0.419,0,0,No,363.57,0.419,0,0
5898,1,413.98,1,7100.0,1702.96,0.24,1,0,0,413.98,0.24,0,0
9427,2,732.26,2,17800.0,7722.9,0.434,1,Y,0,732.26,0.434,1,0
12075,3,535.49,4,2500.0,711.11,0.284,2,Y,0,535.49,0.284,1,0
7340,4,1347.52,11,37600.0,3344.51,0.089,0,Y,No,1347.52,0.089,1,0
11367,5,290.33,2,57100.0,13567.83,0.238,1,1,0,290.33,0.238,1,0
10071,4,705.95,4,15200.0,4022.64,0.265,1,1,N,705.95,0.265,1,0
3466,3,156.39,1,20200.0,7764.51,38.4%,2,Yes,N,156.39,0.384,1,0
2355,1,879.4,9,7900.0,1621.31,0.205,0,No,Yes,879.4,0.205,0,1
4746,4,623.11,1,52800.0,21557.29,0.408,3,Y,No,623.11,0.408,1,0
8107,2,315.02,1,32400.0,6429.36,0.198,1,Yes,No,315.02,0.198,1,0
7589,1,179.6,0,58800.0,29602.31,0.503,1,N,Yes,179.6,0.503,0,1
3108,1,655.37,2,10400.0,2583.03,0.248,2,0,0,655.37,0.248,0,0
7585,1,329.52,3,30600.0,11641.84,0.38,0,No,Y,329.52,0.38,0,1
2501,1,293.52,3,3900.0,1838.22,47.1%,0,N,0,293.52,0.47100000000000003,0,0
5290,1,404.93,6,2900.0,1495.32,0.516,0,No,0,404.93,0.516,0,0
8454,1,188.77,0,6500.0,782.64,0.12,1,0,Yes,188.77,0.12,0,1
7732,2,546.18,2,47000.0,6568.46,0.14,0,1,No,546.18,0.14,1,0
5845,1,586.0,5,31600.0,8852.44,0.28,1,1,0,586.0,0.28,1,0
4514,3,,1,46500.0,24444.31,52.6%,0,1,N,272.54,0.526,1,0
7922,2,275.62,1,18500.0,3453.88,0.187,0,0,No,275.62,0.187,0,0
5378,1,317.93,3,3600.0,436.45,12.1%,4,1,1,317.93,0.121,1,1
11420,1,403.35,2,14900.0,2223.39,0.149,2,0,N,403.35,0.149,0,0
6458,1,1517.94,8,7200.0,1024.52,0.142,1,No,0,1517.94,0.142,0,0
3431,5,352.03,2,12500.0,5390.32,0.431,2,1,No,352.03,0.431,1,0
2074,1,362.23,2,29800.0,9440.65,0.317,0,Y,0,362.23,0.317,1,0
10289,1,192.47,0,38000.0,10606.3,0.279,1,Yes,No,192.47,0.279,1,0
5974,2,374.34,7,53900.0,8033.33,0.149,1,Yes,0,374.34,0.149,1,0
9520,2,,4,50400.0,4874.51,9.7%,3,1,0,507.11,0.09699999999999999,1,0
11036,1,863.14,2,35900.0,3485.14,0.097,0,0,0,863.14,0.097,0,0
10086,5,892.21,4,35200.0,3683.46,0.105,1,Y,0,892.21,0.105,1,0
498,2,480.29,3,35500.0,26921.25,75.8%,0,1,0,480.29,0.758,1,0
8401,3,379.59,2,47400.0,8492.37,0.179,1,No,No,379.59,0.179,0,0
5952,1,287.87,0,50300.0,11320.6,0.225,0,1,N,287.87,0.225,1,0
2985,2,273.07,2,16000.0,8827.4,0.552,0,No,No,273.07,0.552,0,0
9806,2,754.95,6,18100.0,4020.98,0.222,2,1,0,754.95,0.222,1,0
4551,2,369.7,1,53000.0,14087.48,0.266,2,Yes,N,369.7,0.266,1,0
7995,1,396.97,2,22700.0,9673.32,0.426,1,1,1,396.97,0.426,1,1
11763,3,483.12,2,54300.0,12183.24,0.224,1,1,No,483.12,0.224,1,0
11623,2,209.15,2,58300.0,18150.95,31.1%,0,1,0,209.15,0.311,1,0
3315,3,409.45,1,59000.0,7996.7,0.136,1,0,No,409.45,0.136,0,0
2805,2,985.34,8,43300.0,27396.12,63.3%,1,0,0,985.34,0.633,0,0
5062,1,257.3,3,23300.0,8254.72,35.4%,0,No,Y,257.3,0.354,0,1
6794,1,796.6,8,17500.0,10504.16,0.6,0,N,0,796.6,0.6,0,0
5453,2,365.09,0,27500.0,14056.44,0.511,0,Y,No,365.09,0.511,1,0
12166,2,588.23,2,25300.0,3630.51,0.143,0,1,0,588.23,0.143,1,0
9262,1,,4,46500.0,17466.7,0.376,1,No,Y,507.11,0.376,0,1
2262,3,729.2,5,35200.0,13491.06,0.383,0,1,No,729.2,0.383,1,0
1978,3,464.39,4,26400.0,13012.55,0.493,1,1,0,464.39,0.493,1,0
4716,1,439.59,2,52800.0,12020.51,0.228,0,0,1,439.59,0.228,0,1
779,2,242.84,2,42400.0,13398.37,0.316,2,1,0,242.84,0.316,1,0
1884,2,295.88,3,3500.0,560.14,0.16,0,Y,Yes,295.88,0.16,1,1
5454,3,410.27,4,47300.0,15652.09,0.331,1,1,0,410.27,0.331,1,0
9685,2,209.31,2,18400.0,4312.59,0.234,0,1,0,209.31,0.234,1,0
3259,1,2032.21,24,2200.0,569.45,0.259,1,No,1,2032.21,0.259,0,1
4708,1,432.39,0,15000.0,3346.62,0.223,0,1,1,432.39,0.223,1,1
8142,3,276.8,1,28200.0,8022.23,0.284,0,1,No,276.8,0.284,1,0
5746,2,159.5,3,56400.0,32588.2,0.578,1,0,0,159.5,0.578,0,0
2566,2,693.2,2,42200.0,21987.92,0.521,0,N,0,693.2,0.521,0,0
10546,1,374.11,4,42400.0,10435.96,24.6%,1,N,0,374.11,0.24600000000000002,0,0
6976,2,221.5,1,53400.0,9587.47,0.18,2,Y,0,221.5,0.18,1,0
9636,3,432.3,1,29300.0,12708.15,43.4%,0,1,No,432.3,0.434,1,0
6192,1,323.28,1,5300.0,2540.47,0.479,1,0,No,323.28,0.479,0,0
6611,2,1182.04,7,45300.0,13490.81,0.298,0,1,No,1182.04,0.298,1,0
11679,1,413.34,5,27500.0,6900.87,0.251,1,1,N,413.34,0.251,1,0
1992,2,213.92,1,38000.0,6428.4,0.169,3,1,N,213.92,0.169,1,0
6725,1,304.95,2,13100.0,8271.45,63.1%,2,0,Y,304.95,0.631,0,1
1733,2,,2,13300.0,738.08,0.055,0,Y,0,339.29,0.055,1,0
6126,2,282.32,1,48000.0,7384.09,15.4%,1,1,N,282.32,0.154,1,0
2370,1,298.26,0,16500.0,4432.64,26.9%,0,Yes,Yes,298.26,0.26899999999999996,1,1
1215,1,456.49,5,17200.0,2818.48,0.164,0,N,1,456.49,0.164,0,1
2199,1,319.06,4,25300.0,7252.05,0.287,0,No,0,319.06,0.287,0,0
3712,1,543.05,0,35400.0,14072.37,0.398,0,1,0,543.05,0.398,1,0
3658,3,398.83,1,6300.0,1925.69,30.6%,1,Yes,0,398.83,0.306,1,0
12074,2,204.18,2,5400.0,3219.15,0.596,1,N,No,204.18,0.596,0,0
9246,3,385.19,3,20600.0,2524.57,0.123,1,1,No,385.19,0.123,1,0
12004,3,264.0,3,25800.0,6903.03,0.268,1,Yes,0,264.0,0.268,1,0
785,2,557.2,3,5700.0,1196.41,21.0%,1,Yes,N,557.2,0.21,1,0
10297,1,676.26,3,53200.0,2790.86,0.052,0,N,1,676.26,0.052,0,1
4278,1,316.74,1,59900.0,17932.46,0.299,1,N,N,316.74,0.299,0,0
2548,1,599.5,2,19200.0,4211.97,0.219,1,No,Y,599.5,0.219,0,1
7390,2,561.49,2,56900.0,13981.16,0.246,0,1,N,561.49,0.246,1,0
12035,3,260.25,2,13300.0,3238.35,0.243,2,Y,0,260.25,0.243,1,0
6130,3,800.48,4,35500.0,6071.61,0.171,0,Yes,0,800.48,0.171,1,0
10266,3,471.73,6,28100.0,10140.1,0.361,1,1,No,471.73,0.361,1,0
8207,1,175.58,2,41300.0,6830.26,0.165,0,0,N,175.58,0.165,0,0
6487,2,949.86,5,39500.0,12238.84,0.31,1,Yes,N,949.86,0.31,1,0
8479,1,,3,46900.0,26976.55,57.5%,0,0,No,411.22,0.575,0,0
1920,2,152.56,0,13600.0,3699.16,0.272,0,0,N,152.56,0.272,0,0
11254,1,214.76,0,14000.0,2602.11,0.186,1,0,Y,214.76,0.186,0,1
9649,4,1344.67,11,28800.0,4325.6,15.0%,2,Y,N,1344.67,0.15,1,0
4593,2,528.77,5,15200.0,8573.92,0.564,1,0,N,528.77,0.564,0,0
9576,4,379.66,3,21100.0,9976.8,47.3%,1,Yes,0,379.66,0.473,1,0
1991,4,679.02,7,28300.0,7870.04,0.278,1,1,N,679.02,0.278,1,0
12039,1,344.27,1,47300.0,18802.57,0.398,0,0,1,344.27,0.398,0,1
7868,1,417.36,4,15000.0,4736.82,0.316,2,No,0,417.36,0.316,0,0
2914,1,789.74,3,2300.0,411.47,0.179,2,0,0,789.74,0.179,0,0
11432,2,424.72,5,11000.0,3383.0,0.308,0,N,No,424.72,0.308,0,0
1934,2,661.67,2,15100.0,5405.36,0.358,1,Yes,0,661.67,0.358,1,0
2181,1,660.45,5,52200.0,6826.63,13.1%,2,N,0,660.45,0.131,0,0
4366,1,605.51,1,27400.0,3265.14,0.119,2,N,0,605.51,0.119,0,0
12003,3,158.51,4,4700.0,2239.67,0.477,2,1,0,158.51,0.477,1,0
10159,2,302.71,1,22800.0,9287.34,40.7%,1,1,No,302.71,0.40700000000000003,1,0
11121,2,141.57,0,7000.0,3603.5,51.5%,0,1,No,141.57,0.515,1,0
1335,3,462.81,2,30300.0,9162.87,0.302,0,Yes,0,462.81,0.302,1,0
6769,2,522.65,4,8000.0,4082.89,0.51,0,1,0,522.65,0.51,1,0
9155,2,250.18,1,38200.0,767.4,0.02,2,1,0,250.18,0.02,1,0
9984,2,302.61,3,20000.0,1649.09,0.082,0,Yes,0,302.61,0.082,1,0
3169,1,263.06,1,59400.0,14127.21,0.238,2,0,Yes,263.06,0.238,0,1
4422,2,303.18,3,27400.0,17207.04,0.628,1,1,N,303.18,0.628,1,0
5795,2,282.75,0,20900.0,2873.67,0.137,0,1,N,282.75,0.137,1,0
5956,3,557.3,4,6100.0,2341.18,0.384,1,1,N,557.3,0.384,1,0
7469,1,283.35,1,57300.0,18662.37,0.326,1,0,0,283.35,0.326,0,0
9250,3,183.7,1,15500.0,4668.89,30.1%,2,Y,0,183.7,0.301,1,0
324,1,270.19,0,54000.0,9118.14,0.169,2,0,0,270.19,0.169,0,0
8357,1,364.35,1,10600.0,3083.38,0.291,0,1,N,364.35,0.291,1,0
4620,1,588.65,5,46200.0,2452.79,0.053,2,No,1,588.65,0.053,0,1
4525,1,595.33,3,49900.0,23506.61,0.471,1,N,Y,595.33,0.471,0,1
2210,3,1123.2,3,25500.0,10105.34,0.396,0,Yes,0,1123.2,0.396,1,0
5671,4,478.37,4,37600.0,12016.69,32.0%,0,Y,0,478.37,0.32,1,0
1363,1,1117.43,10,53500.0,21466.31,0.401,1,0,0,1117.43,0.401,0,0
3344,1,213.98,2,37000.0,13218.77,0.357,2,1,1,213.98,0.357,1,1
11419,4,318.95,2,15800.0,6597.73,0.418,0,Yes,0,318.95,0.418,1,0
10540,3,254.04,4,34000.0,12022.73,35.4%,0,1,No,254.04,0.354,1,0
7503,2,457.05,2,40100.0,13001.19,0.324,1,Y,N,457.05,0.324,1,0
892,3,444.01,6,45000.0,16229.61,0.361,3,1,1,444.01,0.361,1,1
5126,1,471.94,4,17500.0,4763.27,0.272,1,0,N,471.94,0.272,0,0
11815,1,213.66,1,8700.0,2002.45,0.23,1,N,1,213.66,0.23,0,1
5251,1,599.41,4,20700.0,633.53,0.031,1,No,Y,599.41,0.031,0,1
9401,1,388.83,0,24600.0,12186.76,0.495,1,Y,No,388.83,0.495,1,0
4295,5,279.91,1,9800.0,1865.77,0.19,0,1,0,279.91,0.19,1,0
2076,2,250.86,2,8100.0,4169.92,0.515,1,Y,0,250.86,0.515,1,0
5439,3,772.1,3,28600.0,2748.71,0.096,1,Y,0,772.1,0.096,1,0
7999,2,173.94,0,38100.0,3774.35,0.099,0,N,0,173.94,0.099,0,0
7564,3,400.27,2,18700.0,1889.92,0.101,1,1,No,400.27,0.101,1,0
10412,3,526.36,3,37600.0,5729.5,15.2%,1,1,0,526.36,0.152,1,0
4098,4,939.23,5,42500.0,314.95,0.007,0,1,0,939.23,0.007,1,0
5345,4,,10,23300.0,5690.38,0.244,0,Y,N,1087.0,0.244,1,0
5606,2,680.37,6,56700.0,32277.25,0.569,1,0,N,680.37,0.569,0,0
11520,3,171.12,0,38500.0,21816.97,0.567,1,0,N,171.12,0.567,0,0
10191,1,719.29,4,25900.0,12379.11,0.478,1,0,0,719.29,0.478,0,0
8363,1,264.84,1,51200.0,8444.21,0.165,1,1,1,264.84,0.165,1,1
10300,3,376.94,3,58400.0,23038.98,0.395,2,0,0,376.94,0.395,0,0
3898,4,243.25,3,40000.0,8031.4,0.201,0,1,0,243.25,0.201,1,0
4757,2,830.86,9,41800.0,9305.25,0.223,0,Yes,0,830.86,0.223,1,0
2722,4,641.58,6,25700.0,9760.4,38.0%,1,Yes,No,641.58,0.38,1,0
11689,2,1072.84,7,13600.0,3717.42,27.3%,0,Yes,No,1072.84,0.273,1,0
461,1,420.1,1,31600.0,9721.07,0.308,1,No,0,420.1,0.308,0,0
10274,1,688.83,3,31000.0,15763.29,0.508,2,0,0,688.83,0.508,0,0
7517,1,462.96,4,14900.0,6554.13,44.0%,1,0,0,462.96,0.44,0,0
2352,2,116.43,1,17300.0,702.28,4.1%,0,Y,No,116.43,0.040999999999999995,1,0
9999,3,1121.56,15,13800.0,2168.2,0.157,2,1,N,1121.56,0.157,1,0
6368,1,288.17,3,55000.0,28931.43,0.526,2,0,0,288.17,0.526,0,0
2575,2,406.68,1,22900.0,5146.56,22.5%,1,Y,N,406.68,0.225,1,0
283,3,1123.2,5,38700.0,13783.85,0.356,1,1,0,1123.2,0.356,1,0
11483,1,459.73,4,39700.0,13834.16,34.8%,2,0,0,459.73,0.348,0,0
2046,1,921.23,2,15400.0,6531.79,0.424,1,1,0,921.23,0.424,1,0
5927,4,558.43,4,48100.0,900.55,0.019,0,1,N,558.43,0.019,1,0
4099,1,1546.06,10,12900.0,2850.48,0.221,0,0,0,1546.06,0.221,0,0
1055,1,230.95,3,5300.0,191.0,0.036,3,0,1,230.95,0.036,0,1
5404,3,177.53,4,11800.0,2562.81,0.217,2,0,0,177.53,0.217,0,0
6097,1,436.01,3,47000.0,16330.02,0.347,0,0,N,436.01,0.347,0,0
11493,2,462.48,1,45400.0,11583.07,0.255,2,1,N,462.48,0.255,1,0
11900,5,204.12,1,43500.0,6927.29,0.159,1,1,N,204.12,0.159,1,0
5998,4,425.22,1,23900.0,991.41,0.041,2,1,0,425.22,0.041,1,0
9135,3,657.72,7,18700.0,7471.38,0.4,1,Yes,No,657.72,0.4,1,0
12099,2,530.07,2,48500.0,1107.78,0.023,0,1,0,530.07,0.023,1,0
12067,2,458.95,4,36100.0,3068.56,8.5%,2,1,No,458.95,0.085,1,0
11205,1,481.01,4,33800.0,15965.32,47.2%,0,N,N,481.01,0.47200000000000003,0,0
7353,2,255.8,2,41400.0,6524.26,15.8%,1,Y,0,255.8,0.158,1,0
8766,5,566.59,6,7900.0,5099.35,0.645,1,Y,0,566.59,0.645,1,0
10577,4,165.84,0,43000.0,16526.81,0.384,0,Y,0,165.84,0.384,1,0
10624,1,454.67,1,6900.0,1046.51,0.152,1,0,0,454.67,0.152,0,0
5338,1,369.28,1,30700.0,11487.57,0.374,2,1,N,369.28,0.374,1,0
7766,1,532.56,5,28300.0,8997.46,0.318,1,0,N,532.56,0.318,0,0
6739,1,722.59,2,13800.0,3525.39,0.255,1,0,N,722.59,0.255,0,0
5968,2,793.71,5,7800.0,2059.49,0.264,0,Yes,N,793.71,0.264,1,0
3084,1,753.64,5,10500.0,2342.12,0.223,0,0,N,753.64,0.223,0,0
2681,3,217.58,1,41800.0,16122.98,0.386,0,Y,0,217.58,0.386,1,0
6024,4,857.6,3,45000.0,2643.08,0.059,1,1,0,857.6,0.059,1,0
1514,1,566.43,5,29400.0,11457.85,0.39,2,1,N,566.43,0.39,1,0
7338,2,268.23,1,26000.0,4531.22,0.174,1,Y,0,268.23,0.174,1,0
10908,1,745.44,4,6600.0,2525.32,38.3%,2,0,0,745.44,0.38299999999999995,0,0
11938,1,1037.36,4,51300.0,21697.87,0.423,1,0,No,1037.36,0.423,0,0
1635,4,580.65,3,39200.0,22368.25,0.571,1,Y,0,580.65,0.571,1,0
3460,2,555.95,6,7800.0,170.43,0.022,1,Y,No,555.95,0.022,1,0
2438,1,415.57,1,16200.0,1328.29,8.2%,1,No,0,415.57,0.08199999999999999,0,0
4367,2,554.28,3,59000.0,8823.11,0.15,1,Y,No,554.28,0.15,1,0
927,2,989.69,7,57400.0,8639.36,0.151,0,Yes,N,989.69,0.151,1,0
5833,2,332.84,4,46800.0,2682.78,0.057,0,Y,No,332.84,0.057,1,0
8321,4,121.8,0,14900.0,2381.73,16.0%,0,Yes,N,121.8,0.16,1,0
7674,4,,2,56000.0,31654.4,56.5%,2,0,No,339.29,0.565,0,0
5668,2,79.15,0,45900.0,4657.81,10.1%,2,Yes,0,79.15,0.10099999999999999,1,0
2410,2,879.19,7,32700.0,10714.07,0.328,1,1,0,879.19,0.328,1,0
8629,4,1114.46,9,48200.0,2777.11,5.8%,2,1,0,1114.46,0.057999999999999996,1,0
2189,4,567.56,1,42800.0,20405.94,47.7%,0,1,N,567.56,0.47700000000000004,1,0
2011,2,760.77,7,22000.0,6216.59,0.283,1,Y,N,760.77,0.283,1,0
8240,2,234.84,0,13200.0,1835.28,13.9%,1,1,0,234.84,0.139,1,0
11101,1,530.15,3,51100.0,19503.67,0.382,0,1,0,530.15,0.382,1,0
6838,2,329.14,0,2100.0,674.94,0.321,1,Yes,0,329.14,0.321,1,0
8250,1,1370.45,9,43700.0,11472.97,0.263,0,N,0,1370.45,0.263,0,0
3821,4,276.08,1,11900.0,5449.57,0.458,3,1,No,276.08,0.458,1,0
9612,3,409.17,1,27000.0,4665.92,0.173,2,1,0,409.17,0.173,1,0
3987,1,501.52,5,50800.0,11001.4,0.217,2,No,N,501.52,0.217,0,0
4707,1,323.54,1,57200.0,32675.66,0.571,1,0,0,323.54,0.571,0,0
7646,2,1131.6,12,16500.0,7635.46,0.463,3,Yes,Yes,1131.6,0.463,1,1
6141,1,,6,6000.0,829.84,0.138,0,Yes,0,668.98,0.138,1,0
11934,2,202.44,0,15300.0,6240.0,0.408,1,0,0,202.44,0.408,0,0
8160,3,180.51,1,28300.0,490.98,0.017,1,1,N,180.51,0.017,1,0
6497,3,904.65,4,34100.0,4867.1,0.143,0,1,0,904.65,0.143,1,0
4972,2,1091.91,10,7300.0,2441.7,0.334,2,1,0,1091.91,0.334,1,0
6328,1,1212.79,4,38300.0,5859.69,0.153,1,No,No,1212.79,0.153,0,0
11094,1,350.48,3,48000.0,19168.42,0.399,0,N,N,350.48,0.399,0,0
9035,1,468.22,5,43700.0,4229.07,9.7%,1,1,No,468.22,0.09699999999999999,1,0
9034,3,610.4,3,21600.0,877.56,0.041,0,Y,0,610.4,0.041,1,0
5172,1,406.47,1,34800.0,7305.3,0.21,2,No,0,406.47,0.21,0,0
347,1,754.03,4,14000.0,3893.74,27.8%,0,No,1,754.03,0.278,0,1
8934,1,944.11,4,26600.0,3295.71,12.4%,0,0,1,944.11,0.124,0,1
6022,1,785.63,4,27200.0,8295.39,0.305,1,1,0,785.63,0.305,1,0
9566,1,127.34,1,47300.0,17376.57,0.367,2,N,0,127.34,0.367,0,0
10664,2,399.97,0,17500.0,5001.93,28.6%,0,Yes,No,399.97,0.28600000000000003,1,0
7132,3,629.72,2,30700.0,4255.52,0.139,0,1,0,629.72,0.139,1,0
7545,1,984.36,6,49300.0,13045.23,0.265,1,0,N,984.36,0.265,0,0
3028,5,259.13,1,13600.0,8614.29,0.633,0,Yes,No,259.13,0.633,1,0
2300,1,340.67,7,59900.0,29765.38,49.7%,2,No,No,340.67,0.49700000000000005,0,0
12179,1,288.28,2,25800.0,15494.29,0.601,0,N,No,288.28,0.601,0,0
9226,2,410.39,3,30300.0,5818.66,0.192,2,Yes,N,410.39,0.192,1,0
3632,4,346.98,3,50400.0,2461.61,0.049,0,Y,0,346.98,0.049,1,0
10568,2,,4,40100.0,24673.97,61.5%,0,Yes,N,507.11,0.615,1,0
1249,2,398.69,2,28700.0,5283.06,0.184,3,1,Y,398.69,0.184,1,1
3359,1,503.26,3,44900.0,32273.58,71.9%,1,N,Yes,503.26,0.7190000000000001,0,1
6170,3,409.97,4,57500.0,22089.61,38.4%,2,1,0,409.97,0.384,1,0
1686,2,230.23,0,21600.0,11010.34,0.51,2,Y,0,230.23,0.51,1,0
8113,2,447.33,1,51600.0,33944.78,0.658,0,0,No,447.33,0.658,0,0
1911,2,443.26,6,25000.0,4046.02,0.162,0,Y,N,443.26,0.162,1,0
6605,1,696.41,13,2500.0,1403.85,56.2%,0,0,0,696.41,0.562,0,0
2778,2,416.19,2,34000.0,15425.28,0.454,0,Yes,0,416.19,0.454,1,0
9276,2,408.37,5,17100.0,5046.54,0.295,0,Yes,No,408.37,0.295,1,0
11978,2,436.63,3,54200.0,17485.92,0.323,3,Y,0,436.63,0.323,1,0
8110,2,285.91,0,58500.0,12368.58,0.211,1,Yes,0,285.91,0.211,1,0
4334,4,497.23,3,16500.0,2055.73,0.125,0,1,0,497.23,0.125,1,0
2781,3,177.93,2,8800.0,2571.84,0.292,0,Yes,N,177.93,0.292,1,0
7156,1,328.55,2,21000.0,1834.2,0.087,3,Yes,0,328.55,0.087,1,0
2512,2,840.28,10,18800.0,7120.34,0.379,2,1,N,840.28,0.379,1,0
3778,1,455.45,2,9600.0,649.01,6.8%,4,N,0,455.45,0.068,0,0
2956,1,619.13,2,44900.0,8920.67,0.199,2,N,1,619.13,0.199,0,1
9740,1,331.44,2,45600.0,27074.81,59.4%,1,0,Y,331.44,0.594,0,1
11500,2,481.27,2,18200.0,3923.18,21.6%,2,1,N,481.27,0.21600000000000003,1,0
5179,2,944.02,6,58700.0,26787.17,45.6%,0,Y,0,944.02,0.456,1,0
5021,3,358.76,4,59200.0,30965.33,0.523,2,Yes,No,358.76,0.523,1,0
5897,3,277.71,2,35500.0,3847.96,0.108,0,1,N,277.71,0.108,1,0
9039,3,351.42,3,45800.0,15943.96,0.348,1,Y,0,351.42,0.348,1,0
6443,2,370.56,4,59500.0,3138.27,0.053,0,Yes,No,370.56,0.053,1,0
439,2,308.34,5,53100.0,36827.3,0.694,1,No,0,308.34,0.694,0,0
814,4,237.13,3,25800.0,4560.07,0.177,2,Yes,0,237.13,0.177,1,0
5622,2,1294.48,5,27000.0,9520.47,35.3%,0,Y,N,1294.48,0.353,1,0
10305,1,573.07,4,51700.0,10696.82,0.207,2,0,0,573.07,0.207,0,0
7188,1,294.29,4,26100.0,14048.52,0.538,0,No,0,294.29,0.538,0,0
3257,3,218.65,1,11300.0,8031.53,0.711,1,No,0,218.65,0.711,0,0
3224,1,437.41,5,25900.0,6498.49,25.1%,3,N,Y,437.41,0.251,0,1
8208,3,583.89,2,26600.0,7416.48,0.279,1,1,No,583.89,0.279,1,0
1566,3,481.06,2,41600.0,7155.94,0.172,2,1,0,481.06,0.172,1,0
11088,4,116.15,1,53200.0,9015.59,0.169,1,Yes,No,116.15,0.169,1,0
4482,1,176.79,3,45000.0,14396.45,0.32,2,Yes,1,176.79,0.32,1,1
11151,3,199.78,0,28800.0,15603.6,0.542,1,No,N,199.78,0.542,0,0
3598,3,1931.41,12,59200.0,7720.55,13.0%,2,N,0,1931.41,0.13,0,0
95,1,209.26,0,16000.0,1543.13,0.096,1,0,1,209.26,0.096,0,1
6786,2,289.9,0,10000.0,1594.43,0.159,2,Yes,0,289.9,0.159,1,0
7282,3,323.09,2,53100.0,19749.22,0.372,2,1,0,323.09,0.372,1,0
6273,3,899.1,8,48500.0,8666.01,0.179,0,1,0,899.1,0.179,1,0
202,1,775.21,2,24400.0,1101.88,0.045,2,0,0,775.21,0.045,0,0
4026,2,255.0,2,36700.0,7577.99,0.206,2,1,0,255.0,0.206,1,0
2901,2,549.8,4,37100.0,25078.2,67.6%,1,1,0,549.8,0.6759999999999999,1,0
6409,2,783.11,2,18400.0,3205.71,0.174,1,Yes,N,783.11,0.174,1,0
7078,2,323.65,4,15800.0,4297.77,0.272,0,1,N,323.65,0.272,1,0
1282,4,1018.45,6,8900.0,2094.4,0.235,0,Y,1,1018.45,0.235,1,1
10142,1,820.41,3,3900.0,286.84,0.074,1,0,No,820.41,0.074,0,0
1756,1,159.42,0,55000.0,13830.85,0.251,0,1,Y,159.42,0.251,1,1
3981,3,322.49,4,56600.0,7723.07,0.136,2,1,No,322.49,0.136,1,0
3508,3,729.02,5,27500.0,13777.17,0.501,3,Y,No,729.02,0.501,1,0
7686,3,175.9,0,8400.0,513.22,6.1%,1,1,0,175.9,0.061,1,0
10952,2,787.02,3,31600.0,8976.7,28.4%,2,1,0,787.02,0.284,1,0
5550,2,93.28,0,10300.0,2335.11,0.227,2,1,No,93.28,0.227,1,0
4091,2,2373.29,22,48400.0,34366.93,0.71,1,No,No,2373.29,0.71,0,0
7123,3,585.35,3,20900.0,12578.84,0.602,1,Yes,No,585.35,0.602,1,0
8888,4,450.96,3,47600.0,12126.77,0.255,0,Yes,N,450.96,0.255,1,0
5478,1,688.6,8,26500.0,2943.31,11.1%,0,0,0,688.6,0.111,0,0
1875,3,245.15,1,18500.0,5625.64,0.304,1,1,0,245.15,0.304,1,0
6037,1,389.59,1,44000.0,10468.77,0.238,2,Yes,Yes,389.59,0.238,1,1
3884,3,327.96,5,26600.0,13983.75,52.6%,1,1,N,327.96,0.526,1,0
7526,1,360.3,0,11400.0,4470.83,0.392,0,1,No,360.3,0.392,1,0
3610,1,122.38,1,45200.0,8198.79,0.181,0,1,1,122.38,0.181,1,1
7169,2,226.5,2,39400.0,11636.94,0.295,2,1,0,226.5,0.295,1,0
4448,2,669.64,6,22000.0,4607.12,20.9%,2,Yes,0,669.64,0.209,1,0
11218,1,,10,38900.0,5498.38,0.141,1,N,0,1087.0,0.141,0,0
513,3,328.48,1,47000.0,17729.48,37.7%,0,1,No,328.48,0.377,1,0
170,2,767.24,7,22800.0,3649.67,0.16,1,Y,N,767.24,0.16,1,0
9886,5,601.28,2,41300.0,14852.04,0.36,0,1,0,601.28,0.36,1,0
12076,5,586.2,0,44700.0,18334.47,0.41,3,Y,Yes,586.2,0.41,1,1
11940,1,259.27,2,6300.0,2336.5,0.371,1,No,Yes,259.27,0.371,0,1
6393,1,477.66,1,34900.0,11252.84,0.322,0,No,N,477.66,0.322,0,0
7046,1,724.12,5,20800.0,1455.15,0.07,0,1,Yes,724.12,0.07,1,1
5696,2,415.06,2,6400.0,1075.06,0.168,1,Y,0,415.06,0.168,1,0
4290,2,295.02,2,17800.0,9197.79,0.517,2,Yes,0,295.02,0.517,1,0
11527,4,306.42,4,17700.0,6071.96,0.343,1,0,N,306.42,0.343,0,0
11162,2,470.84,5,34300.0,10392.22,0.303,0,1,N,470.84,0.303,1,0
3035,5,463.71,2,33000.0,4969.54,0.151,0,0,No,463.71,0.151,0,0
86,2,731.26,4,19400.0,6280.27,0.324,1,1,0,731.26,0.324,1,0
11661,3,266.64,3,36400.0,4300.55,0.118,3,0,0,266.64,0.118,0,0
8547,5,484.24,0,7300.0,1312.64,0.18,0,1,No,484.24,0.18,1,0
9011,2,97.87,1,43500.0,4525.74,0.104,0,Y,0,97.87,0.104,1,0
10658,2,743.36,6,26100.0,11069.23,0.424,0,Y,0,743.36,0.424,1,0
444,1,513.14,5,33000.0,7497.11,0.227,0,Yes,1,513.14,0.227,1,1
6823,1,324.73,4,50400.0,6596.47,13.1%,0,N,0,324.73,0.131,0,0
7207,1,244.26,2,18800.0,9657.13,51.4%,1,0,0,244.26,0.514,0,0
7290,1,345.82,2,15700.0,1455.31,0.093,0,1,N,345.82,0.093,1,0
11145,3,261.98,0,18800.0,251.18,0.013,0,1,No,261.98,0.013,1,0
4651,2,600.58,4,19000.0,3033.06,0.16,1,1,0,600.58,0.16,1,0
10802,2,341.78,4,43300.0,10231.15,0.236,1,1,N,341.78,0.236,1,0
8378,2,153.42,0,38800.0,8743.44,0.225,1,Y,N,153.42,0.225,1,0
8158,4,,7,39200.0,12444.81,0.317,0,1,0,760.96,0.317,1,0
5489,2,509.41,1,19800.0,1795.11,0.091,2,Yes,N,509.41,0.091,1,0
2975,1,447.33,1,15000.0,2714.41,0.181,1,No,1,447.33,0.181,0,1
11417,5,343.3,2,47100.0,2600.31,5.5%,3,1,0,343.3,0.055,1,0
1243,1,295.79,2,22600.0,13082.92,0.579,1,No,1,295.79,0.579,0,1
8352,3,200.97,2,49600.0,7532.18,15.2%,1,Y,0,200.97,0.152,1,0
2357,1,337.94,1,23500.0,3004.89,0.128,0,1,0,337.94,0.128,1,0
10791,2,266.57,1,53600.0,19755.51,0.369,1,1,N,266.57,0.369,1,0
5786,1,222.24,1,24600.0,11728.5,0.477,0,0,0,222.24,0.477,0,0
8315,2,818.07,6,38400.0,10430.97,0.272,0,Yes,No,818.07,0.272,1,0
3277,1,467.71,2,35500.0,14960.12,0.421,0,1,0,467.71,0.421,1,0
2160,3,206.2,3,14000.0,2533.84,0.181,3,1,0,206.2,0.181,1,0
986,3,605.23,4,29300.0,14256.2,48.7%,1,Y,0,605.23,0.48700000000000004,1,0
11702,2,270.19,1,36400.0,6428.88,0.177,1,Y,0,270.19,0.177,1,0
1008,1,209.94,1,44800.0,19983.83,0.446,1,N,No,209.94,0.446,0,0
652,2,530.84,2,51500.0,9561.63,18.6%,0,1,0,530.84,0.18600000000000003,1,0
1705,1,379.94,4,45900.0,7002.47,15.3%,1,N,Y,379.94,0.153,0,1
6425,3,723.56,5,48800.0,22004.33,0.451,2,Y,0,723.56,0.451,1,0
9053,1,459.66,2,44300.0,5464.47,0.123,1,No,No,459.66,0.123,0,0
5168,2,284.24,3,14700.0,2017.99,0.137,2,Yes,0,284.24,0.137,1,0
11291,5,194.05,2,28000.0,3309.69,0.118,4,Y,1,194.05,0.118,1,1
1942,2,876.1,6,42600.0,5114.04,0.12,1,Yes,N,876.1,0.12,1,0
7613,3,856.41,9,6800.0,3305.44,0.486,1,1,N,856.41,0.486,1,0
5120,2,150.9,2,12700.0,5845.36,0.46,0,Yes,0,150.9,0.46,1,0
10067,2,297.27,1,15900.0,6841.83,43.0%,0,Y,No,297.27,0.43,1,0
5472,1,88.79,0,9000.0,2896.74,0.322,1,1,0,88.79,0.322,1,0
1658,2,234.68,1,58000.0,18735.64,0.323,0,1,0,234.68,0.323,1,0
12113,1,279.08,2,22700.0,871.19,0.038,1,0,No,279.08,0.038,0,0
10465,1,371.88,3,15600.0,6721.95,43.1%,0,0,Y,371.88,0.431,0,1
3256,1,198.97,1,30300.0,11575.88,38.2%,3,No,No,198.97,0.382,0,0
937,1,313.36,2,3600.0,833.82,0.232,0,N,0,313.36,0.232,0,0
11723,4,726.22,4,5500.0,253.06,0.046,0,1,N,726.22,0.046,1,0
10711,1,346.34,5,17700.0,873.45,0.049,0,0,0,346.34,0.049,0,0
114,2,820.25,5,14300.0,5271.04,36.9%,0,Y,0,820.25,0.369,1,0
3816,3,1019.04,6,18600.0,4168.82,22.4%,2,Yes,0,1019.04,0.22399999999999998,1,0
10077,2,340.9,2,34500.0,8418.47,0.244,2,1,N,340.9,0.244,1,0
5365,2,304.6,0,10000.0,1183.57,0.118,0,Yes,N,304.6,0.118,1,0
11038,2,261.52,0,49700.0,17814.94,0.358,1,N,N,261.52,0.358,0,0
10899,3,204.56,1,38700.0,3959.33,0.102,0,Y,No,204.56,0.102,1,0
3258,1,402.73,2,46200.0,24065.05,0.521,1,N,0,402.73,0.521,0,0
5653,1,239.97,2,33400.0,5194.62,0.156,1,Y,0,239.97,0.156,1,0
5759,2,809.96,9,49700.0,17484.59,0.352,0,Yes,0,809.96,0.352,1,0
8310,3,374.58,4,56300.0,27690.98,0.492,2,0,0,374.58,0.492,0,0
8213,1,652.01,4,8600.0,1675.04,19.5%,0,0,0,652.01,0.195,0,0
3295,3,150.5,0,2400.0,1252.24,52.2%,0,No,N,150.5,0.522,0,0
2272,1,130.31,1,30000.0,5353.3,0.178,2,0,1,130.31,0.178,0,1
1355,3,498.67,3,59800.0,3645.22,0.061,0,1,0,498.67,0.061,1,0
1831,2,473.55,3,51400.0,10167.06,0.198,0,Y,0,473.55,0.198,1,0
9893,1,213.06,1,39600.0,11446.99,0.289,1,No,Y,213.06,0.289,0,1
373,5,346.32,3,18000.0,8828.71,49.0%,1,Yes,0,346.32,0.49,1,0
7417,3,361.94,0,6900.0,2678.8,38.8%,1,Yes,0,361.94,0.38799999999999996,1,0
1638,4,494.17,5,37100.0,13357.56,36.0%,1,1,N,494.17,0.36,1,0
4228,2,301.8,0,53100.0,9586.19,0.181,3,1,No,301.8,0.181,1,0
10763,1,340.97,4,5900.0,557.1,0.094,0,No,N,340.97,0.094,0,0
7434,1,617.99,5,29300.0,8550.74,0.292,0,N,1,617.99,0.292,0,1
311,4,517.14,2,9500.0,1096.59,0.115,1,1,No,517.14,0.115,1,0
4441,1,375.05,2,23200.0,9950.77,0.429,1,N,0,375.05,0.429,0,0
7384,1,351.15,2,2600.0,1091.38,0.42,1,0,No,351.15,0.42,0,0
2534,2,149.41,0,48400.0,37024.45,0.765,0,N,N,149.41,0.765,0,0
10752,4,275.69,1,49200.0,18129.09,0.368,3,0,N,275.69,0.368,0,0
5756,1,340.01,4,24400.0,2773.36,0.114,1,0,1,340.01,0.114,0,1
4690,2,328.56,2,24500.0,10570.77,0.431,2,Y,0,328.56,0.431,1,0
11606,2,388.26,2,23500.0,3204.24,0.136,0,1,N,388.26,0.136,1,0
287,2,212.45,0,17400.0,13740.48,0.79,2,0,N,212.45,0.79,0,0
4883,3,657.35,11,9700.0,1503.69,15.5%,1,Yes,No,657.35,0.155,1,0
11108,4,416.03,1,5000.0,91.19,0.018,0,Yes,0,416.03,0.018,1,0
7143,4,197.25,1,51800.0,25786.19,49.8%,2,Yes,No,197.25,0.498,1,0
8244,2,496.66,2,43300.0,6814.61,0.157,1,Y,0,496.66,0.157,1,0
3340,2,241.94,2,28300.0,8301.06,29.3%,2,Yes,No,241.94,0.293,1,0
6531,1,123.29,1,18400.0,6422.77,0.349,0,0,Y,123.29,0.349,0,1
8648,2,316.25,4,55500.0,19186.48,0.346,1,0,N,316.25,0.346,0,0
8759,4,412.19,1,23100.0,3536.04,0.153,2,No,0,412.19,0.153,0,0
6176,3,288.89,1,30100.0,246.08,0.8%,1,Yes,N,288.89,0.008,1,0
619,3,291.16,2,49400.0,10789.01,0.218,1,1,N,291.16,0.218,1,0
10509,3,824.07,6,59100.0,4462.53,7.6%,2,Yes,0,824.07,0.076,1,0
11840,1,226.09,0,59500.0,20134.54,0.338,2,Y,No,226.09,0.338,1,0
186,1,1532.82,10,35600.0,6278.18,0.176,0,0,0,1532.82,0.176,0,0
8998,3,145.9,0,49800.0,6203.42,0.125,1,1,No,145.9,0.125,1,0
2607,2,315.34,3,16600.0,6836.69,0.412,0,No,0,315.34,0.412,0,0
7706,2,443.84,4,51000.0,2894.93,0.057,1,Yes,0,443.84,0.057,1,0
9845,1,235.85,0,4600.0,1185.13,0.258,1,Yes,0,235.85,0.258,1,0
8115,2,324.56,1,6000.0,2139.86,0.357,2,Y,No,324.56,0.357,1,0
9712,3,686.47,7,30100.0,13412.54,0.446,1,1,N,686.47,0.446,1,0
10902,2,308.21,1,12200.0,1756.08,0.144,1,Y,0,308.21,0.144,1,0
1101,2,341.11,1,28200.0,745.07,0.026,1,1,0,341.11,0.026,1,0
7693,1,651.77,4,55600.0,9603.33,0.173,2,Y,Y,651.77,0.173,1,1
11180,2,259.45,2,55700.0,4047.95,0.073,0,Yes,N,259.45,0.073,1,0
9459,1,1196.73,6,3100.0,625.45,0.202,0,N,No,1196.73,0.202,0,0
4764,1,487.69,2,56800.0,25555.69,45.0%,3,0,No,487.69,0.45,0,0
10180,1,640.09,5,23900.0,5539.91,0.232,0,0,Y,640.09,0.232,0,1
1492,3,243.09,1,52700.0,11774.87,0.223,0,1,No,243.09,0.223,1,0
8047,1,437.17,0,59600.0,11286.06,0.189,3,1,Y,437.17,0.189,1,1
9604,3,547.24,2,23300.0,5294.66,0.227,1,1,0,547.24,0.227,1,0
9960,1,567.76,3,41900.0,7519.93,0.179,0,0,N,567.76,0.179,0,0
10677,2,1080.48,9,28700.0,5403.72,0.188,1,Yes,0,1080.48,0.188,1,0
4248,1,268.98,2,55400.0,11297.99,0.204,0,No,No,268.98,0.204,0,0
9757,2,529.97,1,29600.0,12645.73,0.427,0,1,0,529.97,0.427,1,0
908,1,164.63,1,25900.0,1760.06,0.068,1,Y,0,164.63,0.068,1,0
8264,1,511.48,1,41800.0,10309.37,24.7%,4,0,Yes,511.48,0.247,0,1
6168,3,274.6,1,40100.0,7098.66,0.177,0,1,No,274.6,0.177,1,0
4615,2,557.65,4,26200.0,6235.16,0.238,0,1,N,557.65,0.238,1,0
7204,1,258.71,0,12300.0,5140.43,0.418,2,No,No,258.71,0.418,0,0
6337,2,262.43,3,25300.0,5121.83,0.202,0,0,0,262.43,0.202,0,0
9816,2,267.17,0,55400.0,6398.44,0.115,2,1,No,267.17,0.115,1,0
10254,1,298.29,2,23800.0,94.83,0.004,2,0,0,298.29,0.004,0,0
2644,1,294.56,3,37300.0,2537.15,0.068,0,N,0,294.56,0.068,0,0
5511,4,608.54,6,11800.0,4646.18,0.394,2,1,N,608.54,0.394,1,0
362,1,228.41,2,54400.0,25810.21,47.4%,0,0,1,228.41,0.474,0,1
4249,1,344.11,1,26900.0,9757.17,0.363,0,Y,0,344.11,0.363,1,0
9560,1,137.5,1,48800.0,4176.93,0.086,1,0,Y,137.5,0.086,0,1
11818,1,650.02,3,24700.0,3384.23,13.7%,1,0,Yes,650.02,0.13699999999999998,0,1
2137,2,689.73,2,19700.0,6029.69,0.306,0,N,N,689.73,0.306,0,0
7496,1,873.14,7,43400.0,3607.91,0.083,0,1,N,873.14,0.083,1,0
7677,3,195.96,2,14000.0,2983.51,0.213,3,No,0,195.96,0.213,0,0
7493,5,188.23,1,11400.0,6018.55,0.528,0,1,0,188.23,0.528,1,0
614,1,,7,21700.0,4346.96,0.2,1,0,N,760.96,0.2,0,0
5408,2,378.67,2,36200.0,11401.4,31.5%,2,1,0,378.67,0.315,1,0
5923,3,216.93,0,57800.0,20898.84,0.362,0,0,0,216.93,0.362,0,0
7145,1,458.77,0,51800.0,9810.74,0.189,0,0,1,458.77,0.189,0,1
1787,3,236.97,1,2600.0,791.5,0.304,2,0,0,236.97,0.304,0,0
912,2,331.41,1,11400.0,7023.93,0.616,0,No,N,331.41,0.616,0,0
5616,2,978.5,5,8500.0,878.41,0.103,1,1,N,978.5,0.103,1,0
1732,1,443.9,11,7200.0,564.92,0.078,1,N,1,443.9,0.078,0,1
3803,2,222.8,1,3200.0,1332.65,0.416,2,Yes,0,222.8,0.416,1,0
5573,1,88.98,1,9700.0,1129.58,11.6%,0,0,0,88.98,0.11599999999999999,0,0
11287,3,666.53,11,35800.0,7841.29,0.219,0,1,0,666.53,0.219,1,0
140,2,760.17,4,7000.0,4532.55,0.648,1,0,No,760.17,0.648,0,0
5915,1,387.24,3,16300.0,9580.76,0.588,1,N,1,387.24,0.588,0,1
5259,1,441.94,2,57600.0,27780.63,0.482,2,1,N,441.94,0.482,1,0
8559,1,520.33,4,59600.0,26433.7,44.4%,1,No,N,520.33,0.444,0,0
6660,2,95.11,1,52400.0,18724.23,0.357,0,1,0,95.11,0.357,1,0
10619,4,759.88,9,14000.0,6973.97,0.498,0,Yes,N,759.88,0.498,1,0
12154,3,359.82,4,16000.0,2528.03,0.158,2,1,0,359.82,0.158,1,0
6554,1,,4,45800.0,29001.08,0.633,2,N,1,507.11,0.633,0,1
1722,3,287.98,2,8900.0,2200.79,0.247,0,1,No,287.98,0.247,1,0
1620,2,642.01,3,57000.0,18795.77,33.0%,1,1,0,642.01,0.33,1,0
5986,3,729.31,7,49600.0,17186.92,0.347,3,No,N,729.31,0.347,0,0
5849,3,100.02,0,31000.0,13656.06,0.441,1,Y,0,100.02,0.441,1,0
5881,2,145.94,1,20300.0,8496.11,0.419,0,1,0,145.94,0.419,1,0
6439,2,343.54,2,35900.0,16015.61,0.446,0,1,N,343.54,0.446,1,0
7477,1,498.53,0,47500.0,19262.78,0.406,0,0,No,498.53,0.406,0,0
8991,3,199.82,2,4400.0,529.98,0.12,1,Y,0,199.82,0.12,1,0
8331,1,801.59,1,29000.0,13590.43,0.469,0,Yes,Y,801.59,0.469,1,1
3019,1,125.29,0,18100.0,3454.85,0.191,0,Yes,N,125.29,0.191,1,0
5651,1,351.64,4,39900.0,12031.3,0.302,0,No,1,351.64,0.302,0,1
3276,1,187.22,1,16600.0,1891.46,0.114,3,0,1,187.22,0.114,0,1
842,2,851.97,3,14500.0,1419.53,0.098,1,Yes,0,851.97,0.098,1,0
10936,1,416.72,5,52300.0,19602.07,0.375,1,No,0,416.72,0.375,0,0
1212,1,358.95,6,24500.0,1533.09,0.063,0,1,N,358.95,0.063,1,0
8157,2,616.37,2,43500.0,29400.05,0.676,0,0,N,616.37,0.676,0,0
3413,4,508.45,7,11200.0,2626.13,23.4%,2,0,0,508.45,0.23399999999999999,0,0
766,2,166.16,2,42700.0,4267.19,0.1,0,Y,N,166.16,0.1,1,0
1861,3,1244.89,7,39300.0,10686.67,27.2%,2,Yes,No,1244.89,0.272,1,0
5827,2,314.5,1,58800.0,27240.2,0.463,2,N,0,314.5,0.463,0,0
2923,1,215.83,0,42300.0,5972.19,0.141,2,0,Y,215.83,0.141,0,1
9464,3,338.79,2,49900.0,27935.29,0.56,0,No,N,338.79,0.56,0,0
2953,2,362.69,2,50200.0,14811.98,0.295,1,1,0,362.69,0.295,1,0
7524,1,,2,40400.0,12903.01,31.9%,1,N,1,339.29,0.319,0,1
3645,2,,1,56600.0,5331.74,0.094,1,Yes,No,272.54,0.094,1,0
2897,2,509.34,5,36200.0,23811.84,0.658,1,0,0,509.34,0.658,0,0
6498,1,490.01,0,59600.0,4787.54,0.08,0,Y,1,490.01,0.08,1,1
3052,4,486.17,5,21000.0,1959.25,0.093,0,Y,N,486.17,0.093,1,0
1102,1,362.88,2,33600.0,25292.91,0.753,1,0,0,362.88,0.753,0,0
10862,1,551.78,3,13800.0,7352.05,0.533,2,0,Yes,551.78,0.533,0,1
9278,2,386.63,2,15700.0,10255.87,0.653,1,N,Y,386.63,0.653,0,1
11193,3,797.14,5,46200.0,4904.22,0.106,0,Y,No,797.14,0.106,1,0
8972,1,689.58,6,29100.0,6879.73,0.236,0,N,1,689.58,0.236,0,1
7823,1,345.48,1,35300.0,10466.32,0.296,0,N,No,345.48,0.296,0,0
8600,1,588.79,6,51600.0,19299.72,0.374,0,No,Y,588.79,0.374,0,1
5328,1,138.56,0,36900.0,12088.17,0.328,0,0,N,138.56,0.328,0,0
10988,1,,1,39100.0,4039.92,0.103,2,Yes,Yes,272.54,0.103,1,1
595,4,544.42,8,5200.0,1489.99,28.7%,1,Y,0,544.42,0.287,1,0
6744,2,575.52,3,2800.0,387.15,0.138,2,1,No,575.52,0.138,1,0
4265,2,347.38,3,50100.0,3375.61,6.7%,3,1,0,347.38,0.067,1,0
5648,4,573.89,7,15900.0,3657.75,23.0%,1,Yes,No,573.89,0.23,1,0
11932,1,,1,21500.0,5488.75,0.255,0,Y,1,272.54,0.255,1,1
9675,4,953.34,8,57100.0,7840.4,13.7%,1,Y,0,953.34,0.13699999999999998,1,0
8116,1,536.1,7,51200.0,11619.45,0.227,1,N,0,536.1,0.227,0,0
4826,1,167.26,0,38500.0,-5806.6,0.151,2,1,N,167.26,0.151,1,0
9126,3,362.25,3,26400.0,1153.51,0.044,2,1,0,362.25,0.044,1,0
380,4,623.24,11,41500.0,6808.07,0.164,1,Yes,No,623.24,0.164,1,0
3171,3,423.89,2,33100.0,8053.68,0.243,0,Y,N,423.89,0.243,1,0
7911,2,332.16,1,51500.0,6139.1,11.9%,1,Y,No,332.16,0.11900000000000001,1,0
10708,2,186.69,0,13500.0,3280.99,0.243,0,1,0,186.69,0.243,1,0
10123,3,955.95,2,27100.0,4072.39,15.0%,2,N,No,955.95,0.15,0,0
450,1,614.78,6,56000.0,9331.02,0.167,1,1,0,614.78,0.167,1,0
9494,1,1423.55,7,22200.0,4788.57,0.216,1,1,N,1423.55,0.216,1,0
7294,1,209.59,0,28400.0,6415.94,0.226,2,0,Yes,209.59,0.226,0,1
6698,3,362.88,2,34400.0,11057.73,0.321,1,1,0,362.88,0.321,1,0
382,2,423.01,1,29100.0,4584.73,0.158,1,1,0,423.01,0.158,1,0
6789,3,628.46,3,52100.0,13468.64,0.259,2,1,0,628.46,0.259,1,0
2417,2,189.05,0,40900.0,17838.39,0.436,2,N,0,189.05,0.436,0,0
3882,2,819.62,5,58800.0,18321.23,0.312,0,Yes,N,819.62,0.312,1,0
4664,1,369.66,2,27900.0,6251.48,0.224,1,0,No,369.66,0.224,0,0
12164,1,435.84,2,49600.0,1144.98,0.023,0,Yes,1,435.84,0.023,1,1
2126,3,750.23,5,18900.0,3487.7,0.185,0,1,No,750.23,0.185,1,0
7431,5,552.16,2,54000.0,7961.93,0.147,1,No,0,552.16,0.147,0,0
2839,2,453.45,4,21500.0,5332.39,0.248,1,Yes,0,453.45,0.248,1,0
1984,1,406.19,2,57400.0,6337.86,11.0%,2,0,0,406.19,0.11,0,0
11239,3,302.62,3,39600.0,13165.81,0.332,0,1,0,302.62,0.332,1,0
1242,1,403.83,1,14400.0,5227.53,36.3%,1,0,N,403.83,0.363,0,0
4962,2,362.2,1,17600.0,4982.47,28.3%,1,Y,N,362.2,0.28300000000000003,1,0
2675,3,287.36,1,14200.0,9009.68,0.634,1,0,0,287.36,0.634,0,0
2863,2,278.19,3,20500.0,3931.27,0.192,0,1,N,278.19,0.192,1,0
2328,2,281.14,1,3300.0,1788.46,0.542,0,0,0,281.14,0.542,0,0
4097,3,258.58,1,57700.0,12770.52,22.1%,0,Yes,N,258.58,0.221,1,0
1060,1,374.48,3,5000.0,730.51,0.146,3,0,No,374.48,0.146,0,0
8480,4,511.32,4,55300.0,14536.76,0.263,0,1,No,511.32,0.263,1,0
3172,2,222.05,0,43400.0,11897.69,0.274,1,1,0,222.05,0.274,1,0
11976,1,240.14,1,33400.0,16718.94,50.1%,1,0,N,240.14,0.501,0,0
1525,4,442.51,5,38400.0,14497.59,0.378,1,1,0,442.51,0.378,1,0
1604,1,273.66,0,18500.0,6047.98,0.327,4,1,1,273.66,0.327,1,1
352,2,96.4,0,23100.0,7470.54,0.323,0,1,Y,96.4,0.323,1,1
10613,3,268.39,4,38400.0,20547.61,0.535,2,Yes,N,268.39,0.535,1,0
4001,3,139.94,0,26600.0,4851.51,0.182,2,1,0,139.94,0.182,1,0
11231,2,229.49,1,42300.0,13785.93,0.326,1,1,0,229.49,0.326,1,0
6668,3,687.59,4,42600.0,7345.79,0.172,1,1,0,687.59,0.172,1,0
9198,2,609.88,3,18000.0,6131.8,0.341,2,1,No,609.88,0.341,1,0
6561,1,926.02,7,46200.0,23459.64,50.8%,2,0,No,926.02,0.508,0,0
6077,1,209.54,0,45200.0,5779.8,0.128,1,Yes,0,209.54,0.128,1,0
720,5,1141.45,4,3900.0,1389.17,0.356,1,Y,0,1141.45,0.356,1,0
8582,4,537.01,4,36800.0,10754.17,29.2%,1,Y,0,537.01,0.292,1,0
6825,5,1185.9,8,49000.0,9094.33,0.186,0,1,0,1185.9,0.186,1,0
7557,1,285.62,2,49600.0,13152.05,26.5%,0,No,1,285.62,0.265,0,1
237,5,1401.66,11,27300.0,10915.37,0.4,1,0,0,1401.66,0.4,0,0
1637,1,600.57,3,8000.0,787.36,0.098,0,No,0,600.57,0.098,0,0
2391,1,268.3,1,20400.0,8402.94,0.412,1,0,0,268.3,0.412,0,0
2754,3,312.29,1,24000.0,5212.35,0.217,0,1,0,312.29,0.217,1,0
5282,5,648.3,8,56900.0,13581.65,0.239,1,1,N,648.3,0.239,1,0
1023,3,65.23,2,29500.0,1564.87,0.053,2,N,N,65.23,0.053,0,0
1524,1,491.11,2,51400.0,11666.55,0.227,1,1,No,491.11,0.227,1,0
1209,3,589.17,7,26700.0,8205.65,0.307,1,N,N,589.17,0.307,0,0
795,1,180.15,0,33500.0,12722.64,0.38,1,0,N,180.15,0.38,0,0
11624,2,332.76,5,23000.0,3237.75,0.141,2,1,0,332.76,0.141,1,0
6441,2,448.3,4,3000.0,1845.47,0.615,0,0,No,448.3,0.615,0,0
11142,3,174.72,1,59400.0,887.82,0.015,2,1,0,174.72,0.015,1,0
4166,2,958.36,7,53800.0,16919.37,0.314,3,Y,0,958.36,0.314,1,0
24,1,1157.56,11,18700.0,3957.67,0.212,1,1,0,1157.56,0.212,1,0
2018,5,303.99,1,15900.0,3607.92,0.227,0,1,0,303.99,0.227,1,0
7745,1,240.33,2,57500.0,3084.99,0.054,1,Yes,No,240.33,0.054,1,0
7129,1,881.46,1,20000.0,1564.71,0.078,1,0,No,881.46,0.078,0,0
302,4,266.89,2,20600.0,4740.99,23.0%,0,Y,0,266.89,0.23,1,0
11106,1,367.72,6,40000.0,4050.24,0.101,1,N,Y,367.72,0.101,0,1
10859,1,443.41,3,20100.0,2685.7,0.134,0,No,Y,443.41,0.134,0,1
3701,1,953.82,5,52600.0,17463.9,0.332,1,No,0,953.82,0.332,0,0
9344,3,196.81,4,25600.0,1826.95,0.071,0,1,0,196.81,0.071,1,0
4734,2,224.16,0,30800.0,6454.36,0.21,0,0,0,224.16,0.21,0,0
5860,1,103.16,1,54000.0,6521.68,12.1%,0,No,0,103.16,0.121,0,0
6076,3,,0,21200.0,4874.02,0.23,0,Yes,0,231.95,0.23,1,0
4462,3,430.92,2,39900.0,5586.59,0.14,1,Yes,0,430.92,0.14,1,0
6255,3,168.35,1,54400.0,26657.71,0.49,0,Y,0,168.35,0.49,1,0
3471,3,172.85,1,30200.0,2209.66,0.073,1,Y,0,172.85,0.073,1,0
4626,1,335.48,5,9800.0,4410.24,45.0%,2,Yes,Y,335.48,0.45,1,1
8667,4,,4,4400.0,439.98,0.1,0,1,N,507.11,0.1,1,0
1232,2,706.65,2,34100.0,6670.72,19.6%,1,No,N,706.65,0.196,0,0
10980,4,421.29,1,27600.0,11434.14,0.414,0,1,1,421.29,0.414,1,1
7016,3,962.45,6,21700.0,7577.88,0.349,1,Yes,0,962.45,0.349,1,0
6031,5,383.86,1,39700.0,12099.98,0.305,0,Y,No,383.86,0.305,1,0
10049,5,194.14,0,49900.0,16719.54,0.335,0,Y,0,194.14,0.335,1,0
6749,3,193.44,1,31000.0,6648.69,0.214,1,Y,N,193.44,0.214,1,0
7471,4,671.26,2,54400.0,34947.01,0.642,1,0,N,671.26,0.642,0,0
275,1,628.78,4,53900.0,6282.76,0.117,1,No,No,628.78,0.117,0,0
4787,2,622.54,5,43800.0,5478.85,0.125,0,1,No,622.54,0.125,1,0
4455,5,601.06,5,46400.0,4744.01,10.2%,1,Y,0,601.06,0.102,1,0
9047,2,268.12,0,12100.0,3304.25,0.273,2,Y,No,268.12,0.273,1,0
7371,1,706.65,3,43100.0,13580.78,0.315,1,0,Yes,706.65,0.315,0,1
9508,1,362.57,3,50200.0,16012.54,0.319,1,Yes,N,362.57,0.319,1,0
4987,2,308.39,2,57700.0,6188.06,0.107,0,Y,0,308.39,0.107,1,0
3279,3,695.61,4,28000.0,5005.01,0.179,0,1,No,695.61,0.179,1,0
11369,2,124.08,0,36000.0,5177.26,14.4%,2,Yes,No,124.08,0.14400000000000002,1,0
2878,1,410.87,8,33800.0,9484.32,0.281,1,Y,0,410.87,0.281,1,0
9105,1,497.07,5,21900.0,3880.41,0.177,1,0,1,497.07,0.177,0,1
5512,1,122.11,1,11200.0,1090.66,0.097,0,Yes,N,122.11,0.097,1,0
2714,4,370.06,2,40300.0,5201.29,0.129,1,1,0,370.06,0.129,1,0
2440,3,304.31,2,30800.0,16718.82,0.543,1,1,0,304.31,0.543,1,0
11883,1,348.46,3,11800.0,1481.56,0.126,0,Y,0,348.46,0.126,1,0
11092,4,269.36,0,21900.0,5683.42,0.26,1,Yes,0,269.36,0.26,1,0
4790,4,175.92,0,41700.0,3447.34,0.083,0,1,0,175.92,0.083,1,0
5819,3,1219.15,10,56100.0,7788.28,13.9%,1,1,0,1219.15,0.139,1,0
7651,5,987.82,7,17600.0,6893.05,0.392,1,Yes,0,987.82,0.392,1,0
6047,1,415.35,2,59200.0,9983.53,16.9%,1,Yes,1,415.35,0.16899999999999998,1,1
4416,2,858.48,9,56600.0,6181.56,0.109,1,Yes,0,858.48,0.109,1,0
554,2,663.2,5,11100.0,2832.63,0.255,0,Y,N,663.2,0.255,1,0
10326,3,132.67,0,32400.0,11092.41,34.2%,3,1,0,132.67,0.342,1,0
7238,3,464.33,2,3200.0,1860.79,58.1%,2,Y,N,464.33,0.581,1,0
2239,3,495.11,1,54800.0,12019.27,0.219,1,Y,0,495.11,0.219,1,0
10723,2,657.34,4,28900.0,4949.66,0.171,0,Yes,0,657.34,0.171,1,0
8169,2,308.72,2,39500.0,3315.35,0.084,1,Yes,0,308.72,0.084,1,0
5220,2,515.85,0,40100.0,4875.66,0.122,2,1,No,515.85,0.122,1,0
10334,3,538.44,4,59100.0,16618.97,0.281,1,Yes,No,538.44,0.281,1,0
7234,4,383.71,3,54800.0,18185.44,0.332,1,Y,N,383.71,0.332,1,0
2770,3,163.53,0,9900.0,2375.62,0.24,0,1,No,163.53,0.24,1,0
1906,4,501.09,5,11300.0,2966.44,0.263,0,Y,N,501.09,0.263,1,0
5850,3,530.46,6,21900.0,3905.0,17.8%,2,Y,0,530.46,0.17800000000000002,1,0
1655,4,847.03,5,5600.0,539.38,0.096,2,1,0,847.03,0.096,1,0
6242,1,413.92,6,44900.0,7364.97,0.164,1,1,0,413.92,0.164,1,0
5097,3,759.74,3,36800.0,11640.4,0.316,0,Y,No,759.74,0.316,1,0
4202,1,207.13,2,31700.0,10569.71,0.333,1,0,1,207.13,0.333,0,1
4924,2,299.85,4,25700.0,4900.29,0.191,1,0,N,299.85,0.191,0,0
1867,2,284.96,2,14400.0,5134.06,35.7%,1,1,0,284.96,0.35700000000000004,1,0
7305,2,345.23,0,40400.0,8584.91,0.212,1,0,0,345.23,0.212,0,0
1132,2,135.18,0,37900.0,6512.98,0.172,0,Y,0,135.18,0.172,1,0
5012,3,226.32,2,9200.0,3789.4,0.412,0,1,N,226.32,0.412,1,0
7626,1,839.46,6,16800.0,1847.45,11.0%,0,0,N,839.46,0.11,0,0
3467,1,190.77,1,25900.0,8055.32,0.311,2,1,0,190.77,0.311,1,0
6926,1,,2,46700.0,2115.05,0.045,1,N,0,339.29,0.045,0,0
3911,2,494.63,1,57400.0,10227.88,0.178,2,1,0,494.63,0.178,1,0
11841,1,759.84,2,32300.0,6438.34,0.199,0,Yes,0,759.84,0.199,1,0
2318,1,169.44,3,30900.0,13581.48,0.44,0,N,0,169.44,0.44,0,0
3921,1,327.23,3,36800.0,9850.31,0.268,1,No,1,327.23,0.268,0,1
653,1,762.29,4,14400.0,5847.32,40.6%,0,0,No,762.29,0.406,0,0
9661,1,725.39,10,50000.0,15802.1,0.316,0,0,0,725.39,0.316,0,0
12117,3,263.09,0,37400.0,6400.27,17.1%,0,No,N,263.09,0.171,0,0
12083,5,398.89,0,46700.0,1263.5,2.7%,1,1,0,398.89,0.027000000000000003,1,0
4053,2,158.02,1,37200.0,4222.13,0.113,0,Yes,N,158.02,0.113,1,0
7222,2,358.56,3,45600.0,3206.48,0.07,1,No,No,358.56,0.07,0,0
3450,2,416.94,2,9400.0,6026.32,64.1%,2,1,No,416.94,0.6409999999999999,1,0
9148,1,549.67,0,48500.0,5209.99,0.107,1,No,No,549.67,0.107,0,0
11659,2,232.99,1,12100.0,3342.1,0.276,2,1,No,232.99,0.276,1,0
8422,4,606.07,3,41100.0,30725.63,0.748,0,Yes,No,606.07,0.748,1,0
11104,4,845.68,3,41000.0,5108.1,0.125,1,Yes,0,845.68,0.125,1,0
4838,1,807.83,6,52100.0,8469.29,0.163,1,Y,N,807.83,0.163,1,0
3411,1,197.52,1,17000.0,5342.44,0.314,1,0,No,197.52,0.314,0,0
10889,1,599.94,2,3700.0,1794.24,0.485,2,0,No,599.94,0.485,0,0
9013,2,539.94,3,33800.0,9959.93,0.295,1,Y,0,539.94,0.295,1,0
4592,2,139.54,4,45600.0,5151.03,0.113,1,1,No,139.54,0.113,1,0
6783,1,849.23,10,43700.0,1188.22,2.7%,3,N,Y,849.23,0.027000000000000003,0,1
1851,1,629.1,9,32600.0,6911.95,0.212,0,No,0,629.1,0.212,0,0
3054,2,391.29,3,30600.0,9283.43,0.303,0,1,No,391.29,0.303,1,0
112,4,533.05,3,13700.0,2358.16,0.172,1,1,N,533.05,0.172,1,0
264,1,427.62,7,41300.0,18161.86,0.44,0,Y,Y,427.62,0.44,1,1
1420,2,374.36,3,32700.0,4414.11,13.5%,0,Y,0,374.36,0.135,1,0
1433,4,926.28,6,48200.0,29772.29,0.618,1,1,N,926.28,0.618,1,0
6423,2,340.97,2,24400.0,10215.99,0.419,1,1,N,340.97,0.419,1,0
3179,3,728.52,5,2500.0,1148.59,0.459,0,1,0,728.52,0.459,1,0
11122,1,993.2,8,52900.0,4674.07,0.088,1,0,0,993.2,0.088,0,0
7389,1,542.68,3,10900.0,2727.51,25.0%,0,No,N,542.68,0.25,0,0
2513,1,255.18,1,27500.0,850.57,0.031,1,0,Yes,255.18,0.031,0,1
8111,1,474.56,2,13200.0,2582.53,0.196,0,Yes,0,474.56,0.196,1,0
1069,1,390.7,4,26600.0,5447.01,0.205,2,Y,N,390.7,0.205,1,0
3664,2,214.06,0,24300.0,9031.73,0.372,2,Y,0,214.06,0.372,1,0
2422,1,256.0,1,26300.0,1852.6,0.07,4,0,1,256.0,0.07,0,1
11962,1,418.2,2,5100.0,745.15,0.146,5,1,Y,418.2,0.146,1,1
12071,1,147.01,1,48500.0,6825.93,0.141,2,Y,1,147.01,0.141,1,1
526,2,180.64,1,53700.0,9199.6,0.171,1,Yes,0,180.64,0.171,1,0
11984,3,523.97,0,45400.0,12437.0,0.274,1,Y,0,523.97,0.274,1,0
10383,1,287.99,3,34000.0,6045.09,0.178,1,Yes,No,287.99,0.178,1,0
4576,2,145.55,1,51900.0,25989.42,0.501,2,Y,No,145.55,0.501,1,0
7358,1,239.54,1,47500.0,6516.25,0.137,2,No,N,239.54,0.137,0,0
2753,3,954.04,7,21600.0,8815.83,0.408,0,0,N,954.04,0.408,0,0
11685,4,571.14,2,34500.0,11467.25,0.332,0,1,No,571.14,0.332,1,0
8836,1,376.11,1,38700.0,8715.07,0.225,1,N,1,376.11,0.225,0,1
1712,1,880.77,3,34100.0,17416.71,0.511,1,0,1,880.77,0.511,0,1
8627,1,357.96,0,6400.0,3644.17,56.9%,1,No,0,357.96,0.569,0,0
6850,2,471.96,1,13100.0,8528.73,0.651,0,1,0,471.96,0.651,1,0
5250,1,221.35,1,33700.0,17163.66,0.509,1,N,0,221.35,0.509,0,0
1077,3,436.81,2,52400.0,5259.2,0.1,1,1,N,436.81,0.1,1,0
7461,3,282.19,3,19200.0,2543.32,0.132,1,1,0,282.19,0.132,1,0
8955,1,487.36,5,29100.0,2127.14,0.073,0,0,0,487.36,0.073,0,0
11285,1,221.96,3,54700.0,21374.25,0.391,2,1,Yes,221.96,0.391,1,1
6414,4,676.77,11,52700.0,26138.8,0.496,0,0,0,676.77,0.496,0,0
4730,5,482.84,1,56000.0,3794.64,0.068,1,N,0,482.84,0.068,0,0
92,4,792.1,3,27800.0,4534.0,0.163,2,1,0,792.1,0.163,1,0
4932,1,608.56,4,23100.0,1721.04,0.075,1,0,No,608.56,0.075,0,0
10160,4,290.99,0,51500.0,10660.66,0.207,1,Yes,0,290.99,0.207,1,0
11931,1,187.19,0,30300.0,12424.95,0.41,1,0,Y,187.19,0.41,0,1
10622,3,109.3,1,47000.0,8523.12,18.1%,1,Y,No,109.3,0.18100000000000002,1,0
8895,3,338.43,2,7100.0,1237.42,0.174,1,Yes,0,338.43,0.174,1,0
8108,1,292.81,1,10300.0,2165.76,0.21,0,1,1,292.81,0.21,1,1
7536,1,326.21,1,6400.0,654.32,10.2%,3,0,Y,326.21,0.102,0,1
2571,1,278.28,3,7800.0,5935.43,0.761,0,0,0,278.28,0.761,0,0
150,2,454.43,3,5400.0,1120.29,0.207,3,1,No,454.43,0.207,1,0
36,1,166.47,1,16700.0,11449.49,0.686,0,Yes,0,166.47,0.686,1,0
2943,3,308.98,1,5300.0,1138.6,0.215,1,0,No,308.98,0.215,0,0
4172,1,1111.9,7,10100.0,3169.94,0.314,2,Y,N,1111.9,0.314,1,0
10025,2,242.73,0,44800.0,7666.19,0.171,2,1,No,242.73,0.171,1,0
1222,2,467.72,4,45400.0,11890.91,0.262,0,Yes,0,467.72,0.262,1,0
3051,3,328.44,3,52700.0,9576.78,0.182,0,Y,0,328.44,0.182,1,0
2295,2,384.47,2,29800.0,7489.08,0.251,1,1,0,384.47,0.251,1,0
11720,1,1280.24,7,29900.0,6000.42,20.1%,2,N,N,1280.24,0.201,0,0
4363,1,281.23,4,18400.0,2299.95,0.125,0,0,0,281.23,0.125,0,0
11944,1,540.38,2,7900.0,571.3,0.072,1,1,0,540.38,0.072,1,0
8191,2,364.96,3,39300.0,9720.36,0.247,1,1,No,364.96,0.247,1,0
6156,4,622.75,5,20200.0,6389.49,0.316,0,1,0,622.75,0.316,1,0
2550,2,1553.53,8,27400.0,14714.96,0.537,1,0,0,1553.53,0.537,0,0
10199,3,769.63,6,10100.0,1715.24,0.17,0,1,0,769.63,0.17,1,0
111,3,499.43,6,58600.0,12665.33,21.6%,0,1,No,499.43,0.21600000000000003,1,0
494,2,530.59,3,55100.0,19610.93,0.356,1,0,0,530.59,0.356,0,0
1226,4,315.35,6,41700.0,13710.34,0.329,3,Y,0,315.35,0.329,1,0
169,2,344.71,1,54800.0,20657.94,0.377,3,Yes,No,344.71,0.377,1,0
11711,3,418.5,1,14600.0,3445.87,0.236,0,Y,0,418.5,0.236,1,0
838,2,364.79,5,59000.0,22213.34,37.6%,0,Yes,N,364.79,0.376,1,0
6395,2,137.34,2,32400.0,21969.37,0.678,1,No,0,137.34,0.678,0,0
10897,3,274.14,2,56800.0,33935.4,0.597,1,Yes,No,274.14,0.597,1,0
7467,2,271.44,5,25600.0,7160.48,28.0%,2,1,N,271.44,0.28,1,0
3298,1,112.49,1,15700.0,3874.33,0.247,1,0,1,112.49,0.247,0,1
10700,2,379.19,1,18500.0,4017.38,0.217,1,Y,0,379.19,0.217,1,0
8556,3,141.48,1,51200.0,18902.65,0.369,2,1,No,141.48,0.369,1,0
11531,1,558.04,0,53100.0,21055.25,0.397,1,0,0,558.04,0.397,0,0
5626,2,697.02,3,34600.0,406.95,1.2%,1,Yes,No,697.02,0.012,1,0
2356,2,428.19,2,18000.0,9044.98,0.502,1,No,N,428.19,0.502,0,0
1459,1,1134.88,11,54800.0,16320.0,29.8%,1,N,N,1134.88,0.298,0,0
7892,1,243.29,0,48500.0,6426.05,0.132,0,0,N,243.29,0.132,0,0
6943,1,349.53,2,23500.0,2093.25,8.9%,2,No,Y,349.53,0.08900000000000001,0,1
8432,1,315.78,1,32900.0,17518.35,0.532,1,0,0,315.78,0.532,0,0
5023,2,208.45,3,26000.0,3221.7,0.124,0,1,0,208.45,0.124,1,0
1146,3,907.35,4,44700.0,6430.18,0.144,1,1,Y,907.35,0.144,1,1
12017,1,507.88,8,44600.0,7989.52,0.179,1,0,1,507.88,0.179,0,1
1774,1,595.56,2,3600.0,245.03,0.068,1,0,1,595.56,0.068,0,1
4663,3,581.56,4,33200.0,5864.94,17.7%,0,1,0,581.56,0.177,1,0
1795,4,219.87,2,54100.0,10002.28,0.185,0,1,No,219.87,0.185,1,0
7380,4,242.46,0,52700.0,13995.38,0.266,0,1,0,242.46,0.266,1,0
2345,2,538.24,0,19500.0,4945.79,0.254,0,Y,0,538.24,0.254,1,0
5642,5,347.04,1,2600.0,1390.55,0.535,1,0,0,347.04,0.535,0,0
11902,2,1093.09,9,48700.0,22131.94,45.4%,1,1,0,1093.09,0.45399999999999996,1,0
11886,3,486.9,0,7400.0,1836.29,0.248,2,0,0,486.9,0.248,0,0
7820,2,326.82,2,52500.0,7459.37,0.142,0,No,0,326.82,0.142,0,0
8931,3,323.81,2,3300.0,138.99,0.042,0,1,N,323.81,0.042,1,0
9669,4,880.08,3,13000.0,4747.97,0.365,3,1,0,880.08,0.365,1,0
1203,2,340.58,5,28600.0,4703.27,0.164,1,1,N,340.58,0.164,1,0
11474,1,343.94,0,41900.0,10990.59,0.262,1,0,N,343.94,0.262,0,0
1931,1,393.09,2,7300.0,2715.3,0.372,3,0,0,393.09,0.372,0,0
11194,2,366.94,4,37100.0,3889.84,0.105,0,1,0,366.94,0.105,1,0
5791,1,350.89,6,36400.0,4362.53,12.0%,1,N,Y,350.89,0.12,0,1
9367,1,541.46,2,34500.0,9479.99,0.275,1,No,No,541.46,0.275,0,0
6623,2,391.09,4,3300.0,818.51,0.248,0,Yes,0,391.09,0.248,1,0
7394,1,1024.93,9,54200.0,-14271.82,0.263,0,No,No,1024.93,0.263,0,0
9699,2,384.56,3,30800.0,746.71,2.4%,2,1,No,384.56,0.024,1,0
438,1,269.92,2,22500.0,4815.73,0.214,2,N,N,269.92,0.214,0,0
12000,5,539.96,2,17700.0,6995.51,0.395,2,Yes,N,539.96,0.395,1,0
9501,3,584.18,5,57500.0,18041.78,0.314,2,1,No,584.18,0.314,1,0
4218,4,742.17,7,47100.0,10922.07,0.232,1,Yes,No,742.17,0.232,1,0
4419,2,247.08,2,46400.0,3981.85,8.6%,3,1,No,247.08,0.086,1,0
2196,1,,0,55700.0,15252.81,0.274,2,No,No,231.95,0.274,0,0
3141,1,864.32,5,29400.0,7436.21,0.253,1,No,1,864.32,0.253,0,1
9065,2,542.82,3,30500.0,7271.35,0.238,2,1,0,542.82,0.238,1,0
1371,2,589.64,3,22700.0,7532.94,0.332,3,Y,1,589.64,0.332,1,1
279,1,350.64,3,26900.0,4500.49,0.167,0,1,0,350.64,0.167,1,0
122,1,240.06,4,52500.0,19400.51,0.37,3,0,Yes,240.06,0.37,0,1
10338,1,1553.57,15,15200.0,2625.29,0.173,0,1,N,1553.57,0.173,1,0
11133,3,,3,51300.0,6639.56,12.9%,0,0,0,411.22,0.129,0,0
4460,4,615.0,2,18600.0,6700.14,36.0%,2,1,0,615.0,0.36,1,0
10365,1,320.04,0,52400.0,18631.36,0.356,0,0,0,320.04,0.356,0,0
4772,1,424.99,3,31700.0,9893.91,31.2%,0,1,No,424.99,0.312,1,0
10886,1,289.16,3,35600.0,7043.99,0.198,2,N,0,289.16,0.198,0,0
7933,2,602.58,3,49300.0,10725.93,21.8%,1,Yes,N,602.58,0.218,1,0
8716,1,198.76,1,39400.0,15361.94,0.39,0,Yes,1,198.76,0.39,1,1
1549,4,320.04,3,18900.0,7317.64,0.387,2,Yes,No,320.04,0.387,1,0
1034,3,436.89,1,34400.0,14903.91,0.433,2,1,No,436.89,0.433,1,0
1915,2,312.45,0,51400.0,3225.86,0.063,0,Y,N,312.45,0.063,1,0
6687,2,251.44,1,25500.0,5101.97,0.2,0,1,No,251.44,0.2,1,0
265,2,536.49,3,32400.0,7051.59,21.8%,1,1,N,536.49,0.218,1,0
9050,1,274.68,4,44700.0,12570.38,0.281,1,No,N,274.68,0.281,0,0
3173,1,312.03,3,36400.0,12854.98,0.353,0,0,0,312.03,0.353,0,0
10637,1,441.57,1,40200.0,30500.54,75.9%,0,0,1,441.57,0.759,0,1
11669,2,589.76,6,38600.0,12107.4,0.314,0,1,No,589.76,0.314,1,0
376,1,664.45,5,35600.0,4203.95,0.118,0,0,0,664.45,0.118,0,0
6133,3,485.18,4,46000.0,12268.0,0.267,0,1,N,485.18,0.267,1,0
1924,4,277.62,3,8800.0,3960.36,45.0%,2,N,No,277.62,0.45,0,0
6764,3,264.17,1,30600.0,7553.55,0.247,0,1,No,264.17,0.247,1,0
4870,1,271.67,3,7900.0,3353.91,42.5%,0,No,0,271.67,0.425,0,0
9837,1,464.05,2,20700.0,12396.27,0.599,0,0,1,464.05,0.599,0,1
11061,1,1515.09,8,52200.0,10911.12,0.209,0,No,0,1515.09,0.209,0,0
7682,2,339.79,4,53100.0,19384.61,0.365,0,1,0,339.79,0.365,1,0
5247,5,595.87,3,31700.0,8541.9,0.269,2,Y,0,595.87,0.269,1,0
10272,1,290.79,1,59100.0,26780.07,0.453,1,N,0,290.79,0.453,0,0
1155,1,518.76,2,12500.0,6113.38,0.489,0,0,No,518.76,0.489,0,0
4210,1,172.69,1,22700.0,5409.94,0.238,2,0,No,172.69,0.238,0,0
3798,1,324.65,1,49300.0,10543.8,0.214,1,1,1,324.65,0.214,1,1
3131,1,397.4,2,45800.0,9064.44,19.8%,0,No,1,397.4,0.198,0,1
2498,1,141.49,0,22000.0,9830.14,0.447,2,N,1,141.49,0.447,0,1
8877,1,696.42,4,47300.0,2033.52,0.043,1,Y,N,696.42,0.043,1,0
10428,2,522.42,2,42900.0,8382.11,0.195,0,Yes,0,522.42,0.195,1,0
6153,4,353.82,2,29500.0,3626.78,12.3%,0,Yes,0,353.82,0.12300000000000001,1,0
10535,1,404.55,1,31300.0,5197.01,0.166,1,1,1,404.55,0.166,1,1
7834,3,312.93,2,44100.0,26573.81,0.603,0,1,No,312.93,0.603,1,0
6692,5,493.74,5,12500.0,2452.61,0.196,0,1,0,493.74,0.196,1,0
6901,2,527.21,2,17100.0,1276.7,0.075,0,1,No,527.21,0.075,1,0
4611,2,215.04,2,51000.0,7279.92,0.143,0,1,0,215.04,0.143,1,0
3910,1,499.13,3,50700.0,5616.31,11.1%,1,0,0,499.13,0.111,0,0
5564,3,388.83,3,8600.0,815.49,0.095,0,Yes,N,388.83,0.095,1,0
1780,2,818.48,13,4000.0,713.22,0.178,1,1,No,818.48,0.178,1,0
10978,2,319.44,3,48600.0,14273.79,0.294,3,Y,N,319.44,0.294,1,0
9724,2,375.75,1,54300.0,14109.84,0.26,0,Y,0,375.75,0.26,1,0
11384,1,219.4,0,23500.0,3344.53,14.2%,0,No,0,219.4,0.142,0,0
1497,1,1118.17,6,25400.0,19248.88,0.758,2,N,0,1118.17,0.758,0,0
10201,4,281.27,2,20000.0,707.71,3.5%,1,1,0,281.27,0.035,1,0
6722,4,312.49,2,59000.0,19696.44,0.334,0,Yes,0,312.49,0.334,1,0
7350,1,764.59,6,36400.0,5909.38,0.162,1,0,0,764.59,0.162,0,0
11189,5,381.43,4,25800.0,16774.37,0.65,0,0,0,381.43,0.65,0,0
6519,1,,9,39400.0,12234.29,0.311,2,No,N,940.35,0.311,0,0
5832,3,295.45,1,32500.0,14065.48,0.433,1,1,0,295.45,0.433,1,0
7337,2,142.03,1,18800.0,5388.32,0.287,1,1,N,142.03,0.287,1,0
230,2,311.39,1,45400.0,13024.27,0.287,1,1,No,311.39,0.287,1,0
9950,5,301.08,2,32900.0,11247.86,0.342,1,1,No,301.08,0.342,1,0
10631,3,594.11,3,57000.0,25725.92,0.451,0,1,No,594.11,0.451,1,0
7273,2,1636.33,11,11300.0,3182.47,0.282,1,1,0,1636.33,0.282,1,0
9722,2,256.31,1,56100.0,3170.66,0.057,0,Y,0,256.31,0.057,1,0
1988,1,601.1,5,40100.0,12470.99,0.311,0,0,Yes,601.1,0.311,0,1
4239,1,246.27,2,36200.0,11624.61,0.321,0,N,0,246.27,0.321,0,0
2690,4,512.37,4,51900.0,27445.95,0.529,2,Y,0,512.37,0.529,1,0
6135,1,424.89,4,29500.0,6634.64,0.225,1,Yes,Y,424.89,0.225,1,1
5971,4,313.27,2,33700.0,11970.07,0.355,1,1,0,313.27,0.355,1,0
4165,2,425.03,3,30900.0,9937.54,32.2%,2,Yes,0,425.03,0.322,1,0
7877,1,125.09,1,16600.0,546.51,0.033,1,N,N,125.09,0.033,0,0
4715,2,346.18,3,33300.0,12415.63,0.373,0,1,N,346.18,0.373,1,0
5530,2,411.22,3,26500.0,5443.82,0.205,2,Yes,0,411.22,0.205,1,0
7015,2,771.89,5,37600.0,7198.08,0.191,2,Yes,N,771.89,0.191,1,0
6903,1,275.02,0,54200.0,24279.39,0.448,0,0,1,275.02,0.448,0,1
5679,1,292.7,3,11800.0,2407.19,0.204,1,0,1,292.7,0.204,0,1
8332,2,385.07,4,38000.0,20524.38,0.54,0,Y,0,385.07,0.54,1,0
763,2,761.06,2,45900.0,13114.33,0.286,0,Y,N,761.06,0.286,1,0
4263,3,51.56,3,15000.0,1587.17,10.6%,0,Yes,N,51.56,0.106,1,0
10515,1,115.41,1,43700.0,16843.72,0.385,1,0,N,115.41,0.385,0,0
103,1,112.95,0,16600.0,4336.79,26.1%,0,N,N,112.95,0.261,0,0
6624,3,774.89,4,22400.0,2825.79,0.126,0,Y,N,774.89,0.126,1,0
4842,1,366.23,4,28200.0,12771.37,0.453,0,0,No,366.23,0.453,0,0
8428,4,728.46,5,40500.0,7106.92,0.175,2,Y,0,728.46,0.175,1,0
2537,1,960.7,6,7100.0,2221.31,31.3%,0,0,No,960.7,0.313,0,0
2701,1,616.1,8,51900.0,551.75,0.011,3,0,No,616.1,0.011,0,0
8262,1,213.33,2,13300.0,1450.97,0.109,0,No,0,213.33,0.109,0,0
3455,3,546.41,0,6700.0,1099.65,0.164,1,1,0,546.41,0.164,1,0
5011,1,781.81,4,20900.0,9347.38,0.447,1,N,Yes,781.81,0.447,0,1
4634,1,281.85,1,15600.0,3622.41,0.232,0,Yes,0,281.85,0.232,1,0
8366,3,355.94,3,47800.0,8082.4,16.9%,1,0,0,355.94,0.16899999999999998,0,0
10928,1,156.05,0,32600.0,10500.42,0.322,1,No,1,156.05,0.322,0,1
7012,2,222.43,2,15600.0,1585.55,0.102,0,Yes,No,222.43,0.102,1,0
6160,2,1346.04,11,10200.0,5324.02,0.522,1,1,N,1346.04,0.522,1,0
6340,1,1147.03,1,12200.0,598.95,0.049,2,0,0,1147.03,0.049,0,0
9585,3,144.69,0,59300.0,13239.94,0.223,0,Yes,0,144.69,0.223,1,0
9854,1,258.61,1,45000.0,26409.45,0.587,2,0,N,258.61,0.587,0,0
10693,1,1817.21,7,30300.0,4984.12,0.164,3,0,Yes,1817.21,0.164,0,1
549,1,1162.61,9,26100.0,3329.62,0.128,0,N,N,1162.61,0.128,0,0
3985,1,367.73,3,25000.0,8261.2,0.33,1,0,0,367.73,0.33,0,0
4164,2,402.71,6,31200.0,11658.73,37.4%,0,Y,0,402.71,0.374,1,0
2843,2,443.03,2,47700.0,6518.35,13.7%,2,1,No,443.03,0.13699999999999998,1,0
8064,1,353.18,0,36500.0,11752.51,32.2%,1,N,N,353.18,0.322,0,0
7288,1,252.4,1,20200.0,944.46,0.047,1,Yes,0,252.4,0.047,1,0
2810,2,700.86,3,43600.0,2923.97,0.067,1,1,0,700.86,0.067,1,0
3519,1,556.13,0,12600.0,2164.65,0.172,1,No,N,556.13,0.172,0,0
4082,2,468.61,4,27100.0,15130.46,0.558,1,0,N,468.61,0.558,0,0
135,2,222.47,1,10200.0,3880.8,0.38,0,1,N,222.47,0.38,1,0
9697,3,256.25,1,35400.0,15145.55,0.428,1,Yes,0,256.25,0.428,1,0
568,2,113.97,3,7200.0,2685.58,0.373,1,1,0,113.97,0.373,1,0
10686,3,511.87,2,59100.0,20685.41,0.35,2,1,No,511.87,0.35,1,0
3865,4,353.64,1,37900.0,6174.91,0.163,0,1,N,353.64,0.163,1,0
12055,2,370.3,1,32400.0,1805.34,0.056,0,Y,N,370.3,0.056,1,0
7229,3,511.55,7,45900.0,6058.46,0.132,2,1,N,511.55,0.132,1,0
1103,1,152.75,2,27300.0,8525.43,31.2%,0,No,0,152.75,0.312,0,0
7237,4,449.74,3,55500.0,27625.29,0.498,1,Y,No,449.74,0.498,1,0
2850,3,,13,50000.0,11220.5,0.224,0,1,0,1290.42,0.224,1,0
7986,3,442.13,3,26100.0,10740.54,0.412,0,Yes,0,442.13,0.412,1,0
7768,2,1061.03,5,49500.0,24932.3,0.504,3,Yes,No,1061.03,0.504,1,0
11317,2,497.29,1,38100.0,7566.77,0.199,0,1,0,497.29,0.199,1,0
8192,1,81.74,0,28900.0,9476.78,32.8%,0,No,0,81.74,0.32799999999999996,0,0
11971,4,278.81,2,47500.0,6119.79,12.9%,0,1,0,278.81,0.129,1,0
9249,2,540.99,2,2400.0,1018.17,0.424,0,Yes,0,540.99,0.424,1,0
3370,1,321.11,4,51100.0,11221.55,0.22,0,Yes,1,321.11,0.22,1,1
8369,3,529.77,2,51000.0,31675.84,62.1%,0,N,N,529.77,0.621,0,0
5515,3,838.11,5,45400.0,13188.44,0.29,0,Yes,0,838.11,0.29,1,0
805,1,503.92,5,55700.0,20097.38,0.361,2,No,0,503.92,0.361,0,0
10621,3,319.31,1,3500.0,231.13,0.066,2,1,No,319.31,0.066,1,0
4984,5,335.12,3,43000.0,26468.84,0.616,2,0,No,335.12,0.616,0,0
2716,3,305.9,0,25400.0,14995.94,0.59,2,0,No,305.9,0.59,0,0
550,1,170.75,0,7900.0,2519.64,0.319,1,N,1,170.75,0.319,0,1
8540,1,668.31,6,26200.0,5190.72,19.8%,1,0,Y,668.31,0.198,0,1
7633,1,366.76,5,26400.0,4039.84,15.3%,1,0,No,366.76,0.153,0,0
3618,1,145.89,1,56600.0,9491.19,0.168,1,No,Y,145.89,0.168,0,1
3832,1,543.71,3,57800.0,7663.11,0.133,1,N,0,543.71,0.133,0,0
5520,2,744.63,8,45700.0,2017.71,4.4%,0,1,N,744.63,0.044000000000000004,1,0
2988,1,430.38,3,41400.0,2579.86,0.062,0,0,0,430.38,0.062,0,0
7688,2,285.81,2,10000.0,4386.81,0.439,2,Yes,0,285.81,0.439,1,0
4949,1,354.31,6,46000.0,27522.07,0.598,1,N,Y,354.31,0.598,0,1
9279,1,202.77,0,35000.0,8471.17,0.242,0,N,1,202.77,0.242,0,1
8056,1,357.59,6,56600.0,23585.64,41.7%,1,N,0,357.59,0.41700000000000004,0,0
11704,2,404.91,2,23500.0,7953.68,0.338,1,Yes,N,404.91,0.338,1,0
11510,2,260.02,2,30600.0,5232.45,0.171,0,1,0,260.02,0.171,1,0
10284,3,964.94,9,39400.0,5202.44,13.2%,2,1,No,964.94,0.132,1,0
4011,2,649.77,4,23700.0,1271.42,0.054,2,Yes,No,649.77,0.054,1,0
6427,4,496.4,1,32900.0,1053.68,0.032,1,1,No,496.4,0.032,1,0
8554,2,278.17,1,29800.0,15414.43,51.7%,0,0,0,278.17,0.517,0,0
905,2,412.25,2,55400.0,12048.75,0.217,3,Y,No,412.25,0.217,1,0
2979,2,300.33,1,26300.0,10695.02,0.407,0,Yes,0,300.33,0.407,1,0
3706,1,336.18,0,4700.0,1305.92,0.278,1,Yes,0,336.18,0.278,1,0
5073,2,310.32,3,8000.0,3006.07,0.376,1,Yes,No,310.32,0.376,1,0
1700,1,510.62,5,25700.0,633.81,0.025,0,Y,N,510.62,0.025,1,0
6706,1,375.81,2,55200.0,30221.59,0.547,0,No,0,375.81,0.547,0,0
8800,5,805.4,3,51200.0,19811.68,0.387,0,Yes,0,805.4,0.387,1,0
2233,3,248.68,1,13300.0,3574.48,26.9%,2,1,0,248.68,0.26899999999999996,1,0
1344,2,1200.69,6,27100.0,6713.69,0.248,0,1,0,1200.69,0.248,1,0
542,1,693.13,3,6000.0,1506.7,25.1%,3,Y,Yes,693.13,0.251,1,1
6688,3,413.24,2,13000.0,2474.73,0.19,1,Y,0,413.24,0.19,1,0
2190,1,107.75,0,21300.0,2769.21,13.0%,0,1,0,107.75,0.13,1,0
6818,2,426.81,2,51500.0,2035.8,0.04,1,1,N,426.81,0.04,1,0
9223,1,1000.64,9,41500.0,12994.23,0.313,0,Y,N,1000.64,0.313,1,0
4445,2,666.44,9,43600.0,17803.59,0.408,0,1,No,666.44,0.408,1,0
521,4,355.44,4,57400.0,14588.05,1.58,1,Y,0,355.44,0.254,1,0
5929,2,1565.88,8,33400.0,15698.14,47.0%,0,Y,0,1565.88,0.47,1,0
7494,2,414.29,1,57400.0,20669.97,36.0%,1,1,N,414.29,0.36,1,0
10450,1,643.92,7,11800.0,1424.41,0.121,1,No,No,643.92,0.121,0,0
4816,2,139.83,0,15500.0,2823.28,18.2%,1,1,N,139.83,0.182,1,0
2326,1,242.32,1,24000.0,5218.12,0.217,2,N,No,242.32,0.217,0,0
3629,3,294.04,0,22800.0,13312.24,0.584,0,0,N,294.04,0.584,0,0
6106,5,367.47,4,20600.0,5315.57,25.8%,1,0,0,367.47,0.258,0,0
7527,2,494.61,2,52700.0,28262.93,0.536,1,Y,N,494.61,0.536,1,0
10531,1,957.98,4,2100.0,269.58,0.128,1,0,N,957.98,0.128,0,0
2832,4,323.74,2,43000.0,10276.62,0.239,1,Yes,No,323.74,0.239,1,0
12041,3,560.16,3,3600.0,823.84,0.229,1,Yes,0,560.16,0.229,1,0
4133,1,354.28,3,54200.0,7394.05,0.136,1,Y,0,354.28,0.136,1,0
5054,2,205.75,3,10900.0,1278.42,0.117,0,1,0,205.75,0.117,1,0
7177,2,106.55,1,12000.0,6939.62,0.578,0,0,No,106.55,0.578,0,0
12175,2,562.3,0,27300.0,11102.47,40.7%,1,1,0,562.3,0.40700000000000003,1,0
3490,1,978.91,5,19400.0,9520.76,0.491,2,No,0,978.91,0.491,0,0
11459,1,1310.56,9,50600.0,12400.72,0.245,1,1,0,1310.56,0.245,1,0
1670,1,252.11,0,58200.0,2160.62,0.037,1,N,No,252.11,0.037,0,0
1724,4,200.67,1,59100.0,4118.11,0.07,1,1,0,200.67,0.07,1,0
5189,2,455.19,1,53700.0,18270.31,0.34,3,1,Y,455.19,0.34,1,1
269,1,757.4,3,3700.0,396.25,0.107,2,0,0,757.4,0.107,0,0
1297,4,378.67,2,51800.0,3024.54,5.8%,1,Yes,No,378.67,0.057999999999999996,1,0
4438,2,213.41,1,21700.0,8421.23,38.8%,2,Yes,0,213.41,0.38799999999999996,1,0
5936,2,861.7,6,18400.0,1685.94,0.092,2,Yes,N,861.7,0.092,1,0
10133,2,474.22,3,17100.0,5889.54,0.344,1,1,No,474.22,0.344,1,0
5773,3,289.52,2,26700.0,13494.44,0.505,1,0,0,289.52,0.505,0,0
10040,1,63.77,0,30800.0,9629.79,31.3%,2,Yes,1,63.77,0.313,1,1
8427,1,349.5,1,4400.0,1758.76,40.0%,1,N,N,349.5,0.4,0,0
9769,1,490.89,4,56800.0,9448.38,16.6%,1,0,No,490.89,0.166,0,0
7268,3,282.44,3,7100.0,1655.82,0.233,0,Yes,N,282.44,0.233,1,0
5332,2,338.11,1,4900.0,778.14,0.159,0,1,N,338.11,0.159,1,0
5108,2,880.49,8,9200.0,2185.42,23.8%,0,Y,0,880.49,0.23800000000000002,1,0
807,3,428.26,4,39700.0,23304.46,58.7%,4,0,0,428.26,0.5870000000000001,0,0
9197,5,432.53,5,19200.0,8051.14,0.419,0,Yes,No,432.53,0.419,1,0
11484,3,150.67,0,15600.0,2360.5,0.151,1,Yes,0,150.67,0.151,1,0
5,1,1127.31,9,30700.0,7492.05,0.244,0,0,0,1127.31,0.244,0,0
9253,4,353.2,2,51900.0,3811.67,7.3%,0,0,0,353.2,0.073,0,0
2579,1,489.82,4,53200.0,24140.3,45.4%,0,Y,0,489.82,0.45399999999999996,1,0
1502,2,627.27,0,5300.0,1265.67,0.239,0,Yes,No,627.27,0.239,1,0
2825,2,451.95,3,4100.0,857.42,0.209,1,1,No,451.95,0.209,1,0
4425,1,603.72,4,44400.0,504.58,1.1%,1,1,0,603.72,0.011000000000000001,1,0
2507,2,1138.79,11,5800.0,2590.76,0.447,0,1,No,1138.79,0.447,1,0
4245,4,993.63,5,31500.0,8196.46,26.0%,2,Yes,0,993.63,0.26,1,0
3626,5,309.57,2,46600.0,26594.88,0.571,2,0,0,309.57,0.571,0,0
5981,1,152.64,2,14600.0,5352.15,0.367,1,1,N,152.64,0.367,1,0
4199,2,437.04,4,14100.0,970.7,0.069,0,1,0,437.04,0.069,1,0
10766,1,327.19,6,12900.0,3454.66,26.8%,1,N,0,327.19,0.268,0,0
3453,2,886.44,6,20800.0,875.58,0.042,1,1,0,886.44,0.042,1,0
4051,3,519.98,1,31500.0,9632.07,30.6%,2,1,N,519.98,0.306,1,0
9954,2,531.29,4,27800.0,23113.08,0.831,1,Yes,Yes,531.29,0.831,1,1
8777,2,574.62,3,39200.0,17218.75,0.439,1,1,0,574.62,0.439,1,0
7583,2,410.15,6,6300.0,4415.56,0.701,2,No,N,410.15,0.701,0,0
1610,1,246.57,3,33900.0,8706.61,0.257,0,No,No,246.57,0.257,0,0
2997,1,1018.82,6,2800.0,823.44,0.294,1,No,1,1018.82,0.294,0,1
1932,2,290.91,0,51800.0,18507.06,0.357,2,1,No,290.91,0.357,1,0
8453,3,925.9,4,57600.0,38124.0,0.662,1,N,0,925.9,0.662,0,0
7315,2,306.51,1,29300.0,2693.99,0.092,3,1,No,306.51,0.092,1,0
2580,2,1570.0,7,21400.0,7058.11,0.33,1,1,0,1570.0,0.33,1,0
1415,5,270.77,1,41700.0,15237.85,0.365,2,Y,0,270.77,0.365,1,0
1329,3,508.98,4,41300.0,8707.04,0.211,1,Y,N,508.98,0.211,1,0
11137,1,549.54,5,18000.0,10184.93,56.6%,0,0,0,549.54,0.5660000000000001,0,0
3180,5,638.71,7,50700.0,14197.3,0.28,1,Yes,N,638.71,0.28,1,0
4465,1,319.31,2,23600.0,10693.8,0.453,1,1,No,319.31,0.453,1,0
928,1,316.62,4,13100.0,4465.66,0.341,1,0,No,316.62,0.341,0,0
5090,1,410.8,3,34500.0,15907.94,0.461,1,Yes,0,410.8,0.461,1,0
8359,1,600.05,5,38200.0,11752.18,0.308,2,0,N,600.05,0.308,0,0
3895,3,522.34,6,27800.0,5802.21,0.209,2,N,0,522.34,0.209,0,0
10776,4,656.91,2,36300.0,8581.3,23.6%,0,1,No,656.91,0.23600000000000002,1,0
2255,1,1405.26,12,34100.0,10633.16,0.312,2,Y,0,1405.26,0.312,1,0
1917,1,499.48,2,22800.0,5439.6,0.239,1,0,1,499.48,0.239,0,1
11324,5,761.15,7,43400.0,11448.05,0.264,1,1,0,761.15,0.264,1,0
5789,5,420.14,1,48900.0,3827.53,0.078,2,Y,0,420.14,0.078,1,0
7720,2,106.86,0,34600.0,15526.52,0.449,1,Y,0,106.86,0.449,1,0
11005,3,361.61,2,19900.0,3638.51,18.3%,1,Y,0,361.61,0.183,1,0
1239,2,352.11,1,17200.0,779.13,0.045,0,1,No,352.11,0.045,1,0
5589,1,1372.55,13,13600.0,7123.7,0.524,1,No,1,1372.55,0.524,0,1
10240,1,320.11,3,21500.0,9897.22,0.46,1,No,No,320.11,0.46,0,0
1591,2,682.5,3,36100.0,11054.68,0.306,2,Yes,N,682.5,0.306,1,0
1133,2,420.79,2,31400.0,13202.22,42.0%,2,Yes,0,420.79,0.42,1,0
7556,1,619.34,3,37500.0,21882.12,0.584,2,0,0,619.34,0.584,0,0
322,2,749.44,4,19200.0,2204.55,0.115,2,Y,0,749.44,0.115,1,0
9848,2,254.12,0,49300.0,5525.79,0.112,1,No,N,254.12,0.112,0,0
9219,2,374.67,1,44100.0,15654.59,0.355,0,1,No,374.67,0.355,1,0
4624,2,,1,48500.0,13458.96,0.278,2,Yes,N,272.54,0.278,1,0
3544,1,546.57,5,48200.0,20054.18,0.416,2,Yes,0,546.57,0.416,1,0
11377,1,589.13,4,33900.0,6369.18,18.8%,2,No,0,589.13,0.188,0,0
235,2,364.98,4,50200.0,20322.76,0.405,2,Y,0,364.98,0.405,1,0
4472,3,487.8,2,10900.0,1446.61,0.133,0,1,0,487.8,0.133,1,0
5882,2,424.68,3,51900.0,12190.07,0.235,2,Y,N,424.68,0.235,1,0
182,2,294.4,2,14000.0,3353.11,0.24,2,1,0,294.4,0.24,1,0
11515,2,1014.86,11,26800.0,812.73,0.03,3,Yes,0,1014.86,0.03,1,0
5285,1,732.23,3,4100.0,1664.62,40.6%,0,0,0,732.23,0.406,0,0
10560,2,401.11,2,25000.0,2964.86,0.119,2,1,N,401.11,0.119,1,0
5861,5,1310.65,4,4500.0,1520.81,0.338,0,No,No,1310.65,0.338,0,0
3493,4,375.56,2,45600.0,23355.17,51.2%,2,1,No,375.56,0.512,1,0
3037,4,575.32,3,20200.0,6849.92,0.339,0,1,N,575.32,0.339,1,0
3229,2,97.42,1,38400.0,7116.01,0.185,1,Yes,0,97.42,0.185,1,0
10368,2,916.48,10,42900.0,17911.13,0.418,0,Yes,No,916.48,0.418,1,0
4393,2,399.57,3,46100.0,6682.83,0.145,0,Y,0,399.57,0.145,1,0
10477,1,490.4,2,35400.0,6614.02,0.187,3,1,1,490.4,0.187,1,1
1669,1,342.32,1,32100.0,14968.63,0.466,1,Yes,N,342.32,0.466,1,0
5750,3,372.52,5,38300.0,21111.66,0.551,1,1,N,372.52,0.551,1,0
146,3,588.94,3,5300.0,1931.94,36.5%,1,Y,0,588.94,0.365,1,0
9725,2,309.23,5,17500.0,3438.98,0.197,1,Y,N,309.23,0.197,1,0
3634,3,159.05,0,56100.0,24399.95,0.435,2,Y,0,159.05,0.435,1,0
11514,5,1147.35,13,54700.0,9471.7,0.173,3,Y,N,1147.35,0.173,1,0
10328,3,192.34,1,21200.0,2790.14,13.2%,2,1,No,192.34,0.132,1,0
9674,1,638.88,5,57700.0,11068.93,0.192,2,No,1,638.88,0.192,0,1
1254,1,348.12,5,24200.0,4458.6,0.184,1,1,N,348.12,0.184,1,0
10139,2,326.48,1,10500.0,2572.55,0.245,2,Y,No,326.48,0.245,1,0
10739,1,586.72,5,45000.0,22124.94,0.492,0,1,No,586.72,0.492,1,0
5357,2,265.65,2,29600.0,3176.55,10.7%,0,1,No,265.65,0.107,1,0
9900,2,268.37,2,54900.0,11195.01,0.204,2,Yes,N,268.37,0.204,1,0
7032,3,164.6,1,17300.0,-4362.56,0.252,1,N,0,164.6,0.252,0,0
1939,1,223.09,2,26900.0,7493.3,0.279,1,0,0,223.09,0.279,0,0
2724,1,246.12,1,27600.0,11815.71,0.428,2,0,0,246.12,0.428,0,0
9311,2,496.86,5,51600.0,14574.25,28.2%,0,Y,N,496.86,0.282,1,0
6419,1,,2,15000.0,2171.99,0.145,2,N,0,339.29,0.145,0,0
4137,3,306.33,4,55300.0,13959.6,0.252,1,1,No,306.33,0.252,1,0
2743,2,815.36,2,23100.0,5361.82,0.232,0,1,No,815.36,0.232,1,0
685,2,281.49,4,16600.0,3891.36,23.4%,0,Y,N,281.49,0.23399999999999999,1,0
406,2,530.72,1,33500.0,13856.79,0.414,2,Y,N,530.72,0.414,1,0
4069,3,672.12,7,49600.0,2765.23,0.056,2,1,N,672.12,0.056,1,0
9922,4,1100.15,10,28200.0,11774.92,0.418,0,Yes,N,1100.15,0.418,1,0
10857,1,488.69,2,26600.0,2855.3,0.107,0,1,0,488.69,0.107,1,0
2992,1,380.89,3,14400.0,4748.69,0.33,0,0,No,380.89,0.33,0,0
11516,3,588.92,6,57800.0,17164.34,0.297,1,1,0,588.92,0.297,1,0
5798,5,287.09,3,42300.0,10745.08,25.4%,0,1,N,287.09,0.254,1,0
3601,1,249.45,2,52000.0,2403.1,0.046,1,0,0,249.45,0.046,0,0
12141,1,300.61,2,29600.0,2249.2,0.076,2,No,1,300.61,0.076,0,1
1776,3,504.97,0,50400.0,21389.09,42.4%,2,No,0,504.97,0.424,0,0
1498,1,365.64,3,6300.0,2304.29,0.366,2,N,Y,365.64,0.366,0,1
12028,1,71.75,0,33400.0,21953.02,0.657,0,0,N,71.75,0.657,0,0
11743,2,1386.43,9,38600.0,2256.17,5.8%,1,Y,No,1386.43,0.057999999999999996,1,0
67,3,105.99,0,53900.0,15279.44,0.283,0,Y,No,105.99,0.283,1,0
4238,1,494.84,7,49600.0,10778.6,0.217,0,No,1,494.84,0.217,0,1
9622,1,234.05,4,33400.0,9024.91,0.27,2,No,0,234.05,0.27,0,0
11752,3,472.74,1,15400.0,2589.01,0.168,0,1,No,472.74,0.168,1,0
4372,1,755.35,7,15000.0,4760.78,0.317,2,1,0,755.35,0.317,1,0
7990,2,267.04,0,37400.0,1954.02,0.052,0,Y,No,267.04,0.052,1,0
5909,2,177.28,3,22000.0,7696.21,0.35,1,1,0,177.28,0.35,1,0
6927,1,939.28,4,21300.0,4126.25,0.194,3,No,1,939.28,0.194,0,1
9486,4,562.49,3,45300.0,8729.64,0.193,0,1,N,562.49,0.193,1,0
12115,5,747.04,4,31900.0,7603.05,0.238,0,Yes,N,747.04,0.238,1,0
8010,3,413.92,2,41100.0,13324.35,32.4%,3,Yes,N,413.92,0.324,1,0
12015,1,377.83,5,24800.0,8812.88,0.355,0,Yes,Y,377.83,0.355,1,1
1859,2,328.29,1,33900.0,5410.03,0.16,2,1,0,328.29,0.16,1,0
9698,4,,3,2100.0,955.44,45.5%,0,No,0,411.22,0.455,0,0
8308,2,481.76,3,50100.0,17563.27,0.351,0,Yes,N,481.76,0.351,1,0
4294,1,638.23,2,27300.0,4801.92,0.176,1,1,No,638.23,0.176,1,0
3040,1,1623.27,10,43600.0,3867.58,0.089,0,No,Yes,1623.27,0.089,0,1
3833,5,800.54,7,14700.0,4052.32,0.276,0,Yes,0,800.54,0.276,1,0
4600,2,988.16,6,32700.0,9287.23,0.284,0,1,No,988.16,0.284,1,0
10918,1,318.8,1,43700.0,9393.08,0.215,0,1,0,318.8,0.215,1,0
2856,3,809.92,5,39700.0,24999.88,0.63,1,1,No,809.92,0.63,1,0
9203,3,448.68,3,52600.0,9368.2,0.178,1,0,N,448.68,0.178,0,0
9733,2,281.31,2,4500.0,2788.84,0.62,2,No,0,281.31,0.62,0,0
8285,4,239.36,1,56000.0,16461.33,0.294,1,1,0,239.36,0.294,1,0
12059,2,424.52,3,35800.0,6821.32,0.191,2,Y,No,424.52,0.191,1,0
4200,3,342.82,1,48400.0,9755.66,20.2%,0,Yes,No,342.82,0.20199999999999999,1,0
11025,1,581.03,3,36500.0,2318.76,0.064,2,No,No,581.03,0.064,0,0
7786,2,434.69,1,3800.0,1132.33,0.298,3,1,N,434.69,0.298,1,0
2904,1,1148.07,4,28900.0,7144.85,0.247,0,No,N,1148.07,0.247,0,0
9993,2,263.8,4,39800.0,13163.12,33.1%,0,Yes,0,263.8,0.331,1,0
11119,1,567.5,4,46800.0,23755.7,0.508,0,N,No,567.5,0.508,0,0
4431,5,1130.77,12,9100.0,355.68,3.9%,0,1,0,1130.77,0.039,1,0
5490,4,271.86,2,57000.0,8175.81,0.143,0,Y,No,271.86,0.143,1,0
8348,2,630.38,7,3500.0,896.81,0.256,0,1,0,630.38,0.256,1,0
2561,2,511.27,4,25200.0,452.25,0.018,2,Y,No,511.27,0.018,1,0
4373,3,502.47,1,57400.0,8725.71,0.152,0,1,No,502.47,0.152,1,0
2812,3,726.65,9,25400.0,8009.41,0.315,0,N,0,726.65,0.315,0,0
4738,2,298.82,0,58000.0,14361.97,24.8%,2,Yes,0,298.82,0.248,1,0
6282,1,377.0,5,10100.0,2236.18,0.221,0,1,0,377.0,0.221,1,0
9561,2,423.2,1,25500.0,3941.55,0.155,1,Yes,No,423.2,0.155,1,0
8676,2,1710.18,15,34700.0,8668.34,0.25,1,1,0,1710.18,0.25,1,0
7193,1,445.91,3,18000.0,6812.02,0.378,2,N,0,445.91,0.378,0,0
4811,2,567.66,9,29700.0,3905.06,0.131,0,1,0,567.66,0.131,1,0
4813,3,281.81,3,32500.0,15893.49,0.489,1,Yes,N,281.81,0.489,1,0
872,5,427.48,1,55500.0,13248.0,0.239,1,1,0,427.48,0.239,1,0
1147,1,262.33,4,25500.0,6800.12,0.267,0,1,0,262.33,0.267,1,0
1632,2,193.75,3,5000.0,300.77,0.06,1,Yes,No,193.75,0.06,1,0
4565,4,578.69,3,6800.0,1378.68,0.203,3,No,N,578.69,0.203,0,0
1987,2,396.78,1,43600.0,11702.55,0.268,0,1,N,396.78,0.268,1,0
4108,1,261.01,1,16800.0,6526.87,0.389,1,Yes,N,261.01,0.389,1,0
10194,1,187.15,1,12200.0,812.55,0.067,1,0,1,187.15,0.067,0,1
9307,2,432.61,2,56000.0,23303.02,41.6%,4,No,No,432.61,0.41600000000000004,0,0
8516,2,461.46,1,17900.0,2835.07,0.158,0,Yes,N,461.46,0.158,1,0
6481,2,296.88,2,11200.0,4308.65,0.385,0,Y,0,296.88,0.385,1,0
3391,4,555.95,3,36200.0,6448.05,0.178,0,Yes,N,555.95,0.178,1,0
3288,1,233.04,1,4800.0,1293.2,26.9%,2,Y,No,233.04,0.26899999999999996,1,0
11665,2,539.65,5,41600.0,3364.8,0.081,0,Yes,0,539.65,0.081,1,0
6271,4,288.13,2,46100.0,8661.31,0.188,0,0,No,288.13,0.188,0,0
5568,1,1853.49,14,21100.0,4648.32,0.22,3,1,0,1853.49,0.22,1,0
11522,3,199.11,2,14000.0,6010.92,0.429,0,Yes,N,199.11,0.429,1,0
6324,1,625.55,4,58800.0,19340.32,32.9%,2,N,0,625.55,0.32899999999999996,0,0
4506,2,423.72,4,54500.0,15812.04,0.29,1,N,0,423.72,0.29,0,0
4621,2,990.81,4,19800.0,8233.67,0.416,2,1,0,990.81,0.416,1,0
6327,1,343.55,0,5900.0,2678.11,0.454,1,Y,Yes,343.55,0.454,1,1
7917,1,107.56,2,4800.0,1127.46,0.235,1,No,0,107.56,0.235,0,0
3518,1,362.54,3,45500.0,6308.1,13.9%,1,No,Yes,362.54,0.139,0,1
2789,2,395.04,3,56500.0,36487.95,0.646,1,Y,0,395.04,0.646,1,0
9526,1,,3,43800.0,11560.39,0.264,2,Yes,Y,411.22,0.264,1,1
4104,2,351.01,0,6500.0,594.07,0.091,0,Y,0,351.01,0.091,1,0
10484,2,742.7,3,30800.0,9685.12,0.314,1,1,No,742.7,0.314,1,0
3926,4,2064.75,9,9000.0,5238.8,0.582,0,Yes,0,2064.75,0.582,1,0
11701,2,1741.8,10,15200.0,7392.75,0.486,1,1,Y,1741.8,0.486,1,1
3636,1,467.62,8,10000.0,4478.43,44.8%,0,0,1,467.62,0.44799999999999995,0,1
7191,1,99.58,2,34200.0,6094.4,17.8%,1,1,0,99.58,0.17800000000000002,1,0
12038,1,291.59,4,6200.0,464.48,0.075,0,Y,Yes,291.59,0.075,1,1
2524,1,562.11,6,18500.0,5078.56,0.275,3,Yes,1,562.11,0.275,1,1
10971,1,110.26,2,55200.0,9174.21,0.166,1,N,Y,110.26,0.166,0,1
882,1,1662.6,7,49700.0,11181.14,0.225,1,No,1,1662.6,0.225,0,1
10119,1,605.57,2,16000.0,5357.32,0.335,0,Yes,0,605.57,0.335,1,0
6766,2,1186.9,10,9200.0,2682.13,0.292,1,Y,0,1186.9,0.292,1,0
476,2,197.13,1,46200.0,7156.42,0.155,1,1,0,197.13,0.155,1,0
254,2,252.69,2,49900.0,11641.42,0.233,0,1,0,252.69,0.233,1,0
10449,1,593.14,3,32500.0,6122.13,18.8%,2,No,0,593.14,0.188,0,0
1773,1,478.06,3,11800.0,2194.27,0.186,1,No,0,478.06,0.186,0,0
663,4,607.67,2,29000.0,11303.52,0.39,0,Y,N,607.67,0.39,1,0
4796,1,154.89,1,27500.0,4754.3,0.173,1,No,N,154.89,0.173,0,0
9040,1,1498.83,8,18500.0,2359.3,12.8%,2,1,Yes,1498.83,0.128,1,1
2715,4,316.3,6,59500.0,16823.25,28.3%,2,Yes,No,316.3,0.28300000000000003,1,0
6746,5,544.19,4,55300.0,21918.72,0.396,0,1,N,544.19,0.396,1,0
8485,3,306.82,2,54200.0,16266.47,0.3,1,1,N,306.82,0.3,1,0
5228,3,208.39,0,53800.0,10456.26,0.194,2,1,0,208.39,0.194,1,0
1251,2,299.59,1,15500.0,5739.69,0.37,1,1,0,299.59,0.37,1,0
12157,5,512.35,1,14100.0,2999.63,0.213,3,Y,0,512.35,0.213,1,0
5028,2,377.43,3,21000.0,9523.83,0.454,0,1,0,377.43,0.454,1,0
331,2,547.03,6,56600.0,13632.68,0.241,2,Y,N,547.03,0.241,1,0
4436,1,371.89,2,37400.0,7380.16,0.197,1,Y,0,371.89,0.197,1,0
11397,2,132.07,1,45500.0,10683.53,0.235,1,1,No,132.07,0.235,1,0
10503,1,421.18,4,38300.0,1526.54,0.04,2,1,N,421.18,0.04,1,0
6142,1,230.21,3,23200.0,8575.68,0.37,0,No,0,230.21,0.37,0,0
1219,2,478.73,6,38200.0,3681.33,0.096,1,Yes,0,478.73,0.096,1,0
5091,4,426.4,5,13700.0,6579.71,0.48,1,Yes,No,426.4,0.48,1,0
5575,5,194.09,2,32200.0,10789.59,0.335,2,Y,No,194.09,0.335,1,0
8197,2,711.52,2,31300.0,10616.07,33.9%,0,1,N,711.52,0.33899999999999997,1,0
5125,1,118.02,0,56000.0,21868.6,0.391,0,N,0,118.02,0.391,0,0
7974,2,715.53,5,7300.0,2054.29,0.281,0,1,0,715.53,0.281,1,0
2299,1,229.11,2,41600.0,10523.84,0.253,2,No,0,229.11,0.253,0,0
10602,2,560.01,3,3300.0,1057.3,0.32,1,1,N,560.01,0.32,1,0
7962,1,598.79,5,38100.0,14646.76,0.384,0,0,N,598.79,0.384,0,0
1166,2,502.17,6,37700.0,6195.22,16.4%,1,1,0,502.17,0.16399999999999998,1,0
9543,5,289.3,1,29200.0,9813.86,33.6%,1,1,No,289.3,0.336,1,0
6014,4,205.16,2,43700.0,16701.61,0.382,0,N,N,205.16,0.382,0,0
11227,4,255.29,3,50900.0,18534.36,36.4%,1,Y,N,255.29,0.364,1,0
7916,1,546.57,3,55500.0,31398.14,56.6%,0,0,0,546.57,0.5660000000000001,0,0
3986,1,461.52,1,16800.0,1823.67,0.109,0,0,1,461.52,0.109,0,1
4749,5,381.91,2,31500.0,15142.77,48.1%,1,1,0,381.91,0.48100000000000004,1,0
1674,5,417.75,5,14900.0,6076.07,0.408,2,0,No,417.75,0.408,0,0
11822,1,272.19,2,43700.0,27931.32,63.9%,1,N,0,272.19,0.639,0,0
2256,1,322.42,0,41100.0,5843.86,0.142,1,N,N,322.42,0.142,0,0
4584,1,301.23,2,26400.0,4324.9,0.164,1,No,0,301.23,0.164,0,0
31,2,301.29,2,4600.0,379.67,0.083,1,1,No,301.29,0.083,1,0
1300,1,998.34,7,4700.0,1430.6,0.304,1,N,N,998.34,0.304,0,0
7205,3,132.51,0,19800.0,4939.66,0.249,0,1,0,132.51,0.249,1,0
12120,4,589.58,3,39900.0,4869.54,12.2%,0,1,0,589.58,0.122,1,0
9855,1,490.32,3,12100.0,3132.52,0.259,0,0,1,490.32,0.259,0,1
8080,1,297.21,2,31000.0,6824.56,0.22,0,N,N,297.21,0.22,0,0
5204,3,456.81,3,28200.0,3349.87,0.119,2,Yes,No,456.81,0.119,1,0
1121,1,505.87,2,21600.0,5573.19,25.8%,1,Y,0,505.87,0.258,1,0
1026,1,,0,10700.0,3825.4,0.358,0,Y,Y,231.95,0.358,1,1
3421,2,512.27,6,28900.0,3323.02,11.5%,0,Y,No,512.27,0.115,1,0
10653,5,987.7,0,10900.0,3191.16,29.3%,2,1,No,987.7,0.293,1,0
6181,4,546.93,6,11200.0,4045.25,0.361,1,Y,N,546.93,0.361,1,0
12060,3,1105.39,10,14900.0,1316.43,0.088,0,1,0,1105.39,0.088,1,0
1434,1,729.58,5,24700.0,4388.71,0.178,1,0,1,729.58,0.178,0,1
8792,2,311.05,0,9900.0,2774.98,0.28,0,Y,0,311.05,0.28,1,0
7235,3,346.3,4,38900.0,4788.91,12.3%,1,1,No,346.3,0.12300000000000001,1,0
8884,3,545.72,1,36300.0,11802.67,32.5%,1,Y,N,545.72,0.325,1,0
10610,2,280.3,1,59700.0,18013.11,0.302,1,1,0,280.3,0.302,1,0
5151,2,430.68,4,15700.0,1583.45,0.101,0,Yes,0,430.68,0.101,1,0
2244,2,899.48,5,41600.0,8803.71,0.212,1,1,Yes,899.48,0.212,1,1
4674,1,285.71,1,14200.0,4472.13,0.315,2,0,N,285.71,0.315,0,0
10495,2,415.01,4,23200.0,6753.6,0.291,0,1,N,415.01,0.291,1,0
10335,2,467.83,5,22100.0,2773.95,0.126,1,Yes,0,467.83,0.126,1,0
6403,1,352.73,2,18600.0,3826.37,0.206,1,N,No,352.73,0.206,0,0
1667,1,610.1,1,42100.0,5757.45,0.137,1,0,1,610.1,0.137,0,1
3188,4,356.31,1,58000.0,18004.4,0.31,2,1,0,356.31,0.31,1,0
6283,4,428.3,3,38100.0,21570.76,0.566,0,1,N,428.3,0.566,1,0
4495,2,729.37,2,37300.0,10293.64,0.276,0,Yes,0,729.37,0.276,1,0
9361,2,354.96,0,7100.0,4217.54,59.4%,4,N,No,354.96,0.594,0,0
10061,4,781.03,0,38000.0,8786.02,0.231,0,Yes,N,781.03,0.231,1,0
8088,2,543.11,4,54300.0,11376.9,0.21,1,Y,N,543.11,0.21,1,0
5088,2,210.37,0,9000.0,2469.36,0.274,1,1,0,210.37,0.274,1,0
9970,2,138.78,2,47500.0,13448.11,0.283,1,1,0,138.78,0.283,1,0
11262,4,659.21,5,30800.0,6994.96,22.7%,2,Y,N,659.21,0.22699999999999998,1,0
10794,5,927.98,11,17200.0,8121.15,0.472,2,1,No,927.98,0.472,1,0
2932,1,72.67,2,21500.0,6101.25,0.284,0,N,0,72.67,0.284,0,0
10488,1,295.76,3,8000.0,2296.42,28.7%,1,1,1,295.76,0.287,1,1
2457,1,560.3,5,25300.0,14657.15,57.9%,1,0,Yes,560.3,0.579,0,1
3159,5,274.98,0,10500.0,1186.33,0.113,1,0,N,274.98,0.113,0,0
5886,1,540.89,4,10900.0,5237.55,0.481,1,No,0,540.89,0.481,0,0
611,1,1292.8,8,51100.0,11089.64,0.217,1,0,1,1292.8,0.217,0,1
8190,2,352.57,5,49500.0,11479.7,0.232,1,1,0,352.57,0.232,1,0
3996,2,1196.34,9,5300.0,2581.01,48.7%,0,No,No,1196.34,0.48700000000000004,0,0
5610,1,1214.92,13,11900.0,3386.0,0.285,0,Yes,No,1214.92,0.285,1,0
4214,3,782.34,1,16200.0,5299.26,32.7%,0,Y,N,782.34,0.327,1,0
9399,2,259.18,2,14000.0,6143.8,0.439,1,Y,No,259.18,0.439,1,0
8664,2,713.01,5,45800.0,6923.13,0.151,1,0,No,713.01,0.151,0,0
3957,1,356.19,4,59600.0,29696.3,0.498,0,0,0,356.19,0.498,0,0
2073,2,278.98,1,41000.0,5101.9,0.124,0,1,N,278.98,0.124,1,0
1617,1,269.84,0,17000.0,4015.84,0.236,1,0,N,269.84,0.236,0,0
4198,5,268.76,3,23400.0,4238.42,18.1%,0,Yes,No,268.76,0.18100000000000002,1,0
2136,1,260.61,2,33300.0,14810.3,0.445,0,0,No,260.61,0.445,0,0
7022,1,343.97,2,50000.0,21198.85,0.424,0,No,Y,343.97,0.424,0,1
934,1,370.16,5,21700.0,5351.61,0.247,1,0,N,370.16,0.247,0,0
10965,1,224.62,2,19300.0,2478.51,12.8%,1,No,Yes,224.62,0.128,0,1
8128,1,241.53,0,51500.0,13630.21,0.265,1,0,No,241.53,0.265,0,0
11346,3,287.09,3,5800.0,3440.82,0.593,1,Y,No,287.09,0.593,1,0
7809,1,188.22,0,58800.0,5096.55,0.087,0,N,0,188.22,0.087,0,0
5002,2,321.09,2,12900.0,7997.78,0.62,0,Y,No,321.09,0.62,1,0
1375,2,516.83,4,48900.0,10789.69,22.1%,0,Yes,N,516.83,0.221,1,0
3481,2,871.72,5,3900.0,782.61,0.201,0,Y,0,871.72,0.201,1,0
2696,1,431.46,0,35300.0,15199.56,0.431,0,N,Y,431.46,0.431,0,1
4958,2,811.93,11,40000.0,14872.7,0.372,0,1,0,811.93,0.372,1,0
9160,1,259.41,2,50700.0,20893.12,0.412,1,N,N,259.41,0.412,0,0
8228,3,889.83,13,52000.0,10563.63,0.203,0,Yes,N,889.83,0.203,1,0
564,2,586.64,4,46900.0,7150.98,0.152,1,1,0,586.64,0.152,1,0
91,1,285.07,3,59600.0,8120.56,0.136,0,No,N,285.07,0.136,0,0
11431,4,437.04,4,3600.0,739.97,0.206,1,Y,No,437.04,0.206,1,0
416,2,1612.73,8,26900.0,4986.8,0.185,0,1,N,1612.73,0.185,1,0
8767,1,,4,29900.0,9664.93,32.3%,0,1,Y,507.11,0.32299999999999995,1,1
2020,2,409.23,2,42800.0,14669.72,34.3%,1,1,0,409.23,0.34299999999999997,1,0
3053,4,1154.57,13,5700.0,2122.28,0.372,1,1,No,1154.57,0.372,1,0
8816,1,387.46,0,53800.0,15328.1,0.285,1,Y,0,387.46,0.285,1,0
5837,1,606.41,1,17800.0,3677.01,0.207,0,No,N,606.41,0.207,0,0
1071,1,330.71,3,13400.0,2800.31,0.209,1,0,0,330.71,0.209,0,0
1366,1,277.94,0,9300.0,3259.28,0.35,0,1,Y,277.94,0.35,1,1
3663,2,571.65,4,29100.0,5583.84,0.192,1,Yes,0,571.65,0.192,1,0
2795,1,505.87,6,15900.0,1421.25,8.9%,2,Yes,1,505.87,0.08900000000000001,1,1
9248,1,285.4,1,40600.0,8185.47,20.2%,3,No,Yes,285.4,0.20199999999999999,0,1
7420,1,114.51,1,10600.0,4315.53,40.7%,2,No,N,114.51,0.40700000000000003,0,0
2860,1,244.64,1,6200.0,206.21,0.033,1,0,0,244.64,0.033,0,0
4756,1,250.99,2,11500.0,702.59,0.061,2,No,No,250.99,0.061,0,0
1095,2,,2,27400.0,9317.64,0.34,0,Yes,N,339.29,0.34,1,0
11770,1,679.64,4,13300.0,4114.14,0.309,1,N,0,679.64,0.309,0,0
11564,1,918.0,7,56500.0,17436.23,30.9%,0,Y,0,918.0,0.309,1,0
3351,1,430.74,5,22900.0,3501.73,0.153,0,N,0,430.74,0.153,0,0
6540,3,1176.76,8,25500.0,5939.74,23.3%,0,1,No,1176.76,0.233,1,0
5382,3,91.24,2,43400.0,5045.91,0.116,0,Yes,0,91.24,0.116,1,0
6501,4,140.48,1,31400.0,7192.76,0.229,2,0,0,140.48,0.229,0,0
7483,4,197.23,0,28600.0,8682.05,0.304,0,1,No,197.23,0.304,1,0
7867,2,797.55,6,25500.0,9321.17,0.366,0,1,No,797.55,0.366,1,0
11366,2,400.82,2,50000.0,11848.81,0.237,2,Yes,0,400.82,0.237,1,0
3192,5,456.53,3,39600.0,20861.56,0.527,0,0,0,456.53,0.527,0,0
1540,3,1163.24,7,9400.0,1565.19,0.167,0,1,0,1163.24,0.167,1,0
868,2,420.09,2,54600.0,25682.91,0.47,0,1,0,420.09,0.47,1,0
5358,2,401.34,0,31900.0,10813.74,33.9%,3,1,No,401.34,0.33899999999999997,1,0
2164,1,201.93,1,24200.0,10685.38,0.442,1,0,N,201.93,0.442,0,0
11422,3,535.35,1,30700.0,13110.65,0.427,1,Yes,No,535.35,0.427,1,0
12084,2,594.72,2,5900.0,2356.23,0.399,1,1,0,594.72,0.399,1,0
4929,3,137.29,1,41900.0,889.32,0.021,1,0,N,137.29,0.021,0,0
501,5,353.11,3,24100.0,5307.85,0.22,2,Yes,No,353.11,0.22,1,0
926,2,285.09,3,49300.0,10922.17,0.222,1,1,N,285.09,0.222,1,0
10957,1,288.1,1,55600.0,31462.49,0.566,0,0,0,288.1,0.566,0,0
4493,3,273.21,2,13600.0,6507.79,47.9%,2,1,N,273.21,0.479,1,0
4227,2,333.81,3,55300.0,9324.89,16.9%,3,1,0,333.81,0.16899999999999998,1,0
4780,4,392.85,2,53800.0,7904.97,0.147,1,1,0,392.85,0.147,1,0
1404,1,403.06,1,8200.0,4984.95,0.608,0,N,No,403.06,0.608,0,0
3755,2,281.86,3,44100.0,10646.79,0.241,2,N,0,281.86,0.241,0,0
7045,2,878.93,4,57600.0,11064.78,0.192,1,1,0,878.93,0.192,1,0
4885,2,297.49,1,30900.0,7269.92,0.235,3,1,No,297.49,0.235,1,0
5291,1,399.18,2,51700.0,8395.74,0.162,1,0,Y,399.18,0.162,0,1
342,1,642.57,7,53000.0,10039.34,0.189,2,Y,1,642.57,0.189,1,1
3913,2,437.78,2,51200.0,12231.54,23.9%,3,Y,Yes,437.78,0.239,1,1
8391,3,678.27,5,37600.0,6641.71,0.177,1,1,0,678.27,0.177,1,0
9335,1,287.68,3,27400.0,904.93,0.033,0,Yes,Yes,287.68,0.033,1,1
9360,1,156.7,0,12000.0,6437.87,0.536,0,No,Yes,156.7,0.536,0,1
9775,4,351.23,1,9400.0,1041.09,11.1%,0,1,0,351.23,0.111,1,0
5055,3,322.42,0,17600.0,10645.15,0.605,2,Y,0,322.42,0.605,1,0
5146,1,260.76,2,53800.0,12163.41,0.226,0,0,1,260.76,0.226,0,1
7751,3,733.86,4,12300.0,2808.28,0.228,0,Y,No,733.86,0.228,1,0
4570,2,265.57,4,22700.0,3966.78,0.175,1,1,0,265.57,0.175,1,0
2837,4,234.11,2,15800.0,5836.14,36.9%,2,1,0,234.11,0.369,1,0
11801,4,440.62,1,8400.0,2123.65,0.253,1,Y,0,440.62,0.253,1,0
9841,3,574.27,5,45600.0,7766.62,17.0%,3,1,0,574.27,0.17,1,0
4151,2,468.87,3,22800.0,5221.7,0.229,1,Y,No,468.87,0.229,1,0
10644,2,529.6,1,5400.0,1295.07,24.0%,3,N,0,529.6,0.24,0,0
9885,1,868.42,5,37900.0,11792.68,0.311,1,0,Y,868.42,0.311,0,1
6061,1,1092.64,4,5700.0,3343.3,0.587,4,0,N,1092.64,0.587,0,0
4439,1,578.13,3,16300.0,12329.4,0.756,0,N,N,578.13,0.756,0,0
2525,4,195.57,0,28700.0,4772.07,16.6%,1,0,N,195.57,0.166,0,0
3950,3,114.8,1,19000.0,11727.64,0.617,0,No,0,114.8,0.617,0,0
3274,2,,4,21100.0,3408.3,0.162,2,Yes,0,507.11,0.162,1,0
1505,4,259.4,4,44500.0,26097.5,0.586,0,1,N,259.4,0.586,1,0
3463,5,731.4,3,49900.0,5967.5,12.0%,0,1,0,731.4,0.12,1,0
1052,2,361.16,2,13400.0,2568.6,0.192,2,N,0,361.16,0.192,0,0
5958,3,870.82,9,10000.0,1559.79,15.6%,2,Y,No,870.82,0.156,1,0
4475,1,441.79,3,58900.0,20035.76,34.0%,3,0,0,441.79,0.34,0,0
2175,2,365.77,2,57500.0,19164.67,0.333,0,Y,0,365.77,0.333,1,0
877,2,275.16,0,9100.0,1468.36,0.161,1,Y,No,275.16,0.161,1,0
4700,3,520.9,4,7100.0,4033.86,0.568,2,N,N,520.9,0.568,0,0
11618,1,388.28,2,18300.0,6851.75,0.374,1,0,Y,388.28,0.374,0,1
1369,1,173.43,2,31100.0,8509.81,27.4%,1,0,Y,173.43,0.27399999999999997,0,1
10976,1,304.71,3,13600.0,936.68,0.069,3,N,N,304.71,0.069,0,0
8150,4,262.93,1,15300.0,6431.81,0.42,1,1,0,262.93,0.42,1,0
8974,2,643.19,5,12300.0,3448.34,0.28,0,Yes,0,643.19,0.28,1,0
3484,2,572.44,4,9700.0,5174.85,0.533,0,0,N,572.44,0.533,0,0
5064,4,428.18,3,17100.0,6767.33,0.396,1,Y,N,428.18,0.396,1,0
2694,1,216.82,1,48200.0,3451.92,7.2%,0,0,No,216.82,0.07200000000000001,0,0
3732,2,229.12,0,36800.0,5134.04,0.14,3,1,0,229.12,0.14,1,0
7642,1,304.44,1,40000.0,15272.17,38.2%,1,N,0,304.44,0.382,0,0
11850,1,415.71,2,43300.0,25499.94,0.589,0,No,N,415.71,0.589,0,0
7910,3,457.33,4,8800.0,3481.22,0.396,0,Y,0,457.33,0.396,1,0
3734,1,435.54,3,29100.0,11027.57,0.379,0,N,1,435.54,0.379,0,1
10566,2,700.02,7,51100.0,19650.37,0.385,2,1,0,700.02,0.385,1,0
4613,2,294.37,5,4800.0,2763.45,57.6%,1,0,0,294.37,0.5760000000000001,0,0
11059,4,352.09,4,59200.0,6844.19,0.116,0,Yes,0,352.09,0.116,1,0
5760,2,227.24,1,26500.0,2835.79,0.107,1,Y,N,227.24,0.107,1,0
5505,2,371.06,5,24300.0,7623.33,0.314,0,1,No,371.06,0.314,1,0
3744,1,465.81,4,15500.0,6572.99,0.424,0,0,1,465.81,0.424,0,1
5895,4,191.4,3,29300.0,18353.55,62.6%,2,1,No,191.4,0.626,1,0
2024,2,764.77,5,35200.0,6148.9,0.175,0,Y,No,764.77,0.175,1,0
5872,5,283.97,3,54900.0,29377.13,0.535,0,Yes,N,283.97,0.535,1,0
10896,3,569.99,5,46800.0,15300.12,0.327,1,Y,No,569.99,0.327,1,0
5611,2,312.67,1,22700.0,7334.33,0.323,0,1,0,312.67,0.323,1,0
8871,1,775.21,5,26400.0,7438.82,0.282,1,No,N,775.21,0.282,0,0
10828,2,309.15,0,9600.0,1021.6,0.106,0,1,0,309.15,0.106,1,0
1452,2,870.43,5,13100.0,4414.42,0.337,1,Y,N,870.43,0.337,1,0
8639,5,479.87,4,39500.0,9295.09,0.235,1,1,No,479.87,0.235,1,0
1161,2,748.53,8,27200.0,1090.71,4.0%,1,1,N,748.53,0.04,1,0
3341,2,663.12,3,15000.0,3099.89,0.207,1,1,No,663.12,0.207,1,0
6260,1,1037.4,14,19500.0,4132.71,0.212,0,Yes,N,1037.4,0.212,1,0
4390,2,901.93,2,39500.0,7049.4,0.178,0,Y,0,901.93,0.178,1,0
3060,2,233.82,2,47200.0,11895.33,0.252,1,Y,0,233.82,0.252,1,0
675,2,381.34,3,48200.0,19843.16,0.412,1,1,N,381.34,0.412,1,0
7830,1,272.62,1,46100.0,12177.12,0.264,1,No,No,272.62,0.264,0,0
6046,1,336.49,1,56300.0,25712.44,45.7%,1,Y,N,336.49,0.457,1,0
8459,4,236.56,5,57500.0,41627.69,72.4%,0,1,N,236.56,0.7240000000000001,1,0
9400,2,538.73,6,10200.0,2341.34,0.23,2,1,N,538.73,0.23,1,0
4884,4,1012.84,2,50500.0,9417.35,0.186,2,Y,N,1012.84,0.186,1,0
8553,1,332.86,3,51400.0,6144.94,0.12,1,No,0,332.86,0.12,0,0
5402,4,200.32,0,41000.0,19373.08,0.473,2,Yes,0,200.32,0.473,1,0
1075,2,212.82,2,36600.0,7218.84,19.7%,2,Yes,0,212.82,0.19699999999999998,1,0
9333,2,178.88,2,21800.0,1449.02,0.066,1,1,No,178.88,0.066,1,0
5495,1,615.28,4,3200.0,1936.64,0.605,1,0,No,615.28,0.605,0,0
10401,1,283.05,3,55300.0,2784.05,0.05,1,0,N,283.05,0.05,0,0
10144,1,1173.14,9,30500.0,9662.03,0.317,1,N,0,1173.14,0.317,0,0
5887,3,549.28,0,58500.0,11783.76,0.201,1,Y,No,549.28,0.201,1,0
7973,5,438.77,2,21600.0,3638.16,0.168,1,Yes,No,438.77,0.168,1,0
6288,1,190.15,3,56000.0,11904.55,0.213,1,No,0,190.15,0.213,0,0
7366,3,714.13,5,51600.0,16334.83,0.317,0,Yes,N,714.13,0.317,1,0
7925,2,728.43,5,35700.0,19988.21,0.56,1,1,N,728.43,0.56,1,0
11568,5,963.65,8,50600.0,8542.86,16.9%,1,1,No,963.65,0.16899999999999998,1,0
3203,3,368.9,5,24800.0,17369.84,0.7,1,Yes,0,368.9,0.7,1,0
1893,1,360.07,4,56100.0,20140.36,0.359,2,No,0,360.07,0.359,0,0
6016,3,179.33,2,37800.0,6309.1,0.167,0,Yes,0,179.33,0.167,1,0
2983,1,625.7,1,44200.0,7076.29,16.0%,1,0,No,625.7,0.16,0,0
6221,2,197.71,2,38300.0,4165.94,0.109,1,Yes,0,197.71,0.109,1,0
1727,4,1719.22,17,28800.0,10632.56,0.369,1,Yes,0,1719.22,0.369,1,0
1395,1,403.05,2,38400.0,15356.21,0.4,0,0,0,403.05,0.4,0,0
5160,1,425.31,2,50600.0,31653.49,0.626,2,N,N,425.31,0.626,0,0
11375,1,637.95,2,55800.0,5329.17,9.6%,0,No,0,637.95,0.096,0,0
2857,1,512.92,6,45500.0,4930.77,0.108,1,Y,Y,512.92,0.108,1,1
3075,2,945.61,5,15400.0,2241.23,0.146,2,N,No,945.61,0.146,0,0
1605,4,317.21,3,37200.0,19439.3,0.523,0,0,No,317.21,0.523,0,0
3041,3,305.03,3,24700.0,3487.0,0.141,1,Y,N,305.03,0.141,1,0
3168,1,620.12,4,45400.0,3846.48,0.085,1,Y,0,620.12,0.085,1,0
62,1,212.39,0,16700.0,900.04,0.054,1,No,0,212.39,0.054,0,0
9180,2,370.58,4,58200.0,33234.4,0.571,1,0,N,370.58,0.571,0,0
10217,2,470.43,5,28600.0,4448.09,0.156,1,Yes,0,470.43,0.156,1,0
84,1,660.21,5,13900.0,2365.64,17.0%,1,1,N,660.21,0.17,1,0
9215,2,1597.71,11,6300.0,1451.85,0.23,0,Y,0,1597.71,0.23,1,0
181,3,520.59,3,52100.0,5074.89,0.097,2,Y,N,520.59,0.097,1,0
5899,3,500.36,4,47400.0,11488.07,24.2%,0,1,0,500.36,0.242,1,0
9741,1,381.28,3,38500.0,2414.04,0.063,0,No,N,381.28,0.063,0,0
7653,1,300.1,1,37700.0,8531.29,0.226,1,0,Y,300.1,0.226,0,1
11881,3,567.79,3,36600.0,20555.86,0.562,1,1,0,567.79,0.562,1,0
6804,1,202.41,1,45600.0,7993.35,0.175,0,0,Yes,202.41,0.175,0,1
453,1,395.28,5,41500.0,8289.44,20.0%,1,No,No,395.28,0.2,0,0
5376,4,158.3,2,11600.0,6170.49,0.532,0,0,0,158.3,0.532,0,0
6989,1,707.78,1,46100.0,15306.87,33.2%,1,1,0,707.78,0.332,1,0
2574,1,358.13,1,42400.0,5918.27,0.14,1,No,0,358.13,0.14,0,0
10369,3,379.23,3,16700.0,3385.41,20.3%,2,Y,No,379.23,0.203,1,0
1695,1,1091.27,6,34600.0,4923.22,14.2%,2,No,N,1091.27,0.142,0,0
4121,2,158.02,1,43900.0,9823.52,0.224,1,1,No,158.02,0.224,1,0
9030,3,679.95,4,34600.0,6268.34,0.181,2,N,N,679.95,0.181,0,0
11906,1,330.48,1,34800.0,9409.74,0.27,2,Yes,No,330.48,0.27,1,0
10404,4,321.94,0,30900.0,8397.86,0.272,2,0,No,321.94,0.272,0,0
1968,3,346.78,0,28200.0,2368.3,0.084,2,0,0,346.78,0.084,0,0
2433,1,300.98,4,12700.0,786.17,0.062,1,0,Y,300.98,0.062,0,1
9976,4,384.97,2,48800.0,10508.65,0.215,1,Yes,N,384.97,0.215,1,0
6833,3,309.37,0,41200.0,16869.6,0.409,2,Yes,0,309.37,0.409,1,0
288,3,381.33,0,17700.0,9904.81,0.56,0,Y,N,381.33,0.56,1,0
2941,1,632.55,5,33000.0,2796.62,0.085,2,No,1,632.55,0.085,0,1
4070,1,662.26,4,35700.0,19953.3,0.559,1,0,0,662.26,0.559,0,0
2435,1,273.14,0,24300.0,4062.97,0.167,1,0,0,273.14,0.167,0,0
1378,2,185.12,2,38700.0,20113.88,52.0%,3,Y,0,185.12,0.52,1,0
7151,3,390.48,2,46600.0,5130.44,0.11,0,N,N,390.48,0.11,0,0
540,4,469.83,3,36700.0,6279.73,0.171,1,Y,0,469.83,0.171,1,0
9078,2,219.6,1,52300.0,37163.53,71.1%,3,1,0,219.6,0.711,1,0
525,1,611.8,7,18600.0,1011.73,5.4%,3,0,1,611.8,0.054000000000000006,0,1
5141,5,472.99,2,52700.0,15511.16,0.294,0,Yes,0,472.99,0.294,1,0
5428,5,474.86,4,39700.0,5839.57,0.147,0,Yes,N,474.86,0.147,1,0
6300,4,137.86,2,5200.0,1415.94,0.272,3,Yes,N,137.86,0.272,1,0
6012,1,454.86,3,36400.0,9598.44,0.264,2,0,N,454.86,0.264,0,0
9044,4,372.79,3,4400.0,1119.43,25.4%,0,Yes,N,372.79,0.254,1,0
11924,2,584.33,6,28400.0,12514.97,0.441,1,No,N,584.33,0.441,0,0
144,1,410.93,0,55900.0,28986.48,0.519,1,N,1,410.93,0.519,0,1
10623,2,226.36,2,5700.0,778.01,0.136,0,1,N,226.36,0.136,1,0
10278,2,517.79,3,51100.0,26001.27,0.509,0,0,N,517.79,0.509,0,0
3483,1,474.3,2,9100.0,1192.88,0.131,1,N,Y,474.3,0.131,0,1
9752,1,151.98,1,37500.0,6359.3,0.17,1,Yes,No,151.98,0.17,1,0
2634,1,385.48,3,34100.0,6440.53,0.189,2,1,Yes,385.48,0.189,1,1
7931,1,837.92,4,38800.0,7655.32,0.197,0,1,No,837.92,0.197,1,0
1207,3,393.94,0,37200.0,9114.3,0.245,0,1,N,393.94,0.245,1,0
7989,1,599.35,3,58600.0,18663.02,0.318,1,0,N,599.35,0.318,0,0
5906,4,191.7,0,33100.0,6534.01,0.197,1,1,0,191.7,0.197,1,0
6274,1,337.84,2,10900.0,2301.03,0.211,0,0,1,337.84,0.211,0,1
5145,3,537.66,3,20800.0,6079.78,0.292,0,1,0,537.66,0.292,1,0
5079,1,577.04,7,11200.0,6651.64,0.594,2,0,0,577.04,0.594,0,0
6115,2,139.29,0,29600.0,14818.49,0.501,1,0,N,139.29,0.501,0,0
394,3,1749.77,11,56200.0,8036.09,0.143,3,Y,N,1749.77,0.143,1,0
4973,2,485.43,6,30900.0,5967.82,0.193,1,Yes,0,485.43,0.193,1,0
5244,1,749.43,7,8400.0,1223.54,14.6%,0,0,N,749.43,0.146,0,0
8236,2,95.21,2,39100.0,7664.61,0.196,1,1,0,95.21,0.196,1,0
11117,1,284.52,1,53800.0,7105.17,0.132,3,Yes,N,284.52,0.132,1,0
7971,3,208.5,1,26200.0,8924.97,0.341,3,Yes,Yes,208.5,0.341,1,1
730,3,314.94,3,48600.0,11031.96,0.227,0,Yes,0,314.94,0.227,1,0
5729,2,186.23,1,53100.0,8083.4,0.152,1,1,No,186.23,0.152,1,0
6177,3,397.18,1,13800.0,1223.67,0.089,2,1,No,397.18,0.089,1,0
8449,1,976.67,7,7200.0,1832.68,0.255,1,Y,No,976.67,0.255,1,0
10511,2,199.19,0,38700.0,20709.05,0.535,1,1,0,199.19,0.535,1,0
3915,1,263.02,1,58200.0,32816.12,0.564,1,N,1,263.02,0.564,0,1
11011,1,358.51,2,46300.0,21507.25,46.5%,1,0,0,358.51,0.465,0,0
10342,3,646.98,2,27900.0,680.35,0.024,1,No,0,646.98,0.024,0,0
3216,1,517.86,7,46400.0,18968.69,0.409,3,1,N,517.86,0.409,1,0
10773,3,711.58,5,40200.0,8817.94,21.9%,2,Yes,0,711.58,0.21899999999999997,1,0
10215,4,490.04,6,12700.0,5521.56,0.435,1,Yes,0,490.04,0.435,1,0
9133,1,434.01,1,6100.0,1536.46,0.252,2,N,N,434.01,0.252,0,0
2787,2,192.3,2,29300.0,11172.38,0.381,4,0,0,192.3,0.381,0,0
11029,2,153.19,0,40000.0,16841.38,0.421,1,Yes,0,153.19,0.421,1,0
6413,2,788.05,5,2400.0,606.11,25.3%,1,1,0,788.05,0.253,1,0
9776,4,622.13,4,50600.0,2647.28,0.052,4,1,0,622.13,0.052,1,0
4074,3,341.71,5,42100.0,6424.72,15.3%,0,1,N,341.71,0.153,1,0
12151,3,470.87,4,47600.0,10706.28,0.225,2,1,N,470.87,0.225,1,0
3698,2,436.38,3,42700.0,15043.1,0.352,1,1,No,436.38,0.352,1,0
12013,1,187.7,2,18200.0,2426.57,13.3%,1,0,1,187.7,0.133,0,1
6694,1,653.54,6,14900.0,2157.25,14.5%,0,1,0,653.54,0.145,1,0
3400,3,614.81,3,16700.0,5930.16,0.355,2,1,0,614.81,0.355,1,0
6186,2,532.94,6,10400.0,2500.79,24.0%,1,N,N,532.94,0.24,0,0
4323,2,441.15,2,20400.0,2060.84,0.101,1,1,Y,441.15,0.101,1,1
9463,1,1184.54,9,31900.0,4604.89,0.144,1,0,Y,1184.54,0.144,0,1
160,2,225.39,2,12200.0,6601.58,0.541,3,1,0,225.39,0.541,1,0
5785,2,370.89,4,27900.0,10834.98,0.388,2,1,0,370.89,0.388,1,0
7731,3,375.36,2,8800.0,2254.29,0.256,1,1,0,375.36,0.256,1,0
11190,2,551.59,6,16000.0,1909.66,11.9%,0,1,No,551.59,0.11900000000000001,1,0
10524,2,317.38,4,11100.0,2044.68,0.184,1,Y,No,317.38,0.184,1,0
10480,3,1182.36,8,17000.0,4938.05,29.0%,1,1,N,1182.36,0.29,1,0
4443,2,239.37,3,47600.0,5898.22,0.124,3,1,No,239.37,0.124,1,0
1972,1,413.63,2,37300.0,11613.03,0.311,0,0,1,413.63,0.311,0,1
867,1,804.91,5,55300.0,28682.78,0.519,2,0,Y,804.91,0.519,0,1
10241,3,449.82,4,27200.0,10678.1,0.393,0,1,0,449.82,0.393,1,0
9121,2,202.76,3,57200.0,7559.13,0.132,1,0,0,202.76,0.132,0,0
11845,2,250.21,1,4500.0,1020.82,0.227,2,Y,No,250.21,0.227,1,0
4660,3,1122.82,8,57600.0,18292.75,0.318,1,1,No,1122.82,0.318,1,0
6781,1,188.38,1,39000.0,8624.18,22.1%,2,Y,Yes,188.38,0.221,1,1
9590,2,821.01,3,3500.0,1209.24,34.5%,0,Y,0,821.01,0.345,1,0
11828,5,957.13,6,54300.0,8633.24,0.159,1,1,0,957.13,0.159,1,0
1460,1,146.36,0,2800.0,318.4,0.114,2,N,No,146.36,0.114,0,0
9972,2,243.44,3,56000.0,19560.16,0.349,0,1,0,243.44,0.349,1,0
4587,5,303.27,2,30800.0,3703.66,12.0%,0,Yes,0,303.27,0.12,1,0
4481,1,315.72,2,54400.0,12181.52,0.224,0,No,0,315.72,0.224,0,0
12007,2,598.13,6,48000.0,11380.29,0.237,2,Yes,0,598.13,0.237,1,0
4281,5,175.49,1,33200.0,11557.52,0.348,1,Y,N,175.49,0.348,1,0
10520,1,302.89,3,44500.0,11158.16,0.251,1,Yes,Yes,302.89,0.251,1,1
1116,1,607.74,3,57600.0,11191.19,0.194,0,0,No,607.74,0.194,0,0
5732,2,,9,31100.0,3854.93,0.124,2,1,N,940.35,0.124,1,0
242,2,437.13,3,4700.0,482.27,0.103,2,N,N,437.13,0.103,0,0
3261,3,410.74,3,24200.0,4873.39,0.201,1,Y,0,410.74,0.201,1,0
3322,2,596.71,5,50400.0,7285.68,0.145,0,1,0,596.71,0.145,1,0
3808,2,943.13,6,8000.0,1111.93,0.139,0,1,No,943.13,0.139,1,0
4235,1,132.62,1,30600.0,3997.47,13.1%,1,0,0,132.62,0.131,0,0
7815,1,420.72,2,51500.0,17344.4,0.337,1,0,Y,420.72,0.337,0,1
9630,2,299.79,3,36200.0,4866.0,13.4%,1,1,N,299.79,0.134,1,0
6815,3,441.22,3,10300.0,817.7,0.079,1,Yes,0,441.22,0.079,1,0
3129,4,147.33,1,8200.0,512.8,6.3%,2,1,No,147.33,0.063,1,0
11511,1,,11,48600.0,9537.57,0.196,0,Y,Yes,1136.87,0.196,1,1
6211,1,412.29,3,17800.0,6084.97,0.342,1,N,N,412.29,0.342,0,0
8872,1,235.53,1,15900.0,9759.49,0.614,1,0,1,235.53,0.614,0,1
2794,5,956.42,4,52400.0,8618.55,0.164,1,1,N,956.42,0.164,1,0
7533,1,233.87,0,7200.0,1389.2,0.193,0,0,Y,233.87,0.193,0,1
2522,1,333.2,6,17900.0,7316.26,0.409,2,No,0,333.2,0.409,0,0
3868,4,619.35,4,46000.0,15882.55,0.345,1,1,No,619.35,0.345,1,0
2287,1,455.42,4,23800.0,9287.13,0.39,1,N,No,455.42,0.39,0,0
101,4,225.76,3,39600.0,7323.16,0.185,1,Yes,N,225.76,0.185,1,0
9087,3,509.92,2,45300.0,13576.18,0.3,1,1,0,509.92,0.3,1,0
3190,2,475.2,2,8600.0,1564.96,0.182,0,Yes,0,475.2,0.182,1,0
3602,2,197.39,1,11100.0,5035.56,0.454,0,0,0,197.39,0.454,0,0
7,3,487.19,4,59700.0,18223.92,0.305,0,1,N,487.19,0.305,1,0
7838,3,503.6,4,7400.0,2277.12,0.308,3,1,N,503.6,0.308,1,0
8491,4,784.51,8,31100.0,6332.63,0.204,1,1,1,784.51,0.204,1,1
6404,1,581.52,4,18200.0,8466.29,0.465,3,0,No,581.52,0.465,0,0
7502,3,435.31,4,46900.0,10198.39,0.217,2,N,No,435.31,0.217,0,0
3501,2,415.25,1,21800.0,2621.43,12.0%,1,Y,0,415.25,0.12,1,0
5891,2,2014.55,16,30900.0,9865.46,0.319,1,No,0,2014.55,0.319,0,0
6776,1,377.46,2,46600.0,6953.27,0.149,0,N,N,377.46,0.149,0,0
4880,1,424.18,3,59800.0,23379.6,0.391,0,N,No,424.18,0.391,0,0
8749,1,1037.94,7,19900.0,10077.91,0.506,1,N,No,1037.94,0.506,0,0
638,2,188.68,2,58600.0,14573.23,0.249,1,Y,No,188.68,0.249,1,0
7019,1,106.49,2,46100.0,19043.95,0.413,1,0,Yes,106.49,0.413,0,1
11921,1,1355.01,7,56500.0,17321.79,0.307,1,Y,N,1355.01,0.307,1,0
3323,2,1124.74,7,44000.0,25439.29,0.578,2,No,0,1124.74,0.578,0,0
10042,2,158.98,1,35000.0,13614.28,0.389,0,1,0,158.98,0.389,1,0
3356,4,663.01,7,39900.0,15015.3,0.376,1,Yes,0,663.01,0.376,1,0
4850,1,358.06,1,59000.0,7342.33,0.124,1,N,0,358.06,0.124,0,0
499,2,587.32,4,39800.0,18651.82,46.9%,0,Y,N,587.32,0.469,1,0
1781,1,480.11,5,59000.0,28155.23,0.477,1,0,0,480.11,0.477,0,0
11950,1,729.28,9,28600.0,5549.66,19.4%,0,No,Yes,729.28,0.19399999999999998,0,1
7505,1,197.01,3,21800.0,6246.68,0.287,1,No,1,197.01,0.287,0,1
5237,1,375.95,2,2600.0,910.6,0.35,1,Yes,Yes,375.95,0.35,1,1
851,2,548.73,6,56400.0,41018.2,0.727,1,1,0,548.73,0.727,1,0
11389,2,314.35,2,45300.0,5778.51,0.128,1,1,No,314.35,0.128,1,0
3577,4,686.8,2,31300.0,4285.89,0.137,1,1,N,686.8,0.137,1,0
11333,3,602.6,8,23600.0,4214.62,0.179,0,1,0,602.6,0.179,1,0
10000,3,256.36,1,54200.0,27234.2,0.502,0,1,N,256.36,0.502,1,0
6082,1,237.47,0,39900.0,6091.44,0.153,2,Yes,No,237.47,0.153,1,0
8398,2,199.79,3,21800.0,11366.97,0.521,0,0,No,199.79,0.521,0,0
2071,2,912.45,3,24200.0,10728.57,0.443,1,Y,No,912.45,0.443,1,0
883,3,371.4,3,35000.0,6768.94,0.193,0,Yes,No,371.4,0.193,1,0
6078,1,795.83,3,34700.0,20175.94,0.581,0,No,Y,795.83,0.581,0,1
9974,2,284.67,2,38000.0,8973.42,0.236,0,1,N,284.67,0.236,1,0
7454,1,374.05,6,20700.0,6133.33,0.296,0,0,0,374.05,0.296,0,0
1141,1,478.5,2,50700.0,21719.89,0.428,2,Y,Y,478.5,0.428,1,1
7293,4,618.22,7,48200.0,4926.58,0.102,2,Y,0,618.22,0.102,1,0
10892,1,474.35,3,33400.0,9010.11,0.27,0,1,1,474.35,0.27,1,1
7837,1,222.51,2,9600.0,5610.99,0.584,2,0,0,222.51,0.584,0,0
3679,1,103.45,3,3100.0,1270.34,0.41,0,0,N,103.45,0.41,0,0
2434,1,378.99,4,4100.0,1655.07,0.404,0,0,0,378.99,0.404,0,0
514,1,228.43,3,53900.0,11562.33,21.5%,2,0,0,228.43,0.215,0,0
7943,3,750.67,2,39800.0,13365.27,0.336,1,1,N,750.67,0.336,1,0
8452,4,306.98,4,40900.0,2645.94,0.065,0,Yes,0,306.98,0.065,1,0
3940,2,778.67,4,55100.0,18624.3,33.8%,1,1,0,778.67,0.33799999999999997,1,0
10173,1,530.09,5,44600.0,15535.95,0.348,2,No,Yes,530.09,0.348,0,1
10660,3,763.1,2,20500.0,2428.35,11.8%,2,Yes,N,763.1,0.11800000000000001,1,0
10189,1,105.55,1,11600.0,4725.78,40.7%,0,No,0,105.55,0.40700000000000003,0,0
9299,3,344.25,3,54300.0,21403.66,0.394,1,Y,No,344.25,0.394,1,0
3958,3,259.79,0,34200.0,17219.36,50.3%,1,1,0,259.79,0.503,1,0
10292,2,1819.51,13,14600.0,3042.66,0.208,0,1,No,1819.51,0.208,1,0
1522,2,268.42,3,58800.0,8493.56,0.144,1,Yes,N,268.42,0.144,1,0
2494,1,254.13,2,16300.0,5761.42,0.353,0,1,Yes,254.13,0.353,1,1
8015,1,259.34,0,53200.0,5915.03,11.1%,1,Y,0,259.34,0.111,1,0
12001,4,606.25,0,32000.0,7217.39,0.226,1,1,0,606.25,0.226,1,0
5303,1,561.98,2,35700.0,5879.02,0.165,0,1,1,561.98,0.165,1,1
4384,2,360.03,2,53900.0,5523.91,0.102,0,Yes,N,360.03,0.102,1,0
3318,1,322.71,2,30000.0,6912.02,23.0%,1,0,0,322.71,0.23,0,0
10379,3,478.52,5,19800.0,4370.12,22.1%,2,Yes,N,478.52,0.221,1,0
100,1,520.53,5,32900.0,13809.06,0.42,0,N,N,520.53,0.42,0,0
11730,3,1491.02,10,55800.0,7525.93,0.135,2,Yes,0,1491.02,0.135,1,0
9337,2,252.53,2,4000.0,1886.82,0.472,0,1,No,252.53,0.472,1,0
11973,4,501.03,3,36700.0,13882.44,0.378,4,1,0,501.03,0.378,1,0
11266,1,201.47,1,37200.0,2863.92,0.077,1,0,1,201.47,0.077,0,1
7134,1,530.27,5,52200.0,30303.99,0.581,0,N,No,530.27,0.581,0,0
9152,1,702.5,7,53500.0,12276.11,0.229,1,0,0,702.5,0.229,0,0
7929,2,401.16,3,39600.0,18401.76,0.465,0,No,No,401.16,0.465,0,0
255,3,605.56,7,27400.0,8757.26,32.0%,1,1,No,605.56,0.32,1,0
7578,1,395.95,3,27400.0,11325.06,0.413,0,N,0,395.95,0.413,0,0
3300,2,510.25,4,12600.0,728.07,0.058,0,0,N,510.25,0.058,0,0
3221,2,261.11,4,48200.0,7653.74,0.159,2,0,0,261.11,0.159,0,0
9557,1,834.89,7,42800.0,7849.56,0.183,0,No,0,834.89,0.183,0,0
430,1,257.02,0,25800.0,8507.36,0.33,2,0,0,257.02,0.33,0,0
10720,5,305.68,1,27700.0,4025.03,0.145,1,Yes,0,305.68,0.145,1,0
10249,3,717.72,5,15500.0,4701.41,0.303,0,Y,No,717.72,0.303,1,0
10082,1,289.78,4,8200.0,1321.04,0.161,0,Yes,0,289.78,0.161,1,0
8013,1,304.02,1,35000.0,3325.08,0.095,0,1,1,304.02,0.095,1,1
6756,1,578.35,3,38900.0,2845.52,7.3%,0,Y,Yes,578.35,0.073,1,1
6730,2,550.61,7,56200.0,5926.35,0.105,2,1,0,550.61,0.105,1,0
1613,1,1163.33,12,28200.0,6260.18,0.222,2,0,1,1163.33,0.222,0,1
591,3,453.85,2,28500.0,4004.35,0.141,0,Yes,0,453.85,0.141,1,0
6674,1,156.89,0,25800.0,10618.42,0.412,2,N,No,156.89,0.412,0,0
4754,1,674.27,5,10200.0,2904.23,0.285,1,N,0,674.27,0.285,0,0
10095,1,692.72,2,58300.0,17905.85,0.307,1,N,0,692.72,0.307,0,0
6520,1,673.11,4,57900.0,7239.94,0.125,1,0,N,673.11,0.125,0,0
3710,4,539.23,9,23800.0,7217.91,0.303,2,1,0,539.23,0.303,1,0
9808,2,433.76,4,9600.0,1484.28,0.155,2,1,No,433.76,0.155,1,0
6122,5,297.2,0,49900.0,20599.29,0.413,1,Y,0,297.2,0.413,1,0
799,1,554.59,2,48900.0,12699.28,0.26,1,0,1,554.59,0.26,0,1
2903,4,232.8,1,28000.0,9932.87,0.355,0,1,No,232.8,0.355,1,0
1391,1,350.99,2,7800.0,2359.64,0.303,2,No,1,350.99,0.303,0,1
5301,1,253.11,2,41100.0,12722.88,0.31,0,0,0,253.11,0.31,0,0
12034,1,379.06,4,41800.0,6213.37,0.149,1,Y,N,379.06,0.149,1,0
8977,1,241.34,0,55000.0,11189.74,0.203,0,1,No,241.34,0.203,1,0
8634,1,305.39,1,17100.0,2153.36,0.126,1,0,N,305.39,0.126,0,0
9175,4,850.19,5,44400.0,6217.29,0.14,2,1,0,850.19,0.14,1,0
6428,1,236.7,1,47900.0,9696.18,0.202,2,No,No,236.7,0.202,0,0
6054,2,512.39,3,43000.0,10716.63,24.9%,2,Y,0,512.39,0.249,1,0
8678,1,336.25,4,58900.0,18388.69,0.312,2,Yes,No,336.25,0.312,1,0
1621,2,747.26,3,18900.0,1166.8,0.062,2,Yes,No,747.26,0.062,1,0
4554,3,154.81,1,9500.0,3828.81,0.403,0,Y,N,154.81,0.403,1,0
7448,1,389.25,1,35900.0,14336.71,0.399,0,0,No,389.25,0.399,0,0
5286,1,,0,35800.0,5589.81,0.156,0,No,0,231.95,0.156,0,0
5948,1,318.94,0,14000.0,2906.14,20.8%,2,0,Y,318.94,0.20800000000000002,0,1
7196,1,580.51,4,24400.0,6083.12,0.249,0,0,0,580.51,0.249,0,0
4178,2,238.41,3,40900.0,7469.74,18.3%,1,Y,0,238.41,0.183,1,0
10550,3,466.86,1,46800.0,15172.17,0.324,0,Y,0,466.86,0.324,1,0
10772,1,405.28,4,40600.0,27238.59,0.671,1,0,Yes,405.28,0.671,0,1
7251,1,280.18,3,57100.0,11251.25,0.197,2,N,N,280.18,0.197,0,0
10481,2,490.13,2,42200.0,4833.73,11.5%,1,1,No,490.13,0.115,1,0
2765,3,259.13,2,26000.0,8102.58,0.312,1,1,No,259.13,0.312,1,0
4795,1,460.15,4,3700.0,612.61,0.166,1,1,1,460.15,0.166,1,1
2285,3,,5,35500.0,2135.12,0.06,0,1,0,575.25,0.06,1,0
1032,3,369.57,4,22200.0,9707.69,0.437,1,1,N,369.57,0.437,1,0
2889,3,1169.46,5,30900.0,9066.21,0.293,0,Yes,0,1169.46,0.293,1,0
7645,3,338.84,1,3900.0,1335.43,0.342,0,Y,No,338.84,0.342,1,0
2159,2,545.47,5,19300.0,2649.34,0.137,1,Y,No,545.47,0.137,1,0
9764,2,177.39,2,45000.0,14101.38,31.3%,2,1,N,177.39,0.313,1,0
5447,1,303.33,0,36700.0,6386.79,0.174,1,0,0,303.33,0.174,0,0
3135,2,476.72,3,8200.0,563.93,6.9%,2,1,N,476.72,0.069,1,0
8494,2,197.57,5,32600.0,8796.34,0.27,0,Yes,0,197.57,0.27,1,0
1231,2,179.58,3,16000.0,2221.03,0.139,0,No,N,179.58,0.139,0,0
4698,2,75.67,1,26000.0,7426.97,0.286,1,0,N,75.67,0.286,0,0
1913,3,871.02,6,34800.0,12384.77,0.356,0,No,No,871.02,0.356,0,0
1956,3,367.46,4,8600.0,2576.7,0.3,1,0,No,367.46,0.3,0,0
2565,3,365.48,4,11400.0,2371.13,0.208,1,1,0,365.48,0.208,1,0
11848,1,407.86,7,34000.0,12779.93,0.376,3,N,Yes,407.86,0.376,0,1
6196,1,1808.37,11,10000.0,2469.85,24.7%,0,0,1,1808.37,0.247,0,1
11913,1,457.28,3,21900.0,3054.61,0.139,1,0,0,457.28,0.139,0,0
6380,5,200.51,4,10600.0,1644.77,0.155,0,Yes,0,200.51,0.155,1,0
7726,3,446.08,4,9800.0,3246.61,33.1%,2,Yes,0,446.08,0.331,1,0
6456,2,221.98,1,6700.0,1285.94,0.192,0,0,0,221.98,0.192,0,0
365,2,721.67,4,3700.0,1269.67,0.343,3,Yes,0,721.67,0.343,1,0
4,1,370.08,3,35800.0,13017.49,0.364,1,No,0,370.08,0.364,0,0
2669,3,396.77,2,25300.0,8457.27,0.334,1,1,No,396.77,0.334,1,0
11577,4,494.79,2,12700.0,2327.23,0.183,1,Yes,N,494.79,0.183,1,0
4609,1,314.93,1,29200.0,2928.25,0.1,1,Yes,N,314.93,0.1,1,0
1139,1,401.84,1,14700.0,3379.27,0.23,0,Y,1,401.84,0.23,1,1
4494,2,679.62,2,58600.0,18888.1,0.322,0,1,0,679.62,0.322,1,0
11688,3,324.21,2,21800.0,4284.89,0.197,2,Yes,N,324.21,0.197,1,0
4196,2,520.66,4,54400.0,18513.5,0.34,0,1,0,520.66,0.34,1,0
583,2,423.56,2,49800.0,3645.9,0.073,0,Y,0,423.56,0.073,1,0
10907,3,509.69,1,11500.0,7580.25,0.659,2,Y,0,509.69,0.659,1,0
5297,1,216.28,2,17400.0,1589.49,9.1%,2,0,1,216.28,0.091,0,1
11571,2,695.12,1,15200.0,2781.58,0.183,0,1,No,695.12,0.183,1,0
9939,3,795.67,5,48500.0,2858.34,0.059,1,Y,0,795.67,0.059,1,0
4152,3,346.96,1,15500.0,2697.48,17.4%,2,1,N,346.96,0.174,1,0
2523,2,608.38,3,40400.0,6839.37,0.169,1,1,No,608.38,0.169,1,0
9829,4,783.91,7,36500.0,21212.3,0.581,2,1,No,783.91,0.581,1,0
8581,5,493.15,3,40900.0,14315.37,0.35,1,Yes,N,493.15,0.35,1,0
686,2,530.09,5,3800.0,906.58,0.239,5,1,No,530.09,0.239,1,0
3048,4,443.53,6,17800.0,2170.23,0.122,3,1,0,443.53,0.122,1,0
5293,3,242.84,1,33100.0,2711.43,0.082,1,1,0,242.84,0.082,1,0
10438,1,219.26,1,26000.0,8467.67,0.326,1,0,Yes,219.26,0.326,0,1
3754,2,467.05,5,21500.0,2761.83,0.128,0,No,N,467.05,0.128,0,0
11893,3,219.37,2,57900.0,9142.84,0.158,1,1,0,219.37,0.158,1,0
9098,1,760.29,5,56500.0,22687.9,0.402,1,No,1,760.29,0.402,0,1
9144,3,424.12,2,28100.0,7617.08,0.271,1,Yes,0,424.12,0.271,1,0
4709,1,390.82,4,52800.0,3881.74,0.074,0,Y,0,390.82,0.074,1,0
10575,2,199.25,0,5500.0,1826.18,0.332,1,Yes,No,199.25,0.332,1,0
4596,5,381.24,2,5200.0,2196.4,0.422,0,Yes,N,381.24,0.422,1,0
217,5,62.08,2,57400.0,14305.89,0.249,2,Yes,0,62.08,0.249,1,0
7880,3,242.07,2,39800.0,12399.6,31.2%,2,0,0,242.07,0.312,0,0
10767,4,369.68,3,47200.0,2856.5,6.1%,2,Yes,0,369.68,0.061,1,0
632,5,215.74,1,39300.0,7951.95,0.202,0,Yes,0,215.74,0.202,1,0
11295,1,977.35,5,46700.0,4511.95,0.097,1,Yes,N,977.35,0.097,1,0
6840,3,421.36,0,48700.0,27781.33,0.57,2,No,N,421.36,0.57,0,0
9296,3,938.64,10,53600.0,7442.32,0.139,3,1,N,938.64,0.139,1,0
3297,2,303.98,1,48700.0,23633.04,0.485,1,1,0,303.98,0.485,1,0
6028,4,720.13,9,52400.0,13376.28,0.255,3,1,0,720.13,0.255,1,0
7605,1,601.34,5,28300.0,7117.27,0.251,1,0,Y,601.34,0.251,0,1
9544,2,269.4,1,44100.0,25656.57,0.582,0,0,0,269.4,0.582,0,0
1347,2,614.56,2,40800.0,4212.37,0.103,0,1,No,614.56,0.103,1,0
2954,1,391.37,1,47900.0,15448.82,0.323,2,0,0,391.37,0.323,0,0
11172,1,680.67,5,42500.0,7931.31,0.187,0,0,No,680.67,0.187,0,0
649,3,100.71,1,53800.0,8608.31,16.0%,2,No,No,100.71,0.16,0,0
9136,3,523.24,1,33000.0,8715.62,0.264,3,Y,No,523.24,0.264,1,0
3654,1,241.52,1,51200.0,10799.07,0.211,2,Yes,Y,241.52,0.211,1,1
9665,4,355.14,2,43400.0,16264.9,0.375,1,Y,0,355.14,0.375,1,0
3786,1,396.56,1,58400.0,21498.94,36.8%,2,N,0,396.56,0.368,0,0
3232,4,279.05,0,58900.0,18940.63,32.2%,0,1,0,279.05,0.322,1,0
10283,1,194.17,2,7000.0,2223.81,0.318,0,0,Yes,194.17,0.318,0,1
10826,3,143.63,0,20400.0,691.84,0.034,2,Yes,No,143.63,0.034,1,0
2414,2,438.79,6,58500.0,233.91,0.004,2,Y,0,438.79,0.004,1,0
2268,2,407.82,2,6000.0,1231.68,20.5%,1,1,No,407.82,0.205,1,0
2261,4,731.74,5,31400.0,3720.14,11.8%,0,1,No,731.74,0.11800000000000001,1,0
6593,1,394.45,2,56000.0,9480.92,0.169,0,0,0,394.45,0.169,0,0
4019,3,754.23,8,34700.0,14513.27,0.418,0,1,N,754.23,0.418,1,0
12153,2,846.31,2,52600.0,28299.74,53.8%,1,Y,0,846.31,0.5379999999999999,1,0
6323,2,372.63,2,30000.0,10305.69,0.344,2,Yes,N,372.63,0.344,1,0
3733,3,266.39,4,48100.0,7699.49,16.0%,2,Yes,0,266.39,0.16,1,0
10317,4,1208.11,7,34200.0,8066.23,0.236,0,Y,N,1208.11,0.236,1,0
11498,1,450.66,4,53300.0,3312.39,0.062,1,No,0,450.66,0.062,0,0
6044,2,339.31,1,18600.0,8700.13,0.468,0,Y,N,339.31,0.468,1,0
10161,3,201.88,1,5300.0,1032.39,0.195,1,0,No,201.88,0.195,0,0
9706,3,268.97,2,23400.0,2017.23,0.086,2,Yes,0,268.97,0.086,1,0
1990,2,737.19,6,47300.0,20150.88,0.426,1,Yes,0,737.19,0.426,1,0
11303,1,240.3,3,15000.0,2173.64,0.145,0,Yes,N,240.3,0.145,1,0
9256,1,359.75,3,34500.0,12085.31,0.35,1,N,0,359.75,0.35,0,0
2296,1,544.33,1,10200.0,2712.45,0.266,2,No,No,544.33,0.266,0,0
10574,2,331.75,2,2500.0,1470.59,0.588,1,0,0,331.75,0.588,0,0
10652,2,276.82,2,21200.0,6493.96,0.306,0,1,N,276.82,0.306,1,0
7878,3,222.86,1,31500.0,12928.42,0.41,0,Y,0,222.86,0.41,1,0
12129,1,412.85,2,47700.0,25651.16,53.8%,1,N,Y,412.85,0.5379999999999999,0,1
5359,1,194.4,7,49300.0,22370.98,0.454,4,N,1,194.4,0.454,0,1
3133,1,,3,32800.0,7433.26,0.227,0,No,N,411.22,0.227,0,0
5654,1,429.3,3,30400.0,16058.41,0.528,0,0,0,429.3,0.528,0,0
10675,1,245.09,2,36100.0,4687.35,0.13,0,No,N,245.09,0.13,0,0
7621,1,581.51,3,26600.0,9958.52,0.374,2,0,Y,581.51,0.374,0,1
11477,2,479.62,7,46700.0,15688.59,0.336,3,Y,0,479.62,0.336,1,0
8402,1,663.73,4,45400.0,7752.34,0.171,0,0,0,663.73,0.171,0,0
8242,1,2498.05,15,8200.0,2896.06,0.353,0,0,0,2498.05,0.353,0,0
7309,1,513.85,6,49200.0,6514.36,0.132,2,0,Yes,513.85,0.132,0,1
4793,3,251.09,2,57100.0,19544.26,0.342,0,Yes,0,251.09,0.342,1,0
11630,3,859.88,5,20600.0,11690.5,56.8%,3,Y,No,859.88,0.568,1,0
9156,3,170.69,2,33600.0,1364.87,0.041,1,Yes,0,170.69,0.041,1,0
11942,3,505.7,1,47000.0,11434.67,0.243,1,Yes,0,505.7,0.243,1,0
10737,1,340.06,3,5500.0,2247.42,0.409,1,N,No,340.06,0.409,0,0
4963,1,591.96,2,35500.0,8116.9,0.229,3,N,Yes,591.96,0.229,0,1
8830,2,461.93,7,44200.0,6549.51,0.148,0,Yes,0,461.93,0.148,1,0
10268,2,1445.39,10,13900.0,3037.28,0.219,1,Yes,No,1445.39,0.219,1,0
11066,3,1101.18,4,36800.0,7391.91,0.201,1,1,N,1101.18,0.201,1,0
1227,1,268.64,1,17000.0,4291.52,0.252,2,0,0,268.64,0.252,0,0
4888,2,461.56,4,45500.0,6144.26,13.5%,1,1,0,461.56,0.135,1,0
3568,2,389.05,2,35100.0,8733.12,0.249,0,Y,N,389.05,0.249,1,0
2007,2,675.48,3,9300.0,500.85,0.054,2,1,No,675.48,0.054,1,0
6041,2,387.48,6,17800.0,4443.58,0.25,0,0,N,387.48,0.25,0,0
10384,2,389.45,0,19400.0,2055.94,0.106,0,1,0,389.45,0.106,1,0
3026,1,283.66,1,16100.0,3978.74,0.247,1,No,0,283.66,0.247,0,0
10724,1,223.07,3,16300.0,7898.02,0.485,1,1,N,223.07,0.485,1,0
7236,1,362.27,3,9800.0,1910.29,0.195,1,1,0,362.27,0.195,1,0
2485,2,235.15,0,34700.0,8107.19,0.234,0,Y,0,235.15,0.234,1,0
7105,4,409.25,0,44400.0,25134.7,56.6%,0,0,N,409.25,0.5660000000000001,0,0
9300,2,518.3,0,55100.0,6607.23,0.12,0,Y,0,518.3,0.12,1,0
2014,2,672.5,2,59600.0,3152.87,0.053,0,Yes,0,672.5,0.053,1,0
1028,1,141.08,1,57800.0,6334.77,0.11,1,1,N,141.08,0.11,1,0
10960,2,208.32,1,50700.0,14995.26,0.296,0,Y,0,208.32,0.296,1,0
10494,1,676.23,5,55100.0,11760.23,21.3%,0,0,Yes,676.23,0.213,0,1
8050,1,143.41,1,4900.0,828.87,16.9%,0,1,N,143.41,0.16899999999999998,1,0
9994,1,593.37,1,42700.0,4533.08,10.6%,0,No,0,593.37,0.106,0,0
6690,2,305.92,3,6600.0,3368.68,0.51,1,Yes,N,305.92,0.51,1,0
6923,4,540.9,6,32600.0,22030.8,67.6%,2,1,0,540.9,0.6759999999999999,1,0
11388,1,186.56,2,44800.0,16771.12,0.374,0,1,1,186.56,0.374,1,1
4836,3,312.28,4,14500.0,5766.88,0.398,0,0,0,312.28,0.398,0,0
1358,2,685.28,6,4800.0,1225.75,0.255,4,No,0,685.28,0.255,0,0
5705,2,386.82,3,27500.0,9692.09,0.352,0,Yes,N,386.82,0.352,1,0
10874,1,564.31,1,6200.0,918.23,0.148,1,0,No,564.31,0.148,0,0
4285,3,252.09,1,45600.0,11546.38,0.253,1,Yes,No,252.09,0.253,1,0
11826,2,570.54,3,10300.0,826.68,0.08,1,1,0,570.54,0.08,1,0
11342,1,170.18,3,52100.0,8421.83,0.162,0,0,N,170.18,0.162,0,0
310,1,,1,52300.0,25897.14,49.5%,0,0,No,272.54,0.495,0,0
4736,4,639.71,4,4900.0,766.37,0.156,1,Yes,No,639.71,0.156,1,0
37,1,912.98,9,58100.0,15570.27,0.268,0,No,0,912.98,0.268,0,0
2041,3,179.4,2,22400.0,14856.08,0.663,0,1,N,179.4,0.663,1,0
7864,2,620.59,6,37600.0,2373.71,0.063,1,Y,0,620.59,0.063,1,0
2365,1,186.7,0,5000.0,2847.57,0.57,1,No,N,186.7,0.57,0,0
7009,2,444.2,2,6900.0,1199.16,17.4%,4,0,1,444.2,0.174,0,1
9870,3,657.37,1,56800.0,10438.72,0.184,2,Y,N,657.37,0.184,1,0
1954,2,431.13,3,42900.0,10409.68,0.243,0,Yes,0,431.13,0.243,1,0
6928,2,,4,56500.0,31026.1,0.549,1,Yes,No,507.11,0.549,1,0
10775,1,341.79,2,13400.0,3486.08,0.26,0,N,Y,341.79,0.26,0,1
11537,4,184.57,0,4400.0,1455.79,0.331,0,Y,0,184.57,0.331,1,0
10966,1,371.95,2,45100.0,7425.23,0.165,2,0,0,371.95,0.165,0,0
10861,2,407.45,7,24000.0,13317.96,0.555,0,Y,No,407.45,0.555,1,0
10087,2,310.96,2,5300.0,1892.53,0.357,2,1,N,310.96,0.357,1,0
11026,1,502.61,7,59700.0,6903.24,0.116,0,No,N,502.61,0.116,0,0
6555,2,326.26,3,53400.0,14799.08,0.277,0,Y,N,326.26,0.277,1,0
3956,5,1155.66,9,43700.0,24482.3,0.56,1,Yes,N,1155.66,0.56,1,0
1876,4,547.67,2,40400.0,9801.79,24.3%,1,Yes,No,547.67,0.243,1,0
4942,2,634.67,2,46000.0,3453.69,0.075,2,1,No,634.67,0.075,1,0
2064,1,308.24,1,37500.0,4076.2,0.109,1,1,1,308.24,0.109,1,1
669,4,184.44,3,15700.0,1884.21,0.12,0,1,0,184.44,0.12,1,0
4864,3,239.51,0,16000.0,3504.22,0.219,2,Yes,0,239.51,0.219,1,0
11458,3,166.08,0,39400.0,7029.21,0.178,1,1,0,166.08,0.178,1,0
4353,2,511.25,3,40400.0,6864.8,17.0%,0,N,0,511.25,0.17,0,0
10523,2,1235.62,14,21200.0,8085.52,0.381,2,1,0,1235.62,0.381,1,0
383,1,697.19,2,2400.0,379.74,0.158,0,N,1,697.19,0.158,0,1
3850,1,393.06,0,50400.0,10233.37,0.203,0,0,N,393.06,0.203,0,0
929,2,845.48,9,49700.0,14318.45,0.288,2,1,N,845.48,0.288,1,0
506,2,875.94,5,11300.0,1029.4,0.091,2,1,Yes,875.94,0.091,1,1
238,1,342.13,2,23100.0,6899.45,0.299,0,No,N,342.13,0.299,0,0
7397,1,300.43,2,13500.0,5148.5,0.381,0,No,0,300.43,0.381,0,0
7383,2,1142.64,4,43000.0,15979.23,0.372,0,1,No,1142.64,0.372,1,0
11872,3,498.13,2,4500.0,1314.57,0.292,2,Yes,N,498.13,0.292,1,0
6524,2,266.03,1,54000.0,14625.52,0.271,0,1,0,266.03,0.271,1,0
5248,2,223.36,2,39300.0,15418.91,39.2%,0,0,No,223.36,0.392,0,0
6528,1,264.41,1,3300.0,1225.17,37.1%,1,1,0,264.41,0.371,1,0
38,2,549.19,5,58600.0,6657.0,0.114,0,1,0,549.19,0.114,1,0
7289,3,383.86,1,25200.0,5919.03,0.235,1,1,No,383.86,0.235,1,0
9559,1,776.71,7,11400.0,2053.52,0.18,0,N,No,776.71,0.18,0,0
642,1,100.67,1,24100.0,6515.1,0.27,1,1,1,100.67,0.27,1,1
2436,2,399.99,2,6500.0,1113.76,17.1%,1,N,No,399.99,0.171,0,0
12023,3,274.85,2,23000.0,2133.96,9.3%,0,Y,0,274.85,0.09300000000000001,1,0
8790,1,158.98,0,46200.0,9803.84,0.212,1,0,Yes,158.98,0.212,0,1
5281,1,295.84,2,14100.0,4630.34,32.8%,0,0,Y,295.84,0.32799999999999996,0,1
4819,2,518.59,5,24300.0,2286.31,0.094,2,Yes,0,518.59,0.094,1,0
5442,2,1221.71,7,33900.0,3500.03,0.103,1,1,0,1221.71,0.103,1,0
12134,4,184.75,2,4200.0,1020.0,24.3%,0,Y,N,184.75,0.243,1,0
1237,1,326.01,0,9500.0,2026.01,0.213,0,0,No,326.01,0.213,0,0
6778,1,159.3,0,30600.0,17048.28,0.557,1,No,N,159.3,0.557,0,0
4993,1,,1,25200.0,3016.82,12.0%,1,No,0,272.54,0.12,0,0
10586,3,362.38,2,25700.0,7338.48,0.286,0,Yes,N,362.38,0.286,1,0
6988,1,528.9,4,12300.0,585.48,0.048,0,No,0,528.9,0.048,0,0
4930,2,284.18,1,25100.0,15756.33,0.628,2,Yes,0,284.18,0.628,1,0
4776,2,397.01,3,3700.0,1461.9,39.5%,0,Yes,No,397.01,0.395,1,0
8181,1,244.34,3,7300.0,4365.58,0.598,3,0,Y,244.34,0.598,0,1
3789,1,,4,42800.0,22970.13,0.537,1,No,No,507.11,0.537,0,0
1894,4,359.85,0,33300.0,6936.55,0.208,1,Y,0,359.85,0.208,1,0
3642,1,682.07,1,4500.0,3034.6,0.674,1,No,No,682.07,0.674,0,0
8595,4,423.37,3,13500.0,4670.83,34.6%,1,1,0,423.37,0.34600000000000003,1,0
2859,1,1413.98,7,34600.0,13903.74,40.2%,0,0,N,1413.98,0.402,0,0
9460,3,717.97,3,12000.0,5118.21,0.427,0,1,N,717.97,0.427,1,0
1382,2,332.09,4,39100.0,8628.14,0.221,0,N,0,332.09,0.221,0,0
9025,1,279.66,0,22500.0,8415.0,0.374,2,0,0,279.66,0.374,0,0
3756,2,736.43,4,6400.0,779.34,0.122,0,Yes,0,736.43,0.122,1,0
10527,1,504.08,2,15100.0,10391.72,0.688,3,0,Y,504.08,0.688,0,1
3605,2,245.96,2,12200.0,3891.59,31.9%,1,1,0,245.96,0.319,1,0
1193,2,359.06,2,33600.0,9984.19,0.297,2,1,0,359.06,0.297,1,0
231,1,672.79,5,20900.0,5224.39,25.0%,0,0,No,672.79,0.25,0,0
7744,3,239.35,1,40100.0,10537.35,0.263,1,Yes,N,239.35,0.263,1,0
7996,2,327.93,1,17700.0,7639.28,43.2%,3,1,N,327.93,0.43200000000000005,1,0
7210,2,880.93,5,41500.0,2879.12,0.069,1,Y,No,880.93,0.069,1,0
5699,3,281.51,1,35900.0,14173.07,0.395,0,Y,No,281.51,0.395,1,0
911,1,94.46,2,4100.0,467.36,0.114,0,0,No,94.46,0.114,0,0
9587,2,500.22,4,47400.0,-32120.94,0.678,1,Y,N,500.22,0.678,1,0
6387,2,342.51,3,59500.0,6412.81,0.108,3,0,0,342.51,0.108,0,0
7361,3,297.31,3,15400.0,2578.74,0.167,0,Yes,0,297.31,0.167,1,0
5480,2,825.22,4,10900.0,4336.06,0.398,0,Y,No,825.22,0.398,1,0
2539,3,408.9,6,49700.0,17561.53,0.353,0,Y,N,408.9,0.353,1,0
8637,3,192.14,2,32100.0,3570.04,0.111,1,1,N,192.14,0.111,1,0
7377,3,404.23,5,56200.0,8996.24,16.0%,1,N,0,404.23,0.16,0,0
4675,1,389.13,0,6300.0,1954.1,31.0%,3,0,1,389.13,0.31,0,1
8330,2,1098.8,9,51800.0,13271.31,0.256,0,Yes,N,1098.8,0.256,1,0
2527,4,164.49,2,15800.0,1102.38,0.07,2,Yes,No,164.49,0.07,1,0
11800,4,485.33,6,2700.0,185.18,0.069,1,Y,No,485.33,0.069,1,0
1967,2,167.34,1,6700.0,2085.28,0.311,0,0,N,167.34,0.311,0,0
11576,3,216.83,3,16700.0,7530.19,0.451,2,No,N,216.83,0.451,0,0
7093,3,392.63,3,38100.0,26379.85,0.692,1,0,No,392.63,0.692,0,0
3195,2,439.8,4,40600.0,2995.13,0.074,3,1,0,439.8,0.074,1,0
7089,4,572.72,5,16000.0,8060.16,0.504,1,1,0,572.72,0.504,1,0
6641,2,234.83,2,11300.0,4549.32,0.403,0,No,0,234.83,0.403,0,0
5716,5,,2,56900.0,5888.82,10.3%,1,1,N,339.29,0.10300000000000001,1,0
3293,2,636.56,3,19100.0,4047.12,0.212,1,1,No,636.56,0.212,1,0
7376,1,213.86,2,13100.0,2725.47,0.208,2,No,1,213.86,0.208,0,1
1280,2,284.19,5,24500.0,3238.18,0.132,0,1,No,284.19,0.132,1,0
11645,1,140.02,1,25500.0,16533.95,64.8%,0,0,0,140.02,0.648,0,0
2125,1,175.41,2,27100.0,3378.04,0.125,1,0,0,175.41,0.125,0,0
10972,2,257.7,1,15100.0,7452.91,0.494,0,1,0,257.7,0.494,1,0
7707,3,740.65,6,19400.0,10385.97,53.5%,0,Y,0,740.65,0.535,1,0
599,2,504.45,2,57700.0,16905.89,0.293,0,Yes,0,504.45,0.293,1,0
8444,1,364.33,5,8300.0,381.03,0.046,2,0,1,364.33,0.046,0,1
8661,4,922.09,9,15700.0,3487.32,0.222,0,Yes,0,922.09,0.222,1,0
8783,3,552.39,2,41300.0,10604.38,25.7%,1,1,No,552.39,0.257,1,0
8093,2,662.02,9,51100.0,28116.58,0.55,0,0,No,662.02,0.55,0,0
8835,2,622.48,3,52800.0,8475.8,0.161,0,0,No,622.48,0.161,0,0
2799,1,205.76,3,54800.0,4353.73,0.079,0,Yes,0,205.76,0.079,1,0
9326,2,222.84,1,21400.0,11122.61,0.52,1,Y,No,222.84,0.52,1,0
1314,2,264.99,1,46900.0,13001.39,0.277,1,Yes,N,264.99,0.277,1,0
1487,3,170.01,0,4000.0,614.67,0.154,2,0,No,170.01,0.154,0,0
855,1,309.54,2,11000.0,3427.35,0.312,1,0,1,309.54,0.312,0,1
11424,3,145.42,1,12100.0,5044.51,0.417,0,Yes,Yes,145.42,0.417,1,1
3063,1,225.07,3,16500.0,4304.46,0.261,0,Yes,0,225.07,0.261,1,0
3902,3,771.26,4,58000.0,25653.86,0.442,2,Yes,0,771.26,0.442,1,0
1057,3,896.77,6,52700.0,13860.03,0.263,0,1,0,896.77,0.263,1,0
4195,3,353.42,2,53600.0,25450.1,0.475,0,Y,0,353.42,0.475,1,0
3905,1,602.46,3,36400.0,2180.26,0.06,2,No,N,602.46,0.06,0,0
6120,3,183.79,2,30100.0,14287.49,0.475,0,Yes,0,183.79,0.475,1,0
9492,1,410.24,2,37100.0,5920.58,16.0%,0,0,N,410.24,0.16,0,0
9127,2,356.87,3,44300.0,15266.18,0.345,4,Y,No,356.87,0.345,1,0
5198,3,1963.79,13,11300.0,4922.67,0.436,1,1,0,1963.79,0.436,1,0
4062,3,340.33,2,4600.0,766.84,0.167,1,1,0,340.33,0.167,1,0
5485,2,739.46,1,24400.0,5438.28,0.223,1,1,No,739.46,0.223,1,0
8822,1,113.74,1,43200.0,15621.31,0.362,1,No,No,113.74,0.362,0,0
8756,1,3939.96,27,36100.0,3532.77,0.098,0,0,1,3939.96,0.098,0,1
3393,2,461.17,6,29100.0,9966.56,34.2%,4,N,N,461.17,0.342,0,0
9745,2,410.06,3,39900.0,2890.44,7.2%,2,1,N,410.06,0.07200000000000001,1,0
12165,4,401.39,2,14000.0,1869.33,13.4%,0,1,0,401.39,0.134,1,0
8198,1,491.43,4,36400.0,2555.62,7.0%,3,Y,1,491.43,0.07,1,1
8727,3,608.49,2,12300.0,4778.86,0.389,0,Yes,0,608.49,0.389,1,0
3214,1,246.16,2,55600.0,14014.14,0.252,0,N,N,246.16,0.252,0,0
9767,3,226.86,0,56400.0,7038.26,0.125,1,Y,0,226.86,0.125,1,0
8543,1,1065.07,4,19400.0,6245.02,0.322,1,Y,0,1065.07,0.322,1,0
10547,1,425.45,1,11100.0,2306.88,0.208,1,1,N,425.45,0.208,1,0
5613,3,564.46,2,42800.0,18012.48,0.421,2,1,No,564.46,0.421,1,0
3354,3,320.2,1,43500.0,2299.93,0.053,3,Y,N,320.2,0.053,1,0
7608,1,240.12,2,14800.0,3049.99,0.206,2,Yes,N,240.12,0.206,1,0
2511,3,872.31,7,44300.0,13977.26,0.316,1,1,N,872.31,0.316,1,0
3042,3,368.69,4,58900.0,5498.18,0.093,0,Yes,N,368.69,0.093,1,0
1107,2,330.68,2,12300.0,3106.34,0.253,1,1,0,330.68,0.253,1,0
1666,1,559.34,3,36400.0,17678.61,0.486,0,1,Yes,559.34,0.486,1,1
4055,2,282.92,2,45600.0,3459.35,7.6%,1,Y,N,282.92,0.076,1,0
393,3,183.6,1,15000.0,7009.51,0.467,0,0,N,183.6,0.467,0,0
9129,2,125.56,0,27100.0,8555.32,0.316,1,Yes,0,125.56,0.316,1,0
6941,1,295.66,0,57800.0,14430.13,0.25,1,0,0,295.66,0.25,0,0
2798,1,418.64,2,8500.0,3719.35,0.438,0,1,N,418.64,0.438,1,0
1401,2,366.06,1,5200.0,424.34,0.082,0,1,0,366.06,0.082,1,0
6277,3,260.14,1,7400.0,1857.06,0.251,3,Y,N,260.14,0.251,1,0
11997,1,1712.34,13,43500.0,2742.67,0.063,2,Yes,Yes,1712.34,0.063,1,1
1200,1,495.26,2,9400.0,2218.55,0.236,0,No,1,495.26,0.236,0,1
2861,1,761.73,6,3900.0,751.47,19.3%,2,N,0,761.73,0.193,0,0
10948,2,463.4,2,59300.0,14519.93,0.245,2,1,0,463.4,0.245,1,0
314,1,357.43,2,27300.0,9197.53,0.337,1,0,0,357.43,0.337,0,0
9090,4,345.34,3,20100.0,6596.85,0.328,0,1,N,345.34,0.328,1,0
10808,1,212.45,2,17500.0,5448.91,0.311,0,0,Yes,212.45,0.311,0,1
387,2,606.8,2,42700.0,10086.12,0.236,0,Yes,N,606.8,0.236,1,0
6836,2,344.73,4,45300.0,11125.03,0.246,2,1,No,344.73,0.246,1,0
12105,1,549.39,1,16400.0,2838.47,0.173,2,0,No,549.39,0.173,0,0
11580,2,240.05,0,14400.0,2756.47,19.1%,0,N,0,240.05,0.191,0,0
11981,1,217.57,4,29200.0,14311.07,0.49,0,No,1,217.57,0.49,0,1
270,2,156.96,0,18500.0,7454.75,40.3%,1,1,0,156.96,0.40299999999999997,1,0
8224,1,559.51,3,21800.0,1938.5,0.089,1,0,0,559.51,0.089,0,0
9247,3,2048.36,12,32400.0,10857.7,0.335,0,1,0,2048.36,0.335,1,0
4618,2,589.49,2,33000.0,12461.35,0.378,2,1,0,589.49,0.378,1,0
6276,2,680.05,7,53200.0,19651.94,0.369,2,1,0,680.05,0.369,1,0
6354,2,935.39,6,39400.0,17276.55,0.438,0,Yes,0,935.39,0.438,1,0
229,1,185.05,0,10200.0,1908.74,0.187,1,1,N,185.05,0.187,1,0
1181,3,707.41,4,37700.0,5406.01,0.143,2,Yes,0,707.41,0.143,1,0
11179,2,276.78,4,41600.0,12032.46,0.289,1,Yes,0,276.78,0.289,1,0
11083,3,487.1,2,19000.0,8063.49,0.424,1,1,0,487.1,0.424,1,0
4959,4,685.89,6,22100.0,3750.5,0.17,0,Yes,N,685.89,0.17,1,0
7727,4,326.22,3,31600.0,9341.06,0.296,0,Y,N,326.22,0.296,1,0
8742,2,716.35,8,52100.0,11636.31,0.223,0,No,0,716.35,0.223,0,0
3607,5,283.0,2,9300.0,377.51,4.1%,1,1,0,283.0,0.040999999999999995,1,0
1143,3,323.8,0,48300.0,23666.7,0.49,1,0,0,323.8,0.49,0,0
3617,2,301.47,4,33900.0,8081.2,0.238,0,Y,No,301.47,0.238,1,0
5124,5,364.62,3,2200.0,918.09,0.417,0,Y,0,364.62,0.417,1,0
840,1,267.66,3,11100.0,4665.59,42.0%,2,N,N,267.66,0.42,0,0
9866,1,301.33,5,46700.0,18667.28,0.4,1,0,Y,301.33,0.4,0,1
9303,1,360.88,7,4300.0,2143.2,0.498,0,0,N,360.88,0.498,0,0
2114,3,77.49,0,4500.0,3244.37,0.721,1,Yes,0,77.49,0.721,1,0
2207,3,318.03,6,4100.0,231.08,0.056,0,Yes,0,318.03,0.056,1,0
11139,3,201.71,1,26700.0,8695.44,32.6%,0,Y,0,201.71,0.326,1,0
1758,1,186.04,1,50400.0,7557.84,0.15,0,No,0,186.04,0.15,0,0
565,2,296.2,3,57400.0,20826.8,0.363,0,Yes,0,296.2,0.363,1,0
4140,2,648.48,5,13600.0,3964.53,0.292,0,Yes,0,648.48,0.292,1,0
7192,3,1055.27,6,20900.0,1775.32,0.085,1,Yes,0,1055.27,0.085,1,0
10646,2,,5,8300.0,1604.89,0.193,0,1,No,575.25,0.193,1,0
9017,1,241.55,1,30400.0,6628.98,0.218,0,Y,No,241.55,0.218,1,0
3818,4,381.62,6,21200.0,9202.65,43.4%,0,No,0,381.62,0.434,0,0
9441,3,327.21,1,34000.0,9331.14,0.274,2,1,0,327.21,0.274,1,0
5409,5,505.49,3,40900.0,8185.31,0.2,1,1,N,505.49,0.2,1,0
1472,1,1215.83,5,47900.0,16815.38,0.351,0,Yes,Y,1215.83,0.351,1,1
6601,2,393.97,4,55300.0,20956.35,0.379,2,1,N,393.97,0.379,1,0
2895,5,682.72,4,40100.0,21352.57,53.2%,4,No,N,682.72,0.532,0,0
7180,2,917.34,3,13100.0,2852.55,21.8%,1,Yes,0,917.34,0.218,1,0
11293,3,492.32,2,11300.0,3730.04,0.33,0,Yes,0,492.32,0.33,1,0
11615,1,347.12,3,29200.0,5824.68,0.199,0,Yes,Y,347.12,0.199,1,1
1958,3,208.48,4,28900.0,2393.32,0.083,1,1,0,208.48,0.083,1,0
8775,1,491.03,2,34300.0,7103.22,0.207,1,No,No,491.03,0.207,0,0
11916,1,340.31,3,37400.0,25350.31,0.678,0,No,Y,340.31,0.678,0,1
3747,2,274.32,0,9500.0,2482.46,0.261,2,Yes,N,274.32,0.261,1,0
10294,3,206.65,2,27800.0,3199.54,0.115,0,Yes,0,206.65,0.115,1,0
6535,4,236.97,1,32800.0,4837.39,0.147,1,Y,0,236.97,0.147,1,0
9535,1,291.69,2,33200.0,14858.43,0.448,1,No,Yes,291.69,0.448,0,1
10236,1,432.25,5,10800.0,2722.97,0.252,2,No,0,432.25,0.252,0,0
7079,2,282.9,3,23400.0,5787.15,0.247,0,Y,0,282.9,0.247,1,0
2611,4,461.78,4,40000.0,9608.58,0.24,1,Y,No,461.78,0.24,1,0
947,1,201.92,1,47500.0,17382.07,0.366,0,N,0,201.92,0.366,0,0
11327,2,208.75,1,42900.0,13208.33,0.308,1,1,No,208.75,0.308,1,0
6447,2,680.77,4,5100.0,1234.91,0.242,2,1,N,680.77,0.242,1,0
7230,2,651.79,6,36800.0,7760.79,0.211,3,Y,No,651.79,0.211,1,0
3722,1,503.4,6,50800.0,8202.16,0.161,0,N,1,503.4,0.161,0,1
613,1,348.02,5,18200.0,3316.38,0.182,2,Yes,No,348.02,0.182,1,0
5429,3,330.74,0,15300.0,4708.45,0.308,2,Y,0,330.74,0.308,1,0
8367,1,190.72,0,10900.0,3335.51,0.306,0,No,1,190.72,0.306,0,1
1842,3,292.95,1,7800.0,721.46,0.092,1,Y,N,292.95,0.092,1,0
10339,2,100.31,0,47000.0,6635.91,0.141,1,Y,0,100.31,0.141,1,0
6437,1,567.54,5,20200.0,4979.83,0.247,0,Y,1,567.54,0.247,1,1
8178,1,,2,52900.0,21325.98,0.403,1,0,0,339.29,0.403,0,0
8215,4,173.98,3,33100.0,12851.85,0.388,0,1,0,173.98,0.388,1,0
9368,1,299.32,0,42000.0,4172.13,0.099,0,Yes,0,299.32,0.099,1,0
2386,3,255.24,3,4000.0,1424.92,0.356,3,1,No,255.24,0.356,1,0
3907,2,653.78,6,14000.0,5068.04,36.2%,2,1,N,653.78,0.36200000000000004,1,0
1577,4,304.84,2,40800.0,1360.35,0.033,0,0,No,304.84,0.033,0,0
1847,2,370.0,4,23900.0,7342.21,30.7%,0,1,N,370.0,0.307,1,0
3073,2,724.59,4,24700.0,10577.92,0.428,0,1,0,724.59,0.428,1,0
7139,1,347.87,0,36900.0,4271.82,0.116,0,Yes,0,347.87,0.116,1,0
11470,1,548.14,2,44300.0,4527.81,0.102,0,0,0,548.14,0.102,0,0
125,2,1257.08,12,11800.0,1401.15,0.119,1,Yes,No,1257.08,0.119,1,0
7721,1,932.51,8,30800.0,13196.93,42.8%,1,1,No,932.51,0.428,1,0
10228,4,391.87,2,60000.0,10944.99,0.182,0,1,N,391.87,0.182,1,0
1059,2,717.35,6,50800.0,24287.67,0.478,1,Y,0,717.35,0.478,1,0
522,2,209.26,2,26400.0,3860.63,0.146,0,1,N,209.26,0.146,1,0
4161,3,1052.07,16,17600.0,3500.56,0.199,1,Y,0,1052.07,0.199,1,0
1640,3,664.09,4,52600.0,8170.12,0.155,0,1,N,664.09,0.155,1,0
517,1,178.58,1,7900.0,3985.94,50.5%,1,0,N,178.58,0.505,0,0
1615,3,474.99,3,44200.0,10050.95,22.7%,2,No,0,474.99,0.22699999999999998,0,0
1,5,458.35,0,5900.0,2769.97,0.469,1,Yes,0,458.35,0.469,1,0
8976,2,713.2,4,8700.0,4142.7,0.476,0,1,0,713.2,0.476,1,0
2942,1,294.64,1,21700.0,6272.57,0.289,1,0,Y,294.64,0.289,0,1
6803,1,410.89,3,11400.0,3914.28,34.3%,2,No,Y,410.89,0.34299999999999997,0,1
1213,1,252.36,2,10600.0,837.12,7.9%,2,0,1,252.36,0.079,0,1
11135,5,519.07,3,34200.0,17902.41,0.523,1,No,0,519.07,0.523,0,0
1821,1,279.53,4,50900.0,28762.08,0.565,1,No,No,279.53,0.565,0,0
5058,2,592.49,2,27300.0,10630.19,0.389,1,1,0,592.49,0.389,1,0
5381,3,342.99,1,30400.0,11685.82,0.384,0,Y,0,342.99,0.384,1,0
10243,2,250.41,4,51500.0,14090.38,0.274,1,Yes,0,250.41,0.274,1,0
9834,3,1195.69,9,51100.0,4113.75,0.081,1,Yes,N,1195.69,0.081,1,0
8826,1,756.83,8,13500.0,6468.48,47.9%,1,0,0,756.83,0.479,0,0
3338,3,470.29,3,23400.0,2618.94,11.2%,0,1,0,470.29,0.11199999999999999,1,0
11,1,316.07,0,55400.0,10681.29,0.193,0,0,1,316.07,0.193,0,1
11294,4,327.86,2,34200.0,9779.44,0.286,1,Y,0,327.86,0.286,1,0
4785,4,358.77,2,38200.0,19364.12,0.507,1,No,0,358.77,0.507,0,0
1767,1,298.6,0,56500.0,13125.75,0.232,0,0,Yes,298.6,0.232,0,1
10162,3,484.88,2,9100.0,737.6,0.081,1,Y,N,484.88,0.081,1,0
5880,1,138.16,0,58800.0,15517.04,0.264,0,0,N,138.16,0.264,0,0
241,2,662.64,1,17700.0,9787.26,0.553,0,1,0,662.64,0.553,1,0
7681,5,422.9,5,5200.0,500.01,0.096,0,Y,No,422.9,0.096,1,0
510,3,306.37,5,11700.0,5274.98,0.451,0,Y,N,306.37,0.451,1,0
2744,2,650.95,3,9500.0,3106.72,0.327,0,Yes,No,650.95,0.327,1,0
9288,1,1199.86,8,20900.0,1895.34,0.091,3,0,1,1199.86,0.091,0,1
7691,1,683.95,5,2700.0,339.72,0.126,1,Y,N,683.95,0.126,1,0
8395,3,463.84,2,10000.0,1547.87,0.155,3,0,N,463.84,0.155,0,0
2140,2,201.26,1,3000.0,482.24,0.161,3,Y,N,201.26,0.161,1,0
11639,3,558.84,0,22300.0,12372.27,0.555,3,0,No,558.84,0.555,0,0
363,2,411.35,1,26300.0,1638.21,0.062,0,1,No,411.35,0.062,1,0
2958,3,573.85,2,54200.0,14955.62,0.276,0,N,N,573.85,0.276,0,0
3328,3,714.58,3,2400.0,427.13,0.178,1,Y,0,714.58,0.178,1,0
10569,1,443.02,5,36200.0,13102.3,0.362,3,No,Yes,443.02,0.362,0,1
1290,4,257.47,2,24700.0,2968.17,0.12,2,Yes,N,257.47,0.12,1,0
3729,3,196.87,1,23100.0,4277.88,0.185,0,1,0,196.87,0.185,1,0
7851,2,209.9,0,35100.0,19189.26,0.547,1,Y,0,209.9,0.547,1,0
1020,2,109.71,0,51100.0,8752.91,0.171,2,0,0,109.71,0.171,0,0
10806,2,155.26,0,34800.0,3895.8,0.112,1,No,0,155.26,0.112,0,0
1808,1,100.09,1,5600.0,2692.06,0.481,1,N,0,100.09,0.481,0,0
6681,2,1001.47,7,36700.0,17625.51,0.48,2,Yes,No,1001.47,0.48,1,0
75,2,730.49,5,4500.0,136.09,0.03,0,Y,0,730.49,0.03,1,0
5719,3,504.25,3,48000.0,11625.1,0.242,1,N,0,504.25,0.242,0,0
11393,3,341.55,1,57100.0,16986.75,0.297,1,0,No,341.55,0.297,0,0
10606,3,324.54,1,27000.0,7897.48,0.292,1,1,0,324.54,0.292,1,0
4669,1,627.25,2,48500.0,2940.54,0.061,2,0,0,627.25,0.061,0,0
2560,1,448.76,3,23700.0,5661.45,0.239,2,Y,0,448.76,0.239,1,0
459,1,1037.84,5,37700.0,3848.26,0.102,1,N,1,1037.84,0.102,0,1
8813,1,,3,14400.0,5709.25,0.396,1,1,N,411.22,0.396,1,0
7778,1,315.13,3,30100.0,6710.42,0.223,0,N,Y,315.13,0.223,0,1
2411,2,807.39,5,40600.0,1136.16,0.028,1,Yes,1,807.39,0.028,1,1
2330,5,141.7,1,46800.0,13591.22,29.0%,1,1,N,141.7,0.29,1,0
11495,2,525.33,5,56600.0,14470.89,0.256,0,1,0,525.33,0.256,1,0
11027,2,378.31,4,10100.0,1622.77,0.161,1,1,0,378.31,0.161,1,0
9164,2,1093.11,9,5600.0,2319.95,0.414,0,0,No,1093.11,0.414,0,0
9089,2,181.95,1,48600.0,8870.41,0.183,2,Y,0,181.95,0.183,1,0
9546,2,1495.34,9,13600.0,2100.43,0.154,1,Yes,0,1495.34,0.154,1,0
11467,2,455.01,2,33800.0,15760.32,0.466,1,1,0,455.01,0.466,1,0
1076,1,925.78,2,46500.0,12106.09,0.26,0,0,Yes,925.78,0.26,0,1
7952,1,317.13,1,40800.0,9595.53,0.235,4,0,Y,317.13,0.235,0,1
10920,4,542.99,5,17900.0,3879.99,0.217,2,1,Yes,542.99,0.217,1,1
11392,4,231.2,1,21300.0,3186.69,0.15,2,1,0,231.2,0.15,1,0
5801,2,416.6,3,31300.0,18968.94,0.606,1,No,No,416.6,0.606,0,0
1436,1,269.32,0,42700.0,9217.32,0.216,0,0,1,269.32,0.216,0,1
784,1,322.19,1,10800.0,2980.12,27.6%,0,Y,No,322.19,0.276,1,0
2227,3,471.8,4,15100.0,7843.15,0.519,0,N,N,471.8,0.519,0,0
9386,1,667.5,1,5800.0,2090.79,0.36,1,N,0,667.5,0.36,0,0
3713,2,1029.58,8,20600.0,4608.13,0.224,0,Yes,0,1029.58,0.224,1,0
8276,1,482.91,2,59900.0,21987.39,0.367,2,No,1,482.91,0.367,0,1
7067,1,574.37,5,47000.0,10298.1,0.219,2,0,1,574.37,0.219,0,1
2637,4,381.35,0,12200.0,2350.47,19.3%,0,Yes,No,381.35,0.193,1,0
10299,1,239.38,2,25100.0,3167.92,12.6%,0,0,Y,239.38,0.126,0,1
7543,1,248.14,3,15700.0,3924.29,0.25,1,No,0,248.14,0.25,0,0
431,3,334.9,1,20700.0,5962.21,0.288,1,Yes,No,334.9,0.288,1,0
1544,1,231.63,1,28500.0,7167.16,0.251,0,N,0,231.63,0.251,0,0
3165,1,535.44,3,12100.0,5278.86,43.6%,4,No,0,535.44,0.436,0,0
7762,4,363.79,2,60000.0,8373.77,0.14,1,1,No,363.79,0.14,1,0
10271,1,407.89,4,2100.0,1208.43,57.5%,2,0,N,407.89,0.575,0,0
3651,3,88.12,0,38700.0,9679.75,0.25,0,1,0,88.12,0.25,1,0
4824,1,843.05,3,5300.0,2132.08,0.402,1,0,0,843.05,0.402,0,0
10224,2,418.19,0,59700.0,17643.98,0.296,0,No,0,418.19,0.296,0,0
4463,1,244.06,3,58600.0,28833.16,0.492,1,N,N,244.06,0.492,0,0
1933,1,411.32,3,49300.0,16799.67,0.341,1,1,Yes,411.32,0.341,1,1
4586,4,179.58,1,31400.0,7079.07,0.225,2,1,0,179.58,0.225,1,0
10490,2,208.02,0,13300.0,4121.1,0.31,4,1,N,208.02,0.31,1,0
5283,2,665.42,3,42800.0,8539.56,20.0%,0,1,N,665.42,0.2,1,0
7404,3,358.17,4,9400.0,3533.86,0.376,1,1,No,358.17,0.376,1,0
6363,2,389.55,1,3100.0,1089.08,0.351,2,Yes,0,389.55,0.351,1,0
2515,4,457.43,2,52700.0,7012.43,0.133,1,Yes,0,457.43,0.133,1,0
5556,2,1023.39,9,21200.0,2710.72,0.128,0,0,N,1023.39,0.128,0,0
10671,3,349.75,3,22700.0,10867.08,0.479,1,No,0,349.75,0.479,0,0
11243,2,250.76,3,50900.0,3757.23,7.4%,1,Yes,N,250.76,0.07400000000000001,1,0
11740,3,306.25,1,59300.0,5408.27,9.1%,2,1,No,306.25,0.091,1,0
4748,2,356.66,2,35100.0,7901.84,0.225,1,Y,No,356.66,0.225,1,0
421,2,423.43,2,7100.0,1045.25,14.7%,1,Yes,0,423.43,0.147,1,0
1753,1,372.72,3,48000.0,8847.04,18.4%,3,0,Y,372.72,0.184,0,1
7349,3,184.26,2,33500.0,11728.75,35.0%,2,1,N,184.26,0.35,1,0
11173,1,625.67,3,49800.0,31574.51,0.634,1,N,0,625.67,0.634,0,0
2955,4,191.54,2,31100.0,2415.09,0.078,2,Y,0,191.54,0.078,1,0
1526,1,829.26,5,29300.0,11922.73,0.407,2,No,Yes,829.26,0.407,0,1
2131,3,658.97,4,11000.0,5620.32,51.1%,0,Yes,N,658.97,0.511,1,0
4652,1,629.89,4,26900.0,10291.43,0.383,0,N,0,629.89,0.383,0,0
2107,2,538.18,5,8300.0,1236.45,0.149,0,1,0,538.18,0.149,1,0
5652,5,430.15,2,7000.0,1600.11,0.229,0,Y,0,430.15,0.229,1,0
5137,1,581.86,2,28600.0,12497.44,0.437,1,Yes,0,581.86,0.437,1,0
8561,1,529.76,4,32400.0,21005.01,0.648,1,0,N,529.76,0.648,0,0
1521,3,1144.66,3,59200.0,28227.84,47.7%,0,0,0,1144.66,0.47700000000000004,0,0
4141,1,1091.91,7,46800.0,15126.07,0.323,1,N,Y,1091.91,0.323,0,1
11105,2,338.58,1,38900.0,14639.77,0.376,1,1,N,338.58,0.376,1,0
7683,1,409.49,0,37400.0,11677.12,31.2%,0,N,N,409.49,0.312,0,0
11995,2,279.4,0,40100.0,14803.64,0.369,1,1,0,279.4,0.369,1,0
10735,2,,4,16900.0,1877.2,0.111,1,0,0,507.11,0.111,0,0
6438,4,470.59,3,3100.0,378.11,0.122,0,Y,No,470.59,0.122,1,0
5503,1,544.46,6,29000.0,12665.6,0.437,1,Yes,No,544.46,0.437,1,0
10614,1,318.31,2,39200.0,14432.7,0.368,1,Yes,Yes,318.31,0.368,1,1
8196,2,432.96,0,14300.0,6307.97,0.441,1,1,0,432.96,0.441,1,0
12043,1,227.33,2,16000.0,2350.41,0.147,0,Yes,0,227.33,0.147,1,0
4679,1,588.75,2,60000.0,28404.58,47.3%,1,0,Yes,588.75,0.473,0,1
8007,2,272.29,3,5300.0,1832.74,0.346,2,Yes,0,272.29,0.346,1,0
5690,5,165.61,1,28600.0,3483.7,12.2%,2,1,0,165.61,0.122,1,0
3138,4,357.11,0,48600.0,5306.76,0.109,3,No,N,357.11,0.109,0,0
2350,2,271.37,2,49200.0,16041.44,0.326,2,1,N,271.37,0.326,1,0
4741,3,305.3,2,2000.0,62.44,0.031,1,Yes,0,305.3,0.031,1,0
7749,2,812.38,3,53100.0,6416.36,12.1%,2,Yes,0,812.38,0.121,1,0
7540,3,147.58,1,41800.0,12611.94,0.302,0,Yes,0,147.58,0.302,1,0
1302,3,236.17,3,37600.0,9176.66,24.4%,1,Yes,0,236.17,0.244,1,0
2437,4,712.91,5,38800.0,4718.85,0.122,0,Yes,N,712.91,0.122,1,0
7411,3,1387.53,10,2000.0,741.7,0.371,1,0,0,1387.53,0.371,0,0
5387,5,771.87,6,22800.0,2865.8,0.126,1,Y,N,771.87,0.126,1,0
7572,3,311.33,5,38900.0,15069.4,0.387,1,1,N,311.33,0.387,1,0
11919,2,105.9,0,43300.0,16793.22,38.8%,0,1,0,105.9,0.38799999999999996,1,0
11697,4,309.92,1,3900.0,1534.6,0.393,2,Y,0,309.92,0.393,1,0
4873,2,293.06,1,56600.0,22088.27,0.39,2,1,No,293.06,0.39,1,0
9778,2,181.32,3,6400.0,594.04,9.3%,1,Y,0,181.32,0.09300000000000001,1,0
11472,1,904.36,10,52400.0,19955.69,38.1%,1,N,N,904.36,0.381,0,0
5015,3,1305.16,11,14900.0,6831.28,0.458,1,Y,No,1305.16,0.458,1,0
8024,2,777.18,4,47900.0,9617.89,0.201,1,Y,N,777.18,0.201,1,0
1548,4,893.31,6,59500.0,12653.96,21.3%,0,N,No,893.31,0.213,0,0
8755,4,259.38,0,42500.0,739.97,0.017,2,Y,0,259.38,0.017,1,0
3571,2,257.72,1,19100.0,2414.03,0.126,1,1,0,257.72,0.126,1,0
2576,4,450.9,4,45100.0,5921.88,0.131,1,1,0,450.9,0.131,1,0
10801,1,489.43,8,39200.0,1403.92,3.6%,1,Yes,Yes,489.43,0.036000000000000004,1,1
942,4,399.12,5,25100.0,7927.53,0.316,0,No,0,399.12,0.316,0,0
11298,1,635.79,6,12600.0,868.39,0.069,0,No,0,635.79,0.069,0,0
10150,1,119.19,0,28500.0,16444.07,0.577,0,N,1,119.19,0.577,0,1
6964,1,468.55,3,49000.0,11714.77,0.239,4,0,Y,468.55,0.239,0,1
5401,2,431.06,0,6100.0,2459.23,0.403,0,1,0,431.06,0.403,1,0
7473,3,1372.95,11,13000.0,5479.3,0.421,0,1,0,1372.95,0.421,1,0
8373,3,366.48,5,29500.0,3087.55,10.5%,0,Yes,0,366.48,0.105,1,0
7075,2,172.51,2,56900.0,13988.16,0.246,0,Y,N,172.51,0.246,1,0
1869,2,175.41,0,4600.0,999.58,21.7%,1,Yes,0,175.41,0.217,1,0
9066,3,633.69,9,56600.0,26752.85,0.473,2,Y,0,633.69,0.473,1,0
7723,2,356.95,1,58600.0,22412.95,0.382,2,Yes,0,356.95,0.382,1,0
8299,3,268.18,3,41400.0,5174.18,12.5%,3,1,N,268.18,0.125,1,0
7937,5,457.19,1,20200.0,4596.24,0.228,2,1,0,457.19,0.228,1,0
600,3,764.87,9,9900.0,1014.88,10.3%,0,Y,0,764.87,0.10300000000000001,1,0
9194,1,662.78,7,49800.0,32909.02,0.661,3,N,Yes,662.78,0.661,0,1
11586,2,420.49,3,31200.0,9125.92,0.292,2,1,0,420.49,0.292,1,0
11143,1,351.44,0,39600.0,2149.34,0.054,1,0,N,351.44,0.054,0,0
1474,1,1541.05,10,5100.0,678.37,0.133,3,Y,0,1541.05,0.133,1,0
8159,4,389.74,3,37300.0,12942.81,0.347,3,1,0,389.74,0.347,1,0
11265,1,674.52,7,5200.0,3354.46,0.645,0,0,Y,674.52,0.645,0,1
2325,1,773.35,5,49000.0,35258.63,72.0%,1,0,Y,773.35,0.72,0,1
969,3,691.6,4,3700.0,635.48,0.172,1,1,No,691.6,0.172,1,0
4961,2,817.72,6,55200.0,15097.06,0.273,2,Yes,0,817.72,0.273,1,0
9784,2,487.27,4,7100.0,2170.33,0.306,2,Y,0,487.27,0.306,1,0
2626,1,535.13,7,9300.0,3117.21,0.335,0,0,No,535.13,0.335,0,0
8994,1,296.47,1,18300.0,3348.68,0.183,2,No,N,296.47,0.183,0,0
2596,3,437.32,3,55300.0,4269.27,0.077,3,Y,No,437.32,0.077,1,0
10570,1,254.51,1,15100.0,1279.97,0.085,2,No,1,254.51,0.085,0,1
10534,2,482.29,3,15300.0,4499.9,0.294,1,1,N,482.29,0.294,1,0
2173,1,195.54,1,25200.0,7346.43,0.292,1,No,0,195.54,0.292,0,0
5324,3,605.93,6,38100.0,8503.61,0.223,0,Yes,Yes,605.93,0.223,1,1
7715,2,801.91,5,21800.0,4992.95,0.229,0,1,No,801.91,0.229,1,0
3839,2,364.21,2,44300.0,5074.63,0.115,1,1,N,364.21,0.115,1,0
5133,2,1031.44,10,2800.0,1208.25,0.432,1,1,No,1031.44,0.432,1,0
7199,1,310.91,3,58800.0,48091.85,0.818,0,No,Y,310.91,0.818,0,1
19,1,204.32,1,10800.0,1339.37,0.124,0,1,0,204.32,0.124,1,0
2966,1,963.54,3,15600.0,3333.19,0.214,0,0,0,963.54,0.214,0,0
7695,1,353.73,1,37600.0,15151.91,0.403,2,Y,0,353.73,0.403,1,0
7208,5,341.47,3,45400.0,10348.16,0.228,1,1,0,341.47,0.228,1,0
1689,1,154.45,0,37900.0,2757.87,0.073,2,N,N,154.45,0.073,0,0
11603,1,1869.93,14,10100.0,4334.55,0.429,1,0,0,1869.93,0.429,0,0
7339,2,240.54,1,33100.0,12569.6,38.0%,0,Y,0,240.54,0.38,1,0
8709,4,383.97,3,33300.0,9391.1,0.282,0,1,N,383.97,0.282,1,0
8686,2,448.36,1,36000.0,12360.41,34.3%,2,Y,0,448.36,0.34299999999999997,1,0
5068,1,445.32,0,3300.0,561.72,0.17,0,N,N,445.32,0.17,0,0
9467,3,642.89,5,30900.0,4270.96,13.8%,1,Yes,0,642.89,0.138,1,0
1845,4,366.4,2,5000.0,781.13,0.156,1,1,0,366.4,0.156,1,0
10394,1,2874.71,16,3600.0,889.43,0.247,2,0,No,2874.71,0.247,0,0
2293,1,189.51,0,19500.0,6197.97,0.318,0,No,1,189.51,0.318,0,1
2496,2,131.38,2,9400.0,4304.53,0.458,1,Yes,N,131.38,0.458,1,0
10002,2,639.75,3,55300.0,13988.14,0.253,0,1,0,639.75,0.253,1,0
9643,5,436.01,3,56400.0,24742.42,0.439,2,1,N,436.01,0.439,1,0
607,1,334.17,1,10900.0,4399.89,0.404,3,No,Yes,334.17,0.404,0,1
981,3,253.88,1,27500.0,11850.46,0.431,3,1,N,253.88,0.431,1,0
8155,4,1280.89,12,52500.0,6653.36,0.127,1,1,0,1280.89,0.127,1,0
3668,1,180.22,1,30100.0,6508.11,0.216,1,1,N,180.22,0.216,1,0
9095,3,264.09,4,23200.0,11728.9,0.506,0,Y,0,264.09,0.506,1,0
1824,1,281.81,1,32300.0,3110.1,0.096,1,0,No,281.81,0.096,0,0
6125,2,570.15,1,8400.0,2361.38,0.281,1,Y,N,570.15,0.281,1,0
10420,3,303.75,1,41800.0,12682.26,0.303,0,No,No,303.75,0.303,0,0
11958,1,526.29,2,58800.0,35212.01,0.599,1,0,N,526.29,0.599,0,0
4177,4,159.23,1,27800.0,7778.62,0.28,1,N,0,159.23,0.28,0,0
9996,3,313.93,4,10300.0,1779.53,0.173,2,Yes,0,313.93,0.173,1,0
3142,1,712.35,3,44100.0,3860.42,0.088,2,0,N,712.35,0.088,0,0
4100,2,174.12,2,7500.0,637.3,0.085,2,Yes,No,174.12,0.085,1,0
2198,5,225.95,1,32100.0,1384.14,0.043,1,Yes,0,225.95,0.043,1,0
4084,1,177.91,1,23200.0,5349.79,23.1%,0,0,0,177.91,0.231,0,0
11715,4,564.14,7,31600.0,6681.87,21.1%,0,Y,No,564.14,0.21100000000000002,1,0
5419,1,461.47,1,38200.0,23078.88,0.604,2,0,No,461.47,0.604,0,0
4886,2,1064.21,10,47300.0,12210.16,0.258,0,1,0,1064.21,0.258,1,0
7102,1,184.47,0,16900.0,3130.37,0.185,0,0,No,184.47,0.185,0,0
3575,2,334.43,5,58600.0,26605.47,0.454,0,Y,N,334.43,0.454,1,0
8773,2,631.65,8,58200.0,17809.18,0.306,0,Y,No,631.65,0.306,1,0
3100,1,749.94,9,47500.0,6397.97,0.135,0,Yes,Y,749.94,0.135,1,1
9100,1,684.26,6,7000.0,2559.18,0.366,1,No,N,684.26,0.366,0,0
10344,1,1168.55,8,40700.0,11175.79,0.275,1,1,1,1168.55,0.275,1,1
4606,2,140.71,0,52900.0,21541.61,0.407,2,1,0,140.71,0.407,1,0
3336,1,897.13,5,3100.0,1389.23,0.448,0,0,0,897.13,0.448,0,0
1152,5,369.67,5,16400.0,5743.54,0.35,2,Yes,N,369.67,0.35,1,0
11012,5,341.73,0,33900.0,4504.24,13.3%,2,1,0,341.73,0.133,1,0
5686,1,483.19,1,52000.0,15472.07,0.298,0,0,0,483.19,0.298,0,0
11707,2,406.57,2,54600.0,37952.48,0.695,0,1,N,406.57,0.695,1,0
7286,4,554.08,4,10600.0,4059.98,0.383,0,0,No,554.08,0.383,0,0
8954,2,368.45,4,39700.0,13418.54,0.338,0,1,No,368.45,0.338,1,0
10325,1,282.84,0,4700.0,2100.93,0.447,2,0,No,282.84,0.447,0,0
5196,2,485.07,6,59100.0,7907.31,13.4%,0,N,0,485.07,0.134,0,0
7951,1,507.73,3,57000.0,8472.63,0.149,2,1,Y,507.73,0.149,1,1
10556,1,503.7,6,49300.0,15552.02,0.315,1,No,0,503.7,0.315,0,0
4315,3,774.89,3,6500.0,4085.73,0.629,2,Yes,N,774.89,0.629,1,0
5377,3,414.61,2,7000.0,624.48,0.089,1,1,0,414.61,0.089,1,0
7214,2,503.24,1,15600.0,1158.6,7.4%,0,Y,0,503.24,0.07400000000000001,1,0
11466,1,231.65,0,21700.0,4995.72,0.23,0,No,Y,231.65,0.23,0,1
11575,1,504.7,4,16400.0,4056.99,0.247,0,0,Yes,504.7,0.247,0,1
7393,2,265.32,2,41300.0,8143.19,0.197,0,Y,N,265.32,0.197,1,0
11694,2,479.94,4,47200.0,4591.87,9.7%,1,1,0,479.94,0.09699999999999999,1,0
1234,1,379.77,2,30400.0,11387.0,0.375,0,Yes,No,379.77,0.375,1,0
5660,3,495.92,2,31200.0,2330.25,0.075,2,1,N,495.92,0.075,1,0
3469,1,238.38,2,24200.0,13435.78,0.555,0,0,Y,238.38,0.555,0,1
11812,3,441.92,0,11700.0,4135.31,0.353,0,0,0,441.92,0.353,0,0
9322,2,380.82,4,6800.0,3483.89,0.512,1,1,0,380.82,0.512,1,0
8436,4,310.27,0,48000.0,7956.19,0.166,1,0,0,310.27,0.166,0,0
5969,2,193.18,1,46100.0,9652.9,0.209,1,Yes,0,193.18,0.209,1,0
7223,3,929.21,5,13900.0,3886.03,0.28,0,Y,0,929.21,0.28,1,0
4478,1,682.75,4,33200.0,12326.62,0.371,1,1,1,682.75,0.371,1,1
6979,3,190.04,1,7400.0,1676.96,0.227,1,Yes,0,190.04,0.227,1,0
7835,5,130.8,2,41000.0,18274.43,0.446,0,1,N,130.8,0.446,1,0
3531,2,347.51,2,2700.0,170.12,0.063,0,1,0,347.51,0.063,1,0
7017,1,181.75,3,58600.0,21504.77,0.367,0,0,1,181.75,0.367,0,1
4167,1,928.09,5,28000.0,14815.2,0.529,1,N,0,928.09,0.529,0,0
3522,1,550.13,2,56900.0,15080.43,26.5%,1,No,N,550.13,0.265,0,0
11039,1,943.38,9,44000.0,14237.78,32.4%,0,Y,0,943.38,0.324,1,0
717,2,348.7,0,28100.0,5387.35,0.192,1,1,N,348.7,0.192,1,0
2972,5,1052.7,9,14200.0,1623.81,0.114,1,Y,0,1052.7,0.114,1,0
5138,2,177.64,0,45900.0,4207.44,0.092,1,1,0,177.64,0.092,1,0
5018,1,243.96,5,41300.0,4401.77,0.107,3,1,1,243.96,0.107,1,1
291,3,780.91,3,44800.0,23356.4,0.521,2,Yes,0,780.91,0.521,1,0
10126,4,295.98,3,45900.0,24173.72,0.527,0,1,N,295.98,0.527,1,0
1595,2,567.05,3,40400.0,24791.74,0.614,1,1,N,567.05,0.614,1,0
4342,4,328.44,2,55300.0,9624.45,0.174,1,Yes,0,328.44,0.174,1,0
11969,3,600.28,6,12100.0,1574.17,13.0%,0,Yes,0,600.28,0.13,1,0
6048,2,394.08,2,18900.0,2333.55,0.123,0,1,N,394.08,0.123,1,0
6878,2,392.48,7,39600.0,17893.43,0.452,0,1,0,392.48,0.452,1,0
11271,3,1224.07,6,49400.0,2295.56,0.046,1,Yes,No,1224.07,0.046,1,0
1641,3,249.39,2,38100.0,18818.25,0.494,1,1,No,249.39,0.494,1,0
1685,1,247.05,1,53500.0,8980.17,0.168,0,0,0,247.05,0.168,0,0
5094,1,687.08,3,31100.0,7472.58,24.0%,3,Yes,Y,687.08,0.24,1,1
3873,1,333.35,3,27800.0,5755.18,0.207,1,No,1,333.35,0.207,0,1
11084,3,287.61,2,43600.0,9828.68,0.225,0,0,No,287.61,0.225,0,0
6477,4,587.59,4,51100.0,1829.46,0.036,1,0,No,587.59,0.036,0,0
4466,3,455.05,3,2000.0,825.31,0.413,1,Yes,N,455.05,0.413,1,0
10273,3,281.85,2,26600.0,2812.68,10.6%,1,Yes,0,281.85,0.106,1,0
9541,4,486.91,3,27500.0,2971.95,0.108,0,1,No,486.91,0.108,1,0
9906,5,653.14,4,3300.0,207.07,0.063,0,1,0,653.14,0.063,1,0
3835,2,1609.98,10,9800.0,977.19,0.1,1,1,N,1609.98,0.1,1,0
921,1,563.07,1,37200.0,2477.64,0.067,0,0,0,563.07,0.067,0,0
1448,2,217.32,0,24900.0,8791.11,0.353,2,1,N,217.32,0.353,1,0
10810,5,234.68,2,52400.0,11918.05,0.227,1,1,0,234.68,0.227,1,0
10308,3,,2,42300.0,20044.79,0.474,2,1,No,339.29,0.474,1,0
4529,3,541.83,3,57600.0,12602.86,0.219,3,Yes,0,541.83,0.219,1,0
7332,1,233.49,1,51000.0,23216.44,0.455,2,0,N,233.49,0.455,0,0
6107,2,629.97,2,5100.0,1160.07,0.227,1,Y,0,629.97,0.227,1,0
11060,2,1092.28,3,53500.0,30497.36,0.57,1,1,0,1092.28,0.57,1,0
5231,1,1043.25,11,48000.0,12681.12,0.264,1,1,No,1043.25,0.264,1,0
6350,3,397.3,2,55700.0,16041.06,0.288,0,0,No,397.3,0.288,0,0
6934,1,499.12,3,22000.0,4335.24,0.197,1,0,Y,499.12,0.197,0,1
10100,1,444.02,3,52300.0,8127.72,0.155,1,No,Y,444.02,0.155,0,1
2517,4,362.08,5,10800.0,396.41,0.037,1,1,No,362.08,0.037,1,0
10884,2,748.77,6,33200.0,15723.46,0.474,3,1,N,748.77,0.474,1,0
9728,1,319.75,2,59100.0,16050.05,0.272,1,0,0,319.75,0.272,0,0
8507,2,308.22,1,39100.0,6187.06,0.158,1,Yes,No,308.22,0.158,1,0
4289,3,585.06,3,45100.0,18287.68,0.405,0,Yes,0,585.06,0.405,1,0
955,2,947.56,6,26400.0,2793.68,0.106,1,1,0,947.56,0.106,1,0
5049,3,181.17,1,54300.0,23306.72,0.429,0,Y,0,181.17,0.429,1,0
8825,3,314.97,3,50500.0,14437.84,0.286,1,1,0,314.97,0.286,1,0
379,1,1061.92,7,26500.0,7424.7,28.0%,0,1,No,1061.92,0.28,1,0
7227,1,103.31,0,19800.0,4487.98,0.227,2,0,N,103.31,0.227,0,0
1823,2,375.46,3,20000.0,8971.52,0.449,0,1,N,375.46,0.449,1,0
10474,4,479.43,7,4500.0,1579.72,0.351,1,1,0,479.43,0.351,1,0
7658,3,1244.15,6,43700.0,6750.43,0.154,1,0,No,1244.15,0.154,0,0
6098,1,300.14,2,23700.0,9478.54,40.0%,4,No,No,300.14,0.4,0,0
2489,2,313.27,3,19500.0,10811.33,0.554,0,Yes,No,313.27,0.554,1,0
11206,3,173.04,0,59400.0,15426.41,26.0%,0,Y,0,173.04,0.26,1,0
2119,1,261.84,3,7900.0,2419.32,0.306,0,No,1,261.84,0.306,0,1
2660,1,303.42,1,22800.0,4488.41,19.7%,2,No,0,303.42,0.19699999999999998,0,0
5944,1,403.76,2,55200.0,32226.1,0.584,0,0,1,403.76,0.584,0,1
12062,2,513.2,4,37100.0,14050.12,0.379,1,Yes,N,513.2,0.379,1,0
10764,1,561.34,6,59500.0,31877.03,0.536,0,No,0,561.34,0.536,0,0
4371,1,329.89,7,56800.0,6919.74,0.122,2,0,0,329.89,0.122,0,0
290,1,606.28,7,31700.0,19971.39,0.63,0,0,Yes,606.28,0.63,0,1
5415,3,480.48,4,13200.0,5198.02,39.4%,0,N,No,480.48,0.39399999999999996,0,0
10487,4,1992.91,15,27100.0,6637.79,24.5%,0,Yes,No,1992.91,0.245,1,0
1004,2,543.28,4,14900.0,2609.51,17.5%,1,1,No,543.28,0.175,1,0
1494,1,817.0,4,56900.0,14591.18,25.6%,0,0,0,817.0,0.256,0,0
7003,1,551.95,0,39000.0,9535.39,0.244,2,N,N,551.95,0.244,0,0
4520,1,131.13,2,50200.0,22746.48,45.3%,1,0,0,131.13,0.45299999999999996,0,0
2282,2,508.78,3,39600.0,19321.79,0.488,1,1,0,508.78,0.488,1,0
8187,1,681.03,4,53400.0,9584.49,17.9%,2,0,0,681.03,0.179,0,0
4240,3,338.51,1,45000.0,18534.5,41.2%,0,Y,0,338.51,0.41200000000000003,1,0
9497,3,375.69,4,57500.0,5311.66,0.092,0,Y,0,375.69,0.092,1,0
3415,1,315.63,1,35600.0,16962.11,0.476,0,0,0,315.63,0.476,0,0
1609,2,452.17,3,38300.0,11059.05,28.9%,1,Y,No,452.17,0.289,1,0
3306,4,327.99,3,17400.0,1370.19,0.079,2,1,0,327.99,0.079,1,0
8662,1,1077.07,11,57300.0,28986.85,0.506,1,N,N,1077.07,0.506,0,0
3396,2,278.69,0,39300.0,4390.45,0.112,0,1,0,278.69,0.112,1,0
10496,4,225.36,2,23700.0,10155.25,0.428,0,Yes,0,225.36,0.428,1,0
6146,4,1493.66,9,47000.0,18548.29,0.395,1,1,No,1493.66,0.395,1,0
8868,2,453.61,0,54600.0,12739.17,23.3%,1,1,N,453.61,0.233,1,0
9986,4,796.14,4,26600.0,2368.42,0.089,2,1,0,796.14,0.089,1,0
1410,2,157.96,0,28900.0,9128.08,0.316,2,1,0,157.96,0.316,1,0
289,1,379.95,7,10600.0,1683.74,1.85,1,1,0,379.95,0.159,1,0
5210,1,,3,49300.0,19525.0,0.396,1,N,No,411.22,0.396,0,0
10521,1,312.48,2,47200.0,16425.55,34.8%,0,1,0,312.48,0.348,1,0
4955,3,597.79,6,12800.0,4792.0,0.374,2,Yes,No,597.79,0.374,1,0
4536,3,215.93,1,33500.0,7552.49,0.225,2,Y,No,215.93,0.225,1,0
9167,2,1232.99,7,29100.0,11834.59,0.407,1,Yes,0,1232.99,0.407,1,0
3703,1,225.94,2,37300.0,16281.16,43.6%,0,0,N,225.94,0.436,0,0
8211,1,830.88,5,48800.0,23641.76,0.484,2,0,0,830.88,0.484,0,0
7058,1,661.91,5,38500.0,5351.09,0.139,2,0,N,661.91,0.139,0,0
6119,4,427.72,5,20600.0,4521.91,0.22,2,1,N,427.72,0.22,1,0
10813,3,1029.72,8,44400.0,8451.6,19.0%,2,Yes,0,1029.72,0.19,1,0
2876,3,286.03,1,28100.0,5739.88,0.204,1,1,0,286.03,0.204,1,0
646,1,227.54,2,58900.0,6426.62,0.109,1,No,Yes,227.54,0.109,0,1
3794,2,230.14,1,58900.0,28634.72,0.486,2,1,N,230.14,0.486,1,0
7485,1,,2,17500.0,2271.4,0.13,1,N,N,339.29,0.13,0,0
11786,1,950.55,11,2000.0,551.75,0.276,0,No,Y,950.55,0.276,0,1
9057,1,604.09,2,58100.0,3535.81,0.061,0,No,0,604.09,0.061,0,0
4666,2,435.86,3,39700.0,8153.28,0.205,1,1,0,435.86,0.205,1,0
11035,1,415.36,2,2800.0,1470.59,52.5%,1,0,N,415.36,0.525,0,0
10817,1,598.98,4,17400.0,11976.15,0.688,1,N,0,598.98,0.688,0,0
2624,3,302.1,1,58900.0,12378.03,0.21,2,1,0,302.1,0.21,1,0
5533,2,,1,30000.0,6496.71,0.217,0,1,0,272.54,0.217,1,0
1829,4,258.09,0,39800.0,11127.29,0.28,0,Y,0,258.09,0.28,1,0
8622,3,642.04,5,22700.0,2947.28,0.13,0,N,No,642.04,0.13,0,0
7805,1,161.26,2,31400.0,6105.39,19.4%,0,N,0,161.26,0.19399999999999998,0,0
7242,2,813.01,1,21500.0,9482.97,0.441,0,Y,0,813.01,0.441,1,0
3863,2,,2,43100.0,4436.12,0.103,3,Yes,0,339.29,0.103,1,0
884,2,319.03,1,52600.0,25448.98,0.484,3,Y,No,319.03,0.484,1,0
5531,4,343.28,4,47800.0,17613.02,0.368,0,Yes,0,343.28,0.368,1,0
2536,1,422.35,3,40400.0,2608.11,0.065,0,0,1,422.35,0.065,0,1
3649,5,426.54,4,49200.0,9093.03,18.5%,1,No,0,426.54,0.185,0,0
9753,1,333.53,1,19200.0,6684.28,0.348,1,0,0,333.53,0.348,0,0
7359,2,257.22,1,22700.0,14245.36,0.628,0,1,0,257.22,0.628,1,0
7481,3,222.47,1,33100.0,17070.8,0.516,1,Y,N,222.47,0.516,1,0
7291,1,281.22,0,20400.0,2774.46,0.136,2,1,N,281.22,0.136,1,0
4101,5,513.38,2,58400.0,3442.75,0.059,3,1,1,513.38,0.059,1,1
10134,1,483.11,1,10900.0,2022.57,0.186,2,0,Y,483.11,0.186,0,1
377,2,875.98,7,49300.0,31274.57,63.4%,2,1,No,875.98,0.634,1,0
3461,1,554.88,2,3200.0,1304.23,0.408,0,Yes,No,554.88,0.408,1,0
2947,3,281.05,2,26900.0,9195.32,0.342,2,Y,No,281.05,0.342,1,0
9341,1,188.3,1,6400.0,1195.16,0.187,3,No,Yes,188.3,0.187,0,1
11996,1,533.47,3,10000.0,4901.65,0.49,3,1,1,533.47,0.49,1,1
2685,3,688.85,3,2700.0,509.58,0.189,0,1,0,688.85,0.189,1,0
9803,4,276.98,0,17200.0,12703.63,0.739,3,Yes,No,276.98,0.739,1,0
7652,2,975.77,8,46400.0,19183.29,0.413,3,1,0,975.77,0.413,1,0
960,1,151.15,0,41600.0,13647.98,0.328,1,N,0,151.15,0.328,0,0
8237,3,309.71,0,57400.0,5600.35,0.098,0,1,0,309.71,0.098,1,0
4499,1,145.21,0,18900.0,9792.57,0.518,0,0,1,145.21,0.518,0,1
7831,3,606.13,3,54700.0,6716.34,0.123,0,Yes,No,606.13,0.123,1,0
9137,4,1014.49,4,43300.0,5772.01,0.133,1,Yes,No,1014.49,0.133,1,0
7487,1,297.89,1,48100.0,2335.01,0.049,0,0,N,297.89,0.049,0,0
6105,2,447.63,1,8700.0,3103.54,0.357,1,1,0,447.63,0.357,1,0
11619,1,442.32,3,58400.0,30157.55,0.516,0,No,1,442.32,0.516,0,1
11250,2,819.19,5,54000.0,17389.56,0.322,0,Y,N,819.19,0.322,1,0
11058,5,358.3,5,36500.0,21793.92,0.597,2,Y,0,358.3,0.597,1,0
1583,3,551.55,4,7200.0,2676.07,0.372,1,Yes,No,551.55,0.372,1,0
1974,2,1764.13,7,5000.0,183.03,0.037,0,Yes,0,1764.13,0.037,1,0
3928,3,436.83,1,5400.0,576.21,0.107,1,1,0,436.83,0.107,1,0
3145,3,1329.41,9,34600.0,964.41,0.028,0,Yes,0,1329.41,0.028,1,0
9928,1,263.13,0,11400.0,4943.62,0.434,0,0,Yes,263.13,0.434,0,1
1062,1,363.15,2,13200.0,1776.24,0.135,0,1,N,363.15,0.135,1,0
11793,2,230.84,2,14200.0,4534.95,0.319,0,Yes,No,230.84,0.319,1,0
7341,1,464.35,9,47500.0,8574.81,0.181,1,Y,0,464.35,0.181,1,0
1362,4,623.23,5,54700.0,16010.46,0.293,4,Y,0,623.23,0.293,1,0
6732,1,143.27,0,27900.0,15675.27,0.562,0,N,Y,143.27,0.562,0,1
2668,1,100.96,1,48000.0,17301.92,0.36,0,1,0,100.96,0.36,1,0
8168,1,521.98,3,15100.0,10264.36,0.68,1,0,No,521.98,0.68,0,0
4781,3,539.66,3,56500.0,28247.14,0.5,1,Yes,0,539.66,0.5,1,0
3931,2,238.71,3,45900.0,8625.73,0.188,2,1,No,238.71,0.188,1,0
3740,2,287.18,1,17700.0,8436.32,47.7%,1,Y,No,287.18,0.47700000000000004,1,0
5187,3,431.88,3,28000.0,6220.7,0.222,2,Yes,0,431.88,0.222,1,0
6876,2,436.69,3,48200.0,10430.93,0.216,0,Y,0,436.69,0.216,1,0
3891,4,298.1,2,28700.0,5573.88,19.4%,0,0,N,298.1,0.19399999999999998,0,0
9015,2,717.21,3,2700.0,649.61,0.241,3,Y,N,717.21,0.241,1,0
7641,1,219.93,3,48000.0,11798.68,0.246,0,No,0,219.93,0.246,0,0
5313,5,409.99,6,49700.0,4541.91,0.091,3,Y,0,409.99,0.091,1,0
1627,3,708.14,10,37800.0,5337.73,0.141,1,1,0,708.14,0.141,1,0
5587,2,731.16,6,22700.0,10453.74,0.461,4,1,0,731.16,0.461,1,0
1520,4,372.76,2,56700.0,14955.75,26.4%,1,Yes,0,372.76,0.264,1,0
3475,2,685.18,9,43100.0,9208.04,0.214,0,0,No,685.18,0.214,0,0
11755,2,644.1,6,26100.0,6888.65,0.264,1,Yes,0,644.1,0.264,1,0
7818,2,333.8,2,33000.0,11580.64,0.351,0,1,0,333.8,0.351,1,0
10397,3,321.2,3,47100.0,6308.33,0.134,3,1,No,321.2,0.134,1,0
6,2,863.34,4,5900.0,72.08,0.012,0,Yes,0,863.34,0.012,1,0
6814,1,,1,8900.0,3008.67,0.338,1,1,0,272.54,0.338,1,0
9321,1,494.16,0,22000.0,8038.51,36.5%,1,No,0,494.16,0.365,0,0
6332,3,604.26,1,9500.0,1135.58,12.0%,0,1,0,604.26,0.12,1,0
9738,1,336.8,1,10500.0,6403.34,0.61,2,1,0,336.8,0.61,1,0
10961,1,223.74,0,32100.0,8780.85,0.274,2,0,N,223.74,0.274,0,0
2087,1,270.81,4,56400.0,25566.64,0.453,0,Y,0,270.81,0.453,1,0
8585,1,191.72,0,31000.0,3723.04,0.12,2,Y,N,191.72,0.12,1,0
7285,2,234.06,1,10400.0,3930.19,0.378,0,1,0,234.06,0.378,1,0
11945,1,219.46,2,31300.0,11284.05,0.361,0,0,0,219.46,0.361,0,0
5393,3,367.25,3,59400.0,12148.11,0.205,0,Yes,No,367.25,0.205,1,0
11315,2,1541.07,7,16700.0,7631.63,0.457,2,1,1,1541.07,0.457,1,1
3476,2,663.53,2,16300.0,6016.7,0.369,1,Yes,N,663.53,0.369,1,0
11889,2,837.36,6,21200.0,2343.91,0.111,0,Y,0,837.36,0.111,1,0
10639,1,338.42,2,53100.0,28015.54,0.528,1,0,N,338.42,0.528,0,0
3901,3,531.97,7,39200.0,14972.87,0.382,1,1,No,531.97,0.382,1,0
8059,1,262.45,1,16400.0,5922.0,0.361,1,Yes,Y,262.45,0.361,1,1
4594,2,704.73,5,2700.0,1100.56,0.408,0,Y,0,704.73,0.408,1,0
83,1,101.52,1,20100.0,3349.55,16.7%,0,0,Yes,101.52,0.16699999999999998,0,1
2976,1,190.84,1,55000.0,16077.71,0.292,0,0,0,190.84,0.292,0,0
500,1,1257.28,5,57200.0,6740.81,11.8%,1,No,0,1257.28,0.11800000000000001,0,0
8979,4,573.38,3,21100.0,5057.25,0.24,1,0,0,573.38,0.24,0,0
6161,2,245.37,1,35800.0,5702.75,15.9%,1,Y,0,245.37,0.159,1,0
11009,2,204.85,1,39100.0,3480.89,8.9%,1,1,N,204.85,0.08900000000000001,1,0
3033,3,159.35,0,37300.0,14177.93,38.0%,1,1,0,159.35,0.38,1,0
10050,3,299.93,2,14100.0,6204.14,0.44,1,1,0,299.93,0.44,1,0
2358,3,299.78,0,39600.0,6773.57,0.171,2,Yes,0,299.78,0.171,1,0
11270,2,651.88,5,26000.0,14423.15,0.555,1,Y,0,651.88,0.555,1,0
5853,1,223.1,0,37200.0,20077.45,0.54,0,N,No,223.1,0.54,0,0
7194,1,931.36,7,59000.0,31130.94,0.528,1,N,0,931.36,0.528,0,0
2147,4,625.64,5,26100.0,15735.12,60.3%,1,Yes,0,625.64,0.603,1,0
39,2,,3,41200.0,26320.01,0.639,1,Y,No,411.22,0.639,1,0
7424,1,504.18,4,46800.0,11449.38,0.245,0,0,0,504.18,0.245,0,0
5065,1,274.58,0,52800.0,23483.1,0.445,2,0,No,274.58,0.445,0,0
7213,4,619.41,4,45000.0,25313.13,0.563,0,Yes,0,619.41,0.563,1,0
10736,2,452.47,6,25100.0,1699.45,0.068,2,1,No,452.47,0.068,1,0
9577,2,915.64,10,53000.0,6753.54,0.127,2,Y,N,915.64,0.127,1,0
825,1,,4,41000.0,5543.66,0.135,0,1,No,507.11,0.135,1,0
7724,1,349.92,1,35600.0,13076.04,0.367,0,N,No,349.92,0.367,0,0
7152,3,298.39,3,10300.0,1429.19,13.9%,2,1,0,298.39,0.139,1,0
4229,1,359.82,3,48100.0,2806.34,0.058,1,0,N,359.82,0.058,0,0
4723,1,387.74,1,45000.0,9890.0,0.22,0,1,No,387.74,0.22,1,0
6155,3,408.11,4,55600.0,6136.37,0.11,0,Y,No,408.11,0.11,1,0
6592,2,583.69,2,38600.0,9925.45,0.257,1,No,0,583.69,0.257,0,0
2446,2,457.12,2,43100.0,9326.1,0.216,2,1,0,457.12,0.216,1,0
9799,3,380.32,1,4500.0,662.46,0.147,0,Yes,0,380.32,0.147,1,0
11176,3,670.75,5,16700.0,1618.14,0.097,2,1,0,670.75,0.097,1,0
8410,1,,2,5800.0,1067.77,0.184,0,0,0,339.29,0.184,0,0
6325,4,558.42,7,2800.0,739.19,0.264,2,Yes,0,558.42,0.264,1,0
1679,1,276.26,0,2100.0,229.8,0.109,1,0,0,276.26,0.109,0,0
6784,1,549.63,7,59100.0,7666.68,0.13,0,0,0,549.63,0.13,0,0
10872,4,314.21,2,52500.0,11190.29,0.213,1,Y,0,314.21,0.213,1,0
7841,3,352.95,3,28500.0,5833.5,0.205,0,1,N,352.95,0.205,1,0
8624,3,227.52,0,30400.0,7842.32,0.258,0,Yes,0,227.52,0.258,1,0
7634,3,699.15,3,50500.0,3662.99,0.073,0,1,N,699.15,0.073,1,0
8861,3,1034.52,9,21000.0,7993.46,0.381,0,Y,0,1034.52,0.381,1,0
9689,3,202.48,1,10100.0,3724.34,36.9%,2,Y,0,202.48,0.369,1,0
7913,2,674.33,5,51900.0,15247.07,0.294,1,1,N,674.33,0.294,1,0
6576,2,149.44,2,51900.0,19222.12,0.37,1,1,0,149.44,0.37,1,0
6710,3,310.88,4,42400.0,10779.23,0.254,1,N,N,310.88,0.254,0,0
9005,1,390.17,1,33500.0,2152.21,6.4%,0,0,No,390.17,0.064,0,0
6820,1,266.66,2,27800.0,11467.95,0.413,1,Yes,0,266.66,0.413,1,0
4980,1,345.64,3,23200.0,14577.16,62.8%,0,0,0,345.64,0.628,0,0
1921,1,423.63,3,15300.0,6432.11,42.0%,1,N,N,423.63,0.42,0,0
881,1,468.28,2,30700.0,6033.93,0.197,0,No,Y,468.28,0.197,0,1
1647,2,728.04,6,14400.0,3271.1,0.227,1,N,0,728.04,0.227,0,0
1245,1,362.81,1,5200.0,651.27,0.125,0,N,Y,362.81,0.125,0,1
5233,3,825.92,7,18800.0,7543.38,0.401,0,0,0,825.92,0.401,0,0
305,2,240.26,0,45800.0,17371.0,0.379,1,1,No,240.26,0.379,1,0
11929,1,472.78,3,11600.0,4513.59,0.389,4,N,0,472.78,0.389,0,0
6608,5,172.29,0,39400.0,6513.74,0.165,2,Y,No,172.29,0.165,1,0
5643,1,988.26,6,53000.0,24991.58,0.472,0,1,Yes,988.26,0.472,1,1
11236,3,741.15,4,40500.0,15295.51,0.378,1,Yes,0,741.15,0.378,1,0
824,2,496.91,3,22000.0,4166.98,0.189,0,Y,No,496.91,0.189,1,0
10124,1,1124.38,9,17300.0,1656.18,9.6%,1,No,0,1124.38,0.096,0,0
9294,2,827.89,3,3000.0,777.3,0.259,1,Yes,0,827.89,0.259,1,0
11722,1,254.25,0,28900.0,7270.84,25.2%,2,No,0,254.25,0.252,0,0
7859,3,632.85,6,18100.0,11138.51,0.615,1,1,0,632.85,0.615,1,0
6553,2,243.53,1,38900.0,2092.32,0.054,0,1,0,243.53,0.054,1,0
9051,2,541.81,1,29500.0,4987.52,0.169,1,Y,0,541.81,0.169,1,0
10786,4,388.57,2,16200.0,3446.76,0.213,1,0,N,388.57,0.213,0,0
6621,4,325.76,1,53800.0,6489.76,0.121,1,1,N,325.76,0.121,1,0
11167,1,129.64,1,47900.0,20512.99,0.428,0,N,No,129.64,0.428,0,0
5852,1,120.11,2,59900.0,6956.41,0.116,4,0,0,120.11,0.116,0,0
118,2,391.98,2,5500.0,967.18,0.176,0,Y,N,391.98,0.176,1,0
11583,3,188.4,1,32700.0,4335.46,0.133,0,Yes,0,188.4,0.133,1,0
4025,1,226.59,4,18300.0,4370.2,0.239,1,No,0,226.59,0.239,0,0
8012,3,576.53,5,5400.0,828.7,0.153,0,Y,0,576.53,0.153,1,0
4871,4,244.83,1,39900.0,27923.98,70.0%,2,Yes,N,244.83,0.7,1,0
8349,3,269.73,4,16900.0,9348.8,0.553,0,Y,No,269.73,0.553,1,0
3096,1,418.63,3,17400.0,1945.14,0.112,0,1,0,418.63,0.112,1,0
9375,1,290.71,2,6800.0,1486.24,0.219,3,No,1,290.71,0.219,0,1
8008,5,217.61,1,16400.0,1834.99,0.112,1,1,No,217.61,0.112,1,0
8482,1,820.35,6,59200.0,28857.73,48.7%,0,1,0,820.35,0.48700000000000004,1,0
10076,3,190.33,0,4100.0,608.62,0.148,0,1,0,190.33,0.148,1,0
5162,2,805.79,2,22000.0,8764.45,0.398,0,Y,0,805.79,0.398,1,0
184,2,216.13,2,24100.0,2233.97,0.093,1,Y,No,216.13,0.093,1,0
1729,3,1875.22,7,59400.0,28563.36,0.481,2,1,N,1875.22,0.481,1,0
2619,4,1466.15,6,12600.0,257.46,0.02,3,Yes,0,1466.15,0.02,1,0
821,1,,1,41000.0,12583.56,0.307,1,1,No,272.54,0.307,1,0
5607,2,708.37,2,42800.0,13095.63,0.306,0,1,0,708.37,0.306,1,0
4732,1,776.44,2,44900.0,15576.9,0.347,0,No,1,776.44,0.347,0,1
8939,1,144.84,0,56700.0,19667.47,34.7%,2,1,1,144.84,0.34700000000000003,1,1
9502,4,272.52,1,26800.0,2342.25,0.087,0,1,0,272.52,0.087,1,0
7333,2,206.86,2,23700.0,11368.2,0.48,2,1,0,206.86,0.48,1,0
2643,2,561.0,5,39600.0,18289.02,0.462,1,Y,0,561.0,0.462,1,0
6364,1,847.45,4,58100.0,7627.06,0.131,0,0,0,847.45,0.131,0,0
7140,3,226.42,6,20400.0,5850.63,0.287,1,1,0,226.42,0.287,1,0
1381,2,513.73,4,22200.0,1946.72,0.088,2,1,0,513.73,0.088,1,0
9529,2,1997.91,10,41800.0,8231.71,0.197,2,Y,0,1997.91,0.197,1,0
9451,1,253.58,2,56400.0,12941.83,22.9%,0,0,Yes,253.58,0.22899999999999998,0,1
2168,3,284.78,0,5900.0,1734.92,29.4%,1,Yes,N,284.78,0.294,1,0
5430,3,1215.05,13,32200.0,16914.94,0.525,1,0,0,1215.05,0.525,0,0
6693,2,194.59,2,36100.0,14524.43,0.402,1,Yes,0,194.59,0.402,1,0
6140,3,195.11,3,24300.0,14495.39,0.597,1,Yes,0,195.11,0.597,1,0
6533,2,642.2,2,19600.0,7080.5,0.361,1,Y,No,642.2,0.361,1,0
3657,4,649.79,4,19700.0,6440.25,32.7%,1,Y,N,649.79,0.327,1,0
10759,4,557.12,5,12900.0,3233.84,0.251,0,Yes,0,557.12,0.251,1,0
6591,5,395.4,0,54300.0,22657.83,41.7%,1,1,N,395.4,0.41700000000000004,1,0
562,4,144.11,2,14900.0,1851.41,0.124,2,Y,No,144.11,0.124,1,0
6983,3,403.37,1,46700.0,15465.28,0.331,0,Y,No,403.37,0.331,1,0
10329,1,537.15,3,13100.0,6650.85,0.508,0,0,1,537.15,0.508,0,1
219,1,270.55,2,22800.0,3204.63,0.141,0,1,N,270.55,0.141,1,0
4635,2,354.72,1,35300.0,8229.28,0.233,1,Yes,N,354.72,0.233,1,0
5813,2,439.16,1,53400.0,9612.16,0.18,1,Yes,0,439.16,0.18,1,0
8492,2,538.71,5,56100.0,7801.52,13.9%,2,Yes,N,538.71,0.139,1,0
2186,2,1214.04,4,19100.0,8351.32,0.437,2,1,0,1214.04,0.437,1,0
11545,1,619.61,4,15000.0,3052.19,20.3%,1,No,1,619.61,0.203,0,1
7843,3,211.62,1,31800.0,2667.22,0.084,1,Y,N,211.62,0.084,1,0
11682,3,223.39,1,23700.0,2243.4,9.5%,2,1,N,223.39,0.095,1,0
2426,2,744.13,5,29100.0,6129.35,0.211,0,Yes,No,744.13,0.211,1,0
8293,4,534.69,0,55400.0,6905.33,0.125,2,No,0,534.69,0.125,0,0
1995,1,244.46,3,7900.0,1581.91,0.2,2,1,Y,244.46,0.2,1,1
1841,2,209.36,1,22000.0,8061.63,0.366,0,Yes,0,209.36,0.366,1,0
1752,3,87.36,0,30800.0,7733.55,0.251,1,1,0,87.36,0.251,1,0
925,1,304.25,1,27700.0,3295.85,11.9%,1,No,No,304.25,0.11900000000000001,0,0
7753,1,225.71,1,46300.0,28418.62,0.614,0,0,0,225.71,0.614,0,0
8700,2,574.63,2,4700.0,1016.42,0.216,1,Y,0,574.63,0.216,1,0
2005,2,309.69,3,32900.0,16118.87,0.49,2,1,N,309.69,0.49,1,0
7446,2,229.47,1,35500.0,4771.81,13.4%,0,Y,No,229.47,0.134,1,0
2156,2,194.6,0,15400.0,5387.79,0.35,0,Yes,0,194.6,0.35,1,0
8828,1,391.21,3,30400.0,2656.66,0.087,0,Yes,1,391.21,0.087,1,1
802,1,301.82,3,33000.0,12965.89,0.393,3,0,Y,301.82,0.393,0,1
3098,2,390.67,2,36400.0,10481.87,0.288,0,1,0,390.67,0.288,1,0
9074,1,237.66,3,4700.0,2528.64,53.8%,1,N,0,237.66,0.5379999999999999,0,0
6604,1,464.07,3,18400.0,4796.55,0.261,1,1,No,464.07,0.261,1,0
6811,5,464.29,3,54300.0,5567.73,0.103,1,1,No,464.29,0.103,1,0
10968,2,411.92,6,45200.0,5668.77,0.125,2,1,0,411.92,0.125,1,0
8842,2,208.74,2,41800.0,14726.75,0.352,0,1,0,208.74,0.352,1,0
4947,4,213.75,3,13700.0,7502.67,0.548,1,N,N,213.75,0.548,0,0
8655,5,403.97,1,35600.0,11585.09,0.325,0,Y,N,403.97,0.325,1,0
2257,1,888.71,8,53800.0,27527.03,0.512,1,0,N,888.71,0.512,0,0
2977,1,,1,59100.0,14784.3,0.25,1,Y,1,272.54,0.25,1,1
9349,1,158.05,1,31500.0,9125.42,29.0%,0,0,0,158.05,0.29,0,0
3883,3,732.6,2,10000.0,4055.28,0.406,0,Y,No,732.6,0.406,1,0
6347,2,246.9,0,38300.0,26792.63,0.7,2,0,0,246.9,0.7,0,0
1157,1,1280.49,10,23900.0,7143.56,0.299,1,N,0,1280.49,0.299,0,0
2424,2,380.49,1,19600.0,3022.59,0.154,1,Yes,N,380.49,0.154,1,0
4266,2,588.78,4,14900.0,1363.1,0.091,1,1,0,588.78,0.091,1,0
3407,1,371.5,1,43000.0,10607.35,0.247,1,1,Yes,371.5,0.247,1,1
11930,4,492.58,6,18100.0,4985.38,0.275,2,No,N,492.58,0.275,0,0
7133,3,128.22,1,29000.0,2551.34,0.088,0,Yes,0,128.22,0.088,1,0
2053,1,341.98,0,8000.0,1845.1,0.231,0,N,1,341.98,0.231,0,1
5761,4,371.29,3,58700.0,31777.2,0.541,0,Yes,0,371.29,0.541,1,0
7455,2,911.95,4,23600.0,9878.63,0.419,0,Yes,N,911.95,0.419,1,0
3741,1,417.35,1,13700.0,3107.46,0.227,4,0,1,417.35,0.227,0,1
460,2,395.56,4,34000.0,1943.84,0.057,1,1,0,395.56,0.057,1,0
1534,3,260.86,0,9300.0,1151.0,0.124,3,Yes,N,260.86,0.124,1,0
5417,3,1703.44,14,7500.0,1188.92,15.9%,1,Yes,No,1703.44,0.159,1,0
3529,1,889.04,3,8300.0,3088.97,0.372,0,Y,Y,889.04,0.372,1,1
3480,1,478.78,3,16500.0,2985.84,0.181,0,0,No,478.78,0.181,0,0
8071,1,188.0,1,58700.0,22870.55,0.39,0,Yes,0,188.0,0.39,1,0
2322,2,116.96,1,54900.0,30265.99,0.551,1,1,0,116.96,0.551,1,0
6716,2,370.52,2,20800.0,2378.58,0.114,0,N,0,370.52,0.114,0,0
10841,3,1173.1,4,20600.0,8686.89,0.422,1,Y,0,1173.1,0.422,1,0
4260,3,419.69,1,18800.0,6432.23,0.342,1,0,0,419.69,0.342,0,0
2613,2,420.35,2,17000.0,3080.14,18.1%,0,1,No,420.35,0.18100000000000002,1,0
9267,3,292.01,0,30500.0,13245.8,0.434,1,Y,0,292.01,0.434,1,0
3564,5,572.79,5,33800.0,18216.15,0.539,1,Yes,0,572.79,0.539,1,0
2208,2,455.91,1,7700.0,2576.83,0.335,2,1,0,455.91,0.335,1,0
11699,4,306.33,2,56100.0,8829.68,15.7%,0,Y,N,306.33,0.157,1,0
3624,1,327.32,1,51500.0,22342.76,43.4%,1,No,N,327.32,0.434,0,0
3078,1,513.23,3,46900.0,9699.04,0.207,0,0,0,513.23,0.207,0,0
8806,4,266.3,1,35000.0,17073.18,0.488,1,1,0,266.3,0.488,1,0
4220,2,564.28,9,43300.0,19285.76,0.445,1,0,0,564.28,0.445,0,0
10612,2,1349.85,7,5100.0,227.46,0.045,1,1,N,1349.85,0.045,1,0
5581,1,938.91,6,9600.0,4100.64,0.427,0,0,1,938.91,0.427,0,1
485,1,707.59,6,46300.0,11728.81,0.253,1,No,0,707.59,0.253,0,0
9634,3,406.36,2,33700.0,10025.36,29.7%,1,1,0,406.36,0.297,1,0
8202,3,612.39,8,55600.0,18417.31,33.1%,0,1,0,612.39,0.331,1,0
2416,3,216.96,2,58700.0,27296.32,0.465,0,1,0,216.96,0.465,1,0
9185,1,564.14,2,48300.0,22761.41,0.471,1,Y,0,564.14,0.471,1,0
9000,3,361.33,4,57600.0,9845.0,17.1%,3,1,0,361.33,0.171,1,0
3487,2,239.38,0,58200.0,17083.05,0.294,1,Y,No,239.38,0.294,1,0
4060,2,199.62,2,46500.0,15151.42,0.326,2,1,0,199.62,0.326,1,0
7185,1,293.83,3,47100.0,14897.15,0.316,0,N,Yes,293.83,0.316,0,1
711,1,620.11,4,4400.0,2340.21,0.532,1,Y,Y,620.11,0.532,1,1
10377,4,151.39,3,55500.0,20602.04,37.1%,0,Yes,0,151.39,0.371,1,0
6302,2,712.06,3,39300.0,5239.96,0.133,0,Yes,No,712.06,0.133,1,0
5655,5,229.47,1,19800.0,8818.06,0.445,2,Y,N,229.47,0.445,1,0
2532,4,807.54,3,55400.0,3359.34,0.061,0,No,0,807.54,0.061,0,0
3337,3,617.1,3,56000.0,15876.99,0.284,3,Yes,N,617.1,0.284,1,0
5816,2,493.49,3,10800.0,6077.8,0.563,1,Y,0,493.49,0.563,1,0
7611,3,313.69,3,58800.0,4322.01,0.074,0,N,N,313.69,0.074,0,0
10330,2,347.17,0,33900.0,4843.99,0.143,0,No,No,347.17,0.143,0,0
8920,2,660.33,4,37900.0,21722.87,0.573,2,No,No,660.33,0.573,0,0
68,1,496.84,4,20000.0,6660.52,33.3%,2,N,1,496.84,0.33299999999999996,0,1
1319,2,787.52,9,5400.0,2171.77,0.402,2,1,0,787.52,0.402,1,0
5213,2,314.25,1,35900.0,23773.85,0.662,3,Y,Yes,314.25,0.662,1,1
6956,1,1347.71,7,16400.0,3767.96,0.23,1,0,1,1347.71,0.23,0,1
3474,1,213.52,0,35100.0,5095.98,0.145,2,N,N,213.52,0.145,0,0
4631,1,1038.18,8,59400.0,15165.13,0.255,0,N,No,1038.18,0.255,0,0
8857,2,,4,23900.0,6470.8,0.271,2,1,0,507.11,0.271,1,0
9033,3,382.33,3,13400.0,3636.94,0.271,0,1,0,382.33,0.271,1,0
1468,3,306.71,2,32600.0,4891.48,15.0%,3,Y,No,306.71,0.15,1,0
4063,1,402.99,0,4400.0,1890.57,0.43,1,1,1,402.99,0.43,1,1
7131,1,738.72,3,41100.0,16131.72,0.392,0,0,N,738.72,0.392,0,0
3412,3,804.17,8,35400.0,1588.19,4.5%,2,Y,0,804.17,0.045,1,0
559,3,406.7,1,4600.0,1006.14,0.219,2,1,No,406.7,0.219,1,0
2829,3,311.8,3,44000.0,8730.88,0.198,1,1,0,311.8,0.198,1,0
11507,2,611.91,1,46400.0,8214.0,0.177,0,Yes,0,611.91,0.177,1,0
11999,4,468.7,2,53400.0,23476.98,0.44,0,0,No,468.7,0.44,0,0
89,3,721.64,5,11300.0,3554.75,0.315,1,Y,No,721.64,0.315,1,0
6207,1,245.62,2,53900.0,5524.29,0.102,0,N,0,245.62,0.102,0,0
8691,2,489.81,2,43200.0,1756.81,4.1%,2,Y,0,489.81,0.040999999999999995,1,0
8631,2,114.12,4,18400.0,6072.68,0.33,0,1,0,114.12,0.33,1,0
7506,2,437.84,5,18700.0,7415.36,39.7%,4,Yes,No,437.84,0.397,1,0
4075,4,195.7,2,58900.0,12460.36,0.212,0,0,No,195.7,0.212,0,0
639,3,876.5,5,44000.0,12172.89,0.277,2,Y,N,876.5,0.277,1,0
8309,4,657.27,5,35800.0,18473.46,0.516,0,Y,No,657.27,0.516,1,0
9342,2,,3,49500.0,11035.27,0.223,1,0,0,411.22,0.223,0,0
3240,4,587.04,7,42400.0,4926.64,0.116,1,1,0,587.04,0.116,1,0
6741,1,168.4,0,28200.0,14453.74,51.3%,0,N,0,168.4,0.513,0,0
1580,5,325.99,5,20100.0,5539.26,0.276,1,Yes,0,325.99,0.276,1,0
8894,2,717.68,6,21600.0,9351.23,0.433,1,Y,N,717.68,0.433,1,0
11574,1,1332.58,10,40000.0,6076.67,0.152,2,1,0,1332.58,0.152,1,0
1799,4,379.09,3,41000.0,2968.09,7.2%,0,Yes,0,379.09,0.07200000000000001,1,0
4500,3,334.95,2,28200.0,3159.32,0.112,0,Y,N,334.95,0.112,1,0
8079,4,998.13,8,47500.0,4980.33,0.105,1,1,N,998.13,0.105,1,0
7772,3,173.27,1,15000.0,5011.42,0.334,1,Yes,N,173.27,0.334,1,0
10103,4,445.66,3,5900.0,3580.68,0.607,1,N,N,445.66,0.607,0,0
3644,3,699.53,3,59500.0,26853.89,0.451,2,1,N,699.53,0.451,1,0
10803,2,531.62,3,36800.0,6153.59,0.167,1,Yes,No,531.62,0.167,1,0
25,5,335.46,3,42100.0,16145.77,0.384,1,1,No,335.46,0.384,1,0
10367,3,116.64,1,28900.0,6817.33,0.236,0,Y,0,116.64,0.236,1,0
6099,1,617.29,6,31200.0,10653.54,0.341,0,0,Yes,617.29,0.341,0,1
12138,1,628.97,4,35000.0,11998.65,0.343,0,0,Y,628.97,0.343,0,1
5369,1,483.61,4,13100.0,1861.87,0.142,3,N,1,483.61,0.142,0,1
1013,2,418.66,2,20000.0,4840.13,0.242,0,1,0,418.66,0.242,1,0
1089,5,600.61,7,37100.0,7502.62,20.2%,2,Y,0,600.61,0.20199999999999999,1,0
4223,3,150.66,2,43000.0,10787.45,0.251,0,Y,0,150.66,0.251,1,0
8109,1,100.94,1,39800.0,4360.29,0.11,1,N,0,100.94,0.11,0,0
9236,1,870.05,6,28900.0,6972.61,0.241,1,N,Yes,870.05,0.241,0,1
4642,2,284.83,0,35900.0,15519.04,0.432,0,1,N,284.83,0.432,1,0
2683,1,251.05,1,59200.0,30256.35,51.1%,2,N,0,251.05,0.511,0,0
1457,2,165.43,1,19100.0,4784.53,0.25,1,1,0,165.43,0.25,1,0
6390,2,589.57,4,35200.0,5438.49,0.155,1,1,No,589.57,0.155,1,0
11449,3,164.21,2,9000.0,2614.11,29.0%,1,Yes,N,164.21,0.29,1,0
8915,3,1047.88,8,55200.0,20084.5,36.4%,0,1,0,1047.88,0.364,1,0
5874,3,470.86,0,16800.0,3947.78,0.235,0,1,No,470.86,0.235,1,0
7718,4,234.36,1,44200.0,12005.82,27.2%,1,1,0,234.36,0.272,1,0
7697,1,584.77,1,5900.0,748.63,0.127,1,0,0,584.77,0.127,0,0
5864,1,268.21,2,20700.0,6760.42,0.327,1,1,0,268.21,0.327,1,0
474,2,1550.97,10,17100.0,1773.71,0.104,0,Yes,No,1550.97,0.104,1,0
10165,5,517.9,3,2400.0,178.77,0.074,0,Yes,0,517.9,0.074,1,0
5405,3,165.54,1,51300.0,4919.03,0.096,2,1,0,165.54,0.096,1,0
4318,1,91.86,0,39200.0,7112.03,18.1%,1,N,1,91.86,0.18100000000000002,0,1
8779,2,107.92,0,45900.0,4097.51,0.089,1,Yes,0,107.92,0.089,1,0
1782,2,349.45,1,19100.0,6111.48,0.32,1,Yes,0,349.45,0.32,1,0
9116,4,286.95,3,5700.0,697.19,0.122,1,1,N,286.95,0.122,1,0
3406,3,116.38,1,22800.0,9277.74,0.407,4,0,No,116.38,0.407,0,0
8506,2,956.68,11,22600.0,10792.19,0.478,1,Y,0,956.68,0.478,1,0
5071,1,377.28,5,35800.0,2745.9,0.077,1,No,N,377.28,0.077,0,0
5662,2,268.48,2,52900.0,11484.92,21.7%,0,0,0,268.48,0.217,0,0
6183,3,462.77,3,16000.0,3182.62,19.9%,0,0,0,462.77,0.19899999999999998,0,0
10275,4,194.93,0,14400.0,5329.61,0.37,0,1,No,194.93,0.37,1,0
3039,2,256.11,2,29000.0,4422.93,0.153,3,Yes,No,256.11,0.153,1,0
11792,1,318.83,1,8400.0,3574.35,42.6%,1,1,No,318.83,0.426,1,0
4636,1,377.07,3,32400.0,16375.05,0.505,2,N,0,377.07,0.505,0,0
7501,1,951.84,4,47700.0,6408.75,0.134,0,Yes,0,951.84,0.134,1,0
5637,5,466.19,5,47100.0,7628.08,0.162,1,Y,N,466.19,0.162,1,0
1563,5,350.55,0,29300.0,17048.54,0.582,2,N,1,350.55,0.582,0,1
6229,1,724.09,5,14200.0,2586.46,18.2%,0,1,0,724.09,0.182,1,0
8278,2,797.01,3,14200.0,2764.88,0.195,0,1,N,797.01,0.195,1,0
4056,1,515.57,1,24800.0,7220.77,0.291,1,No,0,515.57,0.291,0,0
7594,2,398.06,2,6700.0,2816.5,0.42,0,Y,No,398.06,0.42,1,0
9609,4,352.77,2,18800.0,5423.38,0.288,1,1,0,352.77,0.288,1,0
1857,2,267.62,1,43300.0,1978.04,4.6%,2,1,N,267.62,0.046,1,0
9482,3,459.98,3,42200.0,4010.55,0.095,0,Yes,N,459.98,0.095,1,0
4779,4,,2,56800.0,35594.13,0.627,2,0,No,339.29,0.627,0,0
6939,1,130.56,2,42500.0,6505.23,0.153,0,Yes,Y,130.56,0.153,1,1
4002,2,441.96,7,57600.0,5129.66,0.089,1,1,0,441.96,0.089,1,0
6429,2,237.83,1,37100.0,4160.53,11.2%,0,Y,N,237.83,0.11199999999999999,1,0
11739,1,140.46,2,32700.0,3496.77,0.107,0,1,0,140.46,0.107,1,0
271,1,389.91,2,22100.0,4936.46,22.3%,0,1,Yes,389.91,0.223,1,1
11000,3,187.91,0,9200.0,1461.4,0.159,1,Y,No,187.91,0.159,1,0
4920,1,294.94,1,20200.0,2277.69,0.113,1,0,Y,294.94,0.113,0,1
3289,1,275.97,2,31300.0,10805.71,0.345,0,0,0,275.97,0.345,0,0
257,3,343.33,2,37900.0,11496.99,0.303,1,1,No,343.33,0.303,1,0
7795,1,388.85,1,22400.0,2530.55,0.113,2,No,1,388.85,0.113,0,1
2049,2,627.48,5,37400.0,9999.03,0.267,1,Yes,0,627.48,0.267,1,0
2202,1,2557.26,13,9000.0,2857.98,0.318,1,0,0,2557.26,0.318,0,0
5226,3,250.84,3,18900.0,2832.53,0.15,1,No,N,250.84,0.15,0,0
10079,2,,0,49300.0,12713.52,25.8%,1,1,0,231.95,0.258,1,0
765,4,695.75,6,33100.0,9300.28,0.281,0,1,N,695.75,0.281,1,0
10316,5,541.78,4,44400.0,14323.57,0.323,1,1,0,541.78,0.323,1,0
9255,1,412.03,5,29200.0,8441.27,0.289,0,Yes,Yes,412.03,0.289,1,1
11225,4,1330.67,9,41000.0,17956.97,0.438,1,1,0,1330.67,0.438,1,0
3375,2,845.38,9,53500.0,22913.5,0.428,1,1,0,845.38,0.428,1,0
10395,3,946.7,7,27500.0,4423.12,0.161,1,No,N,946.7,0.161,0,0
4208,3,270.16,1,4900.0,1382.22,28.2%,1,1,0,270.16,0.282,1,0
10905,2,249.63,3,17700.0,10453.81,0.591,1,Y,No,249.63,0.591,1,0
1964,4,224.26,4,31400.0,22011.34,0.701,2,1,0,224.26,0.701,1,0
7513,2,232.2,0,6300.0,1160.82,0.184,0,Yes,0,232.2,0.184,1,0
8891,3,289.8,1,9700.0,2952.71,30.4%,1,Y,No,289.8,0.304,1,0
10433,2,514.37,5,4200.0,1216.05,0.29,0,N,No,514.37,0.29,0,0
6617,2,375.05,5,5500.0,2662.48,0.484,0,0,0,375.05,0.484,0,0
2465,1,288.39,4,10400.0,1513.01,0.145,0,0,0,288.39,0.145,0,0
34,3,380.77,3,44200.0,5822.0,0.132,1,Y,N,380.77,0.132,1,0
3870,2,201.88,0,14900.0,8269.13,0.555,1,1,0,201.88,0.555,1,0
1338,5,656.32,5,33600.0,9103.31,0.271,1,No,N,656.32,0.271,0,0
1367,5,379.3,2,55200.0,7150.32,0.13,4,Y,No,379.3,0.13,1,0
4021,2,483.64,4,57900.0,11933.89,0.206,0,Yes,No,483.64,0.206,1,0
3721,3,146.15,1,59400.0,24755.93,0.417,1,Y,0,146.15,0.417,1,0
9899,3,1004.86,3,54800.0,21890.56,0.399,0,Yes,No,1004.86,0.399,1,0
976,2,396.83,3,15700.0,4770.4,0.304,1,0,0,396.83,0.304,0,0
7992,4,486.97,2,59400.0,35852.66,0.604,1,N,0,486.97,0.604,0,0
4953,3,314.0,3,13200.0,4436.63,33.6%,1,Yes,N,314.0,0.336,1,0
9496,1,172.06,2,34800.0,13366.31,0.384,1,0,Y,172.06,0.384,0,1
2088,1,1317.44,6,58900.0,6857.3,11.6%,2,0,Y,1317.44,0.11599999999999999,0,1
3974,1,522.94,1,44400.0,14111.37,0.318,1,1,No,522.94,0.318,1,0
7900,2,3404.29,15,42500.0,10047.84,0.236,1,Yes,0,3404.29,0.236,1,0
4078,3,662.29,7,57200.0,11664.7,0.204,3,1,0,662.29,0.204,1,0
11496,1,550.71,2,22100.0,17516.1,0.793,2,No,0,550.71,0.793,0,0
2090,5,437.13,3,33200.0,8117.85,0.245,1,No,0,437.13,0.245,0,0
6464,1,323.54,0,23200.0,6392.2,0.276,0,0,0,323.54,0.276,0,0
7098,3,271.09,1,3900.0,2496.38,64.0%,2,1,0,271.09,0.64,1,0
7081,2,1042.14,11,34000.0,14524.95,0.427,1,1,No,1042.14,0.427,1,0
5866,1,781.1,6,10700.0,199.64,0.019,0,N,N,781.1,0.019,0,0
6057,1,333.0,0,14000.0,7045.79,0.503,0,0,0,333.0,0.503,0,0
8420,4,405.6,0,37100.0,14568.42,39.3%,2,0,N,405.6,0.39299999999999996,0,0
8286,4,806.76,7,54100.0,20778.35,0.384,0,Yes,No,806.76,0.384,1,0
3530,5,456.11,3,33700.0,6698.63,19.9%,1,Yes,No,456.11,0.19899999999999998,1,0
6798,2,978.15,9,38500.0,10391.58,0.27,0,Y,0,978.15,0.27,1,0
9819,1,798.86,4,43900.0,6132.56,0.14,0,0,N,798.86,0.14,0,0
10372,2,578.6,8,4100.0,698.47,0.17,0,1,N,578.6,0.17,1,0
7042,3,202.62,1,25100.0,2835.11,0.113,1,1,0,202.62,0.113,1,0
9059,1,,1,57500.0,12052.78,0.21,0,0,1,272.54,0.21,0,1
5188,2,336.43,2,6800.0,1722.69,0.253,1,Y,No,336.43,0.253,1,0
2240,3,645.3,4,31000.0,12755.11,0.411,2,1,0,645.3,0.411,1,0
7534,2,344.41,4,16700.0,5252.17,0.315,0,Yes,0,344.41,0.315,1,0
7326,2,985.07,1,5700.0,2274.59,0.399,1,No,N,985.07,0.399,0,0
47,2,290.91,0,47800.0,35965.35,75.2%,2,0,N,290.91,0.752,0,0
3573,1,212.58,0,34300.0,8390.9,0.245,0,N,N,212.58,0.245,0,0
8963,4,447.35,5,38800.0,9523.61,0.245,2,1,0,447.35,0.245,1,0
9592,1,,1,29000.0,14340.16,49.4%,0,0,1,272.54,0.494,0,1
9113,2,306.41,0,52100.0,20969.13,0.402,0,Yes,0,306.41,0.402,1,0
7673,2,336.54,5,18500.0,3799.29,0.205,1,N,0,336.54,0.205,0,0
8437,2,267.21,2,43200.0,11625.79,0.269,2,1,0,267.21,0.269,1,0
11761,2,217.62,0,20800.0,6671.96,0.321,2,Yes,No,217.62,0.321,1,0
10721,1,524.26,0,51100.0,8848.15,0.173,0,1,Yes,524.26,0.173,1,1
6808,5,489.77,3,49400.0,15419.48,31.2%,0,1,0,489.77,0.312,1,0
1148,2,455.5,3,47500.0,16238.63,0.342,1,Y,No,455.5,0.342,1,0
4882,1,511.7,6,15600.0,3409.28,21.9%,0,N,Y,511.7,0.21899999999999997,0,1
4398,2,1170.78,10,8700.0,2630.43,0.302,1,Yes,No,1170.78,0.302,1,0
4105,2,374.83,0,36700.0,14613.45,39.8%,1,1,0,374.83,0.39799999999999996,1,0
2213,4,211.39,4,37400.0,11113.19,0.297,2,1,N,211.39,0.297,1,0
11546,1,395.88,1,7300.0,2458.05,0.337,1,No,0,395.88,0.337,0,0
7584,5,592.95,3,14000.0,2909.09,0.208,1,1,0,592.95,0.208,1,0
9166,3,400.67,4,48600.0,12190.45,0.251,1,1,No,400.67,0.251,1,0
9477,3,638.69,5,21500.0,5976.78,0.278,1,1,N,638.69,0.278,1,0
7314,3,260.81,3,14600.0,6855.78,0.47,1,1,No,260.81,0.47,1,0
5083,1,573.36,4,55100.0,16299.72,0.296,1,Y,0,573.36,0.296,1,0
8959,3,478.56,1,10000.0,2319.87,0.232,0,1,0,478.56,0.232,1,0
4860,2,622.44,1,35200.0,4766.75,13.5%,0,1,0,622.44,0.135,1,0
3684,1,697.38,4,22100.0,4106.7,0.186,3,No,No,697.38,0.186,0,0
9575,1,426.21,3,36600.0,14921.59,0.408,0,Yes,1,426.21,0.408,1,1
1860,2,724.01,7,51500.0,10328.23,0.201,0,1,No,724.01,0.201,1,0
10482,1,,3,44600.0,16288.92,36.5%,1,1,N,411.22,0.365,1,0
5326,3,469.29,2,32900.0,8640.69,0.263,1,No,No,469.29,0.263,0,0
1518,2,296.94,2,48700.0,11417.27,0.234,1,N,No,296.94,0.234,0,0
5807,3,285.65,2,26400.0,9640.93,0.365,1,1,0,285.65,0.365,1,0
10661,5,116.62,1,31400.0,18767.82,0.598,1,No,0,116.62,0.598,0,0
4895,2,479.76,6,20700.0,7655.32,0.37,2,0,0,479.76,0.37,0,0
1704,2,580.26,3,38400.0,6469.7,0.168,2,1,No,580.26,0.168,1,0
4125,3,178.94,0,16000.0,2516.58,15.7%,0,1,0,178.94,0.157,1,0
1503,2,239.0,0,46500.0,17541.01,0.377,2,1,0,239.0,0.377,1,0
5775,4,573.99,3,8500.0,3586.57,42.2%,0,0,0,573.99,0.42200000000000004,0,0
6998,1,752.02,8,32800.0,18698.46,0.57,1,0,0,752.02,0.57,0,0
7833,3,344.75,1,23400.0,3686.41,0.158,0,Yes,0,344.75,0.158,1,0
113,4,971.14,6,11000.0,1852.91,16.8%,0,N,0,971.14,0.168,0,0
11478,1,256.12,0,11500.0,3139.98,0.273,0,1,1,256.12,0.273,1,1
9138,3,787.14,6,52600.0,3510.4,0.067,2,Y,No,787.14,0.067,1,0
9429,2,619.65,2,40200.0,10127.36,0.252,1,0,0,619.65,0.252,0,0
9216,1,574.04,3,46300.0,15833.82,0.342,1,N,Yes,574.04,0.342,0,1
3980,3,364.2,1,42100.0,23872.06,0.567,1,0,0,364.2,0.567,0,0
3032,2,718.21,3,51900.0,8121.79,15.6%,2,1,0,718.21,0.156,1,0
7549,2,174.93,2,27800.0,20656.61,74.3%,0,1,No,174.93,0.743,1,0
10679,1,230.2,2,4400.0,1147.56,0.261,1,No,No,230.2,0.261,0,0
10182,1,631.06,7,29400.0,2265.18,0.077,0,0,N,631.06,0.077,0,0
10135,3,719.26,6,14300.0,4921.98,0.344,0,1,N,719.26,0.344,1,0
3265,2,192.97,4,22600.0,2171.61,0.096,0,0,0,192.97,0.096,0,0
11657,3,246.5,1,4300.0,1311.41,0.305,0,1,0,246.5,0.305,1,0
9958,1,1268.4,3,26000.0,6864.39,26.4%,0,0,0,1268.4,0.264,0,0
6963,1,545.44,3,8900.0,1065.73,0.12,2,0,Y,545.44,0.12,0,1
1184,2,620.3,3,48300.0,8462.24,17.5%,3,1,1,620.3,0.175,1,1
403,3,128.47,1,22100.0,1692.53,0.077,2,1,0,128.47,0.077,1,0
10331,2,271.0,1,14500.0,7838.33,0.541,1,Y,No,271.0,0.541,1,0
1074,2,232.48,0,47900.0,2642.19,0.055,1,Yes,0,232.48,0.055,1,0
8630,5,363.03,1,28500.0,14666.75,0.515,0,Yes,0,363.03,0.515,1,0
9474,2,627.8,5,9000.0,1257.68,0.14,1,0,N,627.8,0.14,0,0
1388,3,430.64,6,16600.0,5505.77,0.332,0,N,N,430.64,0.332,0,0
7547,1,295.94,2,23300.0,3980.82,0.171,2,0,0,295.94,0.171,0,0
11927,2,1063.71,10,14900.0,3206.41,0.215,0,1,0,1063.71,0.215,1,0
1943,1,270.5,1,21300.0,8842.88,0.415,0,0,0,270.5,0.415,0,0
4483,3,351.77,1,16400.0,5431.73,0.331,0,1,No,351.77,0.331,1,0
6463,2,205.35,1,25300.0,3963.63,0.157,0,0,N,205.35,0.157,0,0
6599,1,341.41,2,48400.0,2864.91,5.9%,2,0,0,341.41,0.059000000000000004,0,0
8801,3,109.87,0,12900.0,2500.27,0.194,2,No,No,109.87,0.194,0,0
6790,4,500.63,3,47000.0,7641.86,0.163,2,0,0,500.63,0.163,0,0
6249,2,508.92,3,22900.0,5460.93,23.8%,0,1,N,508.92,0.23800000000000002,1,0
9701,1,442.96,1,44100.0,19452.82,0.441,1,0,Yes,442.96,0.441,0,1
11717,3,404.83,5,17300.0,75.49,0.4%,1,Yes,N,404.83,0.004,1,0
6052,2,562.61,3,38100.0,5325.69,14.0%,1,1,No,562.61,0.14,1,0
5733,2,199.13,1,22000.0,6819.11,0.31,5,Y,Yes,199.13,0.31,1,1
3790,2,303.17,2,8900.0,887.08,0.1,3,Yes,Y,303.17,0.1,1,1
9973,3,456.58,3,52200.0,33758.38,0.647,2,0,N,456.58,0.647,0,0
1681,2,563.65,6,5100.0,483.13,0.095,1,Y,N,563.65,0.095,1,0
2112,1,1132.05,10,22800.0,12151.47,0.533,2,0,No,1132.05,0.533,0,0
8948,2,227.59,3,44200.0,16206.68,36.7%,1,1,0,227.59,0.36700000000000005,1,0
4555,2,,8,24200.0,515.58,0.021,0,Yes,0,860.78,0.021,1,0
8323,1,314.35,0,13600.0,3177.8,0.234,0,0,Y,314.35,0.234,0,1
3565,1,191.27,1,15500.0,3876.69,0.25,2,1,0,191.27,0.25,1,0
3282,2,466.98,2,3100.0,1082.27,34.9%,1,1,N,466.98,0.349,1,0
12145,4,323.14,1,16000.0,4081.25,0.255,1,0,No,323.14,0.255,0,0
6219,3,375.98,3,31400.0,14037.56,0.447,1,1,No,375.98,0.447,1,0
1848,1,298.1,3,53000.0,14819.84,0.28,1,0,Y,298.1,0.28,0,1
1123,1,163.5,1,4700.0,1598.02,0.34,0,0,1,163.5,0.34,0,1
1935,1,348.55,1,48800.0,33350.13,0.683,0,No,Y,348.55,0.683,0,1
6507,5,286.42,4,37400.0,5308.89,0.142,0,Yes,N,286.42,0.142,1,0
5522,3,482.66,1,40800.0,21823.17,0.535,0,N,0,482.66,0.535,0,0
651,1,288.95,2,22300.0,1890.66,0.085,0,No,Yes,288.95,0.085,0,1
332,3,865.41,5,37000.0,5450.68,0.147,1,1,0,865.41,0.147,1,0
11784,1,225.39,1,14100.0,1691.9,0.12,1,1,0,225.39,0.12,1,0
7186,1,,5,12500.0,7163.23,0.573,0,0,Yes,575.25,0.573,0,1
11095,2,224.41,3,10400.0,2912.43,28.0%,2,0,N,224.41,0.28,0,0
5693,1,1108.24,12,7100.0,1789.14,0.252,1,0,N,1108.24,0.252,0,0
8733,2,432.89,2,47800.0,3966.09,0.083,3,1,No,432.89,0.083,1,0
1598,2,744.54,7,28500.0,2847.27,10.0%,0,Yes,0,744.54,0.1,1,0
1473,2,465.6,2,54900.0,12141.7,0.221,0,1,0,465.6,0.221,1,0
6863,3,712.71,6,29500.0,10079.67,0.342,0,1,No,712.71,0.342,1,0
10341,3,197.37,2,33200.0,6417.62,0.193,1,1,0,197.37,0.193,1,0
2423,1,96.02,2,48300.0,9841.61,0.204,1,No,0,96.02,0.204,0,0
3918,2,832.61,7,9800.0,3348.28,0.342,1,1,N,832.61,0.342,1,0
3440,1,425.29,2,14100.0,5613.76,0.398,2,0,N,425.29,0.398,0,0
6250,1,263.39,2,59900.0,12619.22,0.211,0,N,0,263.39,0.211,0,0
3585,5,378.7,3,16200.0,4129.42,25.5%,2,Y,0,378.7,0.255,1,0
5868,3,529.08,4,16200.0,3523.18,0.217,1,1,N,529.08,0.217,1,0
588,3,303.94,4,47800.0,21642.03,0.453,0,1,0,303.94,0.453,1,0
11658,3,1138.26,8,25700.0,7500.27,29.2%,0,Yes,N,1138.26,0.292,1,0
3069,1,680.93,8,22100.0,9628.11,0.436,0,0,N,680.93,0.436,0,0
11684,2,863.61,10,13100.0,6469.62,49.4%,2,1,0,863.61,0.494,1,0
3831,4,881.17,1,23900.0,9925.51,0.415,0,1,N,881.17,0.415,1,0
11221,2,305.88,3,47000.0,4709.98,10.0%,1,Yes,0,305.88,0.1,1,0
3402,3,751.84,5,14700.0,7598.23,0.517,0,1,0,751.84,0.517,1,0
6797,4,124.3,0,54500.0,8141.59,0.149,1,0,N,124.3,0.149,0,0
6432,3,353.92,2,56400.0,27681.11,0.491,0,Yes,No,353.92,0.491,1,0
2969,1,853.76,4,41400.0,9005.76,21.8%,1,1,No,853.76,0.218,1,0
7074,2,977.53,5,28300.0,6724.62,23.8%,2,1,No,977.53,0.23800000000000002,1,0
3024,2,238.75,0,10900.0,1949.43,0.179,2,Y,0,238.75,0.179,1,0
11259,4,272.79,1,50700.0,11354.18,0.224,1,Yes,0,272.79,0.224,1,0
8893,3,238.68,2,20400.0,2789.42,13.7%,2,1,0,238.68,0.13699999999999998,1,0
5007,1,418.27,2,8200.0,3595.17,0.438,2,N,No,418.27,0.438,0,0
596,2,447.37,2,37100.0,4315.15,0.116,1,Y,0,447.37,0.116,1,0
10742,3,152.5,3,9700.0,1573.76,0.162,0,1,0,152.5,0.162,1,0
10108,3,444.15,6,28200.0,13293.05,0.471,2,1,0,444.15,0.471,1,0
2987,3,286.83,1,26400.0,11797.38,44.7%,1,Y,0,286.83,0.447,1,0
10229,2,261.84,1,44600.0,18295.71,0.41,1,1,0,261.84,0.41,1,0
4303,1,228.08,3,48400.0,9130.93,18.9%,2,0,N,228.08,0.18899999999999997,0,0
9635,1,359.88,5,55800.0,30968.35,0.555,1,0,1,359.88,0.555,0,1
4737,3,839.2,7,36200.0,12925.95,35.7%,3,1,No,839.2,0.35700000000000004,1,0
7396,2,,7,48100.0,18585.14,0.386,1,1,0,760.96,0.386,1,0
5455,2,866.65,6,6200.0,2181.33,0.352,2,Yes,N,866.65,0.352,1,0
4188,2,316.28,4,4900.0,1312.17,26.8%,1,1,N,316.28,0.268,1,0
9632,1,371.84,0,46800.0,16487.92,0.352,2,Y,Y,371.84,0.352,1,1
6682,2,503.09,5,19600.0,4877.68,0.249,2,1,0,503.09,0.249,1,0
1099,1,387.29,5,32100.0,7190.54,22.4%,3,0,Yes,387.29,0.22399999999999998,0,1
11633,1,1978.27,17,6500.0,1082.71,0.167,0,No,Y,1978.27,0.167,0,1
4093,1,1164.05,8,56200.0,11255.16,0.2,2,1,No,1164.05,0.2,1,0
9269,3,419.29,2,9500.0,5092.88,0.536,1,Yes,N,419.29,0.536,1,0
7284,3,322.37,1,29900.0,7273.64,24.3%,0,1,N,322.37,0.243,1,0
10616,1,1452.28,11,19900.0,4779.12,0.24,1,N,No,1452.28,0.24,0,0
10537,2,917.71,5,7700.0,1820.4,0.236,0,Y,N,917.71,0.236,1,0
1225,2,69.72,0,46000.0,9109.3,19.8%,2,Y,0,69.72,0.198,1,0
913,1,95.37,2,47200.0,10775.27,22.8%,2,0,1,95.37,0.228,0,1
8326,1,396.53,5,17000.0,9216.47,0.542,1,N,0,396.53,0.542,0,0
857,2,966.37,7,12400.0,2445.91,0.197,1,Yes,N,966.37,0.197,1,0
10804,2,627.74,7,10400.0,3130.97,0.301,1,Y,No,627.74,0.301,1,0
10019,4,266.71,1,30700.0,5498.87,17.9%,1,Yes,0,266.71,0.179,1,0
7059,5,310.32,2,32000.0,8914.95,0.279,1,Y,N,310.32,0.279,1,0
6884,1,1567.4,13,12600.0,3812.17,0.303,0,No,0,1567.4,0.303,0,0
11463,3,621.09,7,15800.0,10852.8,0.687,2,1,N,621.09,0.687,1,0
7083,2,110.04,1,23000.0,11429.92,0.497,0,1,0,110.04,0.497,1,0
8874,1,173.63,1,7900.0,1938.63,0.245,0,0,No,173.63,0.245,0,0
4774,2,426.37,1,10100.0,4437.51,43.9%,0,Yes,0,426.37,0.439,1,0
8646,1,394.36,3,31300.0,16942.64,0.541,2,0,No,394.36,0.541,0,0
833,2,559.98,7,46700.0,22604.34,48.4%,1,1,1,559.98,0.484,1,1
11453,1,261.82,1,50700.0,17611.47,0.347,0,0,0,261.82,0.347,0,0
174,4,177.25,1,52300.0,15572.52,29.8%,2,Yes,N,177.25,0.298,1,0
5907,2,183.03,0,44700.0,12580.68,0.281,0,Yes,N,183.03,0.281,1,0
11741,1,644.69,5,57100.0,7830.33,13.7%,1,0,1,644.69,0.13699999999999998,0,1
11326,3,1123.82,6,37300.0,8556.19,0.229,0,0,0,1123.82,0.229,0,0
10451,3,445.34,2,8900.0,2010.16,0.226,2,Yes,0,445.34,0.226,1,0
4751,3,220.72,4,32600.0,7745.53,0.238,0,Y,0,220.72,0.238,1,0
4841,1,603.23,4,2400.0,1000.55,0.417,0,0,N,603.23,0.417,0,0
10129,4,892.84,5,16900.0,2545.97,0.151,1,Y,N,892.84,0.151,1,0
11010,1,190.87,2,32200.0,607.61,0.019,0,N,0,190.87,0.019,0,0
3083,4,657.52,2,19100.0,1840.19,9.6%,3,Y,0,657.52,0.096,1,0
8497,2,259.95,2,28700.0,1840.42,0.064,2,1,0,259.95,0.064,1,0
121,1,594.29,3,36900.0,12993.13,0.352,2,1,No,594.29,0.352,1,0
9373,1,850.56,3,22800.0,3900.32,17.1%,1,1,Yes,850.56,0.171,1,1
2441,2,383.81,2,26600.0,3152.29,0.119,1,No,N,383.81,0.119,0,0
3091,3,658.07,4,35200.0,11664.57,0.331,0,Yes,N,658.07,0.331,1,0
8360,3,502.03,2,29500.0,16859.16,57.1%,0,Yes,0,502.03,0.5710000000000001,1,0
8433,1,347.35,2,15600.0,2657.62,0.17,0,Yes,0,347.35,0.17,1,0
3346,1,374.52,2,43400.0,7604.56,17.5%,0,0,N,374.52,0.175,0,0
5738,3,404.33,2,51100.0,7633.67,0.149,1,1,0,404.33,0.149,1,0
3879,1,294.8,4,41500.0,5718.85,0.138,1,0,1,294.8,0.138,0,1
8312,1,669.5,4,6900.0,556.79,8.1%,1,0,0,669.5,0.081,0,0
11047,2,545.71,2,44600.0,3711.37,0.083,1,Y,0,545.71,0.083,1,0
3332,1,230.24,5,8800.0,4578.79,0.52,1,No,0,230.24,0.52,0,0
1321,1,603.95,4,43800.0,21510.37,0.491,0,N,1,603.95,0.491,0,1
10024,4,481.42,2,11700.0,876.32,0.075,0,1,No,481.42,0.075,1,0
1949,1,945.26,14,49000.0,5373.02,0.11,1,1,0,945.26,0.11,1,0
5790,4,272.22,2,19100.0,5550.92,0.291,1,Yes,N,272.22,0.291,1,0
3506,1,500.05,4,45800.0,19757.12,43.1%,1,0,N,500.05,0.431,0,0
6946,1,419.49,3,32500.0,2833.1,0.087,1,1,1,419.49,0.087,1,1
6942,4,263.31,3,15800.0,9808.04,0.621,0,0,No,263.31,0.621,0,0
2663,2,822.35,7,18200.0,9007.32,0.495,2,Y,No,822.35,0.495,1,0
1467,3,511.55,3,22100.0,13694.67,0.62,1,0,N,511.55,0.62,0,0
3324,1,773.87,8,20400.0,7889.74,0.387,0,N,No,773.87,0.387,0,0
4275,3,200.99,1,17700.0,5796.15,0.327,2,1,0,200.99,0.327,1,0
788,3,651.17,4,17900.0,2226.03,0.124,0,1,0,651.17,0.124,1,0
1361,3,661.58,2,10400.0,1768.22,0.17,1,Yes,N,661.58,0.17,1,0
9072,2,1616.44,12,12600.0,915.25,0.073,1,1,N,1616.44,0.073,1,0
4340,5,267.25,6,21500.0,7215.65,0.336,1,Y,No,267.25,0.336,1,0
1269,2,397.04,1,27900.0,12171.19,43.6%,0,No,N,397.04,0.436,0,0
6206,2,150.81,1,13700.0,5295.65,38.7%,1,1,No,150.81,0.387,1,0
8744,4,646.96,6,16900.0,3984.92,0.236,0,1,0,646.96,0.236,1,0
1607,3,236.28,2,34100.0,9090.72,0.267,1,1,0,236.28,0.267,1,0
5992,1,592.59,1,7400.0,-1606.11,0.217,1,No,N,592.59,0.217,0,0
1202,1,260.56,2,47800.0,20122.29,0.421,0,Y,0,260.56,0.421,1,0
9565,2,625.3,5,3700.0,1162.07,0.314,1,Yes,No,625.3,0.314,1,0
8017,3,342.35,7,16300.0,5138.18,0.315,0,1,0,342.35,0.315,1,0
2706,1,247.3,3,26200.0,5016.72,0.191,1,1,No,247.3,0.191,1,0
7114,2,360.54,3,8000.0,1588.5,0.199,1,N,No,360.54,0.199,0,0
8866,2,115.25,0,26700.0,18182.22,0.681,2,1,N,115.25,0.681,1,0
1204,1,224.29,0,58700.0,31041.06,52.9%,2,0,1,224.29,0.529,0,1
9748,1,80.79,1,2800.0,1091.26,0.39,3,1,Yes,80.79,0.39,1,1
9122,1,624.9,5,30700.0,6482.11,0.211,2,0,0,624.9,0.211,0,0
9481,2,318.97,1,11900.0,7113.07,0.598,1,Yes,0,318.97,0.598,1,0
5057,2,192.51,1,24600.0,4279.64,17.4%,1,Y,0,192.51,0.174,1,0
7073,4,307.28,1,48600.0,12621.98,26.0%,1,0,N,307.28,0.26,0,0
8112,3,299.7,0,49100.0,9214.31,0.188,0,1,No,299.7,0.188,1,0
6449,1,363.33,3,59700.0,14624.59,0.245,1,No,No,363.33,0.245,0,0
1927,1,470.55,4,42300.0,11873.62,0.281,0,N,N,470.55,0.281,0,0
5507,1,421.69,4,24700.0,2399.46,0.097,0,1,1,421.69,0.097,1,1
1486,3,854.97,8,16100.0,10214.65,0.634,0,No,No,854.97,0.634,0,0
4284,3,717.24,2,30200.0,10778.04,0.357,2,Y,N,717.24,0.357,1,0
1880,1,607.33,2,5000.0,1494.46,29.9%,1,Y,0,607.33,0.299,1,0
548,2,465.54,2,18800.0,6912.45,0.368,0,0,0,465.54,0.368,0,0
2472,1,644.36,6,4600.0,1150.42,0.25,0,0,0,644.36,0.25,0,0
10476,3,867.37,5,24900.0,1124.84,4.5%,0,1,No,867.37,0.045,1,0
1578,3,377.93,5,34500.0,10068.84,29.2%,1,Yes,N,377.93,0.292,1,0
10890,3,414.31,3,38600.0,12452.48,0.323,1,1,0,414.31,0.323,1,0
11956,1,548.4,7,42200.0,10269.95,0.243,0,0,0,548.4,0.243,0,0
11703,1,865.23,4,33800.0,13807.1,0.408,1,1,N,865.23,0.408,1,0
10295,2,383.86,3,39800.0,4927.06,0.124,1,1,0,383.86,0.124,1,0
1053,2,1443.03,10,29600.0,9376.25,31.7%,0,1,0,1443.03,0.317,1,0
6707,1,624.11,7,54100.0,11690.05,21.6%,1,1,No,624.11,0.21600000000000003,1,0
11301,3,452.45,2,19500.0,4856.62,0.249,0,Yes,0,452.45,0.249,1,0
9331,3,477.12,4,11700.0,6332.63,0.541,0,1,No,477.12,0.541,1,0
4542,1,1271.77,6,38500.0,12710.94,0.33,0,0,0,1271.77,0.33,0,0
252,4,453.86,2,5200.0,1030.04,0.198,4,1,0,453.86,0.198,1,0
8220,3,510.07,3,53700.0,21111.98,39.3%,0,Yes,No,510.07,0.39299999999999996,1,0
9134,2,631.66,6,51500.0,2698.48,0.052,0,1,0,631.66,0.052,1,0
6445,4,597.51,4,4600.0,850.64,0.185,1,No,No,597.51,0.185,0,0
2697,1,1178.63,8,3300.0,1005.87,0.305,1,0,Yes,1178.63,0.305,0,1
541,3,228.84,1,51000.0,21054.51,41.3%,2,Y,0,228.84,0.413,1,0
4704,1,517.48,1,14600.0,466.4,0.032,0,No,0,517.48,0.032,0,0
11504,3,727.21,5,25600.0,3135.47,0.122,2,No,No,727.21,0.122,0,0
2431,1,661.07,4,11900.0,4153.87,34.9%,1,N,1,661.07,0.349,0,1
166,1,171.12,2,11900.0,2786.27,0.234,1,No,1,171.12,0.234,0,1
11842,2,626.48,3,40100.0,22595.28,0.563,1,1,0,626.48,0.563,1,0
3317,1,618.62,3,28700.0,4079.88,0.142,1,0,No,618.62,0.142,0,0
9490,2,309.03,4,46000.0,20853.77,45.3%,2,N,1,309.03,0.45299999999999996,0,1
6096,1,272.51,4,51700.0,19810.43,38.3%,2,N,No,272.51,0.38299999999999995,0,0
11895,5,283.48,1,2200.0,195.37,0.089,1,0,0,283.48,0.089,0,0
5499,3,840.04,7,6100.0,1525.8,25.0%,0,Yes,0,840.04,0.25,1,0
7255,1,773.69,4,6400.0,195.24,0.031,2,0,Yes,773.69,0.031,0,1
7793,1,167.27,0,55800.0,6294.3,0.113,1,No,Yes,167.27,0.113,0,1
4225,2,1227.51,4,2000.0,880.62,44.0%,0,Yes,0,1227.51,0.44,1,0
7926,3,225.52,2,33800.0,16724.37,0.495,2,Yes,N,225.52,0.495,1,0
2664,2,346.38,4,22700.0,2605.04,0.115,0,Y,0,346.38,0.115,1,0
4282,2,575.3,6,55300.0,31091.93,0.562,0,0,0,575.3,0.562,0,0
6388,1,328.98,2,12100.0,3921.08,0.324,2,No,No,328.98,0.324,0,0
9447,1,364.57,0,15600.0,10525.11,0.675,1,0,1,364.57,0.675,0,1
8035,1,306.52,3,25800.0,3506.99,0.136,2,0,1,306.52,0.136,0,1
11563,3,732.43,4,41000.0,6620.63,0.161,0,Y,No,732.43,0.161,1,0
10065,1,264.25,1,13400.0,294.52,2.2%,1,0,0,264.25,0.022000000000000002,0,0
7115,3,251.17,0,47000.0,11849.07,25.2%,2,Yes,N,251.17,0.252,1,0
9653,2,299.95,2,35200.0,10283.24,0.292,2,Y,0,299.95,0.292,1,0
5770,1,328.06,4,28000.0,6034.02,0.216,3,1,0,328.06,0.216,1,0
6215,2,592.18,2,25400.0,8442.36,0.332,1,1,N,592.18,0.332,1,0
6004,4,486.72,3,45400.0,7837.01,0.173,1,1,0,486.72,0.173,1,0
1744,3,217.98,0,35800.0,9254.28,25.8%,2,1,No,217.98,0.258,1,0
10219,3,281.74,2,15700.0,6790.39,0.433,1,1,0,281.74,0.433,1,0
5667,2,590.4,8,40700.0,7905.85,0.194,0,Yes,0,590.4,0.194,1,0
8370,1,868.08,3,8300.0,3282.91,39.6%,2,1,No,868.08,0.396,1,0
5805,1,385.39,2,31600.0,5161.82,16.3%,2,0,N,385.39,0.163,0,0
2162,1,518.8,4,32100.0,6690.6,0.208,2,Yes,Y,518.8,0.208,1,1
11536,2,550.56,4,25600.0,13464.41,0.526,0,1,N,550.56,0.526,1,0
9617,1,216.49,2,31300.0,7850.65,0.251,1,0,No,216.49,0.251,0,0
1899,2,405.11,1,56500.0,11768.38,1.89,1,Yes,N,405.11,0.208,1,0
10226,3,795.89,6,23900.0,844.81,0.035,0,1,N,795.89,0.035,1,0
4903,1,489.76,1,29200.0,5144.27,0.176,2,Yes,1,489.76,0.176,1,1
4966,2,,1,34800.0,2683.55,0.077,1,1,0,272.54,0.077,1,0
4232,3,575.63,7,18200.0,4644.81,0.255,2,Y,No,575.63,0.255,1,0
3600,4,323.12,1,21000.0,10831.6,0.516,2,1,N,323.12,0.516,1,0
864,3,810.73,3,39000.0,20777.65,0.533,0,0,No,810.73,0.533,0,0
11328,3,476.24,2,37700.0,4029.93,0.107,2,Y,No,476.24,0.107,1,0
9825,4,871.57,10,58200.0,3125.5,0.054,2,0,No,871.57,0.054,0,0
4934,1,608.65,3,14900.0,8219.22,55.2%,1,N,1,608.65,0.552,0,1
808,1,505.06,6,16400.0,1564.73,0.095,0,1,N,505.06,0.095,1,0
621,1,217.5,2,59700.0,16011.73,0.268,0,0,Y,217.5,0.268,0,1
11360,4,368.17,3,7600.0,1736.54,22.8%,2,0,0,368.17,0.228,0,0
3154,4,534.82,3,19500.0,1758.53,0.09,0,Yes,No,534.82,0.09,1,0
2471,4,204.55,1,16700.0,5787.79,0.347,0,0,No,204.55,0.347,0,0
8901,2,456.89,4,7300.0,1124.87,0.154,1,Yes,0,456.89,0.154,1,0
667,1,345.28,2,44300.0,12481.77,0.282,0,N,1,345.28,0.282,0,1
9120,2,453.72,1,21200.0,7042.15,0.332,0,0,N,453.72,0.332,0,0
10745,2,811.45,3,43100.0,5806.06,0.135,2,1,0,811.45,0.135,1,0
7507,1,578.26,8,4000.0,1164.79,0.291,1,No,1,578.26,0.291,0,1
1963,2,214.43,0,22300.0,13729.78,61.6%,0,Y,0,214.43,0.616,1,0
11724,2,438.55,0,4600.0,726.93,15.8%,1,Y,0,438.55,0.158,1,0
7577,1,188.71,1,21500.0,3375.1,15.7%,1,0,No,188.71,0.157,0,0
2583,5,293.81,1,57700.0,9659.41,0.167,1,Yes,No,293.81,0.167,1,0
7097,1,274.21,2,35900.0,2485.48,0.069,1,N,N,274.21,0.069,0,0
4655,3,698.55,4,12800.0,4753.78,0.371,1,Yes,No,698.55,0.371,1,0
7620,2,328.56,3,21500.0,15309.39,71.2%,1,0,Y,328.56,0.7120000000000001,0,1
9191,1,771.41,3,39000.0,17371.64,0.445,2,0,1,771.41,0.445,0,1
3292,2,521.73,5,4100.0,739.89,18.0%,0,N,No,521.73,0.18,0,0
43,3,853.18,6,59100.0,38890.38,0.658,1,No,No,853.18,0.658,0,0
260,1,1138.98,6,45000.0,12140.75,0.27,0,0,0,1138.98,0.27,0,0
10005,4,225.53,1,30500.0,9981.92,0.327,2,Yes,No,225.53,0.327,1,0
8517,3,442.8,5,43600.0,5871.0,13.5%,1,Yes,1,442.8,0.135,1,1
3846,3,416.92,3,44100.0,6446.07,0.146,2,Y,0,416.92,0.146,1,0
4083,1,376.35,2,45900.0,30130.99,0.656,2,No,1,376.35,0.656,0,1
8408,1,816.42,7,45500.0,3969.6,0.087,0,No,0,816.42,0.087,0,0
9291,1,872.01,6,8000.0,3626.28,0.453,3,Y,1,872.01,0.453,1,1
10188,2,407.28,2,20700.0,12838.5,62.0%,2,0,0,407.28,0.62,0,0
1309,2,421.58,3,29200.0,991.16,0.034,1,1,N,421.58,0.034,1,0
836,1,319.11,1,49800.0,10044.5,0.202,0,1,N,319.11,0.202,1,0
11341,3,337.57,1,20400.0,4066.01,0.199,1,Yes,0,337.57,0.199,1,0
4253,1,379.21,5,47200.0,12498.7,0.265,1,0,0,379.21,0.265,0,0
12066,1,617.35,4,55800.0,15574.19,0.279,1,N,0,617.35,0.279,0,0
6969,4,713.8,5,14700.0,3000.58,20.4%,0,Y,0,713.8,0.204,1,0
10485,2,534.19,1,57500.0,27071.23,0.471,1,1,0,534.19,0.471,1,0
5173,2,293.9,2,53700.0,19294.19,0.359,1,Yes,N,293.9,0.359,1,0
865,2,319.78,2,38900.0,24395.18,62.7%,1,0,0,319.78,0.627,0,0
7535,2,437.9,3,37700.0,8380.21,22.2%,0,No,N,437.9,0.222,0,0
1801,1,239.11,4,50600.0,34414.73,68.0%,1,0,No,239.11,0.68,0,0
4048,2,1085.05,6,9900.0,4338.98,43.8%,1,No,N,1085.05,0.43799999999999994,0,0
447,1,779.09,5,3300.0,98.86,0.03,0,1,0,779.09,0.03,1,0
5543,3,399.65,1,11800.0,2790.61,0.236,1,Yes,0,399.65,0.236,1,0
3361,3,76.72,0,8000.0,3213.44,0.402,1,Yes,0,76.72,0.402,1,0
5406,3,351.8,3,17400.0,6841.55,0.393,1,Y,0,351.8,0.393,1,0
12008,2,688.76,6,46400.0,13209.93,0.285,0,1,No,688.76,0.285,1,0
1523,1,149.85,0,58600.0,5340.93,9.1%,2,0,No,149.85,0.091,0,0
9498,2,526.33,8,17200.0,11585.75,0.674,0,0,0,526.33,0.674,0,0
1772,2,1271.44,9,30100.0,948.27,0.032,2,1,No,1271.44,0.032,1,0
5388,1,564.0,1,40000.0,6090.79,0.152,1,1,No,564.0,0.152,1,0
5344,2,674.98,4,44100.0,18252.85,0.414,0,1,0,674.98,0.414,1,0
3838,1,672.2,2,20500.0,4899.92,0.239,0,N,No,672.2,0.239,0,0
345,2,176.25,1,30400.0,12247.35,40.3%,1,1,N,176.25,0.40299999999999997,1,0
862,1,806.66,5,10900.0,3823.93,35.1%,0,Yes,No,806.66,0.35100000000000003,1,0
7296,3,238.41,2,42200.0,7670.81,0.182,1,1,0,238.41,0.182,1,0
4833,1,960.88,8,28800.0,7475.28,26.0%,1,1,No,960.88,0.26,1,0
11457,2,138.47,1,11300.0,5495.95,0.486,0,1,N,138.47,0.486,1,0
7897,1,353.73,3,35900.0,3959.67,11.0%,3,0,1,353.73,0.11,0,1
3717,1,189.39,2,6700.0,223.54,0.033,0,1,1,189.39,0.033,1,1
11833,2,676.42,5,48900.0,5876.51,12.0%,2,1,N,676.42,0.12,1,0
4401,1,201.99,2,56400.0,8934.33,0.158,1,N,No,201.99,0.158,0,0
2305,2,513.83,3,4200.0,644.32,0.153,1,Y,0,513.83,0.153,1,0
11041,2,418.31,4,6100.0,1279.67,0.21,0,1,0,418.31,0.21,1,0
604,3,408.64,2,29000.0,9737.31,0.336,2,0,N,408.64,0.336,0,0
3166,4,365.59,3,56100.0,20355.6,0.363,0,Yes,No,365.59,0.363,1,0
1124,3,204.97,1,47900.0,19936.55,0.416,0,1,0,204.97,0.416,1,0
9982,5,1104.86,3,35200.0,5742.41,0.163,1,Yes,No,1104.86,0.163,1,0
3567,2,95.02,1,31400.0,5362.53,17.1%,2,Yes,N,95.02,0.171,1,0
8643,1,362.66,1,14500.0,7252.06,0.5,1,No,Y,362.66,0.5,0,1
4906,1,140.51,0,26900.0,11550.89,42.9%,2,N,N,140.51,0.429,0,0
2804,1,835.03,9,6900.0,808.26,11.7%,1,0,0,835.03,0.11699999999999999,0,0
5363,3,186.27,1,35400.0,7152.5,0.202,3,Yes,1,186.27,0.202,1,1
8468,4,428.25,3,8400.0,2453.77,0.292,1,1,0,428.25,0.292,1,0
5687,1,183.03,0,39300.0,15593.56,0.397,3,Yes,Yes,183.03,0.397,1,1
6517,1,135.39,1,51900.0,20447.69,0.394,0,N,0,135.39,0.394,0,0
3395,4,377.87,2,43700.0,12374.93,0.283,1,No,No,377.87,0.283,0,0
7452,1,697.65,3,26400.0,13795.96,0.523,1,N,Yes,697.65,0.523,0,1
7101,1,154.92,2,34600.0,23658.92,68.4%,0,0,N,154.92,0.684,0,0
8018,1,747.5,6,12600.0,2117.74,0.168,0,Yes,0,747.5,0.168,1,0
9070,3,570.88,3,40100.0,10246.6,0.256,1,1,0,570.88,0.256,1,0
5398,2,299.46,1,31900.0,10322.22,0.324,1,Yes,0,299.46,0.324,1,0
32,4,297.6,3,55000.0,16842.21,0.306,3,Yes,No,297.6,0.306,1,0
5222,2,,1,56500.0,11317.24,0.2,0,1,No,272.54,0.2,1,0
7561,2,230.31,1,17700.0,3205.34,0.181,1,Y,0,230.31,0.181,1,0
10041,3,175.87,1,17100.0,1703.46,0.1,1,Yes,0,175.87,0.1,1,0
2302,3,540.7,3,37000.0,5706.23,15.4%,0,Y,N,540.7,0.154,1,0
5411,4,796.81,2,33900.0,12177.3,0.359,4,No,No,796.81,0.359,0,0
4442,3,262.65,0,50000.0,19729.05,0.395,1,0,0,262.65,0.395,0,0
9810,1,433.48,1,52900.0,17542.47,33.2%,1,N,0,433.48,0.332,0,0
5900,2,,1,47500.0,16397.26,0.345,1,Y,0,272.54,0.345,1,0
6872,5,1654.22,6,54500.0,16198.19,0.297,1,1,0,1654.22,0.297,1,0
6265,5,159.99,3,25400.0,9270.29,0.365,1,Yes,No,159.99,0.365,1,0
6220,4,224.19,2,30300.0,3522.03,0.116,1,Yes,No,224.19,0.116,1,0
9811,4,440.78,0,14400.0,4281.84,0.297,0,Yes,No,440.78,0.297,1,0
8077,2,807.43,2,19800.0,5006.66,0.253,3,Y,0,807.43,0.253,1,0
11149,4,506.47,2,3700.0,1586.79,0.429,3,Yes,No,506.47,0.429,1,0
3992,2,1098.94,5,59000.0,6764.24,0.115,0,Yes,0,1098.94,0.115,1,0
8495,2,453.58,0,29300.0,3713.44,0.127,0,1,0,453.58,0.127,1,0
11163,1,694.47,5,38500.0,5738.28,0.149,1,Y,0,694.47,0.149,1,0
1054,1,311.9,4,27700.0,8732.72,31.5%,0,No,Yes,311.9,0.315,0,1
143,2,961.71,4,7900.0,3504.42,0.444,1,Y,No,961.71,0.444,1,0
8430,3,148.16,0,7000.0,1455.87,0.208,4,1,Y,148.16,0.208,1,1
2400,2,664.93,4,32500.0,24803.14,0.763,0,0,N,664.93,0.763,0,0
1431,1,425.25,2,17800.0,3472.31,0.195,3,0,1,425.25,0.195,0,1
5858,1,245.25,1,15400.0,1102.13,7.2%,0,0,1,245.25,0.07200000000000001,0,1
2045,1,190.25,0,48400.0,5570.23,0.115,1,0,No,190.25,0.115,0,0
8821,1,883.08,9,48700.0,2766.27,0.057,2,N,N,883.08,0.057,0,0
11052,1,1449.6,9,41200.0,10253.54,24.9%,3,0,0,1449.6,0.249,0,0
2906,3,338.63,2,57600.0,3188.21,5.5%,1,Yes,1,338.63,0.055,1,1
11442,4,512.98,4,3600.0,582.94,0.162,0,Yes,N,512.98,0.162,1,0
4997,1,241.12,2,54200.0,22580.96,0.417,0,Yes,N,241.12,0.417,1,0
6415,4,393.95,1,45600.0,7953.12,0.174,2,Y,N,393.95,0.174,1,0
10206,2,691.06,6,12300.0,3363.71,0.273,2,1,0,691.06,0.273,1,0
1794,3,411.52,2,41200.0,9905.03,0.24,0,Yes,N,411.52,0.24,1,0
8611,1,321.87,1,17200.0,7509.06,43.7%,0,0,0,321.87,0.43700000000000006,0,0
3485,5,403.13,3,50800.0,23337.08,0.459,1,Yes,N,403.13,0.459,1,0
12116,1,326.58,3,41900.0,7310.19,0.174,0,Yes,0,326.58,0.174,1,0
11864,1,114.73,1,51900.0,23404.33,0.451,0,No,No,114.73,0.451,0,0
10269,4,625.79,5,38900.0,14086.7,36.2%,0,Y,0,625.79,0.36200000000000004,1,0
5336,5,557.24,2,25800.0,2247.91,0.087,1,Yes,0,557.24,0.087,1,0
9362,1,548.18,4,22700.0,20023.06,88.2%,1,0,1,548.18,0.882,0,1
5205,2,868.2,3,37900.0,3246.78,0.086,0,1,N,868.2,0.086,1,0
5627,2,213.86,2,27800.0,1768.66,0.064,0,0,No,213.86,0.064,0,0
9831,2,430.97,4,34000.0,7126.38,0.21,2,Yes,Yes,430.97,0.21,1,1
10771,1,404.91,3,13300.0,4669.03,0.351,1,0,No,404.91,0.351,0,0
6313,1,918.2,2,40800.0,5656.46,0.139,0,N,0,918.2,0.139,0,0
3252,2,298.99,4,42500.0,18619.35,0.438,0,No,0,298.99,0.438,0,0
452,1,639.54,1,37400.0,16263.19,43.5%,0,0,Yes,639.54,0.435,0,1
1827,3,212.45,1,10900.0,2487.6,0.228,2,1,0,212.45,0.228,1,0
3327,4,508.88,1,49200.0,11377.77,23.1%,1,Yes,0,508.88,0.231,1,0
11310,1,405.74,1,34600.0,5875.79,0.17,0,Yes,1,405.74,0.17,1,1
3711,1,435.17,0,41900.0,11503.9,0.275,0,No,N,435.17,0.275,0,0
7486,1,223.55,1,3400.0,1472.38,0.433,2,No,No,223.55,0.433,0,0
10483,2,354.88,1,3200.0,553.5,0.173,1,1,N,354.88,0.173,1,0
3386,1,214.94,2,19100.0,6187.59,0.324,0,1,Y,214.94,0.324,1,1
2981,2,,4,38600.0,10217.92,0.265,3,1,Y,507.11,0.265,1,1
3559,3,769.93,6,55500.0,25871.86,0.466,2,Yes,No,769.93,0.466,1,0
7080,2,273.04,2,14400.0,841.63,0.058,2,Y,0,273.04,0.058,1,0
4694,1,572.57,5,33500.0,6489.76,0.194,1,1,Yes,572.57,0.194,1,1
8771,1,455.14,4,27700.0,12182.87,0.44,2,0,N,455.14,0.44,0,0
6262,3,345.71,2,31400.0,5964.31,0.19,1,1,0,345.71,0.19,1,0
1662,4,856.71,5,4500.0,687.92,0.153,1,1,0,856.71,0.153,1,0
3965,1,320.79,0,6900.0,3404.91,0.493,0,1,Y,320.79,0.493,1,1
4312,1,985.86,5,56100.0,16283.4,0.29,2,N,No,985.86,0.29,0,0
5591,1,353.47,5,32800.0,7296.54,0.222,1,0,0,353.47,0.222,0,0
5129,2,810.02,6,56900.0,31791.04,0.559,2,Y,0,810.02,0.559,1,0
5030,3,387.0,2,57300.0,32116.38,0.56,1,N,0,387.0,0.56,0,0
12064,1,398.81,4,44200.0,2964.96,6.7%,1,N,N,398.81,0.067,0,0
11830,4,463.59,7,11300.0,1816.69,16.1%,2,1,0,463.59,0.161,1,0
5140,2,453.92,2,35700.0,14615.84,0.409,1,1,N,453.92,0.409,1,0
5928,1,1004.85,9,44300.0,5018.44,0.113,0,1,0,1004.85,0.113,1,0
3842,3,228.77,3,16300.0,4819.91,29.6%,0,No,0,228.77,0.29600000000000004,0,0
8707,1,429.73,3,2300.0,697.48,0.303,0,0,0,429.73,0.303,0,0
74,2,393.24,4,37300.0,15737.39,0.422,1,1,0,393.24,0.422,1,0
6735,1,457.07,4,58600.0,21999.33,37.5%,1,N,N,457.07,0.375,0,0
11843,3,328.59,4,50600.0,10878.19,0.215,1,1,No,328.59,0.215,1,0
9097,2,385.0,1,48100.0,1528.43,3.2%,2,Y,0,385.0,0.032,1,0
3845,2,311.79,1,30000.0,5872.58,1.59,3,1,No,311.79,0.196,1,0
4417,1,164.48,0,24000.0,7125.78,0.297,1,No,0,164.48,0.297,0,0
4904,1,224.75,0,39700.0,16294.88,0.41,0,Y,Y,224.75,0.41,1,1
682,2,386.01,6,55100.0,14742.53,0.268,0,Yes,No,386.01,0.268,1,0
6925,3,178.22,1,47800.0,13741.93,0.287,1,1,N,178.22,0.287,1,0
10607,1,227.14,0,10300.0,4737.06,46.0%,2,No,Yes,227.14,0.46,0,1
7887,3,391.92,1,13300.0,1676.77,0.126,1,Y,N,391.92,0.126,1,0
7665,1,381.92,4,59100.0,15492.16,0.262,0,Yes,0,381.92,0.262,1,0
6865,2,922.13,3,6300.0,791.68,0.126,0,Y,N,922.13,0.126,1,0
7885,1,179.01,2,22800.0,8187.92,0.359,2,1,Yes,179.01,0.359,1,1
6169,1,323.53,0,37600.0,16766.7,0.446,2,0,N,323.53,0.446,0,0
492,3,1184.55,11,35700.0,3536.72,0.099,3,Yes,No,1184.55,0.099,1,0
3962,4,565.06,3,45300.0,15417.77,0.34,2,Yes,N,565.06,0.34,1,0
12136,3,281.22,1,39000.0,9019.2,0.231,1,Y,N,281.22,0.231,1,0
44,3,203.76,1,18100.0,3372.13,0.186,2,Yes,0,203.76,0.186,1,0
10657,3,358.34,2,16100.0,2211.48,13.7%,3,0,Y,358.34,0.13699999999999998,0,1
9812,2,189.14,1,8200.0,739.66,0.09,0,Y,0,189.14,0.09,1,0
5288,2,543.11,5,58300.0,2686.98,4.6%,1,1,N,543.11,0.046,1,0
8474,3,232.6,2,53900.0,11638.06,21.6%,0,1,Yes,232.6,0.21600000000000003,1,1
1264,1,290.12,2,5900.0,2604.19,44.1%,0,0,No,290.12,0.441,0,0
3777,1,495.78,6,38000.0,9765.79,0.257,0,1,Yes,495.78,0.257,1,1
670,2,225.68,2,47800.0,14704.44,30.8%,0,1,N,225.68,0.308,1,0
8147,2,552.32,4,15900.0,4138.77,0.26,0,Yes,0,552.32,0.26,1,0
9992,1,456.16,3,19300.0,912.01,4.7%,1,Yes,No,456.16,0.047,1,0
7061,1,475.46,2,43700.0,12949.66,0.296,2,N,Yes,475.46,0.296,0,1
752,3,799.35,6,3600.0,1203.3,33.4%,1,1,No,799.35,0.33399999999999996,1,0
9818,4,399.54,1,6200.0,2091.63,0.337,2,1,No,399.54,0.337,1,0
256,3,2182.69,17,41400.0,15401.36,0.372,3,1,1,2182.69,0.372,1,1
7044,3,155.11,1,25500.0,6283.78,24.6%,2,Y,0,155.11,0.24600000000000002,1,0
10818,1,850.72,5,11000.0,4518.89,0.411,1,0,0,850.72,0.411,0,0
6029,1,275.75,1,32200.0,12689.44,0.394,4,0,1,275.75,0.394,0,1
5186,3,363.24,2,6800.0,1647.53,24.2%,1,1,No,363.24,0.242,1,0
12027,2,1244.56,9,49400.0,13503.44,27.3%,1,1,No,1244.56,0.273,1,0
6339,2,716.24,6,29300.0,17544.71,0.599,1,N,0,716.24,0.599,0,0
9760,3,326.76,0,34000.0,5737.22,0.169,0,1,No,326.76,0.169,1,0
11401,2,595.45,7,50700.0,13331.78,0.263,0,0,0,595.45,0.263,0,0
1553,2,242.11,0,24700.0,18701.51,0.757,0,1,0,242.11,0.757,1,0
11444,2,249.66,2,54200.0,7807.05,0.144,1,Yes,0,249.66,0.144,1,0
10059,5,229.2,1,25700.0,2875.72,0.112,0,1,N,229.2,0.112,1,0
2733,3,461.61,3,24900.0,12759.17,0.512,0,Y,N,461.61,0.512,1,0
10926,4,411.54,6,27000.0,12761.2,0.473,0,0,0,411.54,0.473,0,0
8908,3,623.82,2,12000.0,885.26,0.074,0,1,0,623.82,0.074,1,0
3813,3,335.35,2,31900.0,9007.01,0.282,1,1,0,335.35,0.282,1,0
8414,3,158.37,3,38100.0,6378.61,0.167,1,Yes,N,158.37,0.167,1,0
1809,2,224.31,0,48000.0,28972.85,0.604,1,0,No,224.31,0.604,0,0
10172,3,372.78,2,36900.0,5960.72,0.162,4,Y,N,372.78,0.162,1,0
9366,1,622.96,5,29100.0,14395.38,0.495,1,0,No,622.96,0.495,0,0
5822,5,259.92,1,6100.0,881.41,0.144,0,1,No,259.92,0.144,1,0
7566,1,280.17,1,25700.0,14587.7,0.568,0,0,0,280.17,0.568,0,0
8713,1,644.1,4,18000.0,4295.38,0.239,2,1,0,644.1,0.239,1,0
1167,4,447.76,1,13300.0,3786.44,0.285,2,1,No,447.76,0.285,1,0
1770,4,359.1,2,48400.0,14865.56,0.307,2,1,0,359.1,0.307,1,0
745,3,626.22,4,37200.0,6238.61,0.168,0,1,N,626.22,0.168,1,0
6719,1,190.29,0,37200.0,5477.48,0.147,1,No,N,190.29,0.147,0,0
2720,3,207.44,0,26700.0,4601.48,0.172,0,Y,No,207.44,0.172,1,0
6216,5,282.01,3,54700.0,26748.84,0.489,2,Y,No,282.01,0.489,1,0
284,4,393.57,3,2700.0,1207.95,44.7%,2,1,0,393.57,0.447,1,0
262,2,340.45,3,53300.0,17569.92,0.33,1,No,0,340.45,0.33,0,0
5448,2,592.45,5,15500.0,3320.03,0.214,1,Yes,N,592.45,0.214,1,0
330,3,422.87,6,18000.0,8324.22,46.2%,0,Y,0,422.87,0.462,1,0
2157,1,200.88,2,4600.0,1285.75,28.0%,0,Yes,Y,200.88,0.28,1,1
3264,3,553.44,2,47300.0,12057.74,25.5%,0,No,N,553.44,0.255,0,0
8546,2,147.62,1,35700.0,14483.11,0.406,0,1,N,147.62,0.406,1,0
6036,5,611.65,4,27500.0,10211.95,0.371,1,Yes,0,611.65,0.371,1,0
12167,1,669.26,5,24800.0,6090.52,0.246,1,0,1,669.26,0.246,0,1
9527,1,397.86,3,13400.0,2859.91,0.213,1,Yes,0,397.86,0.213,1,0
9324,4,601.6,1,14700.0,3922.5,26.7%,0,Y,No,601.6,0.267,1,0
10929,1,694.22,7,35900.0,25198.11,0.702,1,0,N,694.22,0.702,0,0
11318,4,421.04,2,42500.0,2109.11,0.05,1,0,0,421.04,0.05,0,0
8090,1,259.3,1,18000.0,2783.41,0.155,3,0,1,259.3,0.155,0,1
4423,3,654.14,7,17600.0,10377.65,0.59,0,1,N,654.14,0.59,1,0
1509,3,219.86,1,22300.0,7229.87,32.4%,1,0,No,219.86,0.324,0,0
6646,2,253.89,3,57500.0,11004.82,0.191,0,Yes,N,253.89,0.191,1,0
2562,5,672.4,6,10100.0,1701.29,0.168,1,1,N,672.4,0.168,1,0
3972,2,1087.0,10,2100.0,402.75,0.192,0,1,0,1087.0,0.192,1,0
6740,5,563.4,3,58300.0,18292.16,0.314,0,Y,0,563.4,0.314,1,0
6806,1,455.58,5,55200.0,8262.64,0.15,1,1,No,455.58,0.15,1,0
5894,4,658.11,5,37300.0,7382.42,0.198,1,1,No,658.11,0.198,1,0
9798,5,675.85,4,12200.0,3190.65,0.262,2,N,N,675.85,0.262,0,0
10085,3,399.81,0,20300.0,1984.15,0.098,0,1,0,399.81,0.098,1,0
1760,1,841.31,2,26400.0,7395.23,0.28,1,No,No,841.31,0.28,0,0
10475,2,191.56,2,7500.0,1945.57,25.9%,1,Yes,0,191.56,0.259,1,0
6801,4,612.87,4,39100.0,12230.89,0.313,3,Y,0,612.87,0.313,1,0
2360,3,754.11,6,22500.0,1925.43,0.086,1,Y,0,754.11,0.086,1,0
8185,1,145.56,1,16900.0,1405.28,8.3%,0,No,0,145.56,0.083,0,0
7484,5,813.74,7,56000.0,15530.73,0.277,2,Y,0,813.74,0.277,1,0
10462,1,401.9,7,57600.0,8294.97,0.144,2,0,1,401.9,0.144,0,1
9329,1,397.83,3,19400.0,2668.15,0.138,0,1,1,397.83,0.138,1,1
1044,3,289.62,3,53800.0,20650.0,0.384,2,Yes,0,289.62,0.384,1,0
7975,1,220.2,2,2700.0,518.07,0.192,2,No,N,220.2,0.192,0,0
841,3,218.32,2,40500.0,11757.32,0.29,1,1,0,218.32,0.29,1,0
5873,3,293.88,2,6000.0,1217.31,0.203,2,1,No,293.88,0.203,1,0
11852,2,235.36,0,9700.0,2324.24,0.24,1,Yes,No,235.36,0.24,1,0
3553,1,457.37,5,52400.0,37126.84,0.709,1,No,N,457.37,0.709,0,0
5296,2,161.08,1,32300.0,9140.42,0.283,1,Yes,No,161.08,0.283,1,0
6335,1,1258.52,10,31000.0,8495.55,0.274,0,0,N,1258.52,0.274,0,0
3876,1,233.85,2,44700.0,23248.32,52.0%,0,No,No,233.85,0.52,0,0
3269,1,529.34,3,41600.0,8700.12,0.209,1,0,0,529.34,0.209,0,0
7765,1,158.24,3,57200.0,15462.22,0.27,0,Y,No,158.24,0.27,1,0
9562,1,456.27,7,59500.0,21653.89,0.364,0,0,1,456.27,0.364,0,1
1731,2,226.76,2,22600.0,2480.96,0.11,0,Yes,0,226.76,0.11,1,0
7037,4,433.36,3,50000.0,19836.48,0.397,2,Y,0,433.36,0.397,1,0
7190,2,849.92,6,6300.0,1774.53,0.282,2,1,No,849.92,0.282,1,0
5734,1,,2,9900.0,1734.62,17.5%,0,1,1,339.29,0.175,1,1
12024,1,142.87,0,45900.0,7229.63,0.158,0,1,N,142.87,0.158,1,0
9493,3,280.57,3,9800.0,4048.54,41.3%,2,1,No,280.57,0.413,1,0
1065,2,389.03,4,31700.0,11743.45,0.37,1,Y,0,389.03,0.37,1,0
11354,4,886.79,6,11800.0,901.61,0.076,1,1,No,886.79,0.076,1,0
12096,1,763.96,3,4500.0,1135.99,0.252,0,N,N,763.96,0.252,0,0
4233,2,387.0,2,15600.0,4230.97,0.271,0,1,0,387.0,0.271,1,0
5115,2,198.86,0,45900.0,30469.61,0.664,1,No,N,198.86,0.664,0,0
8161,4,492.86,2,47100.0,25137.96,0.534,1,0,0,492.86,0.534,0,0
1342,2,379.67,2,44400.0,16222.89,0.365,0,1,0,379.67,0.365,1,0
6514,5,815.92,7,23600.0,3069.85,0.13,2,1,N,815.92,0.13,1,0
4314,2,390.65,2,36900.0,19072.2,0.517,1,Yes,N,390.65,0.517,1,0
1597,3,626.03,4,35700.0,13724.3,0.384,0,Y,N,626.03,0.384,1,0
839,1,452.37,3,53000.0,23732.08,44.8%,1,0,0,452.37,0.44799999999999995,0,0
6118,1,527.17,2,36900.0,4320.1,0.117,2,0,0,527.17,0.117,0,0
8651,1,211.72,3,20800.0,4359.41,0.21,2,1,0,211.72,0.21,1,0
7166,1,1479.78,9,55500.0,1804.52,0.033,1,No,No,1479.78,0.033,0,0
6405,2,532.76,2,9900.0,2014.15,20.3%,1,Yes,0,532.76,0.203,1,0
3255,5,872.77,10,6200.0,1069.25,0.172,2,1,0,872.77,0.172,1,0
7432,2,329.2,2,25700.0,6166.8,24.0%,0,No,0,329.2,0.24,0,0
400,2,352.57,3,27200.0,8271.79,0.304,0,0,0,352.57,0.304,0,0
12002,3,689.14,4,34300.0,17364.54,50.6%,2,1,0,689.14,0.506,1,0
9800,1,231.41,3,20300.0,5447.62,0.268,0,N,0,231.41,0.268,0,0
5413,1,559.02,2,43500.0,5601.32,12.9%,1,0,Y,559.02,0.129,0,1
4548,2,238.15,3,41000.0,12346.86,0.301,1,1,0,238.15,0.301,1,0
4957,1,256.74,5,16900.0,2201.79,0.13,1,1,N,256.74,0.13,1,0
7209,2,195.51,1,26200.0,9865.58,0.377,0,Yes,0,195.51,0.377,1,0
10306,1,436.58,1,18000.0,3687.86,0.205,1,1,Y,436.58,0.205,1,1
1762,2,331.34,1,19800.0,1064.93,0.054,1,Yes,N,331.34,0.054,1,0
12102,3,479.36,1,8700.0,2374.61,0.273,2,Yes,N,479.36,0.273,1,0
6714,1,383.22,5,23700.0,3141.96,0.133,3,Yes,Y,383.22,0.133,1,1
6100,3,173.38,0,3200.0,1303.1,0.407,0,Y,0,173.38,0.407,1,0
6874,3,422.16,6,37200.0,5560.16,0.149,1,Yes,No,422.16,0.149,1,0
5331,2,442.56,0,38400.0,16288.6,0.424,1,N,0,442.56,0.424,0,0
4146,1,342.72,2,30700.0,923.65,0.03,0,N,0,342.72,0.03,0,0
1872,4,255.87,1,34800.0,10837.56,0.311,2,N,0,255.87,0.311,0,0
10648,3,417.83,2,2400.0,880.14,0.367,1,1,N,417.83,0.367,1,0
4579,2,408.42,2,38700.0,11611.86,0.3,1,0,N,408.42,0.3,0,0
3047,2,392.06,2,9800.0,5202.13,0.531,2,Y,N,392.06,0.531,1,0
5892,5,281.64,2,6200.0,1589.45,0.256,0,Y,No,281.64,0.256,1,0
4435,2,531.45,4,15500.0,5920.91,0.382,2,N,0,531.45,0.382,0,0
5114,1,192.51,0,45100.0,8111.91,0.18,1,N,0,192.51,0.18,0,0
5940,4,392.98,1,29600.0,10148.86,34.3%,0,1,No,392.98,0.34299999999999997,1,0
2311,4,792.61,6,23300.0,2601.5,0.112,1,N,0,792.61,0.112,0,0
1856,2,1390.51,8,53300.0,6366.91,11.9%,0,Y,0,1390.51,0.11900000000000001,1,0
2761,2,186.05,3,10600.0,4364.48,0.412,1,1,0,186.05,0.412,1,0
2445,2,170.38,2,45100.0,6237.01,13.8%,1,1,0,170.38,0.138,1,0
1723,2,249.26,1,56600.0,27135.72,0.479,2,Y,0,249.26,0.479,1,0
3419,2,251.28,1,34300.0,13229.39,0.386,0,Yes,No,251.28,0.386,1,0
9161,2,227.1,2,29900.0,11721.57,0.392,1,1,0,227.1,0.392,1,0
5268,1,167.89,3,6400.0,1676.86,0.262,1,N,Yes,167.89,0.262,0,1
6042,3,485.07,4,2000.0,708.32,0.354,0,0,N,485.07,0.354,0,0
11918,1,276.04,1,9300.0,1546.64,0.166,1,Y,No,276.04,0.166,1,0
3667,4,455.73,4,26900.0,5953.68,22.1%,2,Yes,No,455.73,0.221,1,0
664,1,246.74,1,2500.0,920.07,0.368,2,0,N,246.74,0.368,0,0
529,2,574.68,0,27200.0,8474.4,0.312,0,1,N,574.68,0.312,1,0
6751,2,460.41,6,16900.0,2720.05,16.1%,0,1,N,460.41,0.161,1,0
10867,4,516.67,4,2200.0,258.05,0.117,1,Yes,0,516.67,0.117,1,0
1696,1,465.19,1,49400.0,4750.51,0.096,3,0,1,465.19,0.096,0,1
6996,3,202.58,1,6100.0,852.88,14.0%,2,1,0,202.58,0.14,1,0
9568,2,300.81,0,17000.0,3577.73,21.0%,2,Yes,0,300.81,0.21,1,0
10020,2,264.6,2,13400.0,3811.41,0.284,1,Y,0,264.6,0.284,1,0
2082,1,351.16,5,18900.0,5248.94,0.278,1,Yes,Yes,351.16,0.278,1,1
3709,5,546.94,2,48600.0,14967.97,30.8%,2,0,0,546.94,0.308,0,0
2652,2,428.64,1,52100.0,16346.64,31.4%,1,Y,No,428.64,0.314,1,0
1168,3,248.97,1,57200.0,20102.32,35.1%,1,1,0,248.97,0.35100000000000003,1,0
1771,3,676.1,10,52400.0,998.48,0.019,3,1,Yes,676.1,0.019,1,1
7034,1,238.03,4,50900.0,15929.88,0.313,0,N,No,238.03,0.313,0,0
3527,3,136.47,0,35100.0,1644.95,0.047,2,1,N,136.47,0.047,1,0
3696,2,465.19,5,45200.0,5989.63,0.133,3,Yes,1,465.19,0.133,1,1
11044,1,165.12,0,49200.0,13058.25,26.5%,1,1,0,165.12,0.265,1,0
328,2,385.86,4,19700.0,2551.83,0.13,0,Yes,No,385.86,0.13,1,0
2369,2,273.66,1,48100.0,7280.89,0.151,2,Yes,N,273.66,0.151,1,0
7342,1,676.06,7,31600.0,4230.06,0.134,2,0,1,676.06,0.134,0,1
2809,2,,3,57400.0,46496.32,0.81,0,Y,N,411.22,0.81,1,0
3302,2,917.62,6,24500.0,3449.93,0.141,0,Yes,No,917.62,0.141,1,0
10027,1,430.32,1,56200.0,22393.96,0.398,3,0,Yes,430.32,0.398,0,1
9073,2,286.42,2,54000.0,19278.41,0.357,3,1,N,286.42,0.357,1,0
11275,2,716.57,3,46100.0,32400.64,0.703,1,1,0,716.57,0.703,1,0
1428,1,326.6,2,35100.0,18001.17,0.513,0,No,No,326.6,0.513,0,0
4914,4,225.49,1,42400.0,15999.04,0.377,0,1,1,225.49,0.377,1,1
10755,2,1010.2,7,2000.0,383.08,19.2%,0,Y,0,1010.2,0.192,1,0
5697,1,393.24,4,29000.0,12971.19,0.447,1,0,0,393.24,0.447,0,0
12124,2,530.41,5,28600.0,10528.58,0.368,0,1,N,530.41,0.368,1,0
4271,1,424.62,6,36700.0,6419.6,0.175,2,No,Y,424.62,0.175,0,1
1711,1,215.03,2,46500.0,6381.59,13.7%,0,Yes,1,215.03,0.13699999999999998,1,1
3439,4,383.0,1,16100.0,5513.23,0.342,1,Yes,N,383.0,0.342,1,0
1989,1,378.8,5,14400.0,2373.3,0.165,0,N,0,378.8,0.165,0,0
303,2,241.99,5,38600.0,8728.59,0.226,0,Yes,N,241.99,0.226,1,0
5834,3,339.84,2,50500.0,9358.52,0.185,0,Yes,0,339.84,0.185,1,0
6492,1,262.99,0,13700.0,4302.6,31.4%,0,No,No,262.99,0.314,0,0
7085,1,626.3,4,56000.0,23417.61,0.418,2,0,No,626.3,0.418,0,0
2838,1,195.76,1,43500.0,5351.03,0.123,0,N,Yes,195.76,0.123,0,1
5025,1,723.86,9,12600.0,7840.22,0.622,1,0,No,723.86,0.622,0,0
5315,2,319.49,7,31300.0,7546.88,0.241,1,1,0,319.49,0.241,1,0
9124,2,,2,53000.0,29740.01,0.561,0,No,0,339.29,0.561,0,0
246,1,245.85,2,34700.0,5052.08,0.146,1,0,0,245.85,0.146,0,0
10023,3,416.5,3,25700.0,3960.79,0.154,0,Y,0,416.5,0.154,1,0
5148,4,730.05,5,18300.0,4077.53,0.223,1,1,0,730.05,0.223,1,0
4537,3,1164.01,10,8400.0,3449.89,0.411,3,1,0,1164.01,0.411,1,0
3150,1,240.81,3,58900.0,9919.09,0.168,1,1,0,240.81,0.168,1,0
6225,2,750.0,3,57500.0,29259.65,0.509,1,0,0,750.0,0.509,0,0
9523,2,318.06,5,50100.0,21849.34,0.436,0,1,N,318.06,0.436,1,0
2751,1,109.89,2,12400.0,961.09,0.078,0,1,Yes,109.89,0.078,1,1
10538,1,989.58,6,39500.0,12433.69,0.315,0,1,No,989.58,0.315,1,0
11381,1,893.78,4,12600.0,4750.0,0.377,1,N,1,893.78,0.377,0,1
11870,1,546.65,4,40300.0,18043.09,0.448,0,0,Y,546.65,0.448,0,1
5249,2,925.23,8,59300.0,6568.45,0.111,3,1,Y,925.23,0.111,1,1
11097,3,660.71,6,12300.0,3897.99,0.317,0,1,0,660.71,0.317,1,0
7640,4,786.8,4,47800.0,19328.88,0.404,0,Y,0,786.8,0.404,1,0
9165,2,1274.72,3,22500.0,3469.93,0.154,2,1,N,1274.72,0.154,1,0
4394,1,303.42,2,38500.0,13390.17,0.348,0,0,0,303.42,0.348,0,0
1900,3,376.42,4,44100.0,9404.67,0.213,0,1,0,376.42,0.213,1,0
104,2,153.36,0,28700.0,9459.73,0.33,1,Yes,0,153.36,0.33,1,0
2737,1,304.14,1,30000.0,6008.47,20.0%,1,Yes,No,304.14,0.2,1,0
9309,3,313.91,3,33500.0,10712.51,0.32,2,1,0,313.91,0.32,1,0
1112,1,353.1,1,34300.0,9338.19,0.272,1,0,0,353.1,0.272,0,0
6643,3,395.78,5,7700.0,2607.7,0.339,0,1,0,395.78,0.339,1,0
8498,2,460.08,4,3500.0,605.02,0.173,0,Yes,0,460.08,0.173,1,0
2661,1,200.06,1,11200.0,3047.48,27.2%,1,Yes,0,200.06,0.272,1,0
1586,2,281.8,1,52600.0,9764.72,18.6%,0,Y,No,281.8,0.18600000000000003,1,0
3494,1,187.25,0,54100.0,4862.11,0.09,1,No,No,187.25,0.09,0,0
4406,2,310.95,2,17800.0,8971.16,0.504,2,No,0,310.95,0.504,0,0
6399,2,234.1,1,17500.0,5246.6,30.0%,1,1,0,234.1,0.3,1,0
4115,2,256.08,1,43800.0,20081.76,0.458,2,1,0,256.08,0.458,1,0
2260,3,1022.14,7,19900.0,7193.72,36.1%,1,Yes,0,1022.14,0.361,1,0
7154,4,450.62,5,14500.0,2696.32,18.6%,0,Yes,0,450.62,0.18600000000000003,1,0
306,1,1377.94,6,2300.0,521.36,0.227,1,1,Yes,1377.94,0.227,1,1
3852,1,332.84,2,30200.0,9376.73,0.31,2,Y,Y,332.84,0.31,1,1
2593,2,1981.93,12,42300.0,18103.13,0.428,0,1,N,1981.93,0.428,1,0
5053,2,192.99,2,10700.0,2490.13,0.233,1,1,N,192.99,0.233,1,0
5688,1,360.31,2,4300.0,797.73,0.186,1,0,Yes,360.31,0.186,0,1
1802,2,229.94,2,57500.0,28466.22,0.495,1,Y,0,229.94,0.495,1,0
9280,3,787.91,5,5200.0,955.7,0.184,3,Y,Yes,787.91,0.184,1,1
2079,1,672.54,4,47800.0,28003.68,0.586,2,1,N,672.54,0.586,1,0
8706,2,215.75,2,49400.0,10671.39,21.6%,2,1,0,215.75,0.21600000000000003,1,0
11071,4,329.76,3,44800.0,2123.89,0.047,2,Yes,0,329.76,0.047,1,0
6148,3,703.4,4,31400.0,14423.73,0.459,2,Y,0,703.4,0.459,1,0
2044,5,248.51,0,34500.0,4881.04,0.141,0,1,0,248.51,0.141,1,0
5412,1,167.67,2,9500.0,1583.78,0.167,0,No,0,167.67,0.167,0,0
482,2,262.53,1,31000.0,15839.3,0.511,1,Y,0,262.53,0.511,1,0
3007,5,481.7,2,34700.0,7191.26,0.207,0,1,0,481.7,0.207,1,0
496,3,156.23,1,23100.0,3665.11,0.159,0,1,0,156.23,0.159,1,0
10932,2,393.64,4,13700.0,3870.74,28.3%,0,1,0,393.64,0.28300000000000003,1,0
5878,1,272.54,1,6200.0,493.1,0.08,1,No,1,272.54,0.08,0,1
10912,3,259.51,7,47800.0,3379.58,0.071,1,1,0,259.51,0.071,1,0
9143,1,269.64,2,46800.0,13120.75,0.28,0,Yes,1,269.64,0.28,1,1
8670,2,200.03,0,43200.0,15611.21,36.1%,3,1,N,200.03,0.361,1,0
7239,1,453.06,4,59300.0,28102.52,47.4%,1,Yes,N,453.06,0.474,1,0
11758,3,679.14,2,20900.0,6218.97,0.298,0,Y,N,679.14,0.298,1,0
12020,1,192.28,2,10700.0,4028.8,0.377,1,Y,N,192.28,0.377,1,0
6450,1,237.07,2,57700.0,15755.43,0.273,0,0,0,237.07,0.273,0,0
4633,4,287.36,2,2600.0,1125.74,0.433,1,Y,0,287.36,0.433,1,0
4283,3,688.69,5,52900.0,27590.31,0.522,0,Yes,0,688.69,0.522,1,0
8471,3,,1,12400.0,7366.72,0.594,0,Y,N,272.54,0.594,1,0
4992,1,507.89,6,9400.0,1108.87,0.118,1,No,No,507.89,0.118,0,0
8002,1,462.25,4,34100.0,19638.31,0.576,1,0,0,462.25,0.576,0,0
12177,3,332.43,3,44500.0,2851.95,0.064,0,Y,0,332.43,0.064,1,0
7410,2,211.05,0,19400.0,7465.05,0.385,0,Yes,0,211.05,0.385,1,0
7716,1,664.28,3,28000.0,4668.05,16.7%,1,0,1,664.28,0.16699999999999998,0,1
7663,1,439.32,8,32300.0,19783.5,0.612,1,No,0,439.32,0.612,0,0
1850,2,1036.63,7,33300.0,7080.54,0.213,1,1,0,1036.63,0.213,1,0
8592,2,147.86,0,6400.0,244.65,0.038,0,1,No,147.86,0.038,1,0
10352,1,439.42,2,29100.0,9880.6,34.0%,2,0,N,439.42,0.34,0,0
1399,2,403.05,1,24000.0,6314.43,26.3%,0,Yes,0,403.05,0.263,1,0
12150,2,191.5,2,34100.0,8827.31,25.9%,0,Y,N,191.5,0.259,1,0
3283,3,329.73,2,49300.0,11766.63,23.9%,0,Yes,N,329.73,0.239,1,0
8146,2,565.11,3,54500.0,11854.6,0.218,1,Y,N,565.11,0.218,1,0
8106,1,1346.29,6,59600.0,19444.76,0.326,0,Yes,0,1346.29,0.326,1,0
10627,3,592.38,2,6900.0,2062.96,29.9%,3,Yes,0,592.38,0.299,1,0
2289,1,246.81,1,36100.0,22628.95,0.627,1,0,Y,246.81,0.627,0,1
6620,3,172.83,1,10100.0,1735.43,0.172,1,1,0,172.83,0.172,1,0
8589,1,600.07,2,7100.0,1974.59,0.278,1,1,0,600.07,0.278,1,0
5661,1,366.45,2,24400.0,5110.78,0.209,0,N,Y,366.45,0.209,0,1
11627,4,355.17,2,37300.0,3668.95,0.098,0,1,0,355.17,0.098,1,0
5243,2,563.05,4,55400.0,29934.45,54.0%,1,0,N,563.05,0.54,0,0
5164,3,455.94,3,6700.0,795.68,0.119,1,1,0,455.94,0.119,1,0
7382,1,723.2,6,17800.0,3759.76,0.211,0,Y,0,723.2,0.211,1,0
6598,5,690.79,3,31600.0,12547.85,0.397,1,1,0,690.79,0.397,1,0
4683,1,271.1,2,56500.0,28356.86,0.502,2,N,N,271.1,0.502,0,0
1914,2,215.22,1,55300.0,14084.04,0.255,2,Yes,0,215.22,0.255,1,0
1110,3,286.12,3,48300.0,20941.08,0.434,1,Yes,No,286.12,0.434,1,0
4029,2,453.65,3,59900.0,4934.01,0.082,1,1,0,453.65,0.082,1,0
10107,3,477.82,2,3400.0,848.24,24.9%,0,1,No,477.82,0.249,1,0
9839,1,440.86,1,12600.0,6764.36,0.537,0,0,0,440.86,0.537,0,0
3139,4,692.5,9,45000.0,2660.79,0.059,0,1,0,692.5,0.059,1,0
9443,1,598.36,3,18300.0,7188.34,0.393,1,No,Y,598.36,0.393,0,1
366,4,916.46,3,30900.0,8579.68,0.278,3,Y,N,916.46,0.278,1,0
1117,2,614.78,5,2400.0,828.28,0.345,1,N,N,614.78,0.345,0,0
5728,2,1959.05,15,34600.0,5594.73,0.162,1,1,0,1959.05,0.162,1,0
9385,2,435.61,2,49900.0,4666.84,0.094,0,0,N,435.61,0.094,0,0
5510,1,284.05,3,52400.0,5267.57,0.101,1,0,Y,284.05,0.101,0,1
9732,5,370.54,1,26900.0,6633.74,0.247,0,Yes,No,370.54,0.247,1,0
7987,4,250.79,1,57800.0,13983.12,0.242,3,1,No,250.79,0.242,1,0
6102,3,327.43,0,13200.0,4788.1,0.363,0,Y,No,327.43,0.363,1,0
1636,2,721.64,3,24200.0,3655.19,0.151,0,Y,N,721.64,0.151,1,0
1564,5,181.11,0,15600.0,4008.58,25.7%,2,1,0,181.11,0.257,1,0
7295,3,298.83,3,16500.0,10256.52,0.622,0,1,No,298.83,0.622,1,0
7573,2,1172.0,10,24100.0,11354.29,0.471,2,No,N,1172.0,0.471,0,0
2864,5,572.59,1,17300.0,5677.82,0.328,0,Y,N,572.59,0.328,1,0
2228,3,332.53,1,45400.0,8933.84,0.197,1,Y,No,332.53,0.197,1,0
9393,4,518.43,2,6800.0,462.67,0.068,0,Y,0,518.43,0.068,1,0
12078,5,602.01,8,38900.0,8063.51,20.7%,1,1,0,602.01,0.207,1,0
10459,2,666.17,4,58300.0,5493.6,0.094,1,1,N,666.17,0.094,1,0
6817,1,634.94,3,41100.0,4797.63,0.117,2,N,Y,634.94,0.117,0,1
7743,2,380.59,1,45000.0,10774.53,0.239,0,1,0,380.59,0.239,1,0
12061,2,508.46,4,55600.0,12596.59,22.7%,0,0,No,508.46,0.22699999999999998,0,0
6095,1,316.11,1,7900.0,2579.8,0.327,3,0,Yes,316.11,0.327,0,1
9238,4,305.95,1,49800.0,7857.58,0.158,0,1,0,305.95,0.158,1,0
9110,1,764.4,7,40700.0,2357.71,5.8%,1,1,N,764.4,0.057999999999999996,1,0
4052,1,469.14,2,32300.0,15880.05,0.492,2,N,Yes,469.14,0.492,0,1
5289,3,686.06,4,33200.0,14324.72,0.431,3,Yes,N,686.06,0.431,1,0
1730,2,900.15,0,26600.0,9818.6,0.369,0,Yes,No,900.15,0.369,1,0
3443,2,852.74,10,54800.0,11390.12,20.8%,1,Yes,0,852.74,0.20800000000000002,1,0
8089,1,632.78,5,18900.0,6146.95,0.325,0,1,Yes,632.78,0.325,1,1
11610,2,181.26,3,17000.0,1337.56,0.079,0,0,0,181.26,0.079,0,0
2749,1,289.9,0,6400.0,1888.83,0.295,0,1,No,289.9,0.295,1,0
3990,2,664.1,8,55900.0,21461.88,0.384,0,1,No,664.1,0.384,1,0
3067,1,478.35,4,6300.0,2708.1,0.43,0,1,Yes,478.35,0.43,1,1
423,2,840.01,6,40100.0,21763.45,0.543,0,1,No,840.01,0.543,1,0
3107,3,231.55,1,20500.0,5855.1,0.286,2,Y,0,231.55,0.286,1,0
7797,2,265.24,2,40000.0,12517.99,31.3%,1,1,0,265.24,0.313,1,0
206,1,562.1,5,45200.0,24899.97,0.551,2,Yes,Y,562.1,0.551,1,1
3792,1,462.98,1,13900.0,3409.49,0.245,1,Yes,Yes,462.98,0.245,1,1
7183,1,414.52,0,31500.0,3402.36,0.108,0,1,0,414.52,0.108,1,0
9719,3,693.53,4,15200.0,2202.73,0.145,1,Yes,No,693.53,0.145,1,0
5262,2,320.38,0,6600.0,1153.2,0.175,0,Y,N,320.38,0.175,1,0
2367,3,456.37,3,20900.0,10430.58,0.499,3,1,0,456.37,0.499,1,0
1005,2,190.97,0,45700.0,9281.03,0.203,2,1,N,190.97,0.203,1,0
8504,2,140.13,1,49200.0,5969.71,0.121,1,Y,0,140.13,0.121,1,0
4668,4,223.14,1,23900.0,7960.51,0.333,0,Y,0,223.14,0.333,1,0
4329,5,1766.0,10,26200.0,9279.23,0.354,1,No,0,1766.0,0.354,0,0
11439,3,169.71,1,58500.0,4146.41,0.071,2,1,0,169.71,0.071,1,0
9944,3,111.74,0,59300.0,18284.66,30.8%,0,N,0,111.74,0.308,0,0
11056,2,416.3,0,53700.0,11082.78,0.206,0,1,0,416.3,0.206,1,0
7463,1,306.76,3,45900.0,7486.92,0.163,1,N,1,306.76,0.163,0,1
59,1,351.25,1,10200.0,783.01,0.077,1,Y,Yes,351.25,0.077,1,1
9955,1,399.99,2,56300.0,4000.84,0.071,1,1,No,399.99,0.071,1,0
1576,4,258.21,1,52400.0,3862.12,7.4%,1,1,0,258.21,0.07400000000000001,1,0
6503,2,402.89,1,53800.0,13775.28,25.6%,0,Y,0,402.89,0.256,1,0
3228,3,190.85,4,11600.0,2966.2,0.256,1,1,0,190.85,0.256,1,0
11471,2,990.02,7,7600.0,1270.28,0.167,3,1,0,990.02,0.167,1,0
9761,1,805.32,7,51600.0,8049.73,0.156,1,Y,1,805.32,0.156,1,1
9439,2,309.35,3,46800.0,6912.6,0.148,1,1,N,309.35,0.148,1,0
1993,4,425.25,4,48300.0,25979.48,0.538,1,No,0,425.25,0.538,0,0
4978,3,222.75,1,19500.0,8278.62,0.425,4,0,0,222.75,0.425,0,0
9650,3,387.64,1,9300.0,3602.35,0.387,2,Y,0,387.64,0.387,1,0
10313,2,661.5,6,23700.0,7459.73,0.315,1,No,No,661.5,0.315,0,0
3446,1,730.27,3,11300.0,1238.82,0.11,0,No,Yes,730.27,0.11,0,1
10415,2,204.25,3,3700.0,830.58,22.4%,0,Yes,0,204.25,0.22399999999999998,1,0
9692,3,374.04,1,16300.0,1352.35,0.083,1,1,N,374.04,0.083,1,0
3231,1,295.77,3,5400.0,906.19,0.168,2,No,No,295.77,0.168,0,0
990,2,306.75,1,52900.0,15953.77,0.302,1,1,0,306.75,0.302,1,0
8329,3,761.91,5,20800.0,9609.11,0.462,0,1,N,761.91,0.462,1,0
2884,4,726.92,2,40800.0,10492.03,0.257,0,1,No,726.92,0.257,1,0
2918,4,300.8,1,20900.0,4601.94,0.22,0,0,0,300.8,0.22,0,0
8387,3,869.82,3,47800.0,15465.96,0.324,1,Yes,No,869.82,0.324,1,0
764,3,341.86,5,5500.0,3590.64,0.653,0,Y,0,341.86,0.653,1,0
10854,2,683.73,4,45900.0,2764.55,6.0%,0,N,No,683.73,0.06,0,0
9595,3,394.21,3,6700.0,1617.41,0.241,2,Yes,0,394.21,0.241,1,0
9310,1,1109.19,7,57500.0,20002.68,0.348,2,1,1,1109.19,0.348,1,1
8342,2,468.29,5,34100.0,12204.69,0.358,0,1,N,468.29,0.358,1,0
2793,1,300.87,2,8800.0,3031.99,0.345,2,N,No,300.87,0.345,0,0
8919,2,945.29,3,45700.0,22128.64,48.4%,0,1,0,945.29,0.484,1,0
8266,1,396.46,4,52200.0,18371.18,0.352,0,Yes,0,396.46,0.352,1,0
7967,2,576.3,2,47500.0,9699.64,0.204,0,No,No,576.3,0.204,0,0
8875,3,1383.81,6,10600.0,192.77,0.018,3,Y,No,1383.81,0.018,1,0
10536,1,666.2,4,6500.0,1857.11,0.286,0,No,No,666.2,0.286,0,0
3394,2,252.64,1,44200.0,20926.05,47.3%,1,1,No,252.64,0.473,1,0
12091,2,1067.64,8,19800.0,2276.69,0.115,1,Y,N,1067.64,0.115,1,0
5034,2,903.74,9,49300.0,5883.12,0.119,2,1,0,903.74,0.119,1,0
1537,3,211.46,2,24800.0,5607.91,0.226,0,1,0,211.46,0.226,1,0
9990,1,277.62,1,13700.0,1454.71,10.6%,1,No,0,277.62,0.106,0,0
6495,2,847.17,6,10600.0,769.15,0.073,1,1,0,847.17,0.073,1,0
11587,3,676.74,3,13000.0,7265.62,0.559,1,1,N,676.74,0.559,1,0
8671,5,763.83,7,58000.0,33369.85,0.575,0,Y,0,763.83,0.575,1,0
8382,2,465.22,2,30000.0,13088.72,0.436,2,1,0,465.22,0.436,1,0
2398,4,752.09,3,43300.0,8900.99,0.206,0,1,N,752.09,0.206,1,0
5926,2,138.64,0,24700.0,9409.48,0.381,1,1,0,138.64,0.381,1,0
719,1,,2,6300.0,1616.92,0.257,2,1,Y,339.29,0.257,1,1
8124,3,280.38,2,51400.0,8296.17,16.1%,1,1,0,280.38,0.161,1,0
2059,2,277.41,1,51200.0,28529.34,0.557,0,1,0,277.41,0.557,1,0
2334,1,338.44,3,6100.0,1332.29,0.218,1,0,Y,338.44,0.218,0,1
4726,2,881.55,5,17700.0,4753.42,0.269,1,1,No,881.55,0.269,1,0
10825,3,216.89,0,51900.0,24676.08,0.475,0,Yes,No,216.89,0.475,1,0
7311,1,133.37,0,47600.0,26853.73,0.564,0,0,0,133.37,0.564,0,0
11395,1,190.35,0,7300.0,3470.96,0.475,1,N,1,190.35,0.475,0,1
11157,1,367.07,2,32100.0,12055.11,0.376,1,1,Yes,367.07,0.376,1,1
11361,2,315.51,2,28700.0,3976.51,0.139,0,Y,0,315.51,0.139,1,0
9656,1,764.6,7,49200.0,15597.04,0.317,2,N,0,764.6,0.317,0,0
3478,3,365.95,5,3500.0,1105.01,0.316,2,1,N,365.95,0.316,1,0
11803,2,403.27,0,37100.0,20578.65,0.555,1,N,N,403.27,0.555,0,0
10542,1,608.13,2,58900.0,14092.0,23.9%,0,1,N,608.13,0.239,1,0
11799,2,309.37,1,4300.0,1441.4,0.335,0,Yes,No,309.37,0.335,1,0
3447,1,303.19,2,30800.0,15738.33,0.511,0,0,No,303.19,0.511,0,0
10198,4,997.54,7,58300.0,24342.66,0.418,0,Y,0,997.54,0.418,1,0
5526,2,92.71,1,5600.0,4293.51,0.767,2,0,0,92.71,0.767,0,0
2679,1,343.19,0,15400.0,6503.87,0.422,0,Y,0,343.19,0.422,1,0
7112,5,197.91,1,31400.0,7315.43,0.233,1,Yes,0,197.91,0.233,1,0
2842,5,364.72,2,50000.0,6056.37,0.121,1,0,No,364.72,0.121,0,0
4658,3,981.21,8,8100.0,4103.27,0.507,1,N,0,981.21,0.507,0,0
8863,1,571.23,2,9100.0,6070.72,66.7%,1,0,Y,571.23,0.667,0,1
10673,2,447.0,5,28200.0,2801.95,0.099,0,N,0,447.0,0.099,0,0
4673,2,400.0,3,37700.0,21617.19,0.573,2,1,No,400.0,0.573,1,0
5817,2,284.14,1,11000.0,1372.93,0.125,1,1,0,284.14,0.125,1,0
5014,2,1021.5,10,58400.0,16368.25,0.28,0,0,No,1021.5,0.28,0,0
1736,2,678.98,6,16500.0,638.77,0.039,2,Yes,N,678.98,0.039,1,0
8603,1,348.97,2,51200.0,24937.54,48.7%,1,No,1,348.97,0.48700000000000004,0,1
11891,2,253.56,3,10300.0,2177.1,0.211,1,Y,0,253.56,0.211,1,0
4608,1,520.21,3,53400.0,7005.42,0.131,1,Y,No,520.21,0.131,1,0
8102,3,283.53,2,47900.0,8053.74,0.168,2,1,N,283.53,0.168,1,0
6981,2,1080.0,5,35000.0,3547.47,10.1%,1,Yes,N,1080.0,0.10099999999999999,1,0
6264,3,335.09,4,53300.0,17086.76,0.321,1,1,0,335.09,0.321,1,0
10502,4,,2,45200.0,2456.34,5.4%,3,1,1,339.29,0.054000000000000006,1,1
8141,1,695.4,5,47600.0,17116.82,0.36,0,1,Y,695.4,0.36,1,1
9263,1,192.55,1,22800.0,6009.79,0.264,1,0,Y,192.55,0.264,0,1
5395,1,629.13,4,31100.0,10198.4,0.328,0,0,N,629.13,0.328,0,0
4670,2,412.76,3,33500.0,4646.98,0.139,0,1,N,412.76,0.139,1,0
1317,3,508.12,4,11900.0,2746.19,0.231,0,Yes,N,508.12,0.231,1,0
11138,1,148.66,2,27900.0,13870.55,49.7%,3,0,1,148.66,0.49700000000000005,0,1
902,2,517.0,3,50800.0,17421.2,0.343,2,Y,No,517.0,0.343,1,0
3420,1,357.85,1,43000.0,7398.0,0.172,0,No,No,357.85,0.172,0,0
4397,3,513.68,4,48800.0,16227.69,0.333,1,1,0,513.68,0.333,1,0
9353,5,459.25,7,8500.0,2290.45,26.9%,2,1,0,459.25,0.26899999999999996,1,0
5246,3,184.1,2,57700.0,4136.01,0.072,2,Yes,No,184.1,0.072,1,0
4720,1,374.75,3,39100.0,19476.56,0.498,2,N,No,374.75,0.498,0,0
222,3,,2,36500.0,3498.65,0.096,2,Yes,No,339.29,0.096,1,0
385,1,272.87,3,30300.0,15493.44,0.511,1,0,Yes,272.87,0.511,0,1
7958,1,294.3,3,49300.0,10000.77,20.3%,0,Yes,1,294.3,0.203,1,1
3603,3,357.69,4,53900.0,32081.54,0.595,1,0,0,357.69,0.595,0,0
4389,2,899.99,6,17800.0,6883.48,0.387,4,1,1,899.99,0.387,1,1
7324,3,589.82,7,53300.0,8680.1,16.3%,1,Y,0,589.82,0.163,1,0
7704,2,378.02,1,12200.0,1530.4,0.125,2,Yes,N,378.02,0.125,1,0
8078,1,455.0,1,10200.0,4490.42,44.0%,1,No,Y,455.0,0.44,0,1
9628,1,327.12,1,39200.0,8570.43,0.219,2,0,1,327.12,0.219,0,1
11832,1,291.48,2,59000.0,15248.91,0.258,0,Yes,N,291.48,0.258,1,0
6615,4,365.95,3,43900.0,19962.59,0.455,2,Y,No,365.95,0.455,1,0
4072,4,998.98,5,27000.0,17303.95,0.641,1,Y,N,998.98,0.641,1,0
2614,1,944.75,5,55500.0,5133.16,0.092,0,No,0,944.75,0.092,0,0
10994,1,220.04,0,31700.0,7842.09,0.247,0,0,Y,220.04,0.247,0,1
6664,2,1091.42,10,33300.0,13168.6,39.5%,1,1,0,1091.42,0.395,1,0
10522,3,137.3,1,38900.0,3484.97,0.09,1,Y,0,137.3,0.09,1,0
1365,1,826.9,10,12800.0,1448.8,0.113,2,Y,Yes,826.9,0.113,1,1
2069,3,224.33,3,15800.0,2078.79,13.2%,1,Y,N,224.33,0.132,1,0
4560,1,215.32,1,6500.0,1437.08,0.221,3,No,Yes,215.32,0.221,0,1
4050,1,292.34,0,54500.0,12267.55,22.5%,1,No,0,292.34,0.225,0,0
10046,3,668.62,3,46900.0,17617.69,0.376,2,Yes,No,668.62,0.376,1,0
3727,4,351.62,1,31900.0,8167.65,0.256,0,Yes,0,351.62,0.256,1,0
5396,1,2723.54,13,18100.0,3463.92,19.1%,4,0,1,2723.54,0.191,0,1
11700,2,,11,29500.0,7242.13,0.245,1,1,0,1136.87,0.245,1,0
10718,1,595.77,4,39400.0,11337.94,0.288,2,0,1,595.77,0.288,0,1
677,1,113.35,1,31600.0,4401.79,13.9%,2,0,No,113.35,0.139,0,0
7088,2,768.61,6,7200.0,1794.02,0.249,0,Yes,No,768.61,0.249,1,0
971,3,207.8,1,16200.0,4485.03,0.277,2,1,N,207.8,0.277,1,0
612,2,87.02,0,8600.0,379.4,0.044,2,Y,N,87.02,0.044,1,0
3389,2,310.36,2,18500.0,6081.71,0.329,0,Yes,0,310.36,0.329,1,0
2154,2,151.92,1,56600.0,16749.32,29.6%,1,1,0,151.92,0.29600000000000004,1,0
9273,2,201.77,2,55900.0,22798.25,0.408,3,1,0,201.77,0.408,1,0
813,4,515.05,6,5800.0,686.73,0.118,1,1,No,515.05,0.118,1,0
2252,2,425.25,3,37700.0,4941.74,13.1%,1,1,No,425.25,0.131,1,0
9737,3,151.98,1,34300.0,6569.6,0.192,2,1,No,151.98,0.192,1,0
11023,2,716.63,4,29200.0,5739.6,19.7%,2,Yes,0,716.63,0.19699999999999998,1,0
797,4,737.53,8,53200.0,17096.77,0.321,1,Y,No,737.53,0.321,1,0
8677,3,524.87,1,45100.0,12407.67,0.275,2,Y,No,524.87,0.275,1,0
9332,2,106.42,1,55000.0,20629.29,0.375,2,1,No,106.42,0.375,1,0
10444,1,270.83,4,14800.0,1377.19,0.093,2,1,Y,270.83,0.093,1,1
1768,3,385.24,2,20500.0,3946.18,0.192,1,1,0,385.24,0.192,1,0
360,1,396.8,4,33800.0,1214.43,0.036,1,1,1,396.8,0.036,1,1
10662,1,375.44,2,17100.0,3592.01,0.21,2,Y,N,375.44,0.21,1,0
11604,1,1264.4,6,54000.0,24887.48,0.461,1,No,0,1264.4,0.461,0,0
2710,2,711.19,6,32200.0,11338.89,0.352,1,Y,0,711.19,0.352,1,0
6182,4,327.26,5,53400.0,17994.56,0.337,0,1,No,327.26,0.337,1,0
11031,4,617.03,4,7200.0,2304.05,0.32,1,Yes,0,617.03,0.32,1,0
798,1,459.22,4,16300.0,1368.33,0.084,0,0,No,459.22,0.084,0,0
4421,1,479.16,1,49300.0,8910.81,0.181,0,1,Yes,479.16,0.181,1,1
9832,3,753.37,3,28600.0,14049.34,0.491,0,1,0,753.37,0.491,1,0
8014,1,266.07,2,54200.0,11588.96,0.214,0,N,1,266.07,0.214,0,1
9579,1,422.47,0,9000.0,2261.7,25.1%,0,No,No,422.47,0.251,0,0
8049,4,518.9,3,9800.0,2415.74,24.7%,1,Y,No,518.9,0.247,1,0
6474,1,960.61,4,49500.0,4434.12,0.09,0,No,0,960.61,0.09,0,0
515,1,315.11,0,29700.0,5596.34,18.8%,1,1,0,315.11,0.188,1,0
4345,1,1934.54,11,16100.0,2912.48,0.181,0,0,No,1934.54,0.181,0,0
3157,3,981.52,8,10800.0,3276.18,0.303,1,1,0,981.52,0.303,1,0
9644,2,650.43,8,50800.0,9082.52,17.9%,2,1,0,650.43,0.179,1,0
4382,1,1429.04,6,59500.0,7871.99,0.132,1,Yes,No,1429.04,0.132,1,0
2211,3,331.59,3,52200.0,26236.48,50.3%,2,0,0,331.59,0.503,0,0
9625,3,1461.85,8,2500.0,109.57,0.044,0,1,No,1461.85,0.044,1,0
8617,2,647.31,3,42300.0,13904.69,0.329,2,Yes,N,647.31,0.329,1,0
3848,2,262.38,0,41400.0,15528.9,0.375,1,Yes,0,262.38,0.375,1,0
6287,3,474.64,2,15600.0,5454.96,0.35,2,No,0,474.64,0.35,0,0
285,1,249.91,3,51800.0,11595.3,22.4%,2,1,0,249.91,0.22399999999999998,1,0
1220,1,380.83,5,19200.0,5651.0,0.294,0,0,1,380.83,0.294,0,1
11462,3,364.12,4,39200.0,7342.07,0.187,1,1,No,364.12,0.187,1,0
2057,1,1433.89,13,59700.0,15774.48,26.4%,0,Y,0,1433.89,0.264,1,0
7982,3,165.86,0,54400.0,4502.06,0.083,1,0,0,165.86,0.083,0,0
1068,3,598.34,11,8000.0,5333.27,66.7%,1,1,N,598.34,0.667,1,0
1614,2,255.14,3,41000.0,9802.09,0.239,1,Y,No,255.14,0.239,1,0
1045,2,451.41,1,13500.0,3049.93,0.226,0,0,No,451.41,0.226,0,0
6635,2,323.93,5,15800.0,6671.7,42.2%,1,1,0,323.93,0.42200000000000004,1,0
508,2,613.41,8,20100.0,8414.81,0.419,3,Yes,N,613.41,0.419,1,0
7598,3,291.06,1,26700.0,4961.46,0.186,1,No,No,291.06,0.186,0,0
12047,2,340.14,2,6100.0,3956.78,64.9%,0,N,No,340.14,0.649,0,0
8469,1,295.78,1,39400.0,9344.81,0.237,2,N,Y,295.78,0.237,0,1
3105,2,576.54,3,14500.0,978.81,6.8%,3,Y,N,576.54,0.068,1,0
4809,1,349.6,4,56900.0,35326.89,0.621,2,1,0,349.6,0.621,1,0
1171,1,316.27,3,43700.0,6324.66,0.145,0,No,N,316.27,0.145,0,0
8952,3,427.34,5,4600.0,1361.11,0.296,1,Y,No,427.34,0.296,1,0
10999,1,357.05,3,16000.0,3548.77,0.222,2,1,N,357.05,0.222,1,0
4539,1,287.86,4,50300.0,21564.48,42.9%,0,0,Yes,287.86,0.429,0,1
5669,2,405.06,1,7900.0,3458.2,43.8%,0,Y,0,405.06,0.43799999999999994,1,0
7872,4,620.66,4,30400.0,3680.79,0.121,1,Y,0,620.66,0.121,1,0
4319,2,353.75,3,14100.0,1525.62,0.108,0,Yes,No,353.75,0.108,1,0
7427,1,245.02,1,34700.0,10418.89,30.0%,1,N,No,245.02,0.3,0,0
10176,4,856.38,4,44400.0,7740.99,0.174,1,1,0,856.38,0.174,1,0
9898,4,1255.5,9,11600.0,7244.71,0.625,1,N,0,1255.5,0.625,0,0
5000,1,211.77,1,44700.0,15244.38,0.341,0,N,Yes,211.77,0.341,0,1
5134,2,765.08,5,23200.0,5655.67,0.244,2,1,0,765.08,0.244,1,0
9012,5,364.16,2,57700.0,7993.48,13.9%,1,Y,N,364.16,0.139,1,0
4823,5,1005.09,7,11500.0,5513.77,0.479,1,Y,0,1005.09,0.479,1,0
8037,3,363.26,3,33800.0,3554.18,0.105,0,1,0,363.26,0.105,1,0
9266,5,491.1,5,28400.0,7890.41,0.278,1,1,N,491.1,0.278,1,0
8945,1,555.81,4,10800.0,1831.32,0.17,0,No,Yes,555.81,0.17,0,1
10820,2,586.17,4,2800.0,715.35,0.255,1,1,0,586.17,0.255,1,0
2993,2,474.26,2,39700.0,4990.37,12.6%,3,Yes,No,474.26,0.126,1,0
5351,3,369.78,4,31600.0,18164.24,0.575,0,1,0,369.78,0.575,1,0
351,4,123.21,1,31700.0,16499.16,0.52,0,0,No,123.21,0.52,0,0
3851,2,329.45,3,24700.0,11893.61,0.482,1,1,N,329.45,0.482,1,0
4771,1,160.6,2,13800.0,6663.16,48.3%,1,0,N,160.6,0.483,0,0
4405,2,332.88,3,50400.0,6716.32,0.133,3,Y,No,332.88,0.133,1,0
1588,1,310.64,3,46100.0,21670.77,0.47,3,No,1,310.64,0.47,0,1
9598,2,266.96,2,9500.0,481.97,0.051,2,1,N,266.96,0.051,1,0
10118,1,373.15,1,23900.0,4983.77,20.9%,0,No,0,373.15,0.209,0,0
10746,1,762.55,7,11000.0,1684.39,0.153,2,No,0,762.55,0.153,0,0
820,3,565.6,6,11700.0,7611.88,0.651,0,1,0,565.6,0.651,1,0
3707,1,255.48,2,17100.0,1585.07,9.3%,0,N,0,255.48,0.09300000000000001,0,0
10636,5,263.84,2,13400.0,3175.2,23.7%,1,Y,0,263.84,0.237,1,0
6720,4,390.63,3,52300.0,9506.74,18.2%,0,1,0,390.63,0.182,1,0
5524,2,218.55,2,48700.0,9474.0,0.195,1,1,0,218.55,0.195,1,0
4109,5,201.97,1,21500.0,3640.95,0.169,0,1,0,201.97,0.169,1,0
6491,1,359.77,2,17800.0,353.31,0.02,2,No,N,359.77,0.02,0,0
5982,5,488.16,3,53900.0,13619.29,25.3%,1,1,N,488.16,0.253,1,0
441,2,1530.32,10,57900.0,22101.78,0.382,3,Yes,N,1530.32,0.382,1,0
4604,1,311.81,5,28700.0,6352.65,0.221,1,0,0,311.81,0.221,0,0
4543,4,764.28,4,14300.0,1841.55,12.9%,2,1,0,764.28,0.129,1,0
932,1,989.14,5,29600.0,15258.92,0.516,2,N,No,989.14,0.516,0,0
7775,2,293.9,3,40000.0,18529.69,0.463,1,Y,0,293.9,0.463,1,0
4512,3,331.26,3,24800.0,6443.0,0.26,0,0,0,331.26,0.26,0,0
7771,3,856.01,8,3300.0,376.73,0.114,1,1,0,856.01,0.114,1,0
5890,3,319.07,2,38000.0,18186.15,0.479,0,1,No,319.07,0.479,1,0
876,1,464.1,4,50600.0,4857.74,0.096,2,1,N,464.1,0.096,1,0
1072,5,361.41,0,7400.0,1332.57,0.18,2,Y,0,361.41,0.18,1,0
436,2,431.83,4,48300.0,13811.71,0.286,1,N,No,431.83,0.286,0,0
8625,3,904.04,6,49400.0,24886.17,0.504,0,0,0,904.04,0.504,0,0
11144,1,330.27,6,15800.0,5181.03,0.328,3,Yes,No,330.27,0.328,1,0
9358,1,396.94,1,19100.0,3989.51,0.209,0,1,Y,396.94,0.209,1,1
7705,3,386.18,1,23600.0,9873.65,0.418,0,Yes,0,386.18,0.418,1,0
8175,3,865.33,4,13000.0,4686.1,0.36,3,Y,0,865.33,0.36,1,0
4452,1,428.15,10,44000.0,18499.37,0.42,2,Y,0,428.15,0.42,1,0
12114,1,243.83,2,59200.0,15920.9,0.269,0,No,Y,243.83,0.269,0,1
2368,3,413.96,3,16700.0,7839.76,0.469,1,Yes,N,413.96,0.469,1,0
904,2,156.12,0,8500.0,2167.85,0.255,2,Y,0,156.12,0.255,1,0
4180,2,641.03,5,6500.0,439.34,0.068,2,1,No,641.03,0.068,1,0
8982,1,355.66,4,36800.0,18497.8,0.503,0,0,N,355.66,0.503,0,0
4429,1,520.66,1,19800.0,8873.88,0.448,1,0,0,520.66,0.448,0,0
7287,1,342.71,1,8400.0,1900.26,22.6%,1,Yes,Y,342.71,0.226,1,1
10166,2,881.27,5,40400.0,16197.82,40.1%,1,No,N,881.27,0.401,0,0
9394,2,429.06,2,59700.0,22291.67,37.3%,1,N,N,429.06,0.373,0,0
7002,2,341.89,1,56900.0,13303.19,0.234,1,Yes,No,341.89,0.234,1,0
2264,1,121.77,0,2500.0,449.63,0.18,0,0,0,121.77,0.18,0,0
8814,2,636.52,3,11800.0,3109.96,0.264,0,1,No,636.52,0.264,1,0
3699,1,262.02,2,50300.0,6136.57,0.122,1,1,0,262.02,0.122,1,0
4089,1,147.15,1,47500.0,21737.33,0.458,2,No,N,147.15,0.458,0,0
3887,5,242.52,0,15300.0,4481.86,0.293,1,1,0,242.52,0.293,1,0
1144,1,173.46,0,15200.0,5225.85,0.344,0,0,1,173.46,0.344,0,1
8725,3,181.12,0,23700.0,13286.55,0.561,0,Y,0,181.12,0.561,1,0
9805,4,156.81,0,44600.0,7874.07,0.177,0,1,No,156.81,0.177,1,0
10873,4,1949.93,2,50700.0,9725.89,0.192,0,Y,No,1949.93,0.192,1,0
1618,4,220.63,1,36500.0,8851.67,0.243,1,1,0,220.63,0.243,1,0
1427,1,331.57,3,43500.0,6132.25,14.1%,1,Y,N,331.57,0.141,1,0
4347,3,331.58,2,32200.0,17715.39,0.55,1,1,0,331.58,0.55,1,0
5562,2,651.53,2,11300.0,1748.56,0.155,2,1,0,651.53,0.155,1,0
1516,1,295.54,1,40300.0,15057.25,0.374,0,Yes,No,295.54,0.374,1,0
6482,3,175.05,2,39500.0,7405.62,18.7%,0,Yes,0,175.05,0.187,1,0
2633,2,1564.15,12,10600.0,783.38,0.074,1,Y,No,1564.15,0.074,1,0
369,1,188.37,0,5700.0,903.21,15.8%,3,Yes,Y,188.37,0.158,1,1
7368,3,349.3,4,58900.0,12323.43,0.209,2,0,0,349.3,0.209,0,0
1386,1,838.65,5,52000.0,9229.77,0.177,0,No,1,838.65,0.177,0,1
8314,4,380.72,2,18300.0,-6890.55,0.377,1,Yes,N,380.72,0.377,1,0
11676,1,705.78,3,20100.0,10548.64,0.525,0,N,No,705.78,0.525,0,0
11871,1,438.24,4,27000.0,13694.67,0.507,1,N,0,438.24,0.507,0,0
6767,2,278.37,3,32300.0,3052.79,0.095,0,Y,0,278.37,0.095,1,0
9104,1,,7,23900.0,17953.91,0.751,0,N,0,760.96,0.751,0,0
8520,2,489.23,2,3200.0,830.42,0.26,1,Y,0,489.23,0.26,1,0
3456,1,61.77,0,24300.0,3830.9,0.158,1,1,0,61.77,0.158,1,0
8663,2,589.84,6,54000.0,39848.07,0.738,1,0,No,589.84,0.738,0,0
1575,2,366.96,2,47100.0,9661.27,0.205,0,1,N,366.96,0.205,1,0
207,5,948.13,6,36400.0,12831.72,0.353,1,1,No,948.13,0.353,1,0
6013,4,542.99,7,49400.0,9909.18,0.201,0,1,0,542.99,0.201,1,0
9270,1,470.25,3,17300.0,5540.62,32.0%,1,1,0,470.25,0.32,1,0
3312,2,414.04,2,11000.0,2057.95,18.7%,1,1,No,414.04,0.187,1,0
4157,4,617.04,2,13800.0,1148.31,0.083,1,1,0,617.04,0.083,1,0
10931,2,825.21,12,37600.0,14171.8,0.377,1,1,No,825.21,0.377,1,0
2811,1,145.25,0,50300.0,9113.44,0.181,0,No,No,145.25,0.181,0,0
10200,3,428.89,2,45300.0,1852.67,4.1%,1,Yes,No,428.89,0.040999999999999995,1,0
11200,1,447.83,5,18600.0,3816.01,0.205,2,N,0,447.83,0.205,0,0
9154,1,154.61,2,38000.0,6026.5,15.9%,3,Yes,1,154.61,0.159,1,1
9823,1,570.99,4,14700.0,4681.77,0.318,0,No,No,570.99,0.318,0,0
8641,1,324.53,2,30800.0,4819.01,0.156,0,1,Y,324.53,0.156,1,1
7819,2,614.75,2,45900.0,7560.35,0.165,1,Y,N,614.75,0.165,1,0
5814,2,731.21,6,14600.0,6922.42,0.474,0,1,0,731.21,0.474,1,0
963,1,510.54,2,8800.0,945.25,0.107,0,0,0,510.54,0.107,0,0
6857,3,446.08,4,60000.0,25517.81,0.425,2,1,0,446.08,0.425,1,0
3923,2,295.95,2,40600.0,10114.18,0.249,0,1,0,295.95,0.249,1,0
7091,3,221.21,2,18400.0,1039.53,5.6%,2,Yes,No,221.21,0.055999999999999994,1,0
8021,2,530.67,3,16500.0,1377.07,0.083,2,1,N,530.67,0.083,1,0
4872,2,398.85,4,45000.0,13672.96,30.4%,1,1,N,398.85,0.304,1,0
11985,2,987.84,11,10800.0,1968.07,0.182,2,1,0,987.84,0.182,1,0
6203,5,420.81,2,27200.0,18070.28,0.664,0,1,N,420.81,0.664,1,0
6950,2,137.86,1,32600.0,14099.22,0.432,1,Y,0,137.86,0.432,1,0
3055,2,302.01,1,10700.0,3905.59,0.365,1,1,No,302.01,0.365,1,0
3088,1,495.52,2,40300.0,2921.57,0.072,0,No,Yes,495.52,0.072,0,1
5043,4,124.86,0,37400.0,8090.89,0.216,0,1,No,124.86,0.216,1,0
4859,1,827.9,6,10100.0,2340.38,0.232,2,No,0,827.9,0.232,0,0
11663,2,695.07,4,57700.0,3801.3,0.066,3,Yes,0,695.07,0.066,1,0
2950,1,554.75,1,21600.0,4407.33,0.204,0,1,Yes,554.75,0.204,1,1
5203,2,545.3,1,8700.0,1995.24,0.229,2,Yes,0,545.3,0.229,1,0
7018,3,353.94,1,57900.0,3399.15,5.9%,2,0,0,353.94,0.059000000000000004,0,0
8819,1,216.33,2,32100.0,9755.95,0.304,0,0,N,216.33,0.304,0,0
2123,5,473.09,3,44900.0,4289.1,0.096,1,Yes,No,473.09,0.096,1,0
5840,2,409.45,2,52500.0,4376.84,0.083,2,1,N,409.45,0.083,1,0
2473,4,615.01,9,58100.0,14144.9,0.243,0,Yes,0,615.01,0.243,1,0
2759,2,476.13,4,19800.0,7737.95,0.391,0,Yes,N,476.13,0.391,1,0
3535,3,,0,29800.0,16245.32,54.5%,1,1,N,231.95,0.545,1,0
3468,3,755.08,6,30500.0,6479.45,0.212,1,Y,N,755.08,0.212,1,0
8101,2,408.68,1,11400.0,5178.27,0.454,0,1,0,408.68,0.454,1,0
3855,2,395.86,5,53600.0,23564.89,0.44,0,Y,0,395.86,0.44,1,0
2530,1,208.28,1,14400.0,2009.36,0.14,0,1,1,208.28,0.14,1,1
2692,2,440.34,2,31600.0,11657.86,0.369,1,1,0,440.34,0.369,1,0
8673,1,561.26,4,23200.0,5263.55,0.227,3,1,1,561.26,0.227,1,1
9069,2,541.36,4,7500.0,2988.59,0.398,2,1,N,541.36,0.398,1,0
455,2,93.93,2,35800.0,8173.0,0.228,0,Yes,0,93.93,0.228,1,0
11714,4,394.82,3,34200.0,2996.35,8.8%,2,1,0,394.82,0.08800000000000001,1,0
2097,2,715.54,5,54600.0,10105.85,0.185,0,No,No,715.54,0.185,0,0
5191,5,332.29,2,41400.0,2045.71,0.049,0,1,0,332.29,0.049,1,0
2898,3,354.32,4,14100.0,1469.12,0.104,1,Yes,0,354.32,0.104,1,0
9708,2,179.03,0,36700.0,7945.35,0.216,2,Y,0,179.03,0.216,1,0
11766,1,183.25,1,16100.0,2820.44,0.175,0,N,N,183.25,0.175,0,0
9264,4,135.92,1,35200.0,15031.86,0.427,3,1,N,135.92,0.427,1,0
8334,4,370.42,2,58700.0,26850.14,0.457,0,Y,N,370.42,0.457,1,0
5546,1,145.91,1,9800.0,3255.52,0.332,0,1,Y,145.91,0.332,1,1
9915,2,1109.18,6,13800.0,1832.4,0.133,2,1,0,1109.18,0.133,1,0
8272,1,192.87,0,41700.0,26793.54,0.643,0,0,1,192.87,0.643,0,1
457,3,268.03,0,43600.0,12609.8,0.289,0,1,0,268.03,0.289,1,0
10626,1,868.86,10,52900.0,28792.47,0.544,0,0,N,868.86,0.544,0,0
4616,2,550.75,5,36200.0,20590.39,0.569,1,Yes,0,550.75,0.569,1,0
2129,5,394.32,0,42100.0,16964.85,0.403,1,1,No,394.32,0.403,1,0
3737,3,296.79,0,57700.0,24293.33,0.421,0,Y,0,296.79,0.421,1,0
1480,1,164.3,1,40500.0,6561.93,0.162,1,No,1,164.3,0.162,0,1
9455,5,1165.55,12,47500.0,13199.67,27.8%,1,Yes,0,1165.55,0.278,1,0
7364,1,124.52,0,12100.0,4619.0,0.382,0,No,Yes,124.52,0.382,0,1
8657,1,412.9,6,58600.0,15309.47,0.261,1,0,N,412.9,0.261,0,0
10357,1,225.92,2,50500.0,1038.32,2.1%,1,0,0,225.92,0.021,0,0
6632,4,569.42,4,32400.0,5885.96,0.182,1,1,No,569.42,0.182,1,0
9432,5,342.69,0,59500.0,25428.37,0.427,0,Y,0,342.69,0.427,1,0
6009,2,211.47,3,18700.0,8308.7,0.444,1,1,N,211.47,0.444,1,0
2726,1,320.26,2,53900.0,12016.64,0.223,1,1,0,320.26,0.223,1,0
5374,3,347.74,0,14800.0,4084.73,0.276,0,1,0,347.74,0.276,1,0
7406,2,386.41,1,7100.0,2279.9,0.321,1,Y,0,386.41,0.321,1,0
8397,2,279.97,2,19600.0,5926.87,0.302,0,Y,0,279.97,0.302,1,0
8152,2,173.88,1,51000.0,16813.43,0.33,0,N,N,173.88,0.33,0,0
10829,2,835.7,5,21800.0,6731.5,0.309,0,1,0,835.7,0.309,1,0
7130,1,302.21,3,30400.0,4419.65,0.145,1,No,1,302.21,0.145,0,1
10955,1,371.01,4,18600.0,4032.15,21.7%,2,Yes,N,371.01,0.217,1,0
11880,1,427.04,1,2400.0,489.12,0.204,2,1,0,427.04,0.204,1,0
6603,1,512.1,3,24300.0,5563.05,22.9%,0,Y,1,512.1,0.22899999999999998,1,1
11735,1,1314.31,7,23300.0,13053.02,0.56,1,0,0,1314.31,0.56,0,0
7696,3,236.86,0,14100.0,4273.72,30.3%,0,N,N,236.86,0.303,0,0
3909,1,355.73,2,3100.0,1026.72,0.331,1,0,No,355.73,0.331,0,0
5967,2,320.95,2,25700.0,8610.98,0.335,2,Yes,0,320.95,0.335,1,0
9615,3,138.25,1,39900.0,18605.72,0.466,1,1,0,138.25,0.466,1,0
9631,1,199.06,0,43700.0,11368.98,0.26,0,0,1,199.06,0.26,0,1
471,2,633.12,4,42200.0,4461.71,10.6%,0,Y,No,633.12,0.106,1,0
11998,2,565.83,2,6000.0,3947.07,0.658,0,0,0,565.83,0.658,0,0
236,1,233.91,4,35200.0,3804.57,0.108,1,0,1,233.91,0.108,0,1
4317,3,335.08,1,42300.0,10242.35,24.2%,1,0,0,335.08,0.242,0,0
528,1,382.07,4,30300.0,4859.42,16.0%,3,1,1,382.07,0.16,1,1
7161,1,885.03,2,43100.0,11022.01,25.6%,0,N,1,885.03,0.256,0,1
7882,1,333.37,1,44200.0,13494.52,0.305,2,0,Yes,333.37,0.305,0,1
8322,1,264.39,1,34300.0,2866.78,0.084,0,No,0,264.39,0.084,0,0
3004,3,403.66,1,47600.0,20757.33,0.436,1,1,N,403.66,0.436,1,0
6356,1,168.15,2,52200.0,12514.48,0.24,0,0,N,168.15,0.24,0,0
5022,3,388.91,2,53100.0,3962.46,0.075,0,1,No,388.91,0.075,1,0
4427,4,305.17,1,53200.0,30978.89,0.582,3,Yes,N,305.17,0.582,1,0
801,3,277.54,1,9400.0,2115.31,0.225,0,Y,0,277.54,0.225,1,0
9080,1,288.36,0,3900.0,1332.34,0.342,1,0,0,288.36,0.342,0,0
2740,1,356.3,8,11900.0,1492.36,0.125,1,0,N,356.3,0.125,0,0
4085,1,118.07,0,22400.0,2785.65,0.124,0,0,0,118.07,0.124,0,0
1058,3,464.05,4,25900.0,14067.74,0.543,3,0,0,464.05,0.543,0,0
3606,4,487.37,9,10600.0,7908.69,74.6%,1,1,0,487.37,0.746,1,0
2971,3,474.79,1,40000.0,3575.47,0.089,1,Yes,0,474.79,0.089,1,0
5092,4,788.49,1,48100.0,2274.6,0.047,2,Y,No,788.49,0.047,1,0
6334,4,595.16,5,24200.0,6323.44,26.1%,0,No,No,595.16,0.261,0,0
7821,2,745.11,3,56100.0,20392.31,0.363,0,1,0,745.11,0.363,1,0
4524,4,372.87,1,2700.0,734.84,0.272,0,1,N,372.87,0.272,1,0
12146,2,370.12,3,25100.0,2441.17,0.097,0,Yes,0,370.12,0.097,1,0
7780,1,485.39,2,29900.0,2622.51,8.8%,2,No,0,485.39,0.08800000000000001,0,0
4964,2,1662.32,11,59300.0,10279.75,0.173,1,Yes,0,1662.32,0.173,1,0
3904,2,790.13,4,56300.0,10360.27,18.4%,1,1,No,790.13,0.184,1,0
4080,1,506.55,4,6000.0,2068.15,34.5%,2,0,No,506.55,0.345,0,0
9666,1,313.76,2,41900.0,2857.38,6.8%,0,No,N,313.76,0.068,0,0
2968,5,575.6,8,39300.0,13038.5,0.332,3,1,0,575.6,0.332,1,0
10888,1,251.85,2,37500.0,16669.68,0.445,2,1,0,251.85,0.445,1,0
5970,2,444.36,5,21600.0,2883.86,0.134,1,Y,0,444.36,0.134,1,0
1424,4,311.53,4,8100.0,1080.68,0.133,1,Y,N,311.53,0.133,1,0
5047,1,276.03,0,38300.0,7406.2,0.193,2,0,No,276.03,0.193,0,0
7953,2,211.98,0,19100.0,5707.96,0.299,1,Yes,0,211.98,0.299,1,0
4173,3,689.37,3,50800.0,6630.56,0.131,2,N,0,689.37,0.131,0,0
1778,1,288.9,0,10200.0,4372.36,0.429,2,0,N,288.9,0.429,0,0
2375,1,511.44,7,31000.0,14836.69,47.9%,1,0,Y,511.44,0.479,0,1
10431,2,306.1,2,15800.0,4956.93,0.314,1,1,0,306.1,0.314,1,0
488,1,324.87,2,53800.0,19170.43,0.356,0,1,0,324.87,0.356,1,0
2728,2,400.68,4,46500.0,21029.2,0.452,0,Yes,No,400.68,0.452,1,0
909,3,435.16,2,57400.0,17457.93,30.4%,0,Y,No,435.16,0.304,1,0
11152,5,330.83,3,50900.0,5042.93,0.099,0,1,No,330.83,0.099,1,0
10883,2,473.12,3,6500.0,1530.38,0.235,1,1,0,473.12,0.235,1,0
6369,3,843.26,5,18500.0,7082.64,0.383,0,1,0,843.26,0.383,1,0
7523,3,921.14,4,48700.0,6542.11,0.134,3,Y,N,921.14,0.134,1,0
6468,4,483.71,4,13400.0,1556.31,0.116,1,Y,No,483.71,0.116,1,0
10893,2,635.75,2,18000.0,2908.18,0.162,0,0,N,635.75,0.162,0,0
5314,1,311.17,0,45600.0,14010.7,0.307,1,0,0,311.17,0.307,0,0
3944,1,285.59,0,35600.0,11599.32,0.326,1,N,0,285.59,0.326,0,0
9707,2,409.93,3,16800.0,5342.45,0.318,2,Yes,No,409.93,0.318,1,0
8383,1,177.55,1,41200.0,20485.42,0.497,0,1,0,177.55,0.497,1,0
9305,3,438.76,3,46200.0,10841.5,0.235,1,Y,0,438.76,0.235,1,0
5806,2,488.67,3,8400.0,2023.11,0.241,0,Yes,No,488.67,0.241,1,0
3465,4,339.91,5,40200.0,15398.32,0.383,0,1,0,339.91,0.383,1,0
8439,1,204.21,0,41700.0,12945.6,0.31,0,No,0,204.21,0.31,0,0
2930,2,415.62,3,22300.0,9311.1,41.8%,0,1,0,415.62,0.418,1,0
228,3,146.23,1,33500.0,6590.79,0.197,2,Yes,N,146.23,0.197,1,0
8607,2,541.09,3,55000.0,9000.49,16.4%,0,1,0,541.09,0.16399999999999998,1,0
2452,1,224.79,0,45400.0,7488.86,0.165,1,Y,N,224.79,0.165,1,0
1170,3,830.03,6,34600.0,5525.96,0.16,0,1,0,830.03,0.16,1,0
8799,5,612.32,7,18800.0,4307.84,0.229,0,1,0,612.32,0.229,1,0
8961,1,613.05,5,42400.0,14215.23,0.335,0,0,1,613.05,0.335,0,1
11481,3,230.25,1,50100.0,3925.08,0.078,2,1,0,230.25,0.078,1,0
2874,4,657.11,6,27800.0,9775.83,35.2%,1,Y,0,657.11,0.35200000000000004,1,0
1301,2,823.72,2,12200.0,3411.25,0.28,1,1,N,823.72,0.28,1,0
10378,1,417.52,3,36100.0,10846.13,30.0%,1,0,No,417.52,0.3,0,0
6972,1,243.29,0,27200.0,10966.9,0.403,1,0,Yes,243.29,0.403,0,1
832,3,780.29,6,22500.0,5930.73,0.264,1,1,0,780.29,0.264,1,0
1977,3,481.64,1,6500.0,3257.46,0.501,1,0,N,481.64,0.501,0,0
4107,5,192.55,1,54900.0,5258.41,9.6%,0,Y,0,192.55,0.096,1,0
3960,1,441.66,3,14200.0,2273.4,0.16,0,Yes,No,441.66,0.16,1,0
8846,2,546.17,4,56800.0,7990.74,0.141,2,1,No,546.17,0.141,1,0
1370,1,238.08,1,36700.0,11187.41,0.305,1,1,N,238.08,0.305,1,0
9224,1,420.31,2,30800.0,12714.85,0.413,2,N,No,420.31,0.413,0,0
712,4,405.34,4,37400.0,7974.5,0.213,0,1,0,405.34,0.213,1,0
946,5,119.93,4,48600.0,13050.09,0.269,0,1,0,119.93,0.269,1,0
6149,1,256.02,1,53300.0,10386.03,0.195,0,No,N,256.02,0.195,0,0
2,3,162.81,1,2100.0,941.7,0.448,1,Yes,0,162.81,0.448,1,0
870,5,521.18,5,29500.0,4365.27,0.148,0,1,N,521.18,0.148,1,0
64,1,136.98,1,36200.0,5342.94,0.148,0,No,0,136.98,0.148,0,0
8221,1,233.87,1,38900.0,9706.12,0.25,1,No,No,233.87,0.25,0,0
5703,1,268.48,0,54700.0,707.27,0.013,1,No,N,268.48,0.013,0,0
8209,1,396.95,2,48700.0,10428.39,21.4%,3,0,0,396.95,0.214,0,0
4899,3,1181.29,10,40000.0,15236.36,38.1%,2,Y,0,1181.29,0.381,1,0
2869,1,230.0,2,28100.0,8845.94,31.5%,1,Yes,0,230.0,0.315,1,0
5565,2,415.83,5,35000.0,2196.98,0.063,1,1,N,415.83,0.063,1,0
7351,5,467.28,5,57000.0,11769.35,0.206,0,1,N,467.28,0.206,1,0
3425,5,1237.27,9,20200.0,10270.89,50.8%,1,0,0,1237.27,0.508,0,0
3355,2,345.04,2,42500.0,22453.63,0.528,1,0,0,345.04,0.528,0,0
11116,4,741.86,4,43800.0,16247.47,0.371,1,1,No,741.86,0.371,1,0
11461,2,567.35,3,47700.0,28962.28,0.607,0,0,0,567.35,0.607,0,0
7782,2,614.05,6,45400.0,27571.2,0.607,2,0,0,614.05,0.607,0,0
10153,2,72.85,0,43700.0,4623.5,0.106,0,Y,No,72.85,0.106,1,0
3943,1,329.02,1,55000.0,17870.34,0.325,0,N,0,329.02,0.325,0,0
8903,1,630.41,3,7900.0,2476.91,0.314,0,0,0,630.41,0.314,0,0
5722,3,241.42,2,51300.0,18764.11,0.366,3,Y,1,241.42,0.366,1,1
5044,2,251.44,3,10300.0,4017.38,0.39,1,1,No,251.44,0.39,1,0
1596,1,955.56,5,9100.0,2151.37,0.236,2,0,0,955.56,0.236,0,0
6382,2,326.99,4,54100.0,6382.66,0.118,0,0,0,326.99,0.118,0,0
11423,2,512.27,0,27100.0,5011.42,0.185,0,Y,No,512.27,0.185,1,0
11600,3,453.13,3,52300.0,16845.39,0.322,1,Y,N,453.13,0.322,1,0
2179,1,799.03,4,15700.0,7779.21,0.495,1,1,N,799.03,0.495,1,0
12086,1,346.6,1,48300.0,4776.97,9.9%,2,0,Y,346.6,0.099,0,1
4454,3,193.33,2,32400.0,17634.11,0.544,0,1,0,193.33,0.544,1,0
2284,1,494.37,1,21200.0,10172.28,0.48,1,0,0,494.37,0.48,0,0
3186,3,477.77,2,29000.0,6464.07,22.3%,3,Y,0,477.77,0.223,1,0
11968,1,436.3,1,14900.0,3092.13,0.208,1,0,N,436.3,0.208,0,0
185,4,492.13,2,40500.0,15849.14,39.1%,1,1,0,492.13,0.391,1,0
9402,1,291.5,7,7600.0,125.64,1.7%,1,N,Y,291.5,0.017,0,1
11034,1,356.63,0,24900.0,5019.1,0.202,0,Yes,N,356.63,0.202,1,0
8206,1,,5,51700.0,15651.33,0.303,2,Yes,Y,575.25,0.303,1,1
4005,1,392.35,5,26500.0,4324.82,16.3%,2,Yes,N,392.35,0.163,1,0
5889,2,447.66,5,5400.0,4114.3,0.762,2,0,N,447.66,0.762,0,0
3106,2,260.73,3,11700.0,442.98,0.038,2,1,No,260.73,0.038,1,0
5585,5,405.6,4,35500.0,10132.95,0.285,1,Y,N,405.6,0.285,1,0
871,2,1068.53,6,30000.0,4556.62,0.152,0,1,0,1068.53,0.152,1,0
58,2,470.69,2,38900.0,4762.3,0.122,2,1,No,470.69,0.122,1,0
5706,4,123.78,1,52300.0,6075.73,0.116,2,Y,0,123.78,0.116,1,0
5619,1,360.62,4,20000.0,8998.49,0.45,1,0,0,360.62,0.45,0,0
9473,4,126.42,0,24600.0,5592.66,0.227,0,Y,N,126.42,0.227,1,0
7639,1,674.42,6,23400.0,2756.19,0.118,0,1,N,674.42,0.118,1,0
715,3,390.7,1,43600.0,6260.38,0.144,0,1,0,390.7,0.144,1,0
7816,1,359.86,3,58800.0,3805.17,6.5%,2,Yes,0,359.86,0.065,1,0
994,1,689.96,5,3800.0,1065.48,0.28,0,0,Yes,689.96,0.28,0,1
5060,2,222.04,0,39400.0,10499.08,0.266,0,1,No,222.04,0.266,1,0
8114,2,261.54,0,16300.0,1932.28,0.119,0,0,Yes,261.54,0.119,0,1
6246,3,494.95,3,23000.0,8133.97,0.354,1,1,N,494.95,0.354,1,0
5854,3,534.24,1,60000.0,4197.36,0.07,3,0,N,534.24,0.07,0,0
6150,2,460.13,4,20200.0,4946.06,0.245,0,1,N,460.13,0.245,1,0
3243,2,457.86,1,33100.0,5049.17,0.153,1,Yes,No,457.86,0.153,1,0
6993,4,490.91,6,33900.0,6564.33,0.194,0,Yes,0,490.91,0.194,1,0
9923,4,531.17,2,18600.0,1913.37,0.103,1,1,0,531.17,0.103,1,0
2796,2,340.81,2,39800.0,23177.57,58.2%,1,1,N,340.81,0.5820000000000001,1,0
5820,1,207.43,0,53400.0,16226.62,30.4%,0,N,No,207.43,0.304,0,0
6753,1,2520.62,27,56400.0,31608.44,0.56,1,0,No,2520.62,0.56,0,0
9691,3,496.45,2,25200.0,9815.78,39.0%,0,1,0,496.45,0.39,1,0
11256,1,770.44,5,52600.0,21162.84,0.402,1,1,0,770.44,0.402,1,0
9583,4,941.48,2,6100.0,1689.84,0.277,2,Y,0,941.48,0.277,1,0
8990,1,247.3,2,16900.0,4104.42,24.3%,1,No,Y,247.3,0.243,0,1
10885,4,100.85,0,54000.0,20059.42,37.1%,3,Y,1,100.85,0.371,1,1
9997,3,352.47,2,50100.0,6514.77,0.13,2,1,0,352.47,0.13,1,0
8674,2,706.15,6,18800.0,3080.47,0.164,1,0,0,706.15,0.164,0,0
7036,1,153.34,1,6700.0,2900.46,43.3%,1,0,0,153.34,0.433,0,0
147,1,239.75,3,54400.0,24198.77,0.445,1,0,No,239.75,0.445,0,0
10263,2,1256.09,7,58900.0,27989.27,47.5%,0,Yes,N,1256.09,0.475,1,0
2766,1,145.89,2,15600.0,5781.83,0.371,1,No,N,145.89,0.371,0,0
7084,1,728.62,6,18400.0,9347.32,0.508,3,0,1,728.62,0.508,0,1
9421,1,203.74,0,26500.0,10697.49,0.404,0,0,Yes,203.74,0.404,0,1
10505,1,242.2,3,46400.0,4942.57,0.107,2,1,0,242.2,0.107,1,0
1844,5,293.21,3,26900.0,12039.61,0.448,1,1,0,293.21,0.448,1,0
9987,2,935.75,6,15500.0,5036.9,0.325,0,Y,No,935.75,0.325,1,0
1224,1,259.0,0,34600.0,10747.16,0.311,0,0,N,259.0,0.311,0,0
2405,2,326.19,2,45300.0,4896.61,0.108,2,Y,No,326.19,0.108,1,0
6910,2,396.35,2,4000.0,1709.52,0.427,0,1,0,396.35,0.427,1,0
858,4,103.05,2,24700.0,9714.63,39.3%,1,1,0,103.05,0.39299999999999996,1,0
2451,2,459.21,2,7700.0,4519.64,0.587,1,N,0,459.21,0.587,0,0
8567,1,427.86,4,32600.0,10080.0,0.309,0,0,Y,427.86,0.309,0,1
11252,1,193.45,0,44400.0,3391.5,0.076,0,0,No,193.45,0.076,0,0
6222,2,1026.98,5,7000.0,1555.97,0.222,1,0,N,1026.98,0.222,0,0
5099,2,190.11,1,20900.0,2482.54,0.119,2,Y,0,190.11,0.119,1,0
3517,1,1300.7,5,58800.0,30615.72,2.02,2,N,0,1300.7,0.521,0,0
11174,5,204.77,2,47600.0,5260.61,11.1%,0,Yes,0,204.77,0.111,1,0
1980,1,790.12,6,40000.0,2008.62,0.05,1,0,No,790.12,0.05,0,0
5799,2,197.89,0,18100.0,1986.93,0.11,0,Y,0,197.89,0.11,1,0
10033,3,835.49,4,12500.0,3402.53,0.272,0,1,No,835.49,0.272,1,0
8847,1,263.76,4,46900.0,17966.83,0.383,0,1,Yes,263.76,0.383,1,1
2526,2,446.11,2,22300.0,12885.4,0.578,0,1,0,446.11,0.578,1,0
5471,3,1057.34,9,49200.0,8508.07,0.173,2,1,No,1057.34,0.173,1,0
1003,1,798.14,4,14100.0,8659.0,0.614,0,N,0,798.14,0.614,0,0
5178,2,324.77,1,47300.0,12085.0,0.255,3,1,Y,324.77,0.255,1,1
7491,1,127.55,0,50000.0,26976.54,0.54,1,N,1,127.55,0.54,0,1
9952,3,547.46,5,29100.0,8147.87,0.28,0,1,N,547.46,0.28,1,0
5084,2,887.11,6,9500.0,1895.41,0.2,1,1,0,887.11,0.2,1,0
3556,2,193.01,1,39900.0,13172.72,0.33,1,1,0,193.01,0.33,1,0
875,1,440.91,2,34200.0,22630.0,0.662,1,No,0,440.91,0.662,0,0
6626,5,141.07,1,28300.0,17289.37,0.611,1,1,N,141.07,0.611,1,0
11347,2,516.72,6,48800.0,13391.76,0.274,0,Y,No,516.72,0.274,1,0
2746,2,306.79,4,34800.0,7987.82,0.23,2,0,0,306.79,0.23,0,0
6734,2,201.72,1,45300.0,18836.88,0.416,1,1,0,201.72,0.416,1,0
3509,2,1119.19,9,24400.0,10662.34,0.437,0,Yes,No,1119.19,0.437,1,0
1763,1,374.23,1,25200.0,5184.73,0.206,0,N,0,374.23,0.206,0,0
11140,2,414.8,5,13600.0,4583.17,0.337,2,Y,N,414.8,0.337,1,0
2061,3,722.04,4,35100.0,11696.84,0.333,1,1,0,722.04,0.333,1,0
11371,3,650.37,6,9900.0,306.77,0.031,0,Y,0,650.37,0.031,1,0
7425,4,218.75,1,20700.0,170.48,0.008,0,Y,No,218.75,0.008,1,0
5862,1,1731.49,14,41200.0,19344.0,0.47,0,0,Yes,1731.49,0.47,0,1
8182,1,611.24,3,21600.0,4679.91,0.217,2,No,1,611.24,0.217,0,1
2684,3,1586.03,14,15700.0,3147.54,0.2,2,Yes,0,1586.03,0.2,1,0
3280,1,548.76,3,35200.0,9735.47,0.277,1,0,0,548.76,0.277,0,0
9894,1,414.43,5,59700.0,13243.74,22.2%,1,N,No,414.43,0.222,0,0
8179,3,436.13,4,10100.0,1739.39,0.172,2,1,0,436.13,0.172,1,0
9093,1,91.98,0,3600.0,1498.08,0.416,4,0,1,91.98,0.416,0,1
3932,2,903.13,4,39100.0,8804.75,0.225,1,1,No,903.13,0.225,1,0
27,3,206.07,2,17800.0,2181.36,12.3%,2,1,0,206.07,0.12300000000000001,1,0
7597,3,249.99,2,7300.0,253.59,0.035,1,1,No,249.99,0.035,1,0
10141,1,191.06,2,3800.0,1046.94,0.276,2,Yes,No,191.06,0.276,1,0
11928,1,197.45,1,42200.0,18219.0,0.432,2,0,N,197.45,0.432,0,0
1346,1,529.98,5,13700.0,6299.76,0.46,3,1,Y,529.98,0.46,1,1
6977,3,832.23,3,50200.0,12351.95,0.246,2,Y,No,832.23,0.246,1,0
7758,1,559.37,6,43900.0,4819.83,0.11,1,1,N,559.37,0.11,1,0
1199,2,467.56,4,25700.0,1978.11,0.077,0,0,N,467.56,0.077,0,0
4568,3,678.91,3,11800.0,630.09,0.053,0,Y,N,678.91,0.053,1,0
9079,2,,7,26900.0,14480.42,0.538,0,Y,N,760.96,0.538,1,0
1644,1,623.67,6,31500.0,7694.04,24.4%,1,N,0,623.67,0.244,0,0
2177,2,334.66,1,51900.0,19099.13,0.368,1,Yes,N,334.66,0.368,1,0
1561,3,303.47,5,39700.0,6121.06,0.154,0,1,0,303.47,0.154,1,0
1838,3,187.19,1,18400.0,5747.31,31.2%,1,1,N,187.19,0.312,1,0
11877,1,321.94,0,35700.0,3398.04,0.095,0,Yes,No,321.94,0.095,1,0
10439,3,523.08,11,35200.0,6162.49,0.175,2,Y,0,523.08,0.175,1,0
1538,1,358.29,1,23700.0,10703.32,45.2%,1,0,1,358.29,0.452,0,1
3894,3,1304.02,10,42400.0,14123.45,0.333,2,Yes,0,1304.02,0.333,1,0
325,2,176.02,1,44900.0,17739.41,0.395,2,Y,0,176.02,0.395,1,0
11245,2,1228.58,12,36600.0,12277.75,0.335,2,1,0,1228.58,0.335,1,0
3533,2,1242.3,10,22700.0,7197.75,31.7%,1,1,0,1242.3,0.317,1,0
7219,3,717.21,3,4400.0,730.3,0.166,0,1,N,717.21,0.166,1,0
9713,2,262.47,0,21000.0,10858.49,51.7%,1,1,No,262.47,0.517,1,0
6209,1,311.86,1,12300.0,1960.53,15.9%,0,N,1,311.86,0.159,0,1
5682,4,555.97,5,54600.0,19237.29,0.352,2,Y,0,555.97,0.352,1,0
1572,4,403.12,3,23300.0,8367.74,0.359,3,Y,1,403.12,0.359,1,1
10701,3,448.58,0,55900.0,7153.76,0.128,2,1,No,448.58,0.128,1,0
7603,4,258.58,0,20900.0,1808.53,8.7%,1,Yes,0,258.58,0.087,1,0
547,1,182.75,0,27300.0,2861.13,0.105,1,1,No,182.75,0.105,1,0
8692,1,455.03,4,21300.0,4323.53,20.3%,3,Y,1,455.03,0.203,1,1
8770,2,593.06,4,56700.0,19268.43,34.0%,0,Y,0,593.06,0.34,1,0
11187,1,1187.58,7,43600.0,21202.39,48.6%,0,1,0,1187.58,0.486,1,0
2339,1,550.6,4,35000.0,2033.87,0.058,1,Y,1,550.6,0.058,1,1
5175,4,367.51,2,53400.0,31028.62,0.581,0,1,0,367.51,0.581,1,0
3238,1,619.07,6,47500.0,17157.76,0.361,0,N,1,619.07,0.361,0,1
11737,1,361.83,3,56200.0,13981.71,0.249,1,0,0,361.83,0.249,0,0
454,1,807.26,5,43100.0,13880.47,0.322,1,N,N,807.26,0.322,0,0
7708,1,669.83,5,33900.0,25240.03,0.745,2,No,0,669.83,0.745,0,0
8772,2,112.36,2,35500.0,14845.4,0.418,0,1,N,112.36,0.418,1,0
10635,2,237.92,2,57400.0,12739.72,0.222,1,Y,N,237.92,0.222,1,0
3208,3,537.87,4,18100.0,5235.04,0.289,1,1,0,537.87,0.289,1,0
55,3,504.51,2,16400.0,2714.86,0.166,2,1,N,504.51,0.166,1,0
984,1,584.88,4,46600.0,9835.43,0.211,0,No,0,584.88,0.211,0,0
4162,2,1560.48,12,56600.0,4594.01,8.1%,0,No,0,1560.48,0.081,0,0
8865,1,417.06,3,17500.0,2026.13,11.6%,2,Yes,No,417.06,0.11599999999999999,1,0
1406,1,770.3,7,58200.0,9970.06,17.1%,1,1,Yes,770.3,0.171,1,1
247,3,297.0,1,48600.0,7364.42,0.152,0,Yes,0,297.0,0.152,1,0
9232,1,454.24,3,54400.0,11042.83,0.203,1,0,No,454.24,0.203,0,0
5309,2,179.56,0,26800.0,8598.62,32.1%,1,Y,N,179.56,0.321,1,0
780,1,651.56,4,12600.0,5836.4,0.463,0,No,0,651.56,0.463,0,0
9888,1,984.99,7,52700.0,17573.7,0.333,0,Yes,0,984.99,0.333,1,0
3365,2,713.79,6,42300.0,18662.72,44.1%,1,Y,0,713.79,0.441,1,0
427,2,307.21,2,52100.0,9921.7,19.0%,0,Y,0,307.21,0.19,1,0
5261,4,668.51,4,41700.0,4212.48,0.101,1,Yes,N,668.51,0.101,1,0
2865,2,417.54,3,53100.0,17062.09,32.1%,0,No,N,417.54,0.321,0,0
3994,1,221.76,2,9200.0,1421.09,0.154,0,0,N,221.76,0.154,0,0
6241,5,776.86,5,35700.0,9271.4,0.26,1,1,No,776.86,0.26,1,0
4415,1,204.72,1,40300.0,12869.48,0.319,0,1,N,204.72,0.319,1,0
2604,3,856.63,7,59700.0,23843.56,0.399,2,Yes,N,856.63,0.399,1,0
3254,2,353.13,0,51100.0,14688.82,0.287,1,Y,0,353.13,0.287,1,0
4968,1,273.27,1,46500.0,12176.51,26.2%,0,0,N,273.27,0.262,0,0
11414,1,281.43,2,21200.0,1730.19,8.2%,1,0,1,281.43,0.08199999999999999,0,1
5325,1,384.23,0,28500.0,6102.49,0.214,2,Yes,0,384.23,0.214,1,0
10022,1,319.48,3,22100.0,13214.38,0.598,1,No,1,319.48,0.598,0,1
2909,2,184.88,0,23200.0,3559.22,0.153,0,1,0,184.88,0.153,1,0
4865,1,158.01,0,57100.0,4354.91,0.076,0,0,1,158.01,0.076,0,1
11396,5,334.82,2,50800.0,22890.02,0.451,1,1,No,334.82,0.451,1,0
5024,4,212.28,1,4000.0,957.69,23.9%,1,1,0,212.28,0.239,1,0
1512,2,414.15,1,52200.0,18568.67,0.356,1,Y,0,414.15,0.356,1,0
8926,1,69.56,0,9600.0,1484.23,0.155,3,Yes,0,69.56,0.155,1,0
1755,1,260.2,1,25800.0,3036.47,0.118,2,1,Yes,260.2,0.118,1,1
4392,3,234.12,3,26000.0,10928.65,0.42,0,Yes,No,234.12,0.42,1,0
9071,3,348.63,1,44200.0,18961.79,0.429,0,Yes,No,348.63,0.429,1,0
7381,1,180.08,3,10900.0,673.44,0.062,0,0,No,180.08,0.062,0,0
1828,1,689.94,3,17400.0,7040.68,40.5%,0,1,0,689.94,0.405,1,0
8460,3,593.53,4,39400.0,14851.32,0.377,0,1,0,593.53,0.377,1,0
11521,2,468.8,3,58100.0,12255.93,21.1%,0,0,No,468.8,0.21100000000000002,0,0
1986,5,180.04,4,39800.0,7633.97,0.192,4,N,0,180.04,0.192,0,0
1444,2,576.58,3,24300.0,7244.68,29.8%,0,1,No,576.58,0.298,1,0
5602,1,858.77,8,53000.0,23853.3,0.45,1,No,No,858.77,0.45,0,0
2908,1,751.52,8,33700.0,12535.46,0.372,1,0,Y,751.52,0.372,0,1
6847,3,1474.46,7,30800.0,4074.23,0.132,0,Y,0,1474.46,0.132,1,0
6134,3,1691.91,5,30300.0,4918.71,0.162,1,Y,0,1691.91,0.162,1,0
8275,2,489.95,2,21800.0,7161.92,0.329,0,0,No,489.95,0.329,0,0
11473,1,299.39,2,46100.0,16244.19,0.352,0,Y,1,299.39,0.352,1,1
8419,1,315.47,2,7900.0,1417.12,17.9%,2,0,No,315.47,0.179,0,0
2639,1,295.72,3,26700.0,4818.82,0.18,2,No,N,295.72,0.18,0,0
7011,1,102.07,1,23000.0,5252.84,0.228,1,0,1,102.07,0.228,0,1
3834,1,431.92,5,8400.0,2528.56,0.301,2,0,Yes,431.92,0.301,0,1
5747,1,212.62,1,5300.0,1608.94,0.304,2,1,No,212.62,0.304,1,0
9968,1,371.91,3,47500.0,9719.0,0.205,0,N,0,371.91,0.205,0,0
4798,2,490.36,1,45000.0,19203.91,42.7%,1,1,No,490.36,0.42700000000000005,1,0
4740,2,243.1,1,29800.0,1124.36,0.038,1,Yes,N,243.1,0.038,1,0
4492,1,413.38,4,17900.0,4459.39,0.249,1,1,1,413.38,0.249,1,1
4682,1,265.48,2,42500.0,3210.19,0.076,0,0,0,265.48,0.076,0,0
6034,3,192.23,1,16300.0,4491.74,0.276,2,1,No,192.23,0.276,1,0
11667,2,,7,35500.0,5581.28,0.157,2,1,No,760.96,0.157,1,0
2572,1,529.37,1,35800.0,6519.51,0.182,2,Yes,0,529.37,0.182,1,0
9629,2,183.97,0,30300.0,5674.4,0.187,2,Yes,0,183.97,0.187,1,0
4722,3,195.14,2,19400.0,162.29,0.8%,2,Yes,No,195.14,0.008,1,0
5918,1,218.53,2,50500.0,8901.17,0.176,1,0,1,218.53,0.176,0,1
11181,2,1157.09,6,15900.0,7874.1,0.495,0,0,No,1157.09,0.495,0,0
7254,3,438.91,2,44800.0,4302.17,0.096,0,Yes,0,438.91,0.096,1,0
5571,1,387.09,2,38100.0,17992.49,0.472,1,No,1,387.09,0.472,0,1
6018,4,307.39,0,25300.0,2844.14,0.112,2,1,No,307.39,0.112,1,0
1835,1,549.51,5,7500.0,3591.62,0.479,1,1,0,549.51,0.479,1,0
4135,5,424.93,4,43300.0,5840.38,13.5%,1,Y,No,424.93,0.135,1,0
5779,3,419.26,4,17700.0,9160.59,51.8%,1,No,0,419.26,0.518,0,0
803,1,314.17,2,40500.0,8450.37,20.9%,1,No,Yes,314.17,0.209,0,1
11695,1,884.04,6,49300.0,37264.11,0.756,0,0,Y,884.04,0.756,0,1
11451,2,224.4,6,45500.0,12600.97,27.7%,0,0,No,224.4,0.27699999999999997,0,0
3130,1,281.59,2,3700.0,417.07,0.113,1,N,0,281.59,0.113,0,0
11330,1,523.2,1,50500.0,12859.67,0.255,1,0,1,523.2,0.255,0,1
1642,1,,3,39300.0,23529.59,0.599,1,0,0,411.22,0.599,0,0
4812,1,571.91,5,16000.0,5720.98,0.358,3,0,Y,571.91,0.358,0,1
11321,2,308.7,2,36300.0,7238.38,0.199,1,Y,0,308.7,0.199,1,0
10974,5,110.34,2,22700.0,4288.25,0.189,4,Y,0,110.34,0.189,1,0
4862,3,707.53,3,52800.0,23895.36,0.453,0,1,0,707.53,0.453,1,0
5390,3,377.22,1,2100.0,206.54,0.098,0,1,0,377.22,0.098,1,0
11110,2,238.19,3,30100.0,5503.77,0.183,1,Yes,0,238.19,0.183,1,0
10731,3,92.81,1,36300.0,9957.66,27.4%,1,1,0,92.81,0.27399999999999997,1,0
6035,2,1539.49,12,30500.0,13737.09,0.45,0,1,N,1539.49,0.45,1,0
3253,3,375.86,2,21700.0,5663.53,0.261,0,Y,0,375.86,0.261,1,0
12131,1,141.5,2,54600.0,27539.68,0.504,0,0,Y,141.5,0.504,0,1
2225,4,,3,9800.0,3301.71,0.337,1,1,N,411.22,0.337,1,0
9169,2,566.27,4,3700.0,2109.47,57.0%,2,0,0,566.27,0.57,0,0
11158,1,381.27,3,35100.0,10041.78,0.286,1,N,0,381.27,0.286,0,0
7905,5,216.72,1,52800.0,26579.13,0.503,2,1,No,216.72,0.503,1,0
8548,1,592.52,3,17200.0,6313.73,0.367,0,N,No,592.52,0.367,0,0
2096,3,184.6,2,30100.0,7888.85,0.262,0,Yes,No,184.6,0.262,1,0
8426,5,804.21,7,23200.0,5033.39,0.217,0,N,No,804.21,0.217,0,0
7848,4,414.25,2,29100.0,15250.28,52.4%,0,0,No,414.25,0.524,0,0
10595,5,512.85,7,48800.0,14961.59,0.307,1,No,0,512.85,0.307,0,0
7689,1,661.63,2,28600.0,5083.9,0.178,1,N,No,661.63,0.178,0,0
6891,2,,2,55200.0,1057.39,0.019,2,Yes,0,339.29,0.019,1,0
313,1,306.87,2,46800.0,19113.55,0.408,2,N,No,306.87,0.408,0,0
1288,1,319.18,2,7800.0,2236.84,0.287,1,Yes,0,319.18,0.287,1,0
8925,2,380.11,5,58100.0,28222.34,48.6%,0,1,No,380.11,0.486,1,0
1775,2,445.94,3,43700.0,14070.76,0.322,1,1,N,445.94,0.322,1,0
2010,4,367.15,5,45300.0,12665.09,0.28,2,1,No,367.15,0.28,1,0
8067,2,839.28,4,22500.0,8702.05,0.387,1,Y,0,839.28,0.387,1,0
9220,2,439.36,2,24300.0,16086.44,66.2%,0,No,N,439.36,0.662,0,0
10991,3,191.09,1,21900.0,10044.24,0.459,1,1,Y,191.09,0.459,1,1
2462,2,590.48,8,16300.0,5237.29,32.1%,2,1,N,590.48,0.321,1,0
296,1,648.78,6,49400.0,3776.68,0.076,0,0,0,648.78,0.076,0,0
10594,3,120.78,1,26800.0,6015.48,0.224,1,1,1,120.78,0.224,1,1
267,2,237.76,4,31400.0,9753.46,31.1%,0,0,N,237.76,0.311,0,0
5560,3,176.97,1,22100.0,7030.77,0.318,0,Yes,0,176.97,0.318,1,0
11016,1,358.0,2,6000.0,2995.69,0.499,0,1,0,358.0,0.499,1,0
7265,2,325.28,1,5200.0,2776.06,0.534,1,1,0,325.28,0.534,1,0
2823,1,266.1,0,26300.0,11488.99,0.437,2,No,N,266.1,0.437,0,0
3267,1,481.7,0,47200.0,10946.9,0.232,1,No,Yes,481.7,0.232,0,1
6954,3,187.83,3,3200.0,1232.42,0.385,0,Y,N,187.83,0.385,1,0
3859,3,123.82,1,22600.0,2838.27,0.126,0,1,0,123.82,0.126,1,0
358,4,1287.29,13,9600.0,4564.4,0.475,1,1,Yes,1287.29,0.475,1,1
3249,3,555.76,5,5000.0,1928.27,38.6%,3,Yes,N,555.76,0.386,1,0
6869,3,452.45,5,47700.0,22218.76,0.466,0,1,N,452.45,0.466,1,0
1746,2,600.88,4,44300.0,9896.9,0.223,0,1,N,600.88,0.223,1,0
1179,1,326.74,3,48600.0,22558.11,0.464,1,Yes,Y,326.74,0.464,1,1
4689,2,515.22,7,29700.0,4709.49,15.9%,0,Y,0,515.22,0.159,1,0
757,1,299.81,0,16600.0,642.17,0.039,1,0,No,299.81,0.039,0,0
10585,2,145.96,2,25900.0,1324.62,0.051,1,1,N,145.96,0.051,1,0
1182,1,215.69,1,48600.0,14976.95,0.308,1,N,Yes,215.69,0.308,0,1
3383,2,473.17,6,6400.0,1562.78,0.244,0,1,0,473.17,0.244,1,0
5535,4,797.37,7,49300.0,32102.86,0.651,2,No,0,797.37,0.651,0,0
5468,3,349.09,2,43600.0,6329.82,14.5%,2,N,N,349.09,0.145,0,0
2054,2,258.73,2,16700.0,3498.58,0.209,2,1,0,258.73,0.209,1,0
1340,2,443.64,4,55900.0,5679.02,10.2%,2,0,0,443.64,0.102,0,0
11780,1,253.09,2,32700.0,6959.9,0.213,1,0,No,253.09,0.213,0,0
3095,1,1023.14,6,25400.0,5869.24,0.231,1,1,0,1023.14,0.231,1,0
4187,5,117.27,3,42900.0,12277.26,0.286,1,1,No,117.27,0.286,1,0
11955,3,526.03,11,33000.0,8891.49,0.269,1,Yes,N,526.03,0.269,1,0
11355,2,280.82,2,40600.0,14530.29,0.358,1,1,0,280.82,0.358,1,0
3983,5,772.61,1,31600.0,5515.06,0.175,0,Yes,0,772.61,0.175,1,0
1594,1,210.49,2,58300.0,11032.61,0.189,1,0,No,210.49,0.189,0,0
9601,1,696.12,5,27900.0,1086.09,0.039,0,0,0,696.12,0.039,0,0
3399,3,188.34,0,23400.0,7755.95,0.331,0,Yes,0,188.34,0.331,1,0
9320,2,334.11,3,23100.0,14446.96,0.625,0,1,No,334.11,0.625,1,0
3589,2,224.85,0,57500.0,31544.03,54.9%,2,1,No,224.85,0.5489999999999999,1,0
11632,1,452.84,3,50600.0,25481.87,0.504,1,No,0,452.84,0.504,0,0
967,1,139.59,1,59700.0,11707.38,19.6%,2,No,N,139.59,0.196,0,0
1499,2,365.1,5,7200.0,1963.6,27.3%,2,1,No,365.1,0.273,1,0
11884,2,152.83,1,43500.0,13760.3,0.316,0,1,0,152.83,0.316,1,0
6072,5,335.49,0,13400.0,1904.64,0.142,3,1,N,335.49,0.142,1,0
1495,2,458.73,1,23800.0,5273.7,22.2%,1,Y,0,458.73,0.222,1,0
754,1,376.87,2,42100.0,12826.96,0.305,1,No,1,376.87,0.305,0,1
11965,2,291.91,4,12600.0,3251.65,0.258,1,1,0,291.91,0.258,1,0
741,2,225.43,2,10600.0,2794.63,0.264,5,1,0,225.43,0.264,1,0
1050,2,308.41,4,44400.0,14203.5,0.32,1,Yes,No,308.41,0.32,1,0
9919,3,501.07,2,15200.0,7257.29,0.477,1,1,0,501.07,0.477,1,0
10099,3,874.36,8,42000.0,12091.47,0.288,0,1,0,874.36,0.288,1,0
7052,1,,2,58700.0,23314.27,0.397,2,Yes,Y,339.29,0.397,1,1
1041,3,422.35,0,37400.0,9335.47,25.0%,1,Y,0,422.35,0.25,1,0
7622,1,506.1,4,46200.0,5886.89,12.7%,2,0,No,506.1,0.127,0,0
1385,2,186.36,0,27700.0,6225.82,22.5%,2,Y,0,186.36,0.225,1,0
11198,2,356.04,2,26300.0,4756.98,0.181,1,N,0,356.04,0.181,0,0
11744,1,1155.55,7,15900.0,3363.27,0.212,2,N,No,1155.55,0.212,0,0
5147,1,183.8,0,52200.0,12360.23,0.237,0,No,1,183.8,0.237,0,1
1672,2,1096.6,10,12100.0,3200.34,0.264,2,1,0,1096.6,0.264,1,0
5371,2,523.12,4,43600.0,17182.47,0.394,4,1,0,523.12,0.394,1,0
8042,1,542.63,4,18200.0,531.39,0.029,2,Yes,No,542.63,0.029,1,0
11635,1,1124.49,6,43400.0,28545.44,0.658,0,N,0,1124.49,0.658,0,0
9177,2,153.13,1,13400.0,6696.44,50.0%,0,0,0,153.13,0.5,0,0
2402,2,393.33,1,41000.0,11311.16,27.6%,1,Yes,0,393.33,0.276,1,0
2594,1,1679.79,11,43200.0,11817.81,0.274,0,0,N,1679.79,0.274,0,0
1692,2,355.85,2,41600.0,9691.76,23.3%,1,1,0,355.85,0.233,1,0
11621,3,308.39,3,48700.0,24530.17,0.504,0,0,No,308.39,0.504,0,0
4538,5,236.43,0,32100.0,10299.87,0.321,2,Yes,0,236.43,0.321,1,0
465,1,230.41,1,35900.0,14324.01,0.399,1,N,No,230.41,0.399,0,0
9827,2,,6,45900.0,17023.23,37.1%,0,Yes,No,668.98,0.371,1,0
5464,3,747.35,4,15700.0,1834.99,0.117,0,1,0,747.35,0.117,1,0
3059,5,828.26,7,26200.0,6657.77,0.254,4,Y,N,828.26,0.254,1,0
9771,2,420.97,4,57700.0,11267.56,0.195,3,Yes,No,420.97,0.195,1,0
1173,2,365.9,3,20200.0,7301.69,0.361,0,Yes,0,365.9,0.361,1,0
6631,3,,1,15400.0,181.93,0.012,2,1,0,272.54,0.012,1,0
6194,2,278.36,1,44500.0,20490.72,0.46,3,Y,1,278.36,0.46,1,1
8721,1,611.59,4,26600.0,6468.78,0.243,1,Yes,No,611.59,0.243,1,0
12088,1,679.8,7,9700.0,6559.2,67.6%,0,No,Y,679.8,0.6759999999999999,0,1
2741,1,525.55,4,26600.0,9424.88,0.354,3,0,Yes,525.55,0.354,0,1
8785,3,464.38,4,38600.0,8941.19,0.232,0,Y,0,464.38,0.232,1,0
1079,1,1054.51,6,18300.0,1780.16,0.097,0,Y,0,1054.51,0.097,1,0
11030,3,344.82,0,51600.0,8722.23,0.169,0,1,No,344.82,0.169,1,0
386,1,310.42,2,56000.0,14326.43,0.256,1,No,N,310.42,0.256,0,0
2750,3,1015.06,6,51800.0,24812.51,0.479,3,Y,1,1015.06,0.479,1,1
4562,3,375.06,3,37700.0,9755.67,0.259,0,Y,N,375.06,0.259,1,0
11851,1,193.06,2,6700.0,1975.69,29.5%,2,N,N,193.06,0.295,0,0
10214,2,399.07,5,40900.0,18357.71,44.9%,1,Y,0,399.07,0.449,1,0
10805,2,170.86,0,33000.0,15364.87,0.466,1,Y,No,170.86,0.466,1,0
8575,1,296.48,1,39000.0,26516.27,0.68,2,0,1,296.48,0.68,0,1
7119,1,175.5,1,9200.0,6314.35,0.686,1,0,N,175.5,0.686,0,0
3682,4,326.83,1,8600.0,2639.58,30.7%,1,Yes,N,326.83,0.307,1,0
3968,4,521.66,2,56200.0,10653.87,19.0%,2,N,0,521.66,0.19,0,0
3296,3,364.4,3,46100.0,6268.93,13.6%,0,1,0,364.4,0.136,1,0
108,1,729.64,4,18100.0,4099.0,0.226,0,No,0,729.64,0.226,0,0
11329,2,416.35,3,42200.0,15237.99,36.1%,3,Yes,0,416.35,0.361,1,0
3881,1,1094.96,6,55200.0,20301.43,36.8%,0,Y,No,1094.96,0.368,1,0
5577,1,429.16,2,19400.0,628.42,0.032,1,0,0,429.16,0.032,0,0
6373,1,934.71,4,14700.0,7547.42,51.3%,0,0,1,934.71,0.513,0,1
8325,3,687.52,6,48000.0,20845.33,0.434,1,N,No,687.52,0.434,0,0
2236,3,429.29,2,46000.0,4122.98,0.09,1,Yes,No,429.29,0.09,1,0
5496,2,793.61,3,32300.0,4978.65,0.154,0,1,0,793.61,0.154,1,0
7896,3,657.35,10,38700.0,11589.31,29.9%,0,1,0,657.35,0.299,1,0
2047,4,717.45,1,56400.0,16359.9,0.29,1,Yes,N,717.45,0.29,1,0
5121,3,214.84,2,31600.0,11936.24,0.378,0,Y,No,214.84,0.378,1,0
567,1,376.62,1,32100.0,19390.11,0.604,3,No,No,376.62,0.604,0,0
5727,2,707.0,6,55300.0,31361.11,0.567,0,1,N,707.0,0.567,1,0
2984,2,209.68,2,28000.0,10242.27,36.6%,0,0,N,209.68,0.366,0,0
10202,2,831.67,6,52100.0,19680.77,0.378,1,1,0,831.67,0.378,1,0
4402,2,191.46,1,27200.0,3653.47,0.134,1,Y,0,191.46,0.134,1,0
2920,4,342.75,1,39400.0,16072.16,40.8%,0,1,0,342.75,0.408,1,0
2385,3,255.63,1,54100.0,9533.38,0.176,0,Y,No,255.63,0.176,1,0
6718,1,226.44,2,42300.0,26567.12,0.628,0,No,No,226.44,0.628,0,0
11349,3,1026.64,7,18900.0,3283.56,17.4%,2,1,N,1026.64,0.174,1,0
2343,4,1078.47,11,16500.0,5701.79,0.346,0,1,No,1078.47,0.346,1,0
6479,2,405.02,7,10700.0,3094.48,0.289,0,Yes,No,405.02,0.289,1,0
4693,3,468.78,3,49500.0,13246.4,26.8%,1,1,N,468.78,0.268,1,0
9091,4,836.81,7,3800.0,2210.0,0.582,0,Yes,N,836.81,0.582,1,0
9315,1,,1,17400.0,3741.75,21.5%,1,No,1,272.54,0.215,0,1
2551,2,616.55,2,37500.0,7894.07,21.1%,1,1,0,616.55,0.21100000000000002,1,0
3548,3,513.64,2,43300.0,14119.47,32.6%,0,1,0,513.64,0.326,1,0
1866,1,317.82,6,11800.0,1131.15,0.096,0,0,0,317.82,0.096,0,0
7198,3,658.84,6,34300.0,12186.93,0.355,1,1,No,658.84,0.355,1,0
11970,2,521.73,4,43600.0,2469.06,0.057,0,Yes,0,521.73,0.057,1,0
9199,2,979.26,8,3000.0,226.97,0.076,2,N,0,979.26,0.076,0,0
5492,1,275.14,1,6200.0,1647.58,26.6%,2,0,1,275.14,0.266,0,1
7263,1,451.69,2,36100.0,15598.63,0.432,0,No,0,451.69,0.432,0,0
4325,2,520.75,4,28800.0,12655.73,0.439,1,1,0,520.75,0.439,1,0
3414,2,878.61,5,5800.0,519.63,0.09,1,Y,0,878.61,0.09,1,0
10615,2,1582.62,9,19600.0,5735.86,0.293,1,Yes,N,1582.62,0.293,1,0
7942,1,275.72,0,22200.0,4167.27,0.188,0,0,0,275.72,0.188,0,0
10714,1,339.53,2,10300.0,5317.97,0.516,1,0,N,339.53,0.516,0,0
8174,4,286.08,0,18300.0,3621.1,0.198,1,Yes,No,286.08,0.198,1,0
9522,2,277.71,0,50300.0,11013.5,0.219,1,1,N,277.71,0.219,1,0
11488,2,603.91,3,3900.0,888.6,0.228,0,1,No,603.91,0.228,1,0
4951,5,184.14,3,17400.0,7012.75,0.403,0,Yes,N,184.14,0.403,1,0
9123,1,641.77,4,30200.0,7328.71,24.3%,0,1,Yes,641.77,0.243,1,1
6984,2,357.88,3,3900.0,672.35,17.2%,0,1,N,357.88,0.172,1,0
6612,3,,1,56100.0,10802.1,19.3%,1,1,No,272.54,0.193,1,0
12123,5,892.76,5,58600.0,23274.28,0.397,2,1,No,892.76,0.397,1,0
11946,1,286.45,3,50300.0,5398.06,0.107,1,0,No,286.45,0.107,0,0
11991,3,194.56,1,16500.0,8524.1,0.517,0,Y,0,194.56,0.517,1,0
11765,1,129.95,0,33300.0,7983.75,0.24,0,No,Yes,129.95,0.24,0,1
6697,2,1015.34,2,53600.0,7195.22,13.4%,3,1,N,1015.34,0.134,1,0
10018,1,595.3,4,24100.0,653.24,0.027,1,0,N,595.3,0.027,0,0
2427,1,567.08,4,55000.0,19495.67,0.354,1,0,0,567.08,0.354,0,0
7659,2,408.88,0,47000.0,24291.18,0.517,2,Y,0,408.88,0.517,1,0
5638,3,524.59,0,16100.0,1929.45,0.12,1,Yes,No,524.59,0.12,1,0
10592,3,210.83,0,15900.0,6228.68,0.392,2,Y,No,210.83,0.392,1,0
2828,4,583.81,3,35200.0,20255.51,0.575,0,Yes,0,583.81,0.575,1,0
3432,2,229.64,2,29900.0,1791.7,0.06,1,N,0,229.64,0.06,0,0
900,2,314.24,2,4400.0,2527.62,0.574,1,N,0,314.24,0.574,0,0
5397,2,288.27,2,2400.0,758.43,0.316,1,Yes,0,288.27,0.316,1,0
11596,3,950.77,4,54200.0,14822.8,0.273,1,1,0,950.77,0.273,1,0
5010,2,,2,8000.0,3384.08,0.423,1,1,N,339.29,0.423,1,0
11961,1,684.06,6,24300.0,9123.91,0.375,0,Yes,Y,684.06,0.375,1,1
2100,2,232.04,1,19700.0,2654.55,0.135,1,Y,N,232.04,0.135,1,0
4267,3,397.33,3,37700.0,15970.46,0.424,1,Y,0,397.33,0.424,1,0
6672,2,285.05,1,43900.0,20203.64,0.46,2,Y,No,285.05,0.46,1,0
9703,1,368.78,3,41500.0,12857.94,0.31,1,No,N,368.78,0.31,0,0
5423,1,296.19,2,27800.0,2137.49,7.7%,0,N,0,296.19,0.077,0,0
10856,1,776.4,11,19300.0,5064.23,0.262,0,1,Y,776.4,0.262,1,1
3677,5,296.4,3,17300.0,3486.85,0.202,3,Yes,0,296.4,0.202,1,0
5517,2,145.56,1,20700.0,3310.63,0.16,2,1,No,145.56,0.16,1,0
2206,2,,1,31400.0,7590.26,0.242,2,1,No,272.54,0.242,1,0
10628,2,648.59,3,18800.0,2408.84,0.128,1,1,0,648.59,0.128,1,0
3525,3,174.63,2,29200.0,1402.54,0.048,0,Yes,No,174.63,0.048,1,0
8138,2,287.39,2,8500.0,1420.23,0.167,2,1,0,287.39,0.167,1,0
9178,1,960.64,7,5000.0,322.23,0.064,1,0,No,960.64,0.064,0,0
9306,2,269.9,1,14100.0,2884.91,0.205,1,Yes,0,269.9,0.205,1,0
6312,4,409.97,2,47400.0,21222.03,0.448,4,Y,Yes,409.97,0.448,1,1
8456,2,561.25,5,26400.0,7497.9,0.284,0,Y,N,561.25,0.284,1,0
405,1,668.9,4,43600.0,24116.96,0.553,0,0,0,668.9,0.553,0,0
9836,2,169.11,3,40600.0,19055.07,0.469,0,1,0,169.11,0.469,1,0
9260,4,202.25,2,56700.0,17355.8,0.306,1,Yes,0,202.25,0.306,1,0
4418,2,476.25,3,11700.0,2261.7,0.193,0,1,No,476.25,0.193,1,0
11729,2,576.53,8,7000.0,3201.3,45.7%,1,Y,0,576.53,0.457,1,0
3090,2,759.64,4,33500.0,17252.6,0.515,2,0,0,759.64,0.515,0,0
594,2,143.38,2,28900.0,13607.95,0.471,1,Yes,N,143.38,0.471,1,0
5939,3,113.74,0,49600.0,4275.86,0.086,1,Y,0,113.74,0.086,1,0
10877,1,376.57,5,28700.0,4060.69,0.141,2,N,0,376.57,0.141,0,0
3704,1,413.68,4,7800.0,3839.95,0.492,0,0,1,413.68,0.492,0,1
10318,2,,4,23500.0,9587.55,0.408,1,1,0,507.11,0.408,1,0
10838,5,659.6,6,23400.0,7653.01,0.327,1,Yes,0,659.6,0.327,1,0
3121,5,216.95,0,34900.0,11813.13,33.8%,0,1,0,216.95,0.33799999999999997,1,0
2567,1,1464.14,14,22200.0,9798.94,0.441,1,0,N,1464.14,0.441,0,0
7010,1,190.97,1,28200.0,9228.26,0.327,0,No,Yes,190.97,0.327,0,1
2362,2,1284.45,15,28300.0,14650.85,0.518,3,Yes,1,1284.45,0.518,1,1
11276,5,269.62,3,26500.0,3103.11,0.117,1,Y,N,269.62,0.117,1,0
571,5,423.51,4,59500.0,2736.82,0.046,0,1,N,423.51,0.046,1,0
5796,4,581.16,8,57100.0,25014.96,0.438,0,1,0,581.16,0.438,1,0
11125,1,1096.86,10,8400.0,3400.95,40.5%,0,Y,0,1096.86,0.405,1,0
2098,3,446.25,4,11300.0,1474.95,0.131,0,1,0,446.25,0.131,1,0
3102,2,507.06,1,25000.0,7147.81,28.6%,2,1,0,507.06,0.28600000000000003,1,0
9664,1,1160.88,12,22300.0,6694.98,0.3,1,No,N,1160.88,0.3,0,0
9142,4,1192.46,5,48200.0,5990.62,0.124,2,Yes,0,1192.46,0.124,1,0
4852,5,219.17,3,21600.0,8203.55,0.38,1,Yes,No,219.17,0.38,1,0
5847,3,1114.1,10,13000.0,5370.16,0.413,1,Y,1,1114.1,0.413,1,1
3812,1,207.01,1,54500.0,11868.64,21.8%,2,1,Y,207.01,0.218,1,1
10034,2,475.94,2,7100.0,3704.01,0.522,2,0,No,475.94,0.522,0,0
1483,2,,1,54300.0,10395.52,0.191,0,1,No,272.54,0.191,1,0
9170,1,536.27,8,36600.0,15450.3,0.422,1,0,No,536.27,0.422,0,0
7212,5,305.52,0,18900.0,8032.38,0.425,1,1,No,305.52,0.425,1,0
8072,4,358.46,4,4400.0,502.82,0.114,1,Yes,No,358.46,0.114,1,0
12048,3,172.62,2,16200.0,3308.63,20.4%,0,1,No,172.62,0.204,1,0
5949,2,934.85,0,16900.0,9852.69,0.583,3,No,0,934.85,0.583,0,0
8591,3,231.75,4,43800.0,10341.95,0.236,1,Yes,0,231.75,0.236,1,0
8405,2,436.71,3,38900.0,4887.44,0.126,1,1,0,436.71,0.126,1,0
5594,2,164.72,1,28700.0,7998.3,0.279,1,1,No,164.72,0.279,1,0
7516,1,400.56,6,18700.0,4135.72,0.221,0,N,N,400.56,0.221,0,0
2201,1,319.44,3,18600.0,6315.41,0.34,2,0,Yes,319.44,0.34,0,1
10489,2,279.24,2,22600.0,1591.14,0.07,0,Yes,No,279.24,0.07,1,0
5757,4,645.53,3,17700.0,2005.97,0.113,1,1,No,645.53,0.113,1,0
3222,1,115.51,1,53900.0,24836.07,0.461,1,0,1,115.51,0.461,0,1
5434,1,308.97,2,53300.0,8431.5,0.158,3,No,1,308.97,0.158,0,1
4169,2,232.39,1,46100.0,20636.19,0.448,1,Yes,No,232.39,0.448,1,0
11165,1,657.5,5,16000.0,3658.21,0.229,1,No,0,657.5,0.229,0,0
9038,1,420.37,3,36700.0,5961.03,0.162,1,0,Y,420.37,0.162,0,1
10486,4,513.25,5,46900.0,10388.55,22.2%,0,1,0,513.25,0.222,1,0
3643,1,645.98,7,46000.0,7846.76,0.171,0,N,0,645.98,0.171,0,0
1751,1,286.89,2,4500.0,825.62,0.183,0,0,0,286.89,0.183,0,0
4316,5,432.12,3,41600.0,5183.37,0.125,0,Yes,0,432.12,0.125,1,0
158,2,253.1,1,16300.0,3379.6,20.7%,1,1,N,253.1,0.207,1,0
6505,2,147.33,0,55900.0,18520.3,33.1%,2,Yes,0,147.33,0.331,1,0
4705,3,594.28,3,44800.0,17524.95,0.391,0,1,0,594.28,0.391,1,0
3872,1,1329.82,6,59300.0,18049.4,0.304,4,0,Y,1329.82,0.304,0,1
10402,2,183.77,0,13900.0,6906.2,0.497,1,Yes,0,183.77,0.497,1,0
11951,5,169.99,2,6000.0,145.48,0.024,1,1,No,169.99,0.024,1,0
1650,3,124.23,1,9200.0,4696.03,0.51,0,1,0,124.23,0.51,1,0
1414,3,235.63,3,43100.0,17683.07,0.41,1,N,0,235.63,0.41,0,0
1349,2,729.04,5,5700.0,2110.06,0.37,0,1,0,729.04,0.37,1,0
6191,5,195.49,2,46100.0,9145.2,19.8%,1,Yes,0,195.49,0.198,1,0
9202,2,567.29,0,12200.0,996.0,0.082,0,1,No,567.29,0.082,1,0
10062,2,2797.85,13,45400.0,11288.78,0.249,1,1,0,2797.85,0.249,1,0
8876,1,447.67,5,6800.0,2607.05,0.383,1,1,N,447.67,0.383,1,0
9055,1,1387.02,7,42900.0,19284.14,0.45,0,N,N,1387.02,0.45,0,0
3783,3,382.07,1,44700.0,15565.64,0.348,0,1,N,382.07,0.348,1,0
9272,2,208.06,1,45300.0,14375.39,0.317,1,1,No,208.06,0.317,1,0
8640,2,268.54,1,28300.0,8964.61,0.317,0,Yes,0,268.54,0.317,1,0
12170,2,235.02,0,15300.0,4232.06,0.277,0,0,N,235.02,0.277,0,0
3170,2,220.62,1,44800.0,3050.9,0.068,1,Y,No,220.62,0.068,1,0
10777,3,478.56,1,50300.0,25678.54,51.1%,0,No,No,478.56,0.511,0,0
6309,4,100.5,3,21200.0,5869.92,27.7%,1,1,No,100.5,0.27699999999999997,1,0
2599,1,411.92,5,26200.0,6781.76,25.9%,0,0,0,411.92,0.259,0,0
919,1,521.8,5,24600.0,5127.44,0.208,0,0,0,521.8,0.208,0,0
6782,1,470.09,3,15200.0,6499.44,42.8%,0,No,Y,470.09,0.428,0,1
8980,2,526.79,3,46300.0,5860.61,0.127,1,0,0,526.79,0.127,0,0
7901,1,366.55,5,56200.0,8565.8,0.152,0,N,1,366.55,0.152,0,1
1333,5,44.04,1,22300.0,8142.28,0.365,0,1,No,44.04,0.365,1,0
6980,2,191.28,2,18100.0,2268.21,0.125,0,1,0,191.28,0.125,1,0
7116,5,455.74,1,12300.0,1097.07,8.9%,2,1,No,455.74,0.08900000000000001,1,0
10460,2,761.58,2,28500.0,2911.96,0.102,2,N,0,761.58,0.102,0,0
6092,3,598.07,5,25300.0,14344.11,0.567,0,Y,No,598.07,0.567,1,0
8609,2,249.1,2,33800.0,12747.69,0.377,1,Yes,0,249.1,0.377,1,0
11805,5,743.99,6,17400.0,9831.55,0.565,0,Yes,0,743.99,0.565,1,0
11579,1,393.23,4,57400.0,22003.06,0.383,0,0,Y,393.23,0.383,0,1
5951,2,236.51,1,15500.0,8123.64,0.524,0,Y,0,236.51,0.524,1,0
12050,3,268.75,0,27800.0,3174.63,11.4%,2,Yes,0,268.75,0.114,1,0
7441,3,417.86,6,54400.0,19245.44,0.354,3,1,0,417.86,0.354,1,0
6348,1,110.03,0,33800.0,5172.53,0.153,2,0,0,110.03,0.153,0,0
3104,1,400.36,3,27900.0,3655.48,0.131,4,0,Y,400.36,0.131,0,1
10358,1,165.92,0,39600.0,13553.88,0.342,0,N,N,165.92,0.342,0,0
2533,2,556.09,1,8400.0,1916.22,0.228,0,1,0,556.09,0.228,1,0
6448,1,677.73,3,5600.0,999.73,17.9%,0,N,No,677.73,0.179,0,0
2329,2,894.9,3,55900.0,22354.01,0.4,0,Yes,0,894.9,0.4,1,0
4902,3,324.41,3,33500.0,7165.69,0.214,1,No,No,324.41,0.214,0,0
9088,2,624.83,3,32800.0,2100.7,0.064,4,Y,N,624.83,0.064,1,0
2429,3,400.07,4,59900.0,18548.25,0.31,1,1,N,400.07,0.31,1,0
7280,2,333.0,3,55400.0,17340.97,0.313,1,1,0,333.0,0.313,1,0
11543,2,1083.02,7,9600.0,1118.43,0.117,1,Yes,No,1083.02,0.117,1,0
6947,5,227.52,1,46800.0,12119.07,0.259,0,No,N,227.52,0.259,0,0
3906,3,141.91,1,4100.0,1592.0,0.388,0,1,N,141.91,0.388,1,0
601,1,257.28,1,27400.0,1897.25,0.069,1,1,0,257.28,0.069,1,0
149,3,277.84,2,55700.0,7475.56,0.134,0,Yes,N,277.84,0.134,1,0
1985,4,158.67,0,42100.0,10998.29,26.1%,0,No,0,158.67,0.261,0,0
390,1,155.2,1,31300.0,9469.15,0.303,0,No,0,155.2,0.303,0,0
9550,3,1036.37,7,2400.0,236.96,0.099,2,1,0,1036.37,0.099,1,0
6845,1,385.57,0,9300.0,1606.39,0.173,0,1,0,385.57,0.173,1,0
6852,2,242.05,0,18700.0,11529.05,0.617,1,Y,N,242.05,0.617,1,0
11655,3,436.1,3,38200.0,16879.56,44.2%,3,1,0,436.1,0.442,1,0
11933,3,342.27,3,9300.0,2441.35,0.263,0,1,0,342.27,0.263,1,0
5317,3,304.39,2,42800.0,5791.5,0.135,2,1,0,304.39,0.135,1,0
12018,4,153.02,4,29400.0,9055.06,30.8%,1,Y,0,153.02,0.308,1,0
6771,5,592.15,4,45200.0,15635.58,0.346,1,1,No,592.15,0.346,1,0
6128,4,1476.92,7,17100.0,8741.37,0.511,2,Yes,0,1476.92,0.511,1,0
10715,1,467.87,6,34000.0,16852.06,0.496,2,N,0,467.87,0.496,0,0
9325,4,362.02,0,43200.0,17319.21,0.401,1,Y,No,362.02,0.401,1,0
3758,2,205.41,1,27200.0,16987.35,0.625,4,0,0,205.41,0.625,0,0
1316,1,437.86,4,16400.0,6532.26,0.398,1,N,Yes,437.86,0.398,0,1
1639,3,1804.42,17,42200.0,16896.91,0.4,1,Y,No,1804.42,0.4,1,0
7113,3,381.78,2,49100.0,12353.07,0.252,0,1,0,381.78,0.252,1,0
11081,1,409.13,1,26900.0,2235.08,0.083,0,N,No,409.13,0.083,0,0
5031,1,873.09,3,11000.0,2802.44,0.255,1,Yes,0,873.09,0.255,1,0
11219,2,294.7,0,51400.0,8808.32,0.171,0,Y,0,294.7,0.171,1,0
8845,2,,3,57400.0,28907.52,50.4%,0,0,0,411.22,0.504,0,0
11747,1,554.99,4,46400.0,9476.96,20.4%,3,0,Y,554.99,0.204,0,1
9328,1,375.42,3,14100.0,2027.04,0.144,0,No,Yes,375.42,0.144,0,1
9611,4,1425.43,9,28100.0,2540.66,0.09,0,1,0,1425.43,0.09,1,0
988,1,558.25,2,22200.0,5132.3,0.231,2,1,0,558.25,0.231,1,0
178,1,469.45,3,9000.0,1616.37,0.18,0,Yes,0,469.45,0.18,1,0
9159,2,637.49,1,58000.0,14962.67,0.258,0,Y,N,637.49,0.258,1,0
361,1,853.63,7,16400.0,1875.14,0.114,0,No,1,853.63,0.114,0,1
8564,2,425.09,8,58800.0,17206.82,29.3%,1,Yes,0,425.09,0.293,1,0
3549,1,612.6,2,40900.0,13844.98,0.339,0,0,No,612.6,0.339,0,0
4453,1,1881.99,17,5100.0,3387.71,0.664,0,0,No,1881.99,0.664,0,0
1555,3,473.51,6,25900.0,8809.77,0.34,2,Yes,N,473.51,0.34,1,0
2852,2,132.8,1,32400.0,2821.9,0.087,1,Y,No,132.8,0.087,1,0
9009,1,450.79,3,25200.0,5397.73,0.214,2,No,Yes,450.79,0.214,0,1
3448,3,525.56,3,31600.0,18154.62,0.575,1,0,No,525.56,0.575,0,0
8184,1,415.09,6,40400.0,4945.49,0.122,1,0,No,415.09,0.122,0,0
12135,2,,2,51400.0,31432.61,61.2%,1,1,0,339.29,0.612,1,0
5200,3,139.1,1,45900.0,18692.21,0.407,0,Yes,N,139.1,0.407,1,0
12097,3,303.5,2,7300.0,807.01,0.111,1,Y,0,303.5,0.111,1,0
10508,2,379.27,1,38200.0,4672.2,0.122,1,1,No,379.27,0.122,1,0
5772,2,327.11,4,56000.0,9089.02,0.162,1,1,No,327.11,0.162,1,0
5793,2,515.8,1,9200.0,4283.6,0.466,0,Y,0,515.8,0.466,1,0
2191,3,639.14,3,44700.0,15039.33,0.336,3,Yes,1,639.14,0.336,1,1
5545,3,354.22,2,13800.0,6239.02,0.452,1,Yes,No,354.22,0.452,1,0
299,3,144.68,2,55500.0,8876.55,0.16,2,Y,No,144.68,0.16,1,0
834,1,188.99,1,3500.0,879.39,0.251,0,No,Yes,188.99,0.251,0,1
578,1,548.3,5,22200.0,8086.7,0.364,0,1,0,548.3,0.364,1,0
6455,4,141.91,1,39600.0,4322.37,10.9%,0,1,0,141.91,0.109,1,0
4379,1,377.41,2,7900.0,3427.23,0.434,2,No,N,377.41,0.434,0,0
6070,1,310.38,3,43500.0,22622.52,0.52,1,0,0,310.38,0.52,0,0
6116,2,1166.04,15,30700.0,5888.83,0.192,0,1,0,1166.04,0.192,1,0
3140,1,665.57,4,14400.0,6887.56,0.478,2,Yes,0,665.57,0.478,1,0
1236,1,361.13,3,16100.0,5170.44,32.1%,0,0,Y,361.13,0.321,0,1
239,1,705.1,7,55100.0,7797.75,0.142,1,N,Yes,705.1,0.142,0,1
5685,1,957.62,6,3200.0,785.17,0.245,1,N,0,957.62,0.245,0,0
4181,1,477.44,3,11000.0,4476.97,0.407,1,N,0,477.44,0.407,0,0
6137,2,221.68,3,26000.0,6509.27,0.25,0,1,No,221.68,0.25,1,0
7947,1,333.63,2,53600.0,8704.49,16.2%,0,No,No,333.63,0.162,0,0
11674,1,215.86,1,27100.0,2909.39,0.107,1,No,0,215.86,0.107,0,0
3313,5,687.9,4,3800.0,880.79,0.232,0,1,0,687.9,0.232,1,0
5110,1,792.45,7,10800.0,2462.12,0.228,1,0,0,792.45,0.228,0,0
9507,1,186.83,1,51300.0,2620.58,0.051,1,Yes,0,186.83,0.051,1,0
5229,3,314.67,2,27000.0,9043.99,0.335,1,Yes,N,314.67,0.335,1,0
2205,2,133.86,2,37500.0,8270.89,0.221,3,Y,N,133.86,0.221,1,0
1135,3,472.6,3,17200.0,894.79,0.052,2,Yes,N,472.6,0.052,1,0
7347,2,919.48,8,39000.0,7857.59,0.201,0,Yes,No,919.48,0.201,1,0
7246,3,320.0,4,40500.0,7289.01,0.18,0,1,0,320.0,0.18,1,0
2926,1,199.92,2,32900.0,1334.64,4.1%,2,Y,0,199.92,0.040999999999999995,1,0
4681,1,693.48,3,4200.0,1692.46,0.403,0,0,N,693.48,0.403,0,0
9714,2,215.39,2,42200.0,20541.7,0.487,1,Y,N,215.39,0.487,1,0
10543,2,564.94,3,8600.0,2740.0,0.319,0,Yes,No,564.94,0.319,1,0
11339,2,305.58,2,3000.0,1011.39,0.337,0,1,N,305.58,0.337,1,0
3149,2,588.2,2,18000.0,1550.03,0.086,0,1,0,588.2,0.086,1,0
10140,2,309.02,2,58300.0,15960.38,0.274,1,0,0,309.02,0.274,0,0
2544,1,398.8,3,14100.0,5180.18,36.7%,1,N,N,398.8,0.36700000000000005,0,0
606,3,497.17,2,51400.0,31599.99,0.615,1,No,0,497.17,0.615,0,0
5153,1,353.65,3,59300.0,13475.71,22.7%,1,Y,No,353.65,0.22699999999999998,1,0
756,3,695.66,4,15200.0,1608.34,0.106,1,Yes,0,695.66,0.106,1,0
7750,1,562.11,3,20700.0,7031.2,0.34,2,N,N,562.11,0.34,0,0
7304,1,314.83,2,53000.0,17974.68,0.339,0,N,1,314.83,0.339,0,1
3137,2,347.48,0,41700.0,8372.44,20.1%,2,1,No,347.48,0.201,1,0
5631,1,111.74,0,58200.0,20962.25,0.36,2,N,N,111.74,0.36,0,0
7555,2,515.1,2,14300.0,4066.28,28.4%,1,1,No,515.1,0.284,1,0
3637,2,125.03,0,41300.0,2010.32,0.049,0,1,0,125.03,0.049,1,0
1149,4,467.22,3,52300.0,17217.58,0.329,1,Yes,0,467.22,0.329,1,0
4292,2,1507.34,7,26600.0,2534.18,0.095,1,1,No,1507.34,0.095,1,0
8300,2,1135.52,4,58300.0,5919.96,0.102,0,N,Y,1135.52,0.102,0,1
1451,3,490.79,3,15400.0,6420.11,0.417,2,1,No,490.79,0.417,1,0
10933,1,622.5,5,10200.0,5070.33,0.497,4,No,1,622.5,0.497,0,1
6500,2,480.81,5,53000.0,17173.84,0.324,2,Yes,N,480.81,0.324,1,0
1266,2,413.44,2,38700.0,6684.63,0.173,0,Yes,N,413.44,0.173,1,0
8971,2,143.07,1,21700.0,2706.24,0.125,2,1,0,143.07,0.125,1,0
4114,2,1005.4,5,28100.0,9885.98,0.352,4,1,Y,1005.4,0.352,1,1
10879,1,600.29,2,14900.0,3875.29,0.26,0,1,N,600.29,0.26,1,0
7769,1,409.04,4,58100.0,27679.68,0.476,1,No,1,409.04,0.476,0,1
10418,1,577.56,3,19700.0,5711.28,0.29,2,Yes,0,577.56,0.29,1,0
2907,2,516.52,3,47200.0,12481.82,0.264,2,0,N,516.52,0.264,0,0
11705,1,471.8,5,29600.0,14177.78,0.479,0,No,0,471.8,0.479,0,0
399,4,286.42,5,11200.0,2471.58,0.221,1,Yes,0,286.42,0.221,1,0
5601,2,336.9,2,4200.0,457.09,0.109,3,Yes,0,336.9,0.109,1,0
3652,2,298.96,2,3900.0,1367.25,0.351,1,1,N,298.96,0.351,1,0
9971,1,229.5,1,17600.0,4811.11,27.3%,2,1,N,229.5,0.273,1,0
244,1,285.65,2,24800.0,4422.18,0.178,0,0,0,285.65,0.178,0,0
6231,2,591.3,4,20000.0,2466.88,0.123,0,1,0,591.3,0.123,1,0
11607,1,232.43,3,29000.0,15521.81,0.535,0,N,No,232.43,0.535,0,0
7858,2,776.82,4,27000.0,11902.35,0.441,0,1,No,776.82,0.441,1,0
2215,3,224.86,0,25000.0,14360.13,0.574,0,1,0,224.86,0.574,1,0
940,1,336.26,3,28700.0,5674.01,19.8%,3,0,0,336.26,0.198,0,0
4808,1,249.42,1,16000.0,11355.0,0.71,2,0,0,249.42,0.71,0,0
6904,5,693.97,5,58800.0,1928.17,0.033,1,1,N,693.97,0.033,1,0
11129,2,184.31,1,46200.0,4820.96,10.4%,0,Y,No,184.31,0.10400000000000001,1,0
11787,2,320.85,1,42500.0,9052.68,0.213,0,No,0,320.85,0.213,0,0
11602,4,671.28,3,55300.0,9405.46,0.17,0,Yes,0,671.28,0.17,1,0
6258,1,161.67,0,53100.0,21715.37,0.409,2,Yes,0,161.67,0.409,1,0
5590,3,336.68,2,42700.0,12673.85,0.297,2,1,N,336.68,0.297,1,0
11204,2,257.22,3,24400.0,2416.56,0.099,3,Yes,N,257.22,0.099,1,0
69,1,1610.62,15,24300.0,11708.88,0.482,1,0,N,1610.62,0.482,0,0
688,5,1266.73,8,19700.0,8955.93,0.455,3,1,N,1266.73,0.455,1,0
3194,1,183.39,1,51300.0,24365.5,0.475,1,0,Yes,183.39,0.475,0,1
4750,1,636.54,6,27300.0,5906.67,0.216,1,0,0,636.54,0.216,0,0
3339,3,325.68,3,6900.0,406.47,0.059,1,1,N,325.68,0.059,1,0
11975,1,206.8,3,30900.0,23228.58,0.752,2,N,N,206.8,0.752,0,0
335,4,1047.46,8,13100.0,8070.94,0.616,2,0,N,1047.46,0.616,0,0
3999,2,572.89,5,12000.0,2395.77,0.2,1,1,0,572.89,0.2,1,0
10298,3,161.67,1,34700.0,7742.07,0.223,1,Yes,No,161.67,0.223,1,0
9316,2,290.92,2,28800.0,13786.11,0.479,1,1,0,290.92,0.479,1,0
1126,1,360.94,3,18900.0,1827.35,0.097,2,0,0,360.94,0.097,0,0
8407,1,587.77,3,5800.0,591.97,0.102,0,0,0,587.77,0.102,0,0
5741,4,815.75,7,55000.0,4680.43,0.085,2,1,0,815.75,0.085,1,0
7065,1,460.2,8,2700.0,1116.23,0.413,2,0,0,460.2,0.413,0,0
3949,2,288.21,3,53200.0,17160.05,0.323,1,N,No,288.21,0.323,0,0
3080,2,556.9,7,40100.0,14987.13,0.374,1,0,N,556.9,0.374,0,0
3528,2,1111.6,10,53800.0,26072.16,0.485,0,Yes,No,1111.6,0.485,1,0
4515,1,92.89,1,52100.0,20712.74,0.398,1,No,0,92.89,0.398,0,0
7336,4,168.32,1,29600.0,9275.6,0.313,0,Yes,0,168.32,0.313,1,0
11526,2,550.8,2,27100.0,18194.46,0.671,1,Y,N,550.8,0.671,1,0
1118,3,275.23,4,19400.0,6319.52,0.326,3,Yes,0,275.23,0.326,1,0
1699,1,,3,10500.0,3486.08,0.332,0,1,N,411.22,0.332,1,0
6353,4,717.94,6,54400.0,1215.5,0.022,1,Yes,No,717.94,0.022,1,0
4909,1,306.78,2,45000.0,9177.38,0.204,3,Y,1,306.78,0.204,1,1
9743,1,184.26,0,52300.0,1704.06,0.033,1,Y,Yes,184.26,0.033,1,1
116,3,237.82,3,2600.0,580.6,0.223,1,Y,No,237.82,0.223,1,0
4857,1,988.3,8,49300.0,22778.6,0.462,1,No,1,988.3,0.462,0,1
965,2,237.12,1,39400.0,15059.5,38.2%,2,1,0,237.12,0.382,1,0
10848,2,275.2,3,44400.0,17486.85,39.4%,1,Yes,No,275.2,0.39399999999999996,1,0
1125,4,563.83,7,36800.0,7104.81,19.3%,2,Yes,0,563.83,0.193,1,0
5783,2,229.62,2,54400.0,21073.09,0.387,2,N,0,229.62,0.387,0,0
9403,3,1137.06,9,12500.0,1809.58,14.5%,0,Yes,0,1137.06,0.145,1,0
11539,3,182.48,0,19400.0,11616.96,59.9%,0,Y,0,182.48,0.599,1,0
8274,3,390.62,5,13000.0,2901.47,0.223,1,1,No,390.62,0.223,1,0
5917,2,848.74,5,55700.0,29088.12,52.2%,1,N,No,848.74,0.522,0,0
5569,2,585.47,4,29100.0,5379.28,0.185,0,1,No,585.47,0.185,1,0
2029,1,260.52,1,46300.0,17728.56,0.383,0,1,0,260.52,0.383,1,0
1015,1,255.62,1,13500.0,7038.16,52.1%,1,0,Yes,255.62,0.521,0,1
5475,3,296.36,3,22200.0,3346.06,0.151,1,0,N,296.36,0.151,0,0
6143,3,1007.67,8,50600.0,25113.77,49.6%,0,1,0,1007.67,0.496,1,0
3764,3,710.33,2,19700.0,7014.71,0.356,0,No,No,710.33,0.356,0,0
8118,2,420.88,3,42500.0,17391.77,0.409,3,Yes,N,420.88,0.409,1,0
10609,1,741.91,9,24700.0,2064.21,0.084,1,0,N,741.91,0.084,0,0
4696,3,430.2,1,32400.0,5477.54,0.169,0,0,N,430.2,0.169,0,0
5821,1,459.95,3,56400.0,14852.91,0.263,1,0,No,459.95,0.263,0,0
2142,3,199.76,0,2700.0,612.6,0.227,1,Y,0,199.76,0.227,1,0
11566,4,119.96,1,18600.0,920.22,0.049,2,Y,N,119.96,0.049,1,0
1806,1,694.53,4,39100.0,17252.22,0.441,1,N,0,694.53,0.441,0,0
6843,2,343.5,2,22400.0,7433.0,33.2%,0,1,0,343.5,0.332,1,0
3975,4,539.65,5,26300.0,5632.3,0.214,1,1,0,539.65,0.214,1,0
124,3,235.64,0,53400.0,4818.16,0.09,1,1,0,235.64,0.09,1,0
10454,1,344.18,1,22600.0,7924.12,0.351,0,Y,1,344.18,0.351,1,1
211,2,573.62,4,37800.0,23424.35,0.62,1,1,0,573.62,0.62,1,0
11890,2,384.56,2,53600.0,26552.28,0.495,1,Yes,N,384.56,0.495,1,0
8729,2,327.28,3,53800.0,10001.12,0.186,1,1,0,327.28,0.186,1,0
938,1,132.92,1,54300.0,18233.89,33.6%,1,N,N,132.92,0.336,0,0
5735,3,169.53,3,55500.0,8617.23,0.155,1,Y,0,169.53,0.155,1,0
1039,1,117.66,2,40400.0,15758.95,0.39,2,N,0,117.66,0.39,0,0
7041,3,,3,5700.0,924.99,0.162,0,Y,Yes,411.22,0.162,1,1
2603,1,329.16,3,14100.0,3829.22,0.272,0,No,1,329.16,0.272,0,1
5352,1,337.14,4,3200.0,1140.07,35.6%,1,No,1,337.14,0.35600000000000004,0,1
7453,2,182.56,2,3400.0,1096.75,0.323,0,Y,N,182.56,0.323,1,0
987,1,1001.06,6,2000.0,375.46,18.8%,1,Y,0,1001.06,0.188,1,0
2578,1,987.03,10,46000.0,15854.8,0.345,0,1,Yes,987.03,0.345,1,1
1825,3,604.31,9,54700.0,2363.56,0.043,2,1,No,604.31,0.043,1,0
2519,4,163.37,1,5700.0,843.56,0.148,0,Y,0,163.37,0.148,1,0
5052,5,168.58,1,16200.0,1016.66,6.3%,0,N,0,168.58,0.063,0,0
7822,1,289.02,2,19100.0,5777.51,0.302,0,1,0,289.02,0.302,1,0
7064,2,865.98,10,31100.0,934.08,0.03,1,1,No,865.98,0.03,1,0
945,2,281.5,5,30900.0,14389.6,0.466,0,Y,N,281.5,0.466,1,0
4276,1,197.45,3,15200.0,5099.62,0.336,0,0,Y,197.45,0.336,0,1
7450,2,165.88,1,44200.0,3850.24,0.087,1,1,N,165.88,0.087,1,0
1368,1,1025.59,12,42300.0,28029.09,66.3%,1,No,1,1025.59,0.6629999999999999,0,1
11866,1,309.25,3,35700.0,6320.76,0.177,3,No,0,309.25,0.177,0,0
10417,2,152.61,0,53700.0,10641.44,0.198,3,1,0,152.61,0.198,1,0
1571,1,470.35,3,12000.0,6783.64,0.565,1,N,N,470.35,0.565,0,0
10762,1,826.55,6,39400.0,7882.56,0.2,3,No,0,826.55,0.2,0,0
11127,1,322.14,2,34400.0,8205.93,0.239,1,1,Y,322.14,0.239,1,1
3523,1,1025.72,8,11900.0,5462.28,45.9%,3,0,1,1025.72,0.45899999999999996,0,1
2952,1,437.64,6,41700.0,16931.52,0.406,1,0,N,437.64,0.406,0,0
1030,1,676.84,3,22200.0,4919.11,0.222,3,0,1,676.84,0.222,0,1
5911,1,223.45,3,2900.0,756.71,0.261,0,No,0,223.45,0.261,0,0
9449,2,724.52,3,8400.0,447.05,0.053,1,Y,0,724.52,0.053,1,0
8341,4,156.51,2,13800.0,4584.34,0.332,2,1,0,156.51,0.332,1,0
8400,4,179.4,0,54500.0,25021.58,0.459,1,1,Y,179.4,0.459,1,1
4676,3,914.5,3,6800.0,433.9,0.064,0,0,No,914.5,0.064,0,0
4578,1,222.18,3,4400.0,1644.14,2.1,3,1,1,222.18,0.374,1,1
6953,5,1046.75,8,3800.0,1216.58,0.32,3,1,0,1046.75,0.32,1,0
1153,4,444.6,5,21400.0,9702.26,0.453,1,1,No,444.6,0.453,1,0
1677,2,313.65,4,47500.0,28042.89,0.59,0,1,0,313.65,0.59,1,0
8470,2,397.21,2,42200.0,6553.24,0.155,2,1,No,397.21,0.155,1,0
395,2,309.79,2,31800.0,11156.56,35.1%,0,1,0,309.79,0.35100000000000003,1,0
7050,3,338.48,5,11900.0,3336.36,0.28,1,1,No,338.48,0.28,1,0
6812,1,565.06,5,42200.0,10060.43,0.238,0,Y,No,565.06,0.238,1,0
4945,5,163.32,0,7600.0,2150.78,0.283,2,1,0,163.32,0.283,1,0
12125,2,662.35,6,10200.0,2722.05,0.267,2,0,0,662.35,0.267,0,0
650,1,568.5,5,5000.0,1136.51,0.227,0,N,1,568.5,0.227,0,1
8930,1,529.92,0,24700.0,1903.77,0.077,4,0,Yes,529.92,0.077,0,1
6508,3,87.86,2,45400.0,21023.4,0.463,1,Y,0,87.86,0.463,1,0
8068,4,212.74,1,5600.0,511.23,0.091,2,1,No,212.74,0.091,1,0
10349,3,558.25,2,28300.0,11333.01,0.4,1,Y,No,558.25,0.4,1,0
6581,1,936.06,3,51900.0,20589.31,39.7%,1,Y,0,936.06,0.397,1,0
5663,3,278.55,2,4900.0,1924.56,0.393,1,1,No,278.55,0.393,1,0
11524,2,223.5,2,41500.0,17493.63,0.422,0,1,0,223.5,0.422,1,0
8031,1,470.67,5,22100.0,8826.62,39.9%,2,N,Yes,470.67,0.39899999999999997,0,1
6799,4,451.95,5,7700.0,2576.32,0.335,0,0,N,451.95,0.335,0,0
676,5,627.72,5,18200.0,2346.99,0.129,2,1,N,627.72,0.129,1,0
109,1,561.61,6,9800.0,2954.02,0.301,0,0,N,561.61,0.301,0,0
8365,2,106.77,0,55700.0,17322.72,0.311,0,Yes,0,106.77,0.311,1,0
1081,1,860.78,8,36800.0,4557.61,0.124,1,Y,No,860.78,0.124,1,0
2259,2,267.54,0,31300.0,9285.71,29.7%,1,1,0,267.54,0.297,1,0
1646,1,694.2,6,28000.0,10879.4,0.389,2,1,1,694.2,0.389,1,1
3951,1,510.5,2,47100.0,2232.11,0.047,1,0,1,510.5,0.047,0,1
9162,3,268.68,2,29400.0,15424.9,0.525,1,Y,0,268.68,0.525,1,0
3916,4,240.0,3,19200.0,3912.41,0.204,1,1,N,240.0,0.204,1,0
2670,2,299.28,2,45200.0,16068.47,35.5%,2,1,0,299.28,0.355,1,0
7595,2,495.93,4,10100.0,3002.05,0.297,3,Yes,Y,495.93,0.297,1,1
3473,5,635.65,8,5600.0,1231.11,0.22,2,Y,N,635.65,0.22,1,0
7829,3,223.8,1,27700.0,2803.12,0.101,1,1,0,223.8,0.101,1,0
165,1,214.63,0,44000.0,6983.66,0.159,3,0,No,214.63,0.159,0,0
732,2,589.95,5,48600.0,13040.44,0.268,0,1,0,589.95,0.268,1,0
1210,2,433.75,4,38200.0,3964.25,0.104,0,Y,0,433.75,0.104,1,0
337,2,166.12,0,29400.0,8729.53,0.297,0,1,0,166.12,0.297,1,0
10031,2,209.57,1,21800.0,2798.25,12.8%,1,0,N,209.57,0.128,0,0
3076,3,225.78,4,41200.0,14546.53,0.353,2,N,N,225.78,0.353,0,0
2187,1,207.06,3,27500.0,7661.62,0.279,0,0,N,207.06,0.279,0,0
8899,1,458.57,4,18900.0,10634.09,0.563,2,N,1,458.57,0.563,0,1
7684,3,194.65,1,13900.0,4639.47,0.334,2,Yes,0,194.65,0.334,1,0
10471,5,386.34,4,43700.0,7681.26,0.176,3,Yes,0,386.34,0.176,1,0
12,1,397.48,1,17200.0,2922.14,17.0%,1,Y,0,397.48,0.17,1,0
11677,1,463.9,3,58400.0,3965.53,0.068,0,N,0,463.9,0.068,0,0
566,4,771.47,4,23100.0,4114.96,17.8%,0,1,N,771.47,0.17800000000000002,1,0
8791,2,969.44,5,55800.0,12009.0,0.215,0,Y,No,969.44,0.215,1,0
7518,2,283.34,1,39800.0,10119.05,0.254,1,Y,0,283.34,0.254,1,0
5704,4,549.24,2,5100.0,1178.63,0.231,1,1,N,549.24,0.231,1,0
7475,2,476.76,5,28100.0,2894.54,0.103,1,1,0,476.76,0.103,1,0
9125,2,556.77,6,28200.0,13449.2,47.7%,0,Y,No,556.77,0.47700000000000004,1,0
10949,3,198.28,3,35400.0,2148.38,0.061,2,1,No,198.28,0.061,1,0
1445,2,511.46,1,55500.0,23961.9,43.2%,0,1,N,511.46,0.43200000000000005,1,0
2946,1,249.2,1,34800.0,10543.4,30.3%,2,No,Yes,249.2,0.303,0,1
9934,1,515.02,7,43900.0,15266.42,0.348,1,No,0,515.02,0.348,0,0
2475,1,446.8,0,32500.0,1781.79,0.055,2,0,0,446.8,0.055,0,0
5184,1,618.55,1,46000.0,27180.76,0.591,0,No,No,618.55,0.591,0,0
2183,2,258.97,1,23900.0,10266.36,0.43,2,Y,0,258.97,0.43,1,0
4985,3,198.13,0,4600.0,880.49,0.191,0,Y,0,198.13,0.191,1,0
1671,1,204.93,2,56500.0,2687.12,4.8%,1,1,Yes,204.93,0.048,1,1
9420,3,164.31,3,56500.0,13113.85,0.232,0,No,0,164.31,0.232,0,0
3700,2,322.67,3,13600.0,5238.49,0.385,1,1,0,322.67,0.385,1,0
3307,2,407.15,1,39400.0,10761.5,0.273,0,1,0,407.15,0.273,1,0
6073,2,202.63,3,14300.0,4272.78,29.9%,1,1,0,202.63,0.299,1,0
3364,1,358.37,0,42000.0,6945.77,0.165,0,N,No,358.37,0.165,0,0
8084,1,411.32,4,10900.0,1457.09,13.4%,0,No,0,411.32,0.134,0,0
2479,2,101.61,0,25800.0,9472.52,0.367,1,1,No,101.61,0.367,1,0
193,1,599.98,7,11600.0,1904.57,0.164,1,0,No,599.98,0.164,0,0
9209,2,175.04,1,40300.0,18904.59,0.469,1,0,0,175.04,0.469,0,0
11351,2,339.82,2,25000.0,10378.65,0.415,0,1,N,339.82,0.415,1,0
3353,3,484.67,4,51500.0,35866.19,0.696,2,Yes,Y,484.67,0.696,1,1
1326,4,326.68,2,58000.0,36225.55,62.5%,1,1,0,326.68,0.625,1,0
10244,2,,0,19400.0,6170.37,0.318,0,1,N,231.95,0.318,1,0
9462,1,172.12,2,6000.0,1461.1,0.244,0,0,1,172.12,0.244,0,1
9096,1,356.65,6,49800.0,13055.33,0.262,1,1,N,356.65,0.262,1,0
11838,2,404.66,1,51400.0,23948.11,0.466,2,Yes,0,404.66,0.466,1,0
10006,2,144.94,0,15500.0,5614.14,36.2%,3,1,No,144.94,0.36200000000000004,1,0
6329,2,798.38,6,27800.0,12661.61,0.455,1,Yes,N,798.38,0.455,1,0
12121,3,370.81,4,5000.0,688.11,0.138,1,N,0,370.81,0.138,0,0
2468,2,1154.76,4,40600.0,3017.36,0.074,1,Yes,N,1154.76,0.074,1,0
8642,2,73.53,1,42300.0,6098.49,0.144,2,Y,No,73.53,0.144,1,0
5182,1,213.64,1,3100.0,1025.42,0.331,1,0,0,213.64,0.331,0,0
2048,4,219.98,1,37300.0,6521.5,0.175,2,1,0,219.98,0.175,1,0
2419,2,1745.13,7,45900.0,20467.1,44.6%,0,Yes,0,1745.13,0.446,1,0
5763,1,287.52,2,12800.0,4985.33,0.389,1,0,1,287.52,0.389,0,1
11308,3,451.85,4,27600.0,2846.01,0.103,0,Yes,0,451.85,0.103,1,0
2847,2,380.44,3,55300.0,17686.07,32.0%,0,1,0,380.44,0.32,1,0
11535,2,114.74,0,24200.0,17241.15,0.712,2,No,N,114.74,0.712,0,0
2384,2,162.83,2,13500.0,4745.94,0.352,0,Y,0,162.83,0.352,1,0
5527,2,237.63,2,27200.0,5754.05,0.212,1,1,0,237.63,0.212,1,0
10954,1,663.11,4,9100.0,1801.96,0.198,0,1,N,663.11,0.198,1,0
809,1,408.03,1,39700.0,6811.88,0.172,0,0,N,408.03,0.172,0,0
11274,2,671.76,4,53400.0,5741.2,0.108,2,Yes,No,671.76,0.108,1,0
11757,1,376.95,3,33800.0,1787.57,0.053,2,N,Y,376.95,0.053,0,1
2689,2,490.02,3,33500.0,13464.46,40.2%,3,0,No,490.02,0.402,0,0
2001,1,,9,30100.0,11411.11,0.379,1,N,1,940.35,0.379,0,1
1328,1,1356.64,5,23800.0,2484.72,10.4%,0,N,0,1356.64,0.10400000000000001,0,0
915,4,959.68,7,4600.0,1456.25,0.317,2,Y,No,959.68,0.317,1,0
7515,2,294.68,1,11400.0,3843.9,0.337,1,1,No,294.68,0.337,1,0
3560,3,220.6,2,56500.0,11857.39,0.21,0,1,No,220.6,0.21,1,0
1840,1,566.17,2,6000.0,1145.91,0.191,1,0,Yes,566.17,0.191,0,1
10558,2,1026.35,7,58500.0,28922.32,49.4%,2,Yes,0,1026.35,0.494,1,0
6051,3,424.32,5,37600.0,8515.38,0.226,0,1,0,424.32,0.226,1,0
11912,2,535.81,5,57400.0,20266.92,0.353,2,1,0,535.81,0.353,1,0
4221,3,154.59,0,17300.0,2369.69,0.137,0,1,0,154.59,0.137,1,0
4291,1,202.89,2,55400.0,29066.34,0.525,0,Yes,1,202.89,0.525,1,1
6795,2,671.75,7,12700.0,2294.59,0.181,1,Y,No,671.75,0.181,1,0
391,2,274.5,1,7200.0,1664.8,23.1%,1,Yes,0,274.5,0.231,1,0
10967,1,310.66,2,27300.0,8162.0,0.299,0,1,1,310.66,0.299,1,1
2026,1,419.73,6,38400.0,1314.17,0.034,0,0,No,419.73,0.034,0,0
1510,1,492.54,6,59100.0,19074.28,0.323,0,1,0,492.54,0.323,1,0
10066,4,348.16,2,17100.0,3174.44,18.6%,1,Yes,N,348.16,0.18600000000000003,1,0
5792,4,433.18,3,59500.0,21083.44,35.4%,2,1,No,433.18,0.354,1,0
11438,1,1214.62,11,33100.0,8922.7,0.27,2,No,0,1214.62,0.27,0,0
11648,1,680.33,3,33900.0,4819.22,0.142,3,Yes,0,680.33,0.142,1,0
2480,3,326.16,1,10000.0,859.24,8.6%,2,0,0,326.16,0.086,0,0
7071,3,331.03,2,21100.0,6088.38,0.289,1,0,0,331.03,0.289,0,0
569,1,381.0,1,38800.0,16376.59,42.2%,4,0,No,381.0,0.42200000000000004,0,0
3311,3,161.56,0,33900.0,6339.29,0.187,1,0,N,161.56,0.187,0,0
8604,1,189.44,3,27000.0,9370.63,0.347,1,No,Yes,189.44,0.347,0,1
9516,2,254.51,1,26600.0,7613.22,0.286,0,1,No,254.51,0.286,1,0
10969,3,347.45,2,49200.0,19243.64,39.1%,1,0,0,347.45,0.391,0,0
8774,1,707.84,2,18400.0,7019.25,0.381,1,No,1,707.84,0.381,0,1
8850,3,207.01,3,9700.0,1122.62,11.6%,4,Yes,N,207.01,0.11599999999999999,1,0
6770,1,492.64,0,2300.0,493.36,0.215,1,1,0,492.64,0.215,1,0
7005,4,571.66,2,30300.0,6225.4,0.205,0,Y,No,571.66,0.205,1,0
11967,1,468.5,1,44100.0,14357.66,0.326,0,N,0,468.5,0.326,0,0
7593,3,384.89,0,46200.0,6784.32,0.147,1,Y,0,384.89,0.147,1,0
8091,3,382.33,0,42200.0,14132.37,0.335,0,Yes,N,382.33,0.335,1,0
9395,2,516.55,1,12900.0,5900.46,0.457,2,Y,0,516.55,0.457,1,0
2841,3,384.25,3,7500.0,2553.67,0.34,2,1,0,384.25,0.34,1,0
593,1,,1,14300.0,8961.2,0.627,1,No,No,272.54,0.627,0,0
6743,1,739.71,9,24100.0,5400.41,0.224,0,Yes,0,739.71,0.224,1,0
10277,2,759.3,4,6800.0,2674.28,0.393,2,Y,0,759.3,0.393,1,0
12112,2,483.74,0,2200.0,604.49,0.275,0,1,0,483.74,0.275,1,0
2916,5,267.83,1,2600.0,1272.04,0.489,1,1,N,267.83,0.489,1,0
9458,1,751.21,5,40900.0,6360.24,0.156,0,No,N,751.21,0.156,0,0
10175,3,148.83,1,18200.0,8055.83,0.443,1,1,0,148.83,0.443,1,0
2775,1,392.48,5,34500.0,8361.81,0.242,1,Y,1,392.48,0.242,1,1
1419,4,418.62,0,38200.0,6936.97,18.2%,0,1,0,418.62,0.182,1,0
3779,4,372.19,8,16500.0,7135.58,0.432,1,Yes,No,372.19,0.432,1,0
643,2,,3,5100.0,3006.85,0.59,0,N,0,411.22,0.59,0,0
10053,1,235.98,0,57400.0,25012.06,0.436,0,N,0,235.98,0.436,0,0
5963,4,318.75,3,20000.0,4502.19,0.225,3,Yes,N,318.75,0.225,1,0
11612,2,246.98,2,15400.0,5730.61,0.372,0,1,N,246.98,0.372,1,0
2945,5,514.36,1,42600.0,11920.61,0.28,1,Y,0,514.36,0.28,1,0
487,3,464.72,4,32800.0,11240.47,0.343,0,Y,No,464.72,0.343,1,0
2278,3,356.12,4,29100.0,3318.3,0.114,2,1,0,356.12,0.114,1,0
6765,1,136.78,2,53600.0,25419.63,0.474,1,0,1,136.78,0.474,0,1
2665,1,423.78,3,34700.0,10465.55,0.302,0,0,N,423.78,0.302,0,0
899,3,1294.17,13,51600.0,9917.51,19.2%,0,Y,No,1294.17,0.192,1,0
1565,4,114.74,0,3800.0,614.96,0.162,1,Yes,0,114.74,0.162,1,0
9323,4,449.57,4,49300.0,13448.1,27.3%,0,Yes,No,449.57,0.273,1,0
2509,2,337.05,1,56400.0,13741.38,0.244,1,1,N,337.05,0.244,1,0
10529,3,935.06,9,42800.0,19440.01,0.454,0,1,0,935.06,0.454,1,0
678,3,209.32,2,4200.0,1198.17,28.5%,1,1,No,209.32,0.285,1,0
2824,2,277.81,1,13400.0,4002.2,0.299,1,1,0,277.81,0.299,1,0
2217,3,706.53,3,48200.0,16681.78,0.346,1,Y,0,706.53,0.346,1,0
1413,1,760.01,6,55000.0,18531.18,33.7%,0,Yes,0,760.01,0.337,1,0
11888,3,289.86,0,35500.0,14165.12,39.9%,2,Yes,0,289.86,0.39899999999999997,1,0
3381,2,556.72,4,12400.0,1688.98,0.136,0,1,No,556.72,0.136,1,0
10823,2,859.43,5,27100.0,4930.18,18.2%,2,Yes,0,859.43,0.182,1,0
6079,1,275.85,1,52200.0,4163.21,8.0%,1,0,No,275.85,0.08,0,0
8730,4,339.52,3,32200.0,16740.06,0.52,0,No,0,339.52,0.52,0,0
10361,1,268.78,1,50700.0,2507.18,0.049,0,0,Yes,268.78,0.049,0,1
8568,2,583.44,3,45700.0,34146.61,0.747,1,1,Yes,583.44,0.747,1,1
10116,3,326.28,1,2500.0,284.14,0.114,0,N,N,326.28,0.114,0,0
3840,3,432.14,3,16800.0,1925.02,0.115,1,Y,N,432.14,0.115,1,0
5823,1,263.54,1,55800.0,26745.67,0.479,0,Y,1,263.54,0.479,1,1
1600,3,282.58,1,6500.0,697.91,0.107,0,Y,0,282.58,0.107,1,0
10347,3,1056.0,6,49800.0,3178.08,0.064,1,1,No,1056.0,0.064,1,0
2986,1,147.41,0,41500.0,17787.23,0.429,1,0,No,147.41,0.429,0,0
5158,1,901.25,6,5300.0,1606.25,30.3%,1,Y,Y,901.25,0.303,1,1
8896,2,369.1,2,4200.0,867.49,20.7%,3,Y,0,369.1,0.207,1,0
2000,3,288.02,1,51500.0,12909.77,0.251,0,1,No,288.02,0.251,1,0
1046,2,766.04,7,7600.0,3379.07,0.445,3,Y,No,766.04,0.445,1,0
11154,2,495.48,2,50300.0,11227.9,0.223,0,1,N,495.48,0.223,1,0
1533,1,616.0,7,29100.0,7438.09,25.6%,1,Y,N,616.0,0.256,1,0
5208,3,155.88,1,16300.0,5311.87,0.326,3,Yes,N,155.88,0.326,1,0
10695,2,1675.61,10,29100.0,2698.31,0.093,1,1,0,1675.61,0.093,1,0
640,5,388.93,2,18300.0,499.02,2.7%,0,1,0,388.93,0.027000000000000003,1,0
3899,1,231.5,0,22800.0,11807.75,0.518,1,No,0,231.5,0.518,0,0
2819,3,182.08,0,15300.0,3991.24,0.261,1,Yes,N,182.08,0.261,1,0
1868,1,579.71,3,51500.0,1949.67,3.8%,0,N,1,579.71,0.038,0,1
9372,3,389.62,6,28100.0,12473.23,0.444,1,Yes,No,389.62,0.444,1,0
8762,3,581.18,5,48700.0,13422.5,0.276,0,No,0,581.18,0.276,0,0
4503,2,221.77,3,29600.0,7467.06,25.2%,0,Yes,N,221.77,0.252,1,0
12093,3,199.31,2,28300.0,291.14,0.01,0,0,Y,199.31,0.01,0,1
8305,4,145.64,3,19900.0,714.42,0.036,0,1,0,145.64,0.036,1,0
10455,1,1266.84,11,47600.0,11883.75,0.25,1,No,1,1266.84,0.25,0,1
7122,1,225.68,1,51500.0,15103.09,0.293,0,1,1,225.68,0.293,1,1
8441,5,449.43,2,52300.0,14148.46,0.271,0,1,0,449.43,0.271,1,0
2888,2,492.39,5,56400.0,15184.46,0.269,2,Yes,No,492.39,0.269,1,0
6570,3,461.78,0,33300.0,21189.59,63.6%,0,0,0,461.78,0.636,0,0
359,2,306.45,2,9500.0,2356.44,0.248,1,Y,0,306.45,0.248,1,0
326,3,289.2,2,6200.0,1275.68,20.6%,0,1,No,289.2,0.20600000000000002,1,0
8695,2,299.18,3,29100.0,5510.56,0.189,1,Y,No,299.18,0.189,1,0
9558,1,299.68,1,26800.0,4830.13,18.0%,0,0,Yes,299.68,0.18,0,1
7124,1,120.2,2,32400.0,6941.14,0.214,0,1,Yes,120.2,0.214,1,1
6864,2,203.14,3,4100.0,1253.11,0.306,0,1,N,203.14,0.306,1,0
7612,3,386.68,3,50200.0,6379.53,12.7%,3,Y,No,386.68,0.127,1,0
3827,1,372.89,1,42200.0,11901.2,0.282,1,Y,0,372.89,0.282,1,0
8303,4,538.05,3,4700.0,1648.69,35.1%,0,1,0,538.05,0.35100000000000003,1,0
5815,1,190.41,2,19800.0,9369.26,47.3%,3,0,0,190.41,0.473,0,0
11410,2,925.85,5,41900.0,7536.84,0.18,0,Yes,No,925.85,0.18,1,0
3503,3,394.18,5,4200.0,1655.78,39.4%,1,1,0,394.18,0.39399999999999996,1,0
446,2,366.21,1,44000.0,2142.04,0.049,0,Y,0,366.21,0.049,1,0
11652,4,273.11,0,12900.0,3306.61,0.256,2,1,N,273.11,0.256,1,0
4573,3,1447.19,6,49900.0,11179.38,22.4%,2,Yes,N,1447.19,0.22399999999999998,1,0
11337,1,204.77,3,23700.0,3950.23,0.167,0,0,0,204.77,0.167,0,0
3555,3,194.03,0,17400.0,5066.76,0.291,2,1,No,194.03,0.291,1,0
2609,1,352.41,5,27600.0,5079.03,0.184,1,Y,0,352.41,0.184,1,0
10919,1,346.02,2,53000.0,11450.79,0.216,1,N,N,346.02,0.216,0,0
8526,3,354.07,1,60000.0,9877.77,0.165,0,Yes,0,354.07,0.165,1,0
11542,3,384.31,1,9700.0,1807.86,0.186,0,0,No,384.31,0.186,0,0
1201,1,259.32,5,27600.0,2742.35,0.099,0,0,1,259.32,0.099,0,1
1359,4,158.44,0,28900.0,1524.31,5.3%,4,1,N,158.44,0.053,1,0
18,2,404.68,3,27700.0,10840.59,39.1%,0,0,0,404.68,0.391,0,0
8636,1,349.21,2,50000.0,12923.04,0.258,1,No,N,349.21,0.258,0,0
6008,1,850.33,8,55500.0,28722.67,0.518,2,0,0,850.33,0.518,0,0
234,3,550.77,3,40400.0,5710.93,0.141,0,Yes,0,550.77,0.141,1,0
6844,2,470.12,2,35300.0,2591.9,0.073,1,1,0,470.12,0.073,1,0
4007,1,407.66,3,24900.0,9750.88,0.392,1,0,No,407.66,0.392,0,0
551,1,701.02,6,37200.0,17913.48,48.2%,2,Y,Y,701.02,0.48200000000000004,1,1
8069,1,110.16,0,46200.0,7689.28,0.166,0,0,No,110.16,0.166,0,0
7374,3,166.98,0,12600.0,2396.23,19.0%,0,1,0,166.98,0.19,1,0
4064,1,247.93,0,58200.0,21282.84,36.6%,1,1,0,247.93,0.366,1,0
11857,2,513.75,2,36800.0,9905.86,0.269,2,1,Yes,513.75,0.269,1,1
1785,2,1138.31,8,2100.0,183.51,0.087,2,Yes,No,1138.31,0.087,1,0
7029,1,496.21,2,47900.0,14922.83,0.312,1,Yes,0,496.21,0.312,1,0
5174,2,1522.64,10,50900.0,6860.05,0.135,1,1,No,1522.64,0.135,1,0
9998,3,293.29,2,6500.0,614.2,9.4%,0,Y,0,293.29,0.094,1,0
11445,3,879.19,13,43800.0,11158.02,0.255,0,Yes,No,879.19,0.255,1,0
10416,3,260.42,0,33500.0,11910.36,0.356,0,Y,N,260.42,0.356,1,0
7110,2,770.78,4,26500.0,11400.05,43.0%,1,Y,0,770.78,0.43,1,0
5104,2,78.6,2,51500.0,9179.62,0.178,1,1,0,78.6,0.178,1,0
6056,3,231.49,2,45700.0,14400.61,0.315,1,Y,No,231.49,0.315,1,0
5461,1,208.4,0,36100.0,22518.45,0.624,0,0,1,208.4,0.624,0,1
8870,1,171.45,3,5000.0,1955.99,0.391,0,No,0,171.45,0.391,0,0
4378,2,843.08,5,21600.0,11164.57,0.517,1,0,0,843.08,0.517,0,0
2063,1,237.18,2,39700.0,7139.26,0.18,1,0,Yes,237.18,0.18,0,1
6563,2,298.12,2,59300.0,34810.27,0.587,1,N,N,298.12,0.587,0,0
1374,2,719.7,5,49700.0,23297.06,0.469,0,1,No,719.7,0.469,1,0
673,2,213.45,1,26000.0,4326.09,0.166,2,N,No,213.45,0.166,0,0
3984,3,1236.95,4,45300.0,10322.63,0.228,0,Y,0,1236.95,0.228,1,0
5500,3,962.8,6,17300.0,10929.93,0.632,0,1,No,962.8,0.632,1,0
2286,2,381.46,4,2400.0,1392.49,58.0%,0,N,0,381.46,0.58,0,0
8596,2,1195.16,7,59500.0,25589.78,0.43,1,1,No,1195.16,0.43,1,0
10504,2,278.7,1,56400.0,29113.43,0.516,2,0,0,278.7,0.516,0,0
11485,2,267.7,4,5900.0,543.87,0.092,0,1,No,267.7,0.092,1,0
7270,4,660.64,4,18200.0,7238.97,0.398,2,Y,0,660.64,0.398,1,0
10600,1,293.44,3,50600.0,24536.95,0.485,1,No,0,293.44,0.485,0,0
11901,4,1034.01,4,33900.0,13726.88,0.405,1,Y,No,1034.01,0.405,1,0
11709,5,720.64,8,15600.0,9740.32,62.4%,0,No,N,720.64,0.624,0,0
2380,2,317.41,5,35800.0,15038.18,0.42,1,1,N,317.41,0.42,1,0
6139,2,595.24,3,57700.0,13486.92,0.234,3,1,0,595.24,0.234,1,0
12160,4,347.98,1,26300.0,4109.32,0.156,0,Y,N,347.98,0.156,1,0
8027,5,334.99,2,38100.0,7800.99,0.205,0,Y,N,334.99,0.205,1,0
7788,2,607.15,4,39000.0,12852.11,0.33,0,Yes,N,607.15,0.33,1,0
5093,5,126.11,3,23300.0,3830.64,0.164,1,1,0,126.11,0.164,1,0
7063,1,933.04,9,37300.0,21378.49,0.573,0,0,1,933.04,0.573,0,1
11613,2,216.54,1,55300.0,2115.54,0.038,0,Y,0,216.54,0.038,1,0
10593,2,577.84,5,14300.0,1660.47,0.116,0,1,N,577.84,0.116,1,0
9626,1,227.05,2,50200.0,12833.4,0.256,3,0,0,227.05,0.256,0,0
4127,1,210.23,2,10100.0,3072.87,0.304,0,0,Yes,210.23,0.304,0,1
11553,2,235.57,1,22500.0,5679.84,0.252,2,0,No,235.57,0.252,0,0
3093,1,407.85,1,23200.0,6938.73,0.299,2,0,1,407.85,0.299,0,1
9640,1,339.52,2,36700.0,23925.57,0.652,0,N,0,339.52,0.652,0,0
1535,2,232.15,3,49400.0,26011.28,0.527,0,No,0,232.15,0.527,0,0
755,1,162.35,2,22500.0,7390.28,0.328,2,N,N,162.35,0.328,0,0
6138,5,609.13,7,34800.0,9306.96,0.267,2,Y,No,609.13,0.267,1,0
6560,1,306.5,4,35800.0,6037.92,0.169,0,Y,0,306.5,0.169,1,0
2813,2,238.08,2,12200.0,1305.06,0.107,1,1,No,238.08,0.107,1,0
9813,2,667.1,5,11200.0,2095.5,0.187,2,1,N,667.1,0.187,1,0
142,1,660.02,2,32600.0,1715.27,0.053,0,0,N,660.02,0.053,0,0
12100,2,1078.68,4,27200.0,6601.97,0.243,0,Yes,0,1078.68,0.243,1,0
9101,2,202.1,1,18200.0,2601.1,14.3%,2,Yes,0,202.1,0.14300000000000002,1,0
8897,2,361.67,1,19600.0,7412.44,0.378,1,Yes,No,361.67,0.378,1,0
6546,3,570.0,1,34500.0,9655.97,0.28,0,Yes,0,570.0,0.28,1,0
2817,3,884.53,3,56600.0,11789.57,0.208,0,Yes,0,884.53,0.208,1,0
7959,4,96.06,1,15000.0,3196.04,0.213,1,Yes,0,96.06,0.213,1,0
2935,1,294.03,1,46700.0,3810.87,0.082,2,1,No,294.03,0.082,1,0
9901,2,730.04,7,14300.0,935.19,0.065,0,1,N,730.04,0.065,1,0
8173,1,573.32,6,9800.0,3280.6,0.335,2,Y,0,573.32,0.335,1,0
11166,3,437.78,2,20900.0,6964.48,0.333,0,1,1,437.78,0.333,1,1
11246,2,690.61,4,31200.0,14175.73,0.454,3,Y,N,690.61,0.454,1,0
616,3,669.63,2,55100.0,3347.71,0.061,3,1,No,669.63,0.061,1,0
4143,1,205.6,6,45500.0,3215.05,7.1%,3,No,1,205.6,0.071,0,1
3434,3,111.54,2,33700.0,19506.22,0.579,0,Yes,0,111.54,0.579,1,0
253,1,1074.51,7,26500.0,10635.54,0.401,2,0,1,1074.51,0.401,0,1
6842,3,446.0,9,11600.0,523.65,0.045,1,1,0,446.0,0.045,1,0
11509,2,236.85,5,57500.0,23112.36,0.402,1,Y,No,236.85,0.402,1,0
1025,1,369.22,1,7500.0,3157.98,0.421,0,No,0,369.22,0.421,0,0
11075,4,385.11,1,44600.0,10555.76,0.237,0,Yes,0,385.11,0.237,1,0
8167,1,300.78,2,50100.0,2981.57,0.06,1,Y,0,300.78,0.06,1,0
8165,2,568.43,8,53000.0,3631.13,0.069,1,1,0,568.43,0.069,1,0
920,2,642.46,4,33000.0,5260.89,15.9%,0,1,0,642.46,0.159,1,0
1983,2,214.39,1,47200.0,9376.09,0.199,0,Yes,No,214.39,0.199,1,0
9150,2,707.5,5,12100.0,6222.72,0.514,1,Yes,N,707.5,0.514,1,0
6997,3,277.92,2,58500.0,11649.66,0.199,1,Y,No,277.92,0.199,1,0
5617,1,1028.21,11,26500.0,4679.51,0.177,3,N,1,1028.21,0.177,0,1
4889,2,526.71,1,43700.0,5711.0,0.131,1,Yes,0,526.71,0.131,1,0
10320,2,682.59,4,22500.0,4973.48,0.221,0,1,No,682.59,0.221,1,0
2281,1,501.14,1,37700.0,3207.08,0.085,0,0,0,501.14,0.085,0,0
4215,3,719.65,5,2700.0,1203.84,0.446,1,Y,N,719.65,0.446,1,0
3797,3,,1,3800.0,1996.27,52.5%,0,Y,0,272.54,0.525,1,0
1051,2,243.27,3,42700.0,5231.73,0.123,2,1,N,243.27,0.123,1,0
3828,5,623.7,5,52000.0,19395.35,0.373,1,1,N,623.7,0.373,1,0
5551,4,192.02,2,33400.0,9288.1,0.278,1,Y,No,192.02,0.278,1,0
10549,2,161.49,1,6600.0,1047.92,15.9%,1,1,0,161.49,0.159,1,0
7451,4,429.91,2,40300.0,13810.45,0.343,0,1,N,429.91,0.343,1,0
10676,2,324.49,3,44400.0,20610.06,0.464,0,Y,0,324.49,0.464,1,0
11960,5,824.72,9,27300.0,3646.06,0.134,1,1,0,824.72,0.134,1,0
8590,4,1309.62,5,50700.0,9749.52,19.2%,0,Y,No,1309.62,0.192,1,0
10833,4,644.02,3,29600.0,7171.94,0.242,0,Yes,No,644.02,0.242,1,0
9774,4,233.58,1,45800.0,13262.39,29.0%,1,No,N,233.58,0.29,0,0
6365,2,851.35,8,35400.0,2341.5,0.066,0,Y,0,851.35,0.066,1,0
9914,3,228.58,2,9000.0,6788.48,0.754,0,1,No,228.58,0.754,1,0
3429,3,819.35,6,24700.0,7725.93,0.313,1,Y,0,819.35,0.313,1,0
5294,3,416.57,4,54100.0,9600.02,17.7%,1,0,0,416.57,0.177,0,0
8587,3,1382.45,11,20500.0,3178.83,0.155,1,Y,0,1382.45,0.155,1,0
3582,2,240.49,0,43600.0,2795.08,0.064,2,1,0,240.49,0.064,1,0
7492,4,630.69,4,20700.0,11448.04,0.553,3,Y,N,630.69,0.553,1,0
5003,1,1083.19,17,21700.0,12067.99,0.556,0,No,0,1083.19,0.556,0,0
10013,2,190.39,2,10700.0,4138.01,0.387,1,0,No,190.39,0.387,0,0
6827,2,736.64,7,53200.0,31743.22,0.597,1,0,N,736.64,0.597,0,0
2109,1,294.23,1,34700.0,13482.47,0.389,2,Yes,0,294.23,0.389,1,0
9227,1,1076.75,4,30500.0,14170.34,0.465,0,1,0,1076.75,0.465,1,0
2816,1,368.84,5,54800.0,8427.69,0.154,0,No,No,368.84,0.154,0,0
5641,3,289.43,0,37900.0,4688.81,12.4%,1,Y,N,289.43,0.124,1,0
2271,1,400.35,1,11100.0,2055.96,0.185,1,No,Yes,400.35,0.185,0,1
2015,1,445.66,2,40400.0,11898.68,0.295,0,1,1,445.66,0.295,1,1
1441,1,298.51,0,20100.0,3447.44,0.172,1,Y,N,298.51,0.172,1,0
1622,1,704.33,3,29000.0,4338.12,0.15,0,0,N,704.33,0.15,0,0
10528,1,199.66,0,6400.0,733.08,0.115,0,Y,N,199.66,0.115,1,0
8417,2,396.49,4,29000.0,14808.96,51.1%,1,0,0,396.49,0.511,0,0
9408,5,456.98,3,11400.0,5567.63,0.488,0,Y,No,456.98,0.488,1,0
3615,1,323.52,7,2300.0,391.39,0.17,2,1,No,323.52,0.17,1,0
9350,1,326.24,4,48200.0,15985.17,0.332,0,N,1,326.24,0.332,0,1
5109,5,345.27,3,16400.0,5086.38,0.31,0,Y,0,345.27,0.31,1,0
11963,1,1393.85,9,34200.0,1066.84,0.031,0,0,0,1393.85,0.031,0,0
6896,2,283.89,2,59700.0,13911.93,0.233,3,Yes,0,283.89,0.233,1,0
3371,1,1238.79,7,37400.0,8098.59,21.7%,0,N,N,1238.79,0.217,0,0
11024,1,936.35,7,47700.0,11150.86,0.234,1,Yes,1,936.35,0.234,1,1
10782,1,372.93,1,33800.0,7006.47,0.207,1,0,0,372.93,0.207,0,0
4395,3,286.59,0,52900.0,13647.91,0.258,0,No,0,286.59,0.258,0,0
950,3,630.69,2,36800.0,13631.92,37.0%,1,1,0,630.69,0.37,1,0
12063,2,208.31,1,31300.0,10340.78,0.33,2,Yes,N,208.31,0.33,1,0
4982,2,680.46,4,28800.0,8590.57,29.8%,0,Y,No,680.46,0.298,1,0
17,2,450.94,8,50800.0,5845.2,0.115,2,1,N,450.94,0.115,1,0
72,1,82.24,1,21700.0,4653.45,0.214,0,N,1,82.24,0.214,0,1
5311,4,235.72,2,42400.0,10686.67,0.252,2,1,0,235.72,0.252,1,0
4995,1,372.37,4,11500.0,4483.61,39.0%,1,N,1,372.37,0.39,0,1
4619,2,272.53,2,20100.0,3159.92,0.157,1,Yes,0,272.53,0.157,1,0
4531,1,220.31,2,41600.0,14256.91,0.343,1,0,Yes,220.31,0.343,0,1
6673,2,408.33,2,54200.0,20660.8,0.381,1,1,0,408.33,0.381,1,0
9363,2,603.74,3,29800.0,902.01,3.0%,0,Y,0,603.74,0.03,1,0
4777,2,673.4,4,24500.0,5935.73,24.2%,1,1,N,673.4,0.242,1,0
7852,1,603.53,5,50400.0,12092.22,24.0%,1,0,1,603.53,0.24,0,1
11528,3,152.68,0,56400.0,12792.14,22.7%,1,1,0,152.68,0.22699999999999998,1,0
4132,2,442.89,7,53200.0,14413.33,0.271,3,Y,0,442.89,0.271,1,0
2995,3,326.76,2,9500.0,5048.7,0.531,1,N,N,326.76,0.531,0,0
10246,5,326.96,1,48600.0,7583.66,0.156,0,1,No,326.96,0.156,1,0
7592,1,168.23,1,46300.0,7231.51,15.6%,0,No,1,168.23,0.156,0,1
8978,5,1018.45,6,49200.0,5584.92,0.114,0,Y,N,1018.45,0.114,1,0
3687,2,636.04,7,25900.0,6096.77,23.5%,1,1,0,636.04,0.235,1,0
4831,3,859.84,8,29200.0,5768.42,0.198,0,1,No,859.84,0.198,1,0
1281,1,285.41,0,22000.0,12455.29,56.6%,0,No,0,285.41,0.5660000000000001,0,0
276,2,396.31,4,24500.0,5340.19,0.218,0,1,0,396.31,0.218,1,0
3767,2,547.28,5,59700.0,18575.61,0.311,0,1,No,547.28,0.311,1,0
300,2,219.17,0,12900.0,7269.25,0.564,0,Yes,No,219.17,0.564,1,0
7614,1,1292.67,10,37700.0,21800.93,57.8%,0,No,1,1292.67,0.578,0,1
10163,2,628.89,6,5700.0,1388.81,0.244,0,Y,0,628.89,0.244,1,0
7767,1,982.04,6,26500.0,5720.8,0.216,4,0,No,982.04,0.216,0,0
5797,1,192.53,1,44900.0,24464.49,0.545,0,No,N,192.53,0.545,0,0
3543,2,319.36,3,30000.0,17340.09,0.578,0,0,0,319.36,0.578,0,0
7784,1,958.95,4,50500.0,20418.51,0.404,1,0,Y,958.95,0.404,0,1
9109,1,1114.24,3,37400.0,10397.83,0.278,2,Y,0,1114.24,0.278,1,0
617,2,177.35,0,55300.0,4784.31,0.087,0,1,0,177.35,0.087,1,0
2628,2,282.4,5,12000.0,3147.74,0.262,3,1,Yes,282.4,0.262,1,1
1792,3,174.58,1,27700.0,-9723.91,0.351,0,1,0,174.58,0.351,1,0
2105,4,213.47,0,6100.0,725.65,0.119,0,1,0,213.47,0.119,1,0
10323,1,572.16,4,59400.0,36984.28,0.623,1,N,No,572.16,0.623,0,0
1981,3,249.36,3,29100.0,4096.76,0.141,2,1,0,249.36,0.141,1,0
9503,1,236.32,5,16900.0,6767.79,0.4,3,0,1,236.32,0.4,0,1
5966,2,,3,4200.0,913.16,0.217,0,1,N,411.22,0.217,1,0
6410,5,752.7,6,39800.0,7872.02,19.8%,1,Y,0,752.7,0.198,1,0
11582,1,883.77,2,3600.0,606.92,0.169,1,Y,No,883.77,0.169,1,0
11216,1,362.51,6,47500.0,10358.19,0.218,2,0,0,362.51,0.218,0,0
2348,2,714.23,4,8200.0,437.15,2.34,1,No,N,714.23,0.053,0,0
2638,2,1254.15,15,7600.0,1291.61,0.17,2,1,0,1254.15,0.17,1,0
5486,2,700.05,3,5600.0,811.21,0.145,1,1,0,700.05,0.145,1,0
878,2,270.8,2,30600.0,4647.18,0.152,0,Yes,No,270.8,0.152,1,0
11501,1,565.3,3,32500.0,2472.37,0.076,0,N,1,565.3,0.076,0,1
307,4,263.93,2,30600.0,8580.57,0.28,5,0,Y,263.93,0.28,0,1
7100,2,372.09,2,26300.0,8266.23,0.314,1,Y,N,372.09,0.314,1,0
5433,1,247.69,3,56500.0,6847.12,0.121,0,0,N,247.69,0.121,0,0
3995,1,490.63,8,11400.0,1581.89,13.9%,0,0,1,490.63,0.139,0,1
7217,1,585.12,3,27400.0,3046.52,0.111,1,0,0,585.12,0.111,0,0
9357,3,1576.76,5,27400.0,13715.35,0.501,0,0,N,1576.76,0.501,0,0
9788,3,725.69,6,27000.0,3222.64,11.9%,0,Yes,0,725.69,0.11900000000000001,1,0
6724,1,1038.21,8,56900.0,37689.23,0.662,0,0,No,1038.21,0.662,0,0
5583,2,288.06,1,16500.0,5038.9,30.5%,2,Yes,N,288.06,0.305,1,0
2184,1,317.75,1,57900.0,9059.02,15.6%,1,Y,1,317.75,0.156,1,1
7935,4,468.95,5,8200.0,2391.01,0.292,1,0,N,468.95,0.292,0,0
6748,3,293.17,1,3800.0,2148.31,0.565,0,0,0,293.17,0.565,0,0
9384,1,2143.12,11,11400.0,1779.6,0.156,2,No,Yes,2143.12,0.156,0,1
4261,3,1114.04,7,50600.0,10389.6,0.205,1,Yes,0,1114.04,0.205,1,0
5544,4,509.12,0,55900.0,8704.7,0.156,0,1,No,509.12,0.156,1,0
3223,3,1159.32,6,40100.0,12710.99,0.317,1,No,0,1159.32,0.317,0,0
10373,1,1213.02,7,20500.0,4163.99,0.203,0,1,0,1213.02,0.203,1,0
7262,2,184.99,0,21600.0,5267.42,0.244,1,Yes,No,184.99,0.244,1,0
54,2,255.65,3,47500.0,30265.18,63.7%,1,0,0,255.65,0.637,0,0
1087,1,545.5,8,34400.0,6140.8,0.179,3,N,0,545.5,0.179,0,0
3875,1,319.64,2,6700.0,971.7,0.145,1,1,1,319.64,0.145,1,1
6251,2,1232.13,8,55600.0,15111.82,0.272,0,1,N,1232.13,0.272,1,0
5903,3,227.39,1,55400.0,23871.1,0.431,0,Y,0,227.39,0.431,1,0
3775,2,744.69,6,24600.0,3570.97,0.145,0,Yes,0,744.69,0.145,1,0
4324,3,442.3,1,47400.0,16537.28,0.349,0,N,N,442.3,0.349,0,0
10257,2,335.58,4,36700.0,8476.06,0.231,1,1,No,335.58,0.231,1,0
8306,3,327.15,2,2700.0,245.08,0.091,0,1,N,327.15,0.091,1,0
6536,2,182.82,0,49700.0,1634.0,0.033,0,1,No,182.82,0.033,1,0
259,2,354.96,2,6500.0,1018.56,0.157,1,Y,N,354.96,0.157,1,0
6381,4,489.46,3,42800.0,6367.83,0.149,0,1,0,489.46,0.149,1,0
12119,1,347.64,5,54700.0,19898.01,0.364,1,No,0,347.64,0.364,0,0
7082,1,141.47,0,52300.0,15481.95,0.296,1,0,0,141.47,0.296,0,0
9521,2,666.41,4,9300.0,1886.01,20.3%,0,1,No,666.41,0.203,1,0
1966,4,385.32,2,25300.0,2999.87,0.119,1,1,No,385.32,0.119,1,0
2642,4,138.7,0,33800.0,8709.0,0.258,2,Yes,No,138.7,0.258,1,0
827,2,186.46,0,13000.0,4498.49,0.346,1,Y,No,186.46,0.346,1,0
10860,5,466.55,0,43100.0,6777.61,0.157,2,Y,No,466.55,0.157,1,0
4264,1,331.66,1,48800.0,8451.02,0.173,3,0,1,331.66,0.173,0,1
10440,3,906.43,6,43700.0,5075.09,0.116,1,Yes,0,906.43,0.116,1,0
10250,1,475.12,3,10700.0,2613.95,0.244,0,No,0,475.12,0.244,0,0
2936,1,265.84,3,31300.0,2190.42,0.07,3,0,1,265.84,0.07,0,1
5078,3,510.36,3,22700.0,8558.84,0.377,0,Y,No,510.36,0.377,1,0
7283,1,1118.62,10,7500.0,3197.58,42.6%,1,Y,Y,1118.62,0.426,1,1
5211,1,1051.26,5,43000.0,13374.38,0.311,1,0,1,1051.26,0.311,0,1
6991,1,416.83,4,6600.0,1332.15,0.202,1,No,No,416.83,0.202,0,0
2307,4,262.25,0,22900.0,6443.03,0.281,2,Y,0,262.25,0.281,1,0
7944,1,194.43,2,55100.0,16054.23,0.291,0,0,Yes,194.43,0.291,0,1
957,2,214.21,1,18800.0,3033.4,0.161,0,1,No,214.21,0.161,1,0
11777,1,383.09,1,7400.0,2046.05,27.6%,1,Yes,1,383.09,0.276,1,1
1183,3,305.21,0,28500.0,7288.08,0.256,1,1,N,305.21,0.256,1,0
6544,2,207.03,1,3900.0,1279.76,0.328,4,1,1,207.03,0.328,1,1
11774,2,372.29,1,29000.0,11562.67,0.399,0,Y,0,372.29,0.399,1,0
1285,4,603.52,7,59100.0,15305.21,0.259,1,Yes,N,603.52,0.259,1,0
1769,2,145.61,3,8900.0,4807.79,0.54,0,Y,No,145.61,0.54,1,0
4242,4,538.63,6,56200.0,26722.36,0.475,2,Y,No,538.63,0.475,1,0
8257,1,150.22,1,45400.0,7282.32,0.16,1,N,Y,150.22,0.16,0,1
8666,1,406.04,1,12800.0,1470.54,11.5%,1,Y,No,406.04,0.115,1,0
8918,5,1017.4,12,22600.0,9724.97,0.43,0,Y,No,1017.4,0.43,1,0
9596,1,125.24,1,2800.0,102.72,0.037,1,1,N,125.24,0.037,1,0
9621,1,307.42,1,54100.0,12491.06,0.231,3,N,1,307.42,0.231,0,1
9682,2,288.3,1,54200.0,2558.27,4.7%,0,1,0,288.3,0.047,1,0
8951,2,1074.93,9,10700.0,1644.67,0.154,1,Y,No,1074.93,0.154,1,0
6649,1,547.25,3,5800.0,265.27,0.046,2,N,1,547.25,0.046,0,1
418,4,443.45,0,5000.0,514.51,0.103,0,Yes,No,443.45,0.103,1,0
7369,2,241.52,3,2700.0,213.3,0.079,1,Y,N,241.52,0.079,1,0
6703,2,408.25,2,53600.0,21499.83,40.1%,0,1,0,408.25,0.401,1,0
7537,5,184.85,2,27100.0,3947.58,14.6%,2,Yes,No,184.85,0.146,1,0
1975,3,743.4,4,33400.0,8033.24,0.241,1,1,0,743.4,0.241,1,0
3011,2,259.23,3,54400.0,20707.23,0.381,2,Y,0,259.23,0.381,1,0
6352,2,338.62,3,7600.0,3134.15,0.412,0,1,0,338.62,0.412,1,0
8992,1,654.89,5,6600.0,3249.89,49.2%,0,No,1,654.89,0.49200000000000005,0,1
6010,2,528.84,2,43200.0,3762.46,0.087,2,Yes,N,528.84,0.087,1,0
1678,1,158.19,1,58900.0,19711.4,0.335,1,No,1,158.19,0.335,0,1
1726,2,254.81,5,20600.0,5709.87,0.277,1,Yes,0,254.81,0.277,1,0
4714,2,592.79,6,28900.0,11187.59,38.7%,1,1,No,592.79,0.387,1,0
7514,2,348.13,2,55500.0,27339.07,49.3%,0,Yes,N,348.13,0.493,1,0
10478,2,498.08,2,52700.0,7177.72,0.136,0,Y,0,498.08,0.136,1,0
11150,1,143.93,1,46100.0,8190.98,0.178,0,N,1,143.93,0.178,0,1
12046,3,302.61,1,38000.0,7200.49,0.189,1,1,No,302.61,0.189,1,0
3360,2,2295.86,5,21900.0,10977.7,0.501,1,0,No,2295.86,0.501,0,0
4020,1,325.44,6,30100.0,10110.54,0.336,2,1,1,325.44,0.336,1,1
6452,1,210.56,1,24900.0,2242.06,9.0%,2,1,0,210.56,0.09,1,0
3793,2,363.67,0,13300.0,1431.89,0.108,5,1,0,363.67,0.108,1,0
5202,4,249.46,4,3700.0,1619.03,0.438,2,1,0,249.46,0.438,1,0
6614,2,331.13,3,29300.0,18713.27,0.639,0,1,0,331.13,0.639,1,0
7443,1,99.75,2,6600.0,1767.23,0.268,1,No,0,99.75,0.268,0,0
5612,2,279.86,1,48600.0,5716.17,11.8%,1,Yes,N,279.86,0.11800000000000001,1,0
5217,1,422.54,3,50800.0,17654.14,0.348,1,Yes,Y,422.54,0.348,1,1
12089,1,270.91,0,29300.0,9684.95,0.331,1,0,0,270.91,0.331,0,0
5681,5,177.2,2,56500.0,7147.84,12.7%,1,Y,0,177.2,0.127,1,0
7752,1,360.26,1,19100.0,8413.91,0.441,1,N,No,360.26,0.441,0,0
1871,4,155.84,1,24900.0,7347.73,0.295,0,N,0,155.84,0.295,0,0
107,1,618.67,4,53000.0,19084.05,0.36,1,Y,No,618.67,0.36,1,0
683,1,453.35,3,33900.0,16677.55,49.2%,1,No,0,453.35,0.49200000000000005,0,0
10694,3,1253.22,7,50300.0,14047.97,0.279,1,Y,0,1253.22,0.279,1,0
10598,3,333.55,1,47600.0,2477.99,0.052,1,Y,N,333.55,0.052,1,0
2763,1,185.57,1,55300.0,22432.13,0.406,0,N,No,185.57,0.406,0,0
2133,4,755.3,3,26000.0,4994.68,19.2%,0,1,0,755.3,0.192,1,0
8820,1,737.88,4,4800.0,677.28,0.141,0,Y,1,737.88,0.141,1,1
2708,3,335.83,2,26900.0,14093.41,0.524,1,1,N,335.83,0.524,1,0
11378,1,543.95,4,12100.0,3178.32,0.263,1,0,Yes,543.95,0.263,0,1
327,2,491.49,1,59200.0,5447.25,0.092,3,Y,0,491.49,0.092,1,0
5647,2,703.31,5,8400.0,675.47,8.0%,2,1,N,703.31,0.08,1,0
6245,3,483.58,1,39100.0,21921.09,0.561,1,Yes,N,483.58,0.561,1,0
2382,1,296.88,4,26100.0,8802.35,33.7%,2,Yes,0,296.88,0.337,1,0
12101,2,493.33,3,28400.0,7374.75,26.0%,1,Yes,N,493.33,0.26,1,0
3001,1,462.99,4,45100.0,761.82,0.017,0,0,0,462.99,0.017,0,0
2959,2,304.1,1,31100.0,13937.21,0.448,0,N,0,304.1,0.448,0,0
848,3,436.05,1,7200.0,1113.39,0.155,1,1,N,436.05,0.155,1,0
2691,2,713.87,6,40600.0,15298.22,0.377,1,Y,0,713.87,0.377,1,0
5984,2,314.65,0,39600.0,12652.17,31.9%,1,1,0,314.65,0.319,1,0
132,1,120.51,0,58900.0,18539.83,0.315,1,No,1,120.51,0.315,0,1
7099,3,213.9,2,38200.0,19407.7,0.508,0,Yes,0,213.9,0.508,1,0
7737,1,110.66,2,9700.0,2059.33,0.212,1,Y,No,110.66,0.212,1,0
8442,1,493.6,4,32800.0,5567.39,0.17,0,No,0,493.6,0.17,0,0
4854,5,425.69,4,22900.0,11571.18,0.505,3,Yes,0,425.69,0.505,1,0
11209,3,253.99,1,44300.0,11379.94,0.257,0,N,0,253.99,0.257,0,0
493,2,121.67,0,39100.0,3917.98,0.1,0,Yes,0,121.67,0.1,1,0
5946,4,517.41,4,4000.0,826.23,0.207,1,1,0,517.41,0.207,1,0
10287,1,649.94,2,38400.0,7843.51,0.204,1,No,No,649.94,0.204,0,0
8218,3,1061.13,8,53700.0,7323.22,0.136,0,Yes,0,1061.13,0.136,1,0
292,2,412.18,3,5500.0,1001.25,0.182,2,1,N,412.18,0.182,1,0
863,1,473.25,3,19700.0,4763.27,0.242,1,N,0,473.25,0.242,0,0
9431,4,314.28,1,23000.0,2810.82,0.122,0,1,N,314.28,0.122,1,0
8747,4,559.05,4,26500.0,3899.95,0.147,2,0,No,559.05,0.147,0,0
9480,1,847.11,5,10300.0,1547.12,0.15,1,1,1,847.11,0.15,1,1
6457,1,551.4,4,18800.0,6949.88,0.37,0,1,1,551.4,0.37,1,1
7047,3,141.98,0,25900.0,11331.23,0.437,2,No,0,141.98,0.437,0,0
6849,3,273.16,2,13600.0,6687.62,0.492,0,Y,0,273.16,0.492,1,0
11376,1,276.96,2,50000.0,10909.81,0.218,2,Yes,0,276.96,0.218,1,0
587,2,749.94,6,38200.0,9905.53,0.259,2,1,0,749.94,0.259,1,0
1907,4,246.28,2,45800.0,15158.45,33.1%,2,1,0,246.28,0.331,1,0
3376,1,204.98,0,14100.0,1975.22,0.14,1,No,0,204.98,0.14,0,0
5636,1,765.93,4,47200.0,13176.91,0.279,0,1,Y,765.93,0.279,1,1
2503,1,825.13,9,9200.0,3832.27,0.417,0,1,0,825.13,0.417,1,0
3213,2,705.52,9,51400.0,34949.51,0.68,2,Yes,N,705.52,0.68,1,0
1734,3,232.53,1,34100.0,9732.26,0.285,0,Y,0,232.53,0.285,1,0
5767,2,453.65,3,45200.0,15352.42,34.0%,0,Y,0,453.65,0.34,1,0
7162,1,208.36,3,38300.0,7616.03,0.199,1,0,N,208.36,0.199,0,0
4088,2,168.37,1,48600.0,14131.51,0.291,1,1,N,168.37,0.291,1,0
9966,1,707.75,7,35600.0,12455.8,35.0%,1,1,Yes,707.75,0.35,1,1
7258,4,326.38,1,42100.0,5955.37,0.141,0,1,0,326.38,0.141,1,0
4876,2,548.88,6,41100.0,8986.83,0.219,1,Yes,0,548.88,0.219,1,0
6757,3,2221.23,20,20100.0,5985.33,0.298,0,N,N,2221.23,0.298,0,0
6362,1,1095.89,7,52100.0,16990.81,0.326,0,0,0,1095.89,0.326,0,0
1180,3,142.75,0,11900.0,4893.68,41.1%,0,Y,0,142.75,0.41100000000000003,1,0
6951,1,677.01,0,47100.0,25117.48,53.3%,0,0,0,677.01,0.5329999999999999,0,0
5407,2,1125.03,5,14500.0,8266.75,0.57,1,0,No,1125.03,0.57,0,0
6384,2,574.93,1,13000.0,5441.58,0.419,0,Y,0,574.93,0.419,1,0
11798,2,148.59,0,6900.0,1516.53,0.22,0,Y,No,148.59,0.22,1,0
5558,1,929.41,5,8100.0,1821.52,0.225,0,1,N,929.41,0.225,1,0
3579,3,285.32,1,41300.0,6049.43,14.6%,1,0,0,285.32,0.146,0,0
7257,2,227.8,1,51300.0,6309.33,0.123,1,1,N,227.8,0.123,1,0
8889,1,1952.74,14,32000.0,10628.3,0.332,1,0,1,1952.74,0.332,0,1
6361,3,724.32,7,17800.0,5044.41,0.283,1,1,0,724.32,0.283,1,0
9920,1,649.24,9,8100.0,186.67,2.3%,2,No,0,649.24,0.023,0,0
2245,5,227.54,4,26300.0,5300.73,0.202,2,Yes,0,227.54,0.202,1,0
398,2,825.19,3,27800.0,10110.37,36.4%,0,1,0,825.19,0.364,1,0
6870,1,310.23,2,8700.0,652.88,0.075,3,1,N,310.23,0.075,1,0
1547,2,66.45,1,18200.0,2508.22,0.138,1,Y,0,66.45,0.138,1,0
10391,2,238.94,1,17400.0,2507.99,14.4%,1,Yes,0,238.94,0.14400000000000002,1,0
8140,2,189.16,1,55300.0,20634.45,37.3%,0,Y,0,189.16,0.373,1,0
458,3,1170.93,9,49200.0,2251.69,0.046,2,No,0,1170.93,0.046,0,0
4830,2,515.59,1,56700.0,4505.5,0.079,0,0,0,515.59,0.079,0,0
3146,2,181.1,2,57500.0,15775.12,0.274,0,Yes,0,181.1,0.274,1,0
3321,1,389.27,2,2200.0,528.6,0.24,3,1,No,389.27,0.24,1,0
9102,2,582.33,7,6800.0,2302.82,33.9%,0,1,0,582.33,0.33899999999999997,1,0
10220,1,834.51,7,34700.0,11581.67,0.334,1,1,Yes,834.51,0.334,1,1
7755,1,1290.42,13,3500.0,2072.83,59.2%,1,0,0,1290.42,0.5920000000000001,0,0
5538,3,378.79,4,23100.0,7166.55,31.0%,0,1,0,378.79,0.31,1,0
5932,1,591.73,3,3200.0,947.32,0.296,4,0,Yes,591.73,0.296,0,1
8423,4,307.45,2,12100.0,2841.7,0.235,0,Yes,No,307.45,0.235,1,0
6113,2,222.97,2,32100.0,7706.67,0.24,1,N,N,222.97,0.24,0,0
6745,1,337.69,4,39400.0,12429.83,0.315,2,1,1,337.69,0.315,1,1
7825,4,264.78,2,52100.0,12562.26,24.1%,0,Yes,No,264.78,0.24100000000000002,1,0
7138,3,561.12,5,42200.0,9284.1,22.0%,0,Yes,N,561.12,0.22,1,0
3114,4,173.33,2,13300.0,5194.64,39.1%,0,Yes,0,173.33,0.391,1,0
10296,3,245.15,1,35200.0,13582.36,0.386,0,0,0,245.15,0.386,0,0
8290,2,200.74,0,11700.0,2818.63,24.1%,0,1,No,200.74,0.24100000000000002,1,0
11067,2,318.74,2,23500.0,734.98,0.031,0,Y,0,318.74,0.031,1,0
3422,2,245.63,0,30400.0,5095.86,0.168,1,Yes,0,245.63,0.168,1,0
7783,2,716.97,1,7100.0,1504.19,0.212,3,Y,0,716.97,0.212,1,0
7440,3,175.38,2,9600.0,2962.3,30.9%,2,Y,0,175.38,0.309,1,0
7030,1,179.51,2,27300.0,8319.45,0.305,1,No,No,179.51,0.305,0,0
9085,2,1316.38,6,59700.0,24873.91,0.417,0,1,No,1316.38,0.417,1,0
8728,2,,3,49800.0,10959.71,0.22,1,1,N,411.22,0.22,1,0
9378,1,334.17,1,39100.0,7423.71,0.19,2,0,N,334.17,0.19,0,0
129,1,772.12,2,59900.0,33530.97,0.56,2,0,Y,772.12,0.56,0,1
6344,3,621.08,4,5000.0,478.58,0.096,0,Y,N,621.08,0.096,1,0
5106,2,,7,19600.0,3072.94,0.157,2,1,No,760.96,0.157,1,0
4563,1,,2,26300.0,5646.55,0.215,0,0,0,339.29,0.215,0,0
6256,1,190.45,0,11200.0,1355.25,0.121,1,0,Yes,190.45,0.121,0,1
432,4,331.91,4,18200.0,7606.61,0.418,2,Yes,N,331.91,0.418,1,0
1820,2,512.02,3,28700.0,1651.96,0.058,1,1,0,512.02,0.058,1,0
6723,3,771.37,5,37300.0,13121.86,0.352,1,Y,N,771.37,0.352,1,0
4897,1,1339.47,12,47600.0,13572.09,0.285,3,0,1,1339.47,0.285,0,1
4111,2,505.04,1,51600.0,18886.54,0.366,3,1,N,505.04,0.366,1,0
8335,1,317.01,2,38600.0,9880.97,0.256,2,No,0,317.01,0.256,0,0
3539,2,423.33,3,25900.0,10898.02,0.421,2,1,No,423.33,0.421,1,0
10938,2,266.36,3,8800.0,3757.62,0.427,2,Yes,N,266.36,0.427,1,0
3819,3,264.78,1,13600.0,2663.31,0.196,1,1,0,264.78,0.196,1,0
9797,1,303.01,1,44700.0,9701.55,0.217,1,1,Y,303.01,0.217,1,1
9694,3,461.38,3,49300.0,4894.17,0.099,0,0,0,461.38,0.099,0,0
2467,1,250.93,3,23600.0,11290.82,0.478,1,No,0,250.93,0.478,0,0
3160,2,156.85,1,3600.0,1329.35,0.369,2,Y,No,156.85,0.369,1,0
1137,3,540.87,1,34500.0,15507.26,0.449,1,Yes,0,540.87,0.449,1,0
6853,2,232.57,1,14900.0,586.16,0.039,2,0,0,232.57,0.039,0,0
3854,1,303.82,3,3900.0,616.91,0.158,2,No,0,303.82,0.158,0,0
8685,1,497.64,8,38900.0,21892.85,0.563,1,N,Y,497.64,0.563,0,1
11006,3,374.96,1,51600.0,19079.31,37.0%,0,1,N,374.96,0.37,1,0
6691,2,358.64,1,36400.0,5367.54,0.147,0,Y,No,358.64,0.147,1,0
10421,2,311.97,2,50600.0,16633.04,0.329,2,1,No,311.97,0.329,1,0
5353,2,1059.29,11,21600.0,5127.58,23.7%,2,Yes,0,1059.29,0.237,1,0
1739,1,318.45,1,15700.0,4288.53,27.3%,0,0,0,318.45,0.273,0,0
11363,1,449.7,4,16800.0,9942.99,0.592,2,0,Y,449.7,0.592,0,1
334,2,278.6,2,50700.0,10916.49,0.215,1,Y,N,278.6,0.215,1,0
1542,1,365.0,6,28800.0,6840.05,0.238,0,No,No,365.0,0.238,0,0
3751,4,352.79,3,40100.0,21537.77,0.537,1,No,N,352.79,0.537,0,0
3182,3,435.35,2,21500.0,4876.68,0.227,0,0,0,435.35,0.227,0,0
9222,2,833.56,5,26000.0,13422.39,0.516,2,1,0,833.56,0.516,1,0
12106,4,220.85,0,60000.0,23748.86,0.396,0,Yes,No,220.85,0.396,1,0
7322,3,595.12,6,5000.0,1058.37,0.212,3,N,1,595.12,0.212,0,1
76,1,563.35,2,19800.0,709.02,0.036,3,Yes,1,563.35,0.036,1,1
11319,1,237.48,0,59500.0,13933.75,0.234,0,0,1,237.48,0.234,0,1
1187,1,1253.91,9,23100.0,7367.11,31.9%,2,No,Yes,1253.91,0.319,0,1
11065,4,590.8,5,19400.0,15484.01,0.798,2,Yes,0,590.8,0.798,1,0
7360,2,145.42,1,52100.0,20804.0,39.9%,1,1,N,145.42,0.39899999999999997,1,0
10940,1,396.08,7,58500.0,26394.31,0.451,1,0,Yes,396.08,0.451,0,1
2552,2,170.12,1,21900.0,10385.16,0.474,0,1,N,170.12,0.474,1,0
11077,3,360.01,1,4400.0,1492.77,0.339,0,Yes,0,360.01,0.339,1,0
5176,1,1129.99,10,14300.0,2125.55,0.149,0,No,No,1129.99,0.149,0,0
2890,4,258.57,0,22600.0,5675.38,0.251,2,1,0,258.57,0.251,1,0
3003,1,306.08,1,8900.0,5083.89,0.571,0,1,0,306.08,0.571,1,0
1011,1,182.98,0,51300.0,9589.35,0.187,2,No,0,182.98,0.187,0,0
1811,2,421.04,1,41000.0,13918.94,33.9%,1,Y,0,421.04,0.33899999999999997,1,0
6907,1,601.26,4,54300.0,12342.5,0.227,2,N,N,601.26,0.227,0,0
7883,1,930.05,6,49500.0,13698.25,0.277,2,0,0,930.05,0.277,0,0
10947,3,155.67,0,11900.0,3518.58,0.296,1,1,0,155.67,0.296,1,0
8787,2,298.7,6,18500.0,10702.93,0.579,2,1,0,298.7,0.579,1,0
6788,4,689.8,4,19500.0,3633.94,0.186,0,1,No,689.8,0.186,1,0
10525,1,207.25,2,8700.0,4244.19,0.488,0,Yes,1,207.25,0.488,1,1
11664,2,96.62,1,58100.0,27634.78,0.476,1,0,No,96.62,0.476,0,0
4459,1,435.93,1,22800.0,9862.84,0.433,1,Yes,1,435.93,0.433,1,1
10541,4,653.18,9,22200.0,6091.77,0.274,0,Yes,N,653.18,0.274,1,0
5752,4,628.71,3,15600.0,1750.96,0.112,2,0,0,628.71,0.112,0,0
11578,2,195.46,0,24800.0,6498.01,0.262,0,0,0,195.46,0.262,0,0
10996,1,197.76,0,26000.0,554.8,0.021,1,No,No,197.76,0.021,0,0
12126,3,660.24,7,28800.0,11916.9,0.414,1,0,0,660.24,0.414,0,0
10374,3,767.21,4,40500.0,14042.78,0.347,1,Y,No,767.21,0.347,1,0
2785,2,1033.17,6,49800.0,12567.06,0.252,1,Yes,0,1033.17,0.252,1,0
11680,2,334.65,3,58700.0,13295.35,0.226,1,1,No,334.65,0.226,1,0
6565,1,530.52,2,13600.0,1905.63,0.14,0,Yes,0,530.52,0.14,1,0
4039,1,360.91,3,57700.0,22367.86,0.388,1,N,0,360.91,0.388,0,0
11634,1,195.65,0,24400.0,7393.03,0.303,1,0,0,195.65,0.303,0,0
993,2,491.34,7,59500.0,17926.72,0.301,1,1,No,491.34,0.301,1,0
7509,1,143.35,0,52300.0,20663.59,0.395,0,0,N,143.35,0.395,0,0
5672,1,311.7,3,20200.0,6139.28,0.304,0,No,Y,311.7,0.304,0,1
8066,2,850.3,7,31600.0,8085.91,0.256,0,1,No,850.3,0.256,1,0
10381,3,397.84,4,30000.0,12054.5,0.402,0,1,No,397.84,0.402,1,0
4096,4,378.01,2,22100.0,4769.23,0.216,0,0,N,378.01,0.216,0,0
9286,4,329.8,3,29500.0,13284.56,0.45,1,1,0,329.8,0.45,1,0
4437,1,613.28,1,13000.0,805.97,0.062,1,N,1,613.28,0.062,0,1
227,2,228.23,5,42900.0,19514.22,0.455,2,Y,0,228.23,0.455,1,0
7203,3,263.27,2,52000.0,11417.37,0.22,1,1,0,263.27,0.22,1,0
11196,2,386.15,1,18000.0,7775.93,0.432,1,1,0,386.15,0.432,1,0
5947,2,150.74,2,56100.0,23643.66,0.421,1,Y,N,150.74,0.421,1,0
11993,5,452.29,4,24300.0,5215.59,0.215,1,Yes,0,452.29,0.215,1,0
9851,1,478.23,1,52500.0,12325.1,23.5%,0,0,Y,478.23,0.235,0,1
7415,4,288.94,3,11500.0,3497.89,0.304,0,1,0,288.94,0.304,1,0
7676,1,1327.5,7,41400.0,3645.21,0.088,2,1,N,1327.5,0.088,1,0
3648,2,320.91,0,3600.0,1953.18,0.543,1,N,0,320.91,0.543,0,0
2474,5,843.98,5,45400.0,10890.19,0.24,1,0,0,843.98,0.24,0,0
4832,2,520.49,3,41200.0,4289.11,0.104,0,0,N,520.49,0.104,0,0
895,1,456.93,2,24900.0,2238.42,0.09,2,Y,0,456.93,0.09,1,0
1016,2,98.27,1,15000.0,3857.76,0.257,2,Y,0,98.27,0.257,1,0
2820,1,621.92,5,25100.0,1829.44,0.073,2,1,1,621.92,0.073,1,1
2557,3,410.8,2,36700.0,11515.37,0.314,1,1,No,410.8,0.314,1,0
8205,2,365.35,6,29400.0,11843.95,0.403,1,1,0,365.35,0.403,1,0
7125,3,1480.99,5,41800.0,17558.75,0.42,1,1,N,1480.99,0.42,1,0
2388,1,567.81,5,23900.0,8561.31,0.358,1,No,0,567.81,0.358,0,0
11836,1,785.69,3,57100.0,18202.1,31.9%,1,No,0,785.69,0.319,0,0
1306,2,332.71,2,54500.0,11112.81,0.204,1,N,0,332.71,0.204,0,0
10213,2,720.32,2,24600.0,5731.98,0.233,0,1,N,720.32,0.233,1,0
6959,3,286.29,2,27800.0,11377.44,40.9%,0,Y,0,286.29,0.409,1,0
9428,2,642.51,4,35500.0,2607.49,0.073,2,Yes,0,642.51,0.073,1,0
51,1,490.18,2,34800.0,12617.26,0.363,2,1,No,490.18,0.363,1,0
1398,1,521.28,3,20000.0,5288.08,0.264,1,1,Y,521.28,0.264,1,1
4583,1,213.81,0,17900.0,7118.93,0.398,2,No,1,213.81,0.398,0,1
5828,2,576.89,4,52000.0,13879.33,26.7%,1,1,0,576.89,0.267,1,0
9405,2,368.34,1,49000.0,6392.29,13.0%,1,N,No,368.34,0.13,0,0
558,1,233.21,0,57300.0,15092.03,0.263,0,No,0,233.21,0.263,0,0
7367,2,727.9,4,42200.0,3896.0,0.092,2,0,No,727.9,0.092,0,0
8719,4,207.08,2,49900.0,459.21,0.009,1,Yes,N,207.08,0.009,1,0
1507,5,391.87,3,39200.0,11114.23,0.284,0,Y,N,391.87,0.284,1,0
5835,1,365.87,2,34000.0,9652.17,0.284,1,Y,Y,365.87,0.284,1,1
10668,2,488.59,3,39200.0,4679.87,0.119,1,1,N,488.59,0.119,1,0
10719,4,620.65,4,23500.0,6100.07,26.0%,0,1,N,620.65,0.26,1,0
3807,4,656.67,2,3600.0,839.46,0.233,1,1,N,656.67,0.233,1,0
10138,2,237.51,2,14100.0,478.97,0.034,0,Yes,0,237.51,0.034,1,0
2409,2,286.44,1,40100.0,5108.35,0.127,1,1,No,286.44,0.127,1,0
5431,2,518.66,5,32300.0,2422.59,0.075,0,1,No,518.66,0.075,1,0
11211,1,159.36,0,8300.0,1853.98,22.3%,1,N,1,159.36,0.223,0,1
6111,1,188.68,0,16700.0,2095.0,0.125,1,0,No,188.68,0.125,0,0
3516,2,666.34,6,22000.0,4341.64,0.197,2,1,N,666.34,0.197,1,0
2806,3,263.75,3,27900.0,5372.28,0.193,1,Y,0,263.75,0.193,1,0
7567,1,1018.25,3,33500.0,2332.97,7.0%,0,0,0,1018.25,0.07,0,0
3136,2,860.75,6,34400.0,686.25,0.02,0,1,N,860.75,0.02,1,0
5555,3,413.28,0,12200.0,2300.88,0.189,1,Yes,0,413.28,0.189,1,0
10063,5,197.72,1,36600.0,11991.34,0.328,0,1,0,197.72,0.328,1,0
9317,2,568.3,4,27400.0,8040.23,0.293,1,1,0,568.3,0.293,1,0
168,2,348.72,2,27800.0,5015.96,0.18,2,Y,0,348.72,0.18,1,0
7444,2,224.58,1,38300.0,8033.14,0.21,1,1,N,224.58,0.21,1,0
4718,1,199.56,0,45700.0,29396.87,0.643,1,No,N,199.56,0.643,0,0
6877,4,233.37,3,25100.0,2941.31,11.7%,1,1,No,233.37,0.11699999999999999,1,0
1790,1,905.12,5,20700.0,1534.8,0.074,1,1,0,905.12,0.074,1,0
6488,3,540.52,4,42500.0,7476.38,0.176,0,Yes,0,540.52,0.176,1,0
1064,3,240.12,2,29500.0,5023.68,0.17,1,1,0,240.12,0.17,1,0
1456,2,626.31,1,23000.0,682.73,0.03,1,Yes,0,626.31,0.03,1,0
1073,1,351.18,3,13700.0,4787.37,0.349,1,No,0,351.18,0.349,0,0
2253,1,284.25,5,51600.0,8494.34,0.165,1,1,0,284.25,0.165,1,0
5566,4,348.25,3,13700.0,5402.44,0.394,1,Yes,No,348.25,0.394,1,0
7849,2,602.1,7,24500.0,11778.64,0.481,0,0,0,602.1,0.481,0,0
2412,3,403.71,2,6400.0,1978.08,0.309,1,0,0,403.71,0.309,0,0
10945,3,,1,49200.0,5558.0,0.113,1,0,No,272.54,0.113,0,0
9243,1,1332.04,4,49300.0,5078.71,0.103,1,1,No,1332.04,0.103,1,0
11118,1,259.74,2,10400.0,2204.89,0.212,0,Yes,N,259.74,0.212,1,0
3153,4,319.72,1,7300.0,1660.93,22.8%,1,1,N,319.72,0.228,1,0
1350,3,308.8,4,26700.0,5527.63,0.207,1,1,N,308.8,0.207,1,0
6577,1,247.88,1,30900.0,5291.05,17.1%,1,N,N,247.88,0.171,0,0
2297,2,639.45,5,18900.0,4692.4,0.248,1,Y,0,639.45,0.248,1,0
8944,3,473.05,6,54300.0,13159.81,24.2%,2,1,No,473.05,0.242,1,0
503,3,633.2,6,33700.0,5566.04,0.165,3,Y,Yes,633.2,0.165,1,1
5019,3,1129.23,11,8600.0,733.01,0.085,2,1,No,1129.23,0.085,1,0
3640,3,275.98,2,57600.0,20359.49,0.353,3,Y,N,275.98,0.353,1,0
11112,3,453.21,5,47800.0,21639.49,0.453,0,1,0,453.21,0.453,1,0
628,2,377.92,7,57400.0,20315.95,0.354,0,Yes,N,377.92,0.354,1,0
7559,2,912.53,7,6900.0,1711.48,0.248,1,1,N,912.53,0.248,1,0
4786,1,1425.6,9,2700.0,1115.53,0.413,1,0,0,1425.6,0.413,0,0
2447,1,878.74,13,6600.0,3076.89,0.466,1,0,0,878.74,0.466,0,0
4012,2,214.01,2,16300.0,1595.06,0.098,1,Yes,N,214.01,0.098,1,0
2344,1,530.19,1,24000.0,12092.53,50.4%,1,N,0,530.19,0.504,0,0
5425,2,585.13,1,27800.0,9207.77,0.331,2,Yes,0,585.13,0.331,1,0
1108,2,210.14,1,46000.0,10632.39,23.1%,0,1,0,210.14,0.231,1,0
8194,4,556.65,5,28600.0,13048.1,0.456,3,1,N,556.65,0.456,1,0
705,1,300.34,0,41300.0,16974.3,0.411,2,N,Yes,300.34,0.411,0,1
9648,2,487.17,4,14800.0,434.19,2.9%,0,1,0,487.17,0.028999999999999998,1,0
3384,3,246.53,3,7800.0,843.13,0.108,1,Y,0,246.53,0.108,1,0
11344,2,820.75,8,31700.0,12670.2,40.0%,0,Yes,0,820.75,0.4,1,0
7057,4,269.12,1,44700.0,18340.49,0.41,0,Y,No,269.12,0.41,1,0
8987,2,554.93,5,44400.0,1194.96,0.027,0,1,0,554.93,0.027,1,0
5253,3,678.59,4,43400.0,9520.73,0.219,1,1,0,678.59,0.219,1,0
4701,2,301.17,3,47100.0,16051.19,0.341,1,1,No,301.17,0.341,1,0
8745,1,291.18,1,29800.0,6878.36,0.231,2,0,N,291.18,0.231,0,0
5983,2,714.05,4,34200.0,6703.36,0.196,1,Y,No,714.05,0.196,1,0
6499,1,877.96,3,53500.0,12554.64,0.235,0,0,N,877.96,0.235,0,0
8234,4,1149.48,6,19100.0,5801.11,30.4%,1,1,N,1149.48,0.304,1,0
11207,1,205.39,1,42400.0,12244.48,28.9%,1,0,N,205.39,0.289,0,0
693,1,387.59,0,10900.0,3015.83,0.277,0,Yes,0,387.59,0.277,1,0
6167,2,304.09,0,3900.0,313.87,0.08,3,Y,0,304.09,0.08,1,0
11751,3,291.17,1,7100.0,2623.31,36.9%,1,1,0,291.17,0.369,1,0
8528,5,310.84,1,19200.0,10078.84,52.5%,1,0,0,310.84,0.525,0,0
11408,4,1095.22,8,3400.0,712.76,0.21,1,Y,N,1095.22,0.21,1,0
3199,3,295.9,1,21700.0,344.95,0.016,1,Y,N,295.9,0.016,1,0
353,4,378.48,4,21200.0,5482.51,0.259,2,1,No,378.48,0.259,1,0
8527,5,367.13,3,42000.0,7187.04,0.171,1,N,0,367.13,0.171,0,0
3665,2,452.76,3,54000.0,19411.8,0.359,0,No,0,452.76,0.359,0,0
7171,2,431.23,2,56100.0,17546.94,0.313,1,Yes,N,431.23,0.313,1,0
2768,1,364.01,3,32000.0,10792.69,0.337,0,No,Yes,364.01,0.337,0,1
10448,1,440.37,2,14700.0,5858.5,0.399,0,1,No,440.37,0.399,1,0
2294,5,710.05,6,22100.0,8764.25,0.397,1,1,0,710.05,0.397,1,0
10682,2,504.56,3,53500.0,15871.79,0.297,0,Yes,0,504.56,0.297,1,0
610,2,186.11,0,53300.0,27903.7,52.4%,3,N,0,186.11,0.524,0,0
7635,1,748.76,6,55700.0,6993.94,0.126,1,0,No,748.76,0.126,0,0
2713,3,139.83,2,5600.0,1009.58,0.18,1,Yes,0,139.83,0.18,1,0
10221,2,201.84,1,3400.0,1261.5,0.371,2,Y,N,201.84,0.371,1,0
2834,1,1109.2,7,11800.0,2277.62,0.193,1,0,0,1109.2,0.193,0,0
5207,2,352.9,0,30700.0,9137.53,0.298,0,0,0,352.9,0.298,0,0
631,2,251.77,0,7500.0,2825.43,0.377,2,1,No,251.77,0.377,1,0
4024,1,235.94,0,10800.0,2184.14,0.202,1,N,Yes,235.94,0.202,0,1
5559,1,221.72,0,34300.0,18523.57,54.0%,0,N,1,221.72,0.54,0,1
1584,3,430.94,1,57200.0,20278.19,0.355,0,1,0,430.94,0.355,1,0
1470,2,,4,15000.0,2484.91,0.166,1,1,N,507.11,0.166,1,0
2797,4,1103.59,7,37200.0,2281.32,0.061,0,Yes,No,1103.59,0.061,1,0
3674,4,299.11,2,53900.0,33561.82,62.3%,2,No,N,299.11,0.623,0,0
4424,2,565.53,2,50700.0,12216.14,0.241,2,1,N,565.53,0.241,1,0
5335,3,570.54,8,57100.0,21893.12,0.383,0,1,No,570.54,0.383,1,0
1852,1,776.94,5,42100.0,31498.67,74.8%,1,0,1,776.94,0.748,0,1
5547,2,360.64,1,37100.0,8411.03,0.227,2,Y,No,360.64,0.227,1,0
8189,3,461.22,4,57000.0,19079.4,33.5%,0,Y,No,461.22,0.335,1,0
8263,3,816.04,5,38800.0,7604.41,0.196,1,Yes,N,816.04,0.196,1,0
5904,2,153.59,1,33200.0,7531.19,0.227,0,No,No,153.59,0.227,0,0
7277,4,480.4,4,47200.0,8315.47,0.176,0,1,No,480.4,0.176,1,0
4822,1,438.17,1,56000.0,12851.45,22.9%,1,1,0,438.17,0.22899999999999998,1,0
10807,1,459.45,1,48700.0,11528.59,0.237,2,1,0,459.45,0.237,1,0
6144,2,345.77,2,40700.0,16526.18,0.406,0,1,No,345.77,0.406,1,0
1432,1,1319.29,9,6300.0,640.56,0.102,0,0,No,1319.29,0.102,0,0
7760,2,709.63,6,43500.0,13026.13,0.299,1,1,No,709.63,0.299,1,0
5403,2,837.73,8,7100.0,1229.94,0.173,1,Yes,N,837.73,0.173,1,0
11878,2,136.17,1,51000.0,5634.43,0.11,1,Y,0,136.17,0.11,1,0
7532,3,196.38,4,59900.0,31123.11,52.0%,0,Y,N,196.38,0.52,1,0
11489,2,449.65,1,43500.0,9552.02,0.22,1,1,No,449.65,0.22,1,0
9141,2,299.79,1,16500.0,5370.51,0.325,1,Yes,0,299.79,0.325,1,0
734,1,177.01,0,5200.0,652.51,0.125,1,0,0,177.01,0.125,0,0
11391,2,588.41,4,50900.0,8043.5,0.158,1,Y,N,588.41,0.158,1,0
8936,1,394.7,2,8500.0,2525.91,0.297,2,1,No,394.7,0.297,1,0
9619,1,229.72,0,40500.0,13409.76,33.1%,1,1,No,229.72,0.331,1,0
10195,3,1036.92,6,7800.0,3158.97,0.405,2,Yes,0,1036.92,0.405,1,0
7378,2,449.94,1,43500.0,6636.42,0.153,3,1,No,449.94,0.153,1,0
8722,3,119.68,0,14000.0,5446.02,0.389,0,1,N,119.68,0.389,1,0
6871,2,1092.15,8,26200.0,10265.31,0.392,1,1,N,1092.15,0.392,1,0
1909,5,366.33,2,56100.0,9273.15,0.165,2,1,No,366.33,0.165,1,0
4848,1,1174.74,5,3300.0,275.66,0.084,0,0,Yes,1174.74,0.084,0,1
3558,1,383.34,3,3300.0,374.99,0.114,0,0,1,383.34,0.114,0,1
9456,3,380.33,2,10600.0,4631.08,0.437,3,1,0,380.33,0.437,1,0
5513,2,627.25,6,32400.0,12406.88,0.383,0,Y,0,627.25,0.383,1,0
5161,4,195.14,0,25900.0,9754.42,37.7%,1,1,0,195.14,0.377,1,0
6263,3,488.11,2,12000.0,387.06,3.2%,1,1,0,488.11,0.032,1,0
8883,2,201.6,1,15500.0,1259.38,8.1%,4,No,0,201.6,0.081,0,0
2043,5,127.4,0,22800.0,8514.97,0.373,0,1,N,127.4,0.373,1,0
662,1,479.13,6,43500.0,8968.37,0.206,1,N,0,479.13,0.206,0,0
8798,2,165.62,2,17400.0,4091.61,0.235,1,Yes,0,165.62,0.235,1,0
4279,2,280.39,3,35500.0,8618.14,24.3%,0,1,N,280.39,0.243,1,0
10798,2,494.47,3,20200.0,2012.41,0.1,0,1,0,494.47,0.1,1,0
11926,1,563.0,3,21200.0,4249.5,0.2,2,1,No,563.0,0.2,1,0
4744,2,589.59,6,58000.0,19418.78,0.335,1,Yes,No,589.59,0.335,1,0
2194,2,95.5,0,34000.0,1680.51,0.049,1,No,No,95.5,0.049,0,0
10914,2,151.03,1,26000.0,4196.76,0.161,1,Y,0,151.03,0.161,1,0
11426,2,,6,49500.0,4852.0,0.098,0,Yes,N,668.98,0.098,1,0
1663,5,658.34,5,28700.0,13698.96,0.477,4,Yes,N,658.34,0.477,1,0
5576,2,319.17,3,43800.0,3962.68,9.0%,1,Yes,N,319.17,0.09,1,0
9538,1,1317.43,4,30400.0,8688.36,28.6%,0,Yes,1,1317.43,0.28600000000000003,1,1
11698,2,155.47,0,50200.0,20461.67,0.408,3,Yes,0,155.47,0.408,1,0
8379,2,411.64,0,7300.0,3077.78,0.422,1,Yes,No,411.64,0.422,1,0
1830,1,174.46,0,23700.0,278.51,1.2%,1,N,0,174.46,0.012,0,0
10389,1,717.87,10,42900.0,15632.29,0.364,0,N,N,717.87,0.364,0,0
7149,1,399.67,1,30000.0,6910.32,0.23,0,No,0,399.67,0.23,0,0
10863,1,261.32,2,53100.0,13931.31,26.2%,2,N,1,261.32,0.262,0,1
5127,3,1105.69,11,3400.0,1292.71,0.38,2,1,No,1105.69,0.38,1,0
2833,4,455.63,2,28100.0,4953.95,17.6%,2,Yes,0,455.63,0.17600000000000002,1,0
3374,3,459.75,2,35700.0,9462.41,26.5%,0,1,0,459.75,0.265,1,0
9515,4,163.16,1,3100.0,69.04,0.022,2,1,N,163.16,0.022,1,0
5271,1,515.1,3,7700.0,753.23,9.8%,1,No,Y,515.1,0.098,0,1
8859,5,277.79,1,11400.0,4759.28,0.417,1,1,No,277.79,0.417,1,0
1293,4,613.84,5,45800.0,14078.52,0.307,0,1,N,613.84,0.307,1,0
11334,3,564.95,4,37700.0,12078.91,0.32,1,No,N,564.95,0.32,0,0
10497,1,509.92,2,22500.0,8691.38,38.6%,0,0,0,509.92,0.386,0,0
1162,5,92.43,2,40300.0,10237.2,0.254,0,Y,0,92.43,0.254,1,0
7542,3,152.28,1,34000.0,9965.92,0.293,1,1,0,152.28,0.293,1,0
11494,5,374.98,3,30700.0,7350.35,0.239,0,Yes,No,374.98,0.239,1,0
3437,1,449.87,2,11700.0,3431.16,0.293,1,1,N,449.87,0.293,1,0
5385,3,,1,40800.0,15110.6,0.37,0,1,0,272.54,0.37,1,0
2902,3,1096.88,11,19500.0,5734.62,0.294,1,1,0,1096.88,0.294,1,0
4396,2,261.06,4,34300.0,6154.34,0.179,1,1,No,261.06,0.179,1,0
2757,1,322.78,3,41900.0,9135.19,0.218,2,1,0,322.78,0.218,1,0
6727,1,256.89,2,33100.0,13078.62,0.395,2,No,0,256.89,0.395,0,0
4797,1,112.25,1,24900.0,6123.51,0.246,4,1,1,112.25,0.246,1,1
12058,1,499.91,6,11900.0,3707.66,0.312,1,N,0,499.91,0.312,0,0
6032,1,219.52,1,35300.0,2501.11,0.071,0,0,Yes,219.52,0.071,0,1
9027,2,698.65,4,13700.0,6798.43,0.496,2,0,0,698.65,0.496,0,0
8586,4,508.08,6,14900.0,4494.86,0.302,1,1,No,508.08,0.302,1,0
8267,1,212.0,4,25500.0,1117.73,0.044,2,0,0,212.0,0.044,0,0
3147,1,249.22,2,42500.0,10817.14,0.255,2,Yes,N,249.22,0.255,1,0
6252,4,185.54,0,31800.0,10426.81,0.328,0,Y,0,185.54,0.328,1,0
10625,3,373.32,2,3500.0,267.2,7.6%,1,Yes,N,373.32,0.076,1,0
224,3,474.5,4,40500.0,11167.15,0.276,2,Y,0,474.5,0.276,1,0
329,2,400.08,4,21400.0,8318.57,0.389,0,1,N,400.08,0.389,1,0
2303,3,603.82,8,28700.0,8622.9,0.3,1,1,N,603.82,0.3,1,0
3513,2,663.27,4,21900.0,5533.15,0.253,0,1,N,663.27,0.253,1,0
10935,1,900.33,8,23300.0,4602.31,0.198,2,1,1,900.33,0.198,1,1
4844,1,192.76,0,37300.0,3723.61,0.1,0,0,1,192.76,0.1,0,1
8635,3,215.1,1,51800.0,12829.42,24.8%,0,Yes,0,215.1,0.248,1,0
5933,2,1894.68,21,4400.0,601.53,0.137,2,0,No,1894.68,0.137,0,0
8902,4,550.39,5,51900.0,10352.8,0.199,2,Yes,No,550.39,0.199,1,0
8723,3,138.74,1,34100.0,9659.61,28.3%,2,0,N,138.74,0.28300000000000003,0,0
10748,1,206.68,2,35700.0,9442.9,0.265,2,1,0,206.68,0.265,1,0
9532,1,192.03,0,2300.0,1117.83,0.486,1,0,Yes,192.03,0.486,0,1
4300,1,549.91,4,33600.0,16042.19,0.477,0,0,0,549.91,0.477,0,0
1738,3,329.76,2,56700.0,8417.92,14.8%,0,Yes,N,329.76,0.14800000000000002,1,0
48,3,422.44,0,7600.0,1362.89,0.179,3,Yes,0,422.44,0.179,1,0
188,4,392.57,5,6400.0,766.13,12.0%,2,1,0,392.57,0.12,1,0
2625,2,182.81,1,22700.0,2517.57,0.111,1,1,No,182.81,0.111,1,0
3348,4,401.3,3,9200.0,510.54,0.055,4,1,N,401.3,0.055,1,0
5334,5,345.28,2,22000.0,11896.73,0.541,0,Yes,N,345.28,0.541,1,0
9153,3,556.07,6,37900.0,5724.57,15.1%,2,0,0,556.07,0.151,0,0
11903,3,784.24,6,32900.0,11510.43,35.0%,2,Y,0,784.24,0.35,1,0
9862,2,243.94,1,33600.0,4145.65,12.3%,4,Yes,N,243.94,0.12300000000000001,1,0
8016,5,209.87,1,10900.0,2612.37,0.24,0,Yes,0,209.87,0.24,1,0
8448,2,906.22,11,58800.0,13294.13,0.226,1,No,No,906.22,0.226,0,0
750,1,584.34,5,6300.0,2340.39,0.371,3,Y,1,584.34,0.371,1,1
2591,1,387.71,1,50900.0,17805.21,35.0%,0,N,0,387.71,0.35,0,0
9730,2,310.25,3,25100.0,4197.16,0.167,1,1,0,310.25,0.167,1,0
7994,2,298.15,3,53800.0,9679.69,0.18,2,1,0,298.15,0.18,1,0
2153,3,587.74,4,44600.0,22968.59,0.515,2,No,N,587.74,0.515,0,0
4479,3,,3,32800.0,11317.74,34.5%,1,Yes,0,411.22,0.345,1,0
2495,4,,0,25700.0,5555.03,0.216,0,1,N,231.95,0.216,1,0
12031,2,1173.34,7,24000.0,8414.83,0.351,0,1,0,1173.34,0.351,1,0
8649,2,978.04,9,15800.0,6100.5,0.386,2,1,N,978.04,0.386,1,0
6173,1,404.73,7,19500.0,1257.57,0.064,1,0,0,404.73,0.064,0,0
12127,2,326.22,2,36500.0,10831.91,0.297,2,Y,0,326.22,0.297,1,0
2335,1,,2,48300.0,16833.77,0.349,0,0,0,339.29,0.349,0,0
6571,1,562.57,4,4500.0,366.02,0.081,2,No,0,562.57,0.081,0,0
3773,4,100.79,3,35300.0,4415.11,12.5%,0,1,No,100.79,0.125,1,0
5427,2,415.79,2,15400.0,513.44,0.033,1,1,0,415.79,0.033,1,0
3127,2,371.72,2,50000.0,15486.19,0.31,1,1,0,371.72,0.31,1,0
1567,2,428.11,3,49700.0,12177.48,0.245,1,1,0,428.11,0.245,1,0
7596,2,826.83,5,52600.0,17789.57,0.338,1,Y,0,826.83,0.338,1,0
8212,4,949.92,5,28700.0,4239.15,14.8%,0,1,0,949.92,0.14800000000000002,1,0
3301,3,593.83,3,7900.0,4861.42,0.615,1,N,N,593.83,0.615,0,0
333,4,279.47,2,9400.0,1512.09,0.161,1,No,0,279.47,0.161,0,0
9139,3,362.69,4,7800.0,1601.82,0.205,1,No,0,362.69,0.205,0,0
1091,2,601.13,4,43700.0,5432.27,0.124,0,Y,0,601.13,0.124,1,0
464,3,3588.78,21,27800.0,2439.29,0.088,1,1,0,3588.78,0.088,1,0
7539,1,789.23,7,59700.0,27815.14,0.466,1,N,No,789.23,0.466,0,0
10937,4,317.23,1,14600.0,4575.29,31.3%,1,1,0,317.23,0.313,1,0
5340,2,297.24,3,51700.0,23841.54,0.461,1,N,N,297.24,0.461,0,0
7927,3,453.1,2,6700.0,1288.38,0.192,4,Y,N,453.1,0.192,1,0
726,3,182.98,0,18900.0,11951.04,0.632,0,N,No,182.98,0.632,0,0
10699,1,595.87,3,24900.0,7775.55,0.312,2,No,1,595.87,0.312,0,1
6957,1,248.78,4,3300.0,677.96,0.205,0,1,0,248.78,0.205,1,0
557,1,229.17,0,47800.0,12289.31,0.257,0,Yes,1,229.17,0.257,1,1
3198,5,430.23,3,55500.0,23712.26,0.427,0,Y,N,430.23,0.427,1,0
408,1,119.54,2,23100.0,13503.42,58.5%,1,N,N,119.54,0.585,0,0
11168,2,358.79,3,18900.0,2610.86,0.138,0,Y,N,358.79,0.138,1,0
3005,2,264.58,1,43400.0,8175.46,0.188,0,1,N,264.58,0.188,1,0
9525,1,,7,35100.0,15910.97,0.453,0,Y,1,760.96,0.453,1,1
4209,1,198.73,1,9800.0,2191.25,0.224,0,Yes,N,198.73,0.224,1,0
172,3,401.22,3,29100.0,4961.9,0.171,1,N,0,401.22,0.171,0,0
11796,2,272.86,1,13500.0,8111.2,0.601,0,1,0,272.86,0.601,1,0
3081,2,347.63,2,7400.0,1251.96,0.169,1,1,N,347.63,0.169,1,0
1611,3,817.03,9,29400.0,4406.37,0.15,2,Y,N,817.03,0.15,1,0
57,2,656.21,7,3500.0,1530.27,0.437,2,Y,0,656.21,0.437,1,0
7400,2,474.32,4,18900.0,9246.08,0.489,0,Y,0,474.32,0.489,1,0
9485,3,411.61,0,51700.0,10288.02,19.9%,1,Yes,0,411.61,0.19899999999999998,1,0
11214,3,915.27,6,18100.0,5791.73,0.32,1,Yes,No,915.27,0.32,1,0
7405,5,221.9,1,16100.0,5238.26,0.325,0,Y,No,221.9,0.325,1,0
3856,3,594.3,4,4900.0,3147.47,0.642,0,No,0,594.3,0.642,0,0
4274,1,920.5,6,25500.0,7237.58,0.284,1,Yes,No,920.5,0.284,1,0
10730,3,355.07,4,46200.0,8088.67,17.5%,0,Yes,0,355.07,0.175,1,0
9895,5,180.59,3,57800.0,12283.09,0.213,1,N,Y,180.59,0.213,0,1
570,2,873.27,3,11000.0,1105.12,0.1,1,1,0,873.27,0.1,1,0
2002,3,240.16,1,43800.0,5089.88,11.6%,0,1,No,240.16,0.11599999999999999,1,0
3959,2,1329.3,6,56000.0,5979.34,10.7%,1,1,0,1329.3,0.107,1,0
5214,1,245.8,1,4500.0,1875.33,41.7%,3,N,1,245.8,0.41700000000000004,0,1
581,1,1381.22,12,33600.0,9056.82,0.27,1,1,0,1381.22,0.27,1,0
4158,2,502.4,3,17700.0,4710.07,0.266,2,Yes,No,502.4,0.266,1,0
3200,2,654.25,4,15500.0,5268.14,0.34,0,1,N,654.25,0.34,1,0
495,2,776.31,5,18300.0,5173.54,0.283,1,Yes,No,776.31,0.283,1,0
2364,1,505.63,3,6800.0,1659.26,0.244,0,0,Yes,505.63,0.244,0,1
11197,2,690.36,5,27900.0,6867.68,0.246,3,Yes,Y,690.36,0.246,1,1
4827,1,314.59,6,37800.0,10855.11,0.287,4,N,Y,314.59,0.287,0,1
11781,3,585.02,4,30300.0,5364.24,0.177,1,No,N,585.02,0.177,0,0
8232,1,567.85,5,49100.0,18068.3,0.368,0,0,0,567.85,0.368,0,0
5061,2,1073.84,8,46300.0,7204.03,0.156,0,N,No,1073.84,0.156,0,0
10186,3,369.77,5,56200.0,11829.59,0.21,4,Y,0,369.77,0.21,1,0
6218,1,221.54,1,10500.0,2487.09,0.237,0,No,0,221.54,0.237,0,0
7126,1,120.07,0,20900.0,4379.08,0.21,0,0,No,120.07,0.21,0,0
8270,2,346.54,2,6300.0,2772.11,0.44,1,Y,N,346.54,0.44,1,0
4365,3,153.65,0,14700.0,4139.06,0.282,1,0,0,153.65,0.282,0,0
1416,1,222.73,1,27500.0,4651.38,0.169,1,0,Y,222.73,0.169,0,1
6002,1,369.74,1,22000.0,3820.67,0.174,2,1,1,369.74,0.174,1,1
4770,5,563.73,5,48500.0,26242.34,0.541,2,Yes,N,563.73,0.541,1,0
10366,3,685.01,4,12300.0,4434.12,0.36,2,1,0,685.01,0.36,1,0
6025,1,231.96,0,18000.0,11060.33,0.614,2,0,0,231.96,0.614,0,0
6435,3,292.82,2,44100.0,2520.49,5.7%,1,Y,No,292.82,0.057,1,0
11399,2,335.09,3,19000.0,4681.14,0.246,1,Y,N,335.09,0.246,1,0
11091,3,310.04,1,9700.0,3813.92,39.3%,0,1,No,310.04,0.39299999999999996,1,0
4547,2,1221.1,5,8900.0,495.15,0.056,2,Yes,0,1221.1,0.056,1,0
11278,2,400.41,2,8900.0,490.23,0.055,0,0,0,400.41,0.055,0,0
3116,1,507.73,2,6600.0,442.6,0.067,0,Y,No,507.73,0.067,1,0
8602,4,451.47,0,18100.0,3479.14,0.192,2,Y,0,451.47,0.192,1,0
758,2,190.41,0,50500.0,22255.91,0.441,0,1,N,190.41,0.441,1,0
10875,5,,4,30300.0,7614.36,0.251,1,Yes,N,507.11,0.251,1,0
10956,1,242.87,1,59500.0,13664.34,0.23,2,No,0,242.87,0.23,0,0
3349,3,2665.81,14,46400.0,29799.84,64.2%,0,Yes,N,2665.81,0.642,1,0
6214,1,300.85,0,13300.0,1556.68,0.117,1,Y,N,300.85,0.117,1,0
5993,2,342.54,3,48500.0,20954.98,0.432,0,Yes,N,342.54,0.432,1,0
8703,2,274.42,1,45000.0,17439.37,0.388,1,1,No,274.42,0.388,1,0
11538,2,185.09,3,52600.0,28521.87,0.542,2,N,No,185.09,0.542,0,0
3064,1,205.51,1,52100.0,6657.01,0.128,2,1,No,205.51,0.128,1,0
3896,4,259.85,1,32200.0,3593.56,0.112,0,Y,N,259.85,0.112,1,0
5788,2,128.74,2,17900.0,462.91,0.026,1,No,0,128.74,0.026,0,0
6473,1,293.19,0,53700.0,6811.34,0.127,2,Yes,N,293.19,0.127,1,0
5467,1,222.4,4,4300.0,2906.2,0.676,1,0,N,222.4,0.676,0,0
1757,1,,2,43700.0,9607.86,0.22,0,0,0,339.29,0.22,0,0
8598,4,710.67,7,51600.0,22552.63,0.437,0,1,No,710.67,0.437,1,0
8914,1,201.86,0,19800.0,2510.0,0.127,2,0,Yes,201.86,0.127,0,1
2951,3,211.49,1,8100.0,1412.8,17.4%,2,Yes,0,211.49,0.174,1,0
866,3,473.73,5,52500.0,10754.92,0.205,0,Yes,0,473.73,0.205,1,0
810,2,364.04,3,4400.0,1599.58,36.4%,0,No,0,364.04,0.364,0,0
11282,1,250.25,2,5300.0,1474.08,0.278,0,0,1,250.25,0.278,0,1
3342,2,363.78,4,56400.0,8606.19,0.153,1,Y,N,363.78,0.153,1,0
11637,2,958.76,10,4800.0,1846.08,38.5%,1,0,0,958.76,0.385,0,0
3583,5,385.79,2,33800.0,17236.13,0.51,1,1,0,385.79,0.51,1,0
2415,3,497.62,1,48200.0,14971.46,0.311,3,Yes,No,497.62,0.311,1,0
2249,2,387.55,2,13800.0,3175.92,0.23,0,1,N,387.55,0.23,1,0
6310,4,619.13,2,37900.0,26055.6,0.687,2,N,No,619.13,0.687,0,0
3993,2,329.24,3,58000.0,16552.01,0.285,1,Yes,N,329.24,0.285,1,0
1546,1,116.12,2,23400.0,3011.83,0.129,0,0,No,116.12,0.129,0,0
3278,2,180.63,0,19600.0,2693.43,0.137,0,1,N,180.63,0.137,1,0
133,1,407.28,2,50100.0,26536.55,53.0%,0,0,Yes,407.28,0.53,0,1
2389,5,225.82,0,42100.0,25889.76,0.615,1,Yes,0,225.82,0.615,1,0
2601,1,1107.26,11,10500.0,4300.8,0.41,1,No,1,1107.26,0.41,0,1
3938,1,133.36,1,39300.0,6178.96,0.157,0,0,No,133.36,0.157,0,0
6385,4,300.33,2,54800.0,9219.57,0.168,0,1,0,300.33,0.168,1,0
8715,1,853.62,10,20100.0,1978.24,9.8%,1,N,0,853.62,0.098,0,0
7000,4,526.52,1,22900.0,4928.12,0.215,2,1,0,526.52,0.215,1,0
2886,1,328.22,1,7300.0,3944.39,0.54,1,0,1,328.22,0.54,0,1
9709,1,993.15,6,50400.0,7230.89,14.3%,1,1,Y,993.15,0.14300000000000002,1,1
1976,4,122.73,2,34600.0,7805.19,0.226,1,Yes,No,122.73,0.226,1,0
1668,1,348.94,4,17700.0,7879.83,0.445,1,N,Yes,348.94,0.445,0,1
8560,3,2734.0,20,29400.0,4353.57,0.148,0,Yes,0,2734.0,0.148,1,0
3031,3,628.78,6,38600.0,3653.26,0.095,0,Yes,0,628.78,0.095,1,0
2719,2,172.13,2,46400.0,19647.61,0.423,1,0,N,172.13,0.423,0,0
1042,3,582.73,1,37800.0,7654.87,0.203,1,1,0,582.73,0.203,1,0
11093,3,688.82,8,38200.0,5938.23,0.155,2,1,0,688.82,0.155,1,0
5570,4,666.67,2,11000.0,3436.62,0.312,0,Y,No,666.67,0.312,1,0
6975,4,338.79,3,40300.0,1329.51,0.033,0,1,No,338.79,0.033,1,0
7862,2,749.82,9,33800.0,11795.61,34.9%,0,Yes,N,749.82,0.349,1,0
3500,1,558.97,6,42700.0,21296.4,0.499,0,0,0,558.97,0.499,0,0
9751,2,450.52,4,22400.0,8171.63,0.365,1,1,0,450.52,0.365,1,0
8833,2,362.99,4,14300.0,2978.49,0.208,1,1,0,362.99,0.208,1,0
3623,2,501.67,3,6400.0,2649.82,0.414,2,1,No,501.67,0.414,1,0
8867,3,785.73,8,32000.0,18714.06,58.5%,0,0,0,785.73,0.585,0,0
4399,2,290.21,2,5400.0,940.58,17.4%,1,1,N,290.21,0.174,1,0
12118,2,381.45,5,53100.0,8775.79,0.165,0,Yes,0,381.45,0.165,1,0
7275,3,593.16,2,51300.0,4674.53,0.091,0,1,0,593.16,0.091,1,0
1898,1,281.97,1,37800.0,6391.68,0.169,0,0,No,281.97,0.169,0,0
6587,1,416.8,2,18500.0,6406.21,34.6%,1,1,No,416.8,0.34600000000000003,1,0
2218,2,621.8,4,44300.0,9341.9,0.211,1,Yes,N,621.8,0.211,1,0
8210,1,1109.76,5,27800.0,9890.28,0.356,1,No,N,1109.76,0.356,0,0
9049,2,302.48,3,59100.0,16252.88,0.275,3,1,0,302.48,0.275,1,0
5766,1,125.54,2,6300.0,1596.91,0.253,1,N,N,125.54,0.253,0,0
3290,1,283.82,5,38400.0,15371.99,0.4,1,1,1,283.82,0.4,1,1
9884,1,347.83,2,30300.0,9874.49,32.6%,0,Yes,Y,347.83,0.326,1,1
4022,3,205.55,1,10800.0,4431.87,0.41,0,1,0,205.55,0.41,1,0
8781,4,326.87,2,30300.0,9340.28,0.308,1,N,N,326.87,0.308,0,0
3691,3,730.13,3,37800.0,10654.62,28.2%,0,Yes,N,730.13,0.282,1,0
412,3,327.12,3,55800.0,31708.2,0.568,2,1,0,327.12,0.568,1,0
7497,3,1312.48,10,17800.0,2678.1,1.73,3,1,No,1312.48,0.15,1,0
8062,2,806.92,5,53600.0,10459.88,0.195,1,Yes,0,806.92,0.195,1,0
1136,2,603.01,7,52800.0,11324.11,0.214,1,0,0,603.01,0.214,0,0
6174,1,374.13,3,27800.0,2372.48,0.085,0,N,N,374.13,0.085,0,0
3596,2,168.62,1,51700.0,6837.78,0.132,3,Y,No,168.62,0.132,1,0
11561,1,282.24,3,31700.0,6111.07,0.193,0,Yes,Y,282.24,0.193,1,1
7457,2,908.29,4,30000.0,4215.34,0.141,0,1,No,908.29,0.141,1,0
1590,4,829.26,5,47800.0,2829.1,0.059,2,N,0,829.26,0.059,0,0
10581,2,147.15,1,10100.0,2790.64,0.276,1,Yes,No,147.15,0.276,1,0
6471,5,342.66,5,44700.0,16988.97,0.38,0,Y,0,342.66,0.38,1,0
1383,2,605.44,5,8000.0,3392.85,42.4%,2,Y,N,605.44,0.424,1,0
8601,3,246.36,0,44200.0,10910.29,0.247,0,Yes,No,246.36,0.247,1,0
7936,1,,3,18500.0,3717.15,0.201,0,0,1,411.22,0.201,0,1
4572,1,170.47,1,11000.0,826.95,0.075,2,0,No,170.47,0.075,0,0
2403,2,970.33,9,25700.0,14487.72,0.564,2,0,N,970.33,0.564,0,0
3046,1,1499.23,10,52000.0,22526.37,0.433,1,0,0,1499.23,0.433,0,0
6058,2,702.03,3,19200.0,12908.5,0.672,3,No,0,702.03,0.672,0,0
8230,5,874.43,5,4400.0,1615.15,0.367,3,1,N,874.43,0.367,1,0
10044,1,349.67,3,23100.0,5642.5,24.4%,0,N,No,349.67,0.244,0,0
2568,2,216.22,1,21000.0,277.96,0.013,1,1,1,216.22,0.013,1,1
9606,1,525.73,3,4800.0,2400.82,0.5,2,0,1,525.73,0.5,0,1
922,4,463.83,8,14800.0,609.9,0.041,1,Yes,No,463.83,0.041,1,0
6822,1,204.64,1,15100.0,1304.25,0.086,2,Y,No,204.64,0.086,1,0
2086,2,242.57,2,16100.0,3151.4,0.196,0,N,No,242.57,0.196,0,0
6306,4,469.52,4,56000.0,35272.68,0.63,2,N,0,469.52,0.63,0,0
2921,1,320.7,1,36100.0,14400.47,0.399,0,Y,1,320.7,0.399,1,1
622,3,957.07,5,24600.0,6868.76,0.279,1,Y,No,957.07,0.279,1,0
3016,3,587.3,3,40200.0,3373.51,0.084,3,Yes,1,587.3,0.084,1,1
6935,1,450.46,2,36700.0,3714.24,0.101,1,0,N,450.46,0.101,0,0
11825,3,646.31,5,58100.0,8827.17,0.152,1,1,0,646.31,0.152,1,0
6881,1,441.9,2,22500.0,14898.5,0.662,1,No,0,441.9,0.662,0,0
5194,1,527.66,3,53900.0,19529.48,0.362,0,No,1,527.66,0.362,0,1
7940,4,99.3,2,54200.0,3023.16,0.056,1,1,No,99.3,0.056,1,0
9663,1,453.18,2,45900.0,11677.41,0.254,0,1,1,453.18,0.254,1,1
3746,3,425.22,5,6200.0,1521.42,0.245,0,1,0,425.22,0.245,1,0
8539,1,1081.43,2,24400.0,4815.02,0.197,1,0,1,1081.43,0.197,0,1
4654,2,357.85,2,55800.0,6353.34,11.4%,1,1,No,357.85,0.114,1,0
5067,1,411.93,2,38000.0,7099.18,0.187,2,0,0,411.93,0.187,0,0
9340,4,631.61,8,6300.0,2474.55,0.393,0,1,0,631.61,0.393,1,0
9878,1,204.69,1,22900.0,6422.48,0.28,1,N,0,204.69,0.28,0,0
10083,2,596.67,3,44000.0,24055.57,0.547,1,N,No,596.67,0.547,0,0
7909,1,306.86,2,35600.0,7015.9,0.197,1,1,N,306.86,0.197,1,0
8612,1,304.72,2,23200.0,9103.67,39.2%,1,0,1,304.72,0.392,0,1
5962,3,477.0,7,32100.0,2600.12,8.1%,1,Y,0,477.0,0.081,1,0
7857,1,486.5,3,49900.0,17146.55,0.344,1,0,Yes,486.5,0.344,0,1
3804,4,82.02,0,13800.0,4514.62,0.327,0,Y,0,82.02,0.327,1,0
4941,4,696.38,10,56900.0,18386.62,0.323,2,1,0,696.38,0.323,1,0
9259,2,613.04,3,4100.0,1088.95,0.266,0,Yes,No,613.04,0.266,1,0
4936,1,578.05,3,2700.0,1067.95,0.396,0,0,0,578.05,0.396,0,0
3410,2,609.34,6,34100.0,3119.76,9.1%,1,1,N,609.34,0.091,1,0
7558,1,325.39,5,2800.0,187.76,0.067,0,N,Y,325.39,0.067,0,1
737,3,645.93,4,14700.0,1831.09,0.125,1,Y,0,645.93,0.125,1,0
10364,3,399.11,3,37400.0,13887.14,0.371,2,Yes,N,399.11,0.371,1,0
11356,2,261.82,0,25800.0,10001.11,0.388,1,Yes,0,261.82,0.388,1,0
10788,4,727.5,2,39100.0,4883.69,0.125,0,1,0,727.5,0.125,1,0
4489,4,493.24,0,5300.0,2293.12,0.433,0,N,No,493.24,0.433,0,0
6342,2,434.96,5,14000.0,5144.41,0.367,1,1,N,434.96,0.367,1,0
6663,1,586.88,6,14500.0,2130.36,0.147,1,1,Y,586.88,0.147,1,1
7422,2,602.04,4,50400.0,3821.31,0.076,1,1,N,602.04,0.076,1,0
3056,1,264.66,5,58400.0,24251.41,41.5%,1,Yes,1,264.66,0.415,1,1
3347,2,227.21,0,8600.0,2243.67,0.261,0,Yes,N,227.21,0.261,1,0
887,2,479.45,5,36000.0,18718.31,52.0%,0,N,0,479.45,0.52,0,0
6290,2,909.75,11,13900.0,2817.49,0.203,1,Y,No,909.75,0.203,1,0
2354,4,622.48,3,10500.0,1845.1,0.176,1,Y,0,622.48,0.176,1,0
9882,1,459.82,4,59700.0,29156.42,48.8%,1,0,N,459.82,0.488,0,0
5721,2,380.99,2,23900.0,5923.21,24.8%,2,1,0,380.99,0.248,1,0
2115,2,721.08,2,21500.0,7208.51,0.335,1,1,0,721.08,0.335,1,0
1354,1,158.05,2,18500.0,1995.25,0.108,0,1,N,158.05,0.108,1,0
4839,5,746.24,2,28000.0,6593.27,0.235,2,1,No,746.24,0.235,1,0
2623,3,548.31,6,5400.0,1506.41,0.279,2,Y,0,548.31,0.279,1,0
11854,1,667.29,5,51000.0,22880.99,0.449,1,No,1,667.29,0.449,0,1
509,2,408.72,0,46500.0,2916.92,0.063,0,1,N,408.72,0.063,1,0
7735,1,239.57,2,23000.0,11190.98,0.487,1,0,0,239.57,0.487,0,0
10174,2,317.15,1,16300.0,6778.19,0.416,0,1,0,317.15,0.416,1,0
10208,1,529.05,6,19900.0,6015.19,0.302,2,1,0,529.05,0.302,1,0
3971,1,1363.82,8,33400.0,5206.17,0.156,1,No,0,1363.82,0.156,0,0
2849,3,461.33,3,8800.0,4664.45,0.53,0,0,N,461.33,0.53,0,0
8100,2,483.13,2,31100.0,5985.85,0.192,2,Yes,0,483.13,0.192,1,0
4933,1,460.73,1,48100.0,16994.49,35.3%,1,Yes,0,460.73,0.353,1,0
6899,1,491.46,4,17100.0,4582.07,0.268,1,1,N,491.46,0.268,1,0
1707,1,738.8,3,6900.0,2366.06,34.3%,1,No,0,738.8,0.34299999999999997,0,0
4142,3,324.82,3,15200.0,4008.28,0.264,1,1,1,324.82,0.264,1,1
10916,3,442.76,0,33000.0,15934.37,0.483,1,1,0,442.76,0.483,1,0
2464,3,708.47,4,14800.0,5835.74,39.4%,1,1,No,708.47,0.39399999999999996,1,0
10073,3,172.78,1,41400.0,15439.16,0.373,0,1,0,172.78,0.373,1,0
5206,1,487.21,4,31000.0,2050.71,0.066,1,1,Y,487.21,0.066,1,1
10252,1,292.64,0,58300.0,6830.74,0.117,1,Yes,Y,292.64,0.117,1,1
8005,2,422.15,2,41200.0,485.19,0.012,1,1,No,422.15,0.012,1,0
6084,4,1707.03,13,16500.0,10499.87,0.636,1,Yes,N,1707.03,0.636,1,0
11268,2,125.0,1,36900.0,3707.06,0.1,1,Yes,No,125.0,0.1,1,0
12178,2,586.97,4,57100.0,9832.04,0.172,0,1,0,586.97,0.172,1,0
7814,4,586.81,7,50200.0,20566.19,41.0%,3,Yes,0,586.81,0.41,1,0
11790,5,524.36,4,15700.0,3726.74,23.7%,1,1,N,524.36,0.237,1,0
3817,1,522.22,5,19200.0,8056.83,0.42,2,N,No,522.22,0.42,0,0
4567,2,342.31,1,30700.0,9433.43,30.7%,0,Yes,No,342.31,0.307,1,0
4639,2,611.06,4,42000.0,17866.77,0.425,0,1,0,611.06,0.425,1,0
6314,2,257.72,1,55600.0,11239.53,0.202,1,Y,0,257.72,0.202,1,0
2336,1,242.28,2,50100.0,21735.05,0.434,0,0,1,242.28,0.434,0,1
1056,1,483.24,6,51000.0,18620.27,0.365,2,N,N,483.24,0.365,0,0
4878,3,289.98,3,48300.0,3366.23,7.0%,2,1,No,289.98,0.07,1,0
11224,5,457.67,7,49100.0,28896.56,0.589,2,Y,No,457.67,0.589,1,0
9290,1,277.86,7,5800.0,1826.99,0.315,1,0,Yes,277.86,0.315,0,1
8758,4,659.17,7,37100.0,2909.02,0.078,0,1,0,659.17,0.078,1,0
11032,1,446.93,1,39800.0,14499.94,0.364,1,Y,N,446.93,0.364,1,0
1532,4,113.59,1,53600.0,10437.77,19.5%,1,Yes,No,113.59,0.195,1,0
2653,1,240.29,3,25500.0,8720.46,34.2%,1,Y,N,240.29,0.342,1,0
10750,1,692.17,5,44800.0,7923.5,0.177,2,Yes,0,692.17,0.177,1,0
2085,2,101.38,1,25700.0,3198.01,0.124,1,Y,0,101.38,0.124,1,0
5316,1,557.23,2,26100.0,1301.91,0.05,1,0,No,557.23,0.05,0,0
8748,2,604.33,5,44200.0,18829.53,0.426,1,1,N,604.33,0.426,1,0
10756,2,504.28,6,25700.0,1395.99,0.054,0,Yes,N,504.28,0.054,1,0
6257,1,109.45,1,54200.0,20212.59,0.373,0,Y,0,109.45,0.373,1,0
2408,2,237.27,2,26300.0,7005.66,0.266,0,No,0,237.27,0.266,0,0
1122,1,484.65,2,25900.0,7864.78,30.4%,2,Yes,N,484.65,0.304,1,0
468,3,413.51,1,38200.0,5629.16,0.147,0,0,0,413.51,0.147,0,0
6835,1,498.89,2,15500.0,6634.36,0.428,2,Yes,1,498.89,0.428,1,1
5177,1,,0,48700.0,16791.93,0.345,1,N,0,231.95,0.345,0,0
5700,3,590.39,7,52300.0,18989.46,0.363,0,0,N,590.39,0.363,0,0
9605,1,742.95,7,54500.0,9430.51,17.3%,1,0,Yes,742.95,0.17300000000000001,0,1
944,1,231.6,1,46700.0,20611.82,0.441,1,Yes,1,231.6,0.441,1,1
9182,2,287.87,1,41900.0,23995.88,57.3%,1,Y,0,287.87,0.573,1,0
40,2,332.22,1,2900.0,433.34,0.149,1,1,N,332.22,0.149,1,0
1592,1,586.69,7,10500.0,3196.79,0.304,2,Yes,N,586.69,0.304,1,0
5143,2,393.24,4,9400.0,4677.73,49.8%,1,Yes,N,393.24,0.498,1,0
5029,3,577.97,4,53100.0,4240.35,0.08,0,N,0,577.97,0.08,0,0
4817,2,150.08,0,2800.0,143.53,0.051,1,N,N,150.08,0.051,0,0
5343,4,994.1,4,41300.0,13132.22,0.318,1,1,0,994.1,0.318,1,0
5323,2,747.37,3,26200.0,4685.79,0.179,0,1,No,747.37,0.179,1,0
1439,3,625.14,7,23700.0,1390.24,0.059,0,No,0,625.14,0.059,0,0
9927,2,208.58,2,38500.0,5274.98,0.137,1,Yes,No,208.58,0.137,1,0
4981,4,414.62,2,23900.0,753.09,0.032,2,Y,No,414.62,0.032,1,0
8051,1,242.08,3,23500.0,3027.71,0.129,1,N,0,242.08,0.129,0,0
1581,3,471.46,3,18600.0,8129.7,0.437,1,1,0,471.46,0.437,1,0
8737,2,344.9,2,31200.0,3901.14,12.5%,0,No,0,344.9,0.125,0,0
2980,5,168.65,3,11800.0,5334.0,0.452,1,Y,No,168.65,0.452,1,0
9241,4,120.1,1,57000.0,22186.88,0.389,1,1,0,120.1,0.389,1,0
5578,1,848.5,8,22600.0,3148.91,0.139,1,0,1,848.5,0.139,0,1
11591,2,416.98,2,33400.0,6594.58,0.197,1,Yes,N,416.98,0.197,1,0
10728,2,439.27,3,22400.0,10864.78,0.485,0,N,N,439.27,0.485,0,0
10754,2,515.54,3,2300.0,751.5,0.327,3,1,0,515.54,0.327,1,0
8467,1,423.83,2,42900.0,16307.51,38.0%,0,N,1,423.83,0.38,0,1
879,3,392.19,4,34000.0,2599.93,0.076,0,1,N,392.19,0.076,1,0
4724,2,286.41,4,55700.0,20834.12,37.4%,0,Y,0,286.41,0.374,1,0
8738,2,431.74,2,35800.0,20543.48,0.574,1,Yes,0,431.74,0.574,1,0
7685,1,276.0,4,6700.0,2558.15,0.382,2,Yes,1,276.0,0.382,1,1
4591,1,335.28,3,8700.0,4368.33,0.502,1,0,No,335.28,0.502,0,0
6665,3,1401.09,10,39800.0,16600.2,0.417,1,1,N,1401.09,0.417,1,0
4241,1,565.99,2,16800.0,4175.98,24.9%,2,0,0,565.99,0.249,0,0
11362,2,765.88,2,52000.0,16259.97,0.313,1,Yes,No,765.88,0.313,1,0
10909,4,348.81,3,5000.0,1335.64,0.267,1,1,0,348.81,0.267,1,0
5762,5,235.21,1,34800.0,12362.3,0.355,2,No,0,235.21,0.355,0,0
791,2,342.78,1,6000.0,1870.29,31.2%,0,Yes,0,342.78,0.312,1,0
357,3,712.45,6,10900.0,557.38,0.051,0,1,No,712.45,0.051,1,0
792,1,419.97,3,20600.0,6988.71,0.339,0,1,0,419.97,0.339,1,0
5437,5,578.59,5,35000.0,10630.45,0.304,1,Yes,N,578.59,0.304,1,0
10852,1,364.28,4,3900.0,1510.48,0.387,2,0,N,364.28,0.387,0,0
6157,1,470.13,0,46500.0,13276.53,0.286,1,0,0,470.13,0.286,0,0
7464,2,603.94,1,15000.0,4866.07,0.324,1,1,No,603.94,0.324,1,0
9506,2,544.81,2,52900.0,12232.74,23.1%,1,1,0,544.81,0.231,1,0
1698,1,339.57,2,34100.0,1397.78,0.041,1,0,0,339.57,0.041,0,0
3774,2,1133.05,12,40600.0,7729.87,19.0%,1,Y,0,1133.05,0.19,1,0
4590,1,179.55,2,58000.0,21915.3,0.378,1,0,Y,179.55,0.378,0,1
11616,3,386.45,0,20100.0,6646.38,33.1%,0,Yes,0,386.45,0.331,1,0
1552,1,339.33,4,41400.0,16011.48,0.387,1,No,No,339.33,0.387,0,0
11109,1,952.88,5,44200.0,9395.78,0.213,1,Yes,1,952.88,0.213,1,1
3345,2,727.52,5,51000.0,32404.8,0.635,1,0,0,727.52,0.635,0,0
420,1,269.25,3,57100.0,6875.88,0.12,1,No,No,269.25,0.12,0,0
8372,2,1413.23,6,2600.0,880.07,0.338,1,Y,N,1413.23,0.338,1,0
563,3,287.0,1,57200.0,11881.59,20.8%,4,Yes,N,287.0,0.20800000000000002,1,0
7006,1,571.17,2,11200.0,2837.89,0.253,0,1,1,571.17,0.253,1,1
10642,3,1389.32,11,27800.0,7578.62,0.273,0,1,N,1389.32,0.273,1,0
3690,3,222.84,3,22600.0,2291.72,0.101,1,Y,0,222.84,0.101,1,0
2542,3,258.43,4,5700.0,2518.66,0.442,1,1,0,258.43,0.442,1,0
759,1,1091.2,9,29600.0,6346.63,0.214,3,Yes,0,1091.2,0.214,1,0
3372,2,201.88,0,47500.0,2506.71,5.3%,0,Y,0,201.88,0.053,1,0
11042,3,217.68,0,49100.0,29337.98,0.598,0,1,N,217.68,0.598,1,0
9352,4,289.28,0,13300.0,2174.7,0.164,0,Y,No,289.28,0.164,1,0
11070,1,273.23,1,55000.0,7220.67,13.1%,1,0,No,273.23,0.131,0,0
3979,4,409.59,2,15400.0,6977.22,45.3%,0,1,N,409.59,0.45299999999999996,1,0
2502,4,196.52,0,36800.0,10522.2,0.286,2,Y,N,196.52,0.286,1,0
2230,2,366.74,1,30500.0,13992.82,0.459,1,0,0,366.74,0.459,0,0
10666,2,575.61,5,28300.0,2600.19,0.092,2,0,0,575.61,0.092,0,0
10429,4,350.79,1,57200.0,7094.83,0.124,1,1,N,350.79,0.124,1,0
3235,3,377.48,4,24700.0,9212.48,37.3%,0,1,0,377.48,0.373,1,0
297,1,312.38,2,48300.0,17659.79,0.366,0,N,No,312.38,0.366,0,0
2283,2,379.04,2,36800.0,7440.9,20.2%,1,Yes,N,379.04,0.20199999999999999,1,0
859,4,224.21,2,5900.0,1467.42,0.249,1,0,0,224.21,0.249,0,0
10691,1,152.63,1,57200.0,9497.49,0.166,2,No,0,152.63,0.166,0,0
11776,4,545.16,6,48300.0,13071.26,0.271,1,0,No,545.16,0.271,0,0
5842,1,962.41,6,42200.0,11768.88,0.279,2,1,1,962.41,0.279,1,1
4044,1,1243.96,14,5400.0,832.14,0.154,3,0,Yes,1243.96,0.154,0,1
546,3,474.68,3,26600.0,4546.79,0.171,2,No,No,474.68,0.171,0,0
1453,1,346.14,5,19100.0,2849.57,0.149,3,No,Yes,346.14,0.149,0,1
433,2,405.88,3,58800.0,5927.15,0.101,0,Y,N,405.88,0.101,1,0
2309,2,335.8,2,29400.0,5730.96,0.195,2,Y,0,335.8,0.195,1,0
9412,3,614.13,5,32200.0,21030.32,0.653,1,Yes,0,614.13,0.653,1,0
6451,5,254.9,3,38600.0,19351.48,0.501,1,0,No,254.9,0.501,0,0
6700,4,640.68,4,46900.0,32612.92,0.695,0,1,N,640.68,0.695,1,0
6526,1,407.52,1,28200.0,368.24,0.013,0,1,N,407.52,0.013,1,0
5896,1,457.72,2,13900.0,5020.78,0.361,0,N,0,457.72,0.361,0,0
8447,2,591.58,6,34000.0,12207.59,0.359,0,Yes,N,591.58,0.359,1,0
3763,1,487.79,2,17100.0,8271.19,0.484,1,1,Yes,487.79,0.484,1,1
5812,1,234.43,1,50100.0,27112.0,0.541,1,No,Yes,234.43,0.541,0,1
6530,2,834.51,3,24400.0,8433.69,0.346,0,0,No,834.51,0.346,0,0
1766,5,399.05,6,8100.0,2253.28,0.278,0,1,0,399.05,0.278,1,0
3152,3,369.43,3,3400.0,200.98,0.059,1,1,0,369.43,0.059,1,0
4377,1,369.83,4,36100.0,2357.61,0.065,1,0,0,369.83,0.065,0,0
11229,2,617.06,6,37200.0,9835.37,0.264,1,Yes,No,617.06,0.264,1,0
1504,4,316.12,0,41900.0,3490.9,8.3%,1,Y,0,316.12,0.083,1,0
5957,1,1170.22,12,17500.0,3203.24,0.183,0,0,No,1170.22,0.183,0,0
10698,2,,0,48200.0,8928.61,0.185,0,1,N,231.95,0.185,1,0
11178,2,144.73,0,44700.0,10403.1,23.3%,0,Y,0,144.73,0.233,1,0
33,1,654.54,3,45000.0,8824.95,0.196,5,N,N,654.54,0.196,0,0
4517,1,,0,18900.0,6130.86,0.324,2,No,0,231.95,0.324,0,0
187,2,407.85,1,30600.0,11748.01,0.384,1,1,0,407.85,0.384,1,0
8214,3,262.33,1,40100.0,1010.77,2.5%,0,Y,0,262.33,0.025,1,0
4516,1,554.8,1,35000.0,19727.59,0.564,1,N,N,554.8,0.564,0,0
1177,1,142.49,1,44400.0,31960.16,0.72,0,N,Y,142.49,0.72,0,1
10426,1,276.61,1,35300.0,6761.23,0.192,2,1,No,276.61,0.192,1,0
6408,1,370.16,0,48900.0,18045.08,0.369,2,0,N,370.16,0.369,0,0
10630,1,262.23,5,25200.0,7819.38,0.31,1,1,Y,262.23,0.31,1,1
7510,3,170.39,2,50400.0,8590.03,17.0%,1,1,N,170.39,0.17,1,0
10403,2,338.24,3,44900.0,3672.12,0.082,0,Yes,N,338.24,0.082,1,0
1188,2,780.29,8,53200.0,14484.69,0.272,0,1,No,780.29,0.272,1,0
2913,2,365.78,0,50000.0,31404.24,62.8%,1,No,0,365.78,0.628,0,0
4533,1,586.53,4,15600.0,506.86,0.032,0,1,0,586.53,0.032,1,0
10232,1,262.41,1,20000.0,2595.54,13.0%,0,0,0,262.41,0.13,0,0
2877,4,393.42,2,11400.0,2184.83,0.192,2,Y,No,393.42,0.192,1,0
6286,2,1198.32,13,13500.0,4414.69,0.327,2,N,N,1198.32,0.327,0,0
2377,3,409.76,3,4200.0,3231.84,0.769,2,N,N,409.76,0.769,0,0
2648,3,291.43,2,41400.0,3068.33,0.074,0,Y,0,291.43,0.074,1,0
1178,3,703.22,3,7100.0,1646.15,0.232,1,1,N,703.22,0.232,1,0
4428,4,296.19,2,52500.0,22490.96,0.428,2,Y,N,296.19,0.428,1,0
2353,1,839.95,5,18000.0,6120.58,0.34,0,N,Yes,839.95,0.34,0,1
11415,4,361.38,2,39300.0,17010.67,0.433,1,1,No,361.38,0.433,1,0
2808,4,150.94,0,53000.0,11287.18,0.213,2,1,0,150.94,0.213,1,0
11073,1,,4,58300.0,12783.34,0.219,1,1,1,507.11,0.219,1,1
2747,1,674.37,4,19900.0,4678.2,0.235,0,Yes,0,674.37,0.235,1,0
3592,1,243.21,2,36800.0,9155.01,0.249,3,Yes,No,243.21,0.249,1,0
11534,2,177.12,1,15300.0,6791.96,0.444,0,1,N,177.12,0.444,1,0
9781,4,602.03,5,42900.0,13222.51,30.8%,0,1,0,602.03,0.308,1,0
4950,2,283.42,3,15600.0,5190.85,0.333,1,0,N,283.42,0.333,0,0
7062,3,215.69,2,55000.0,3152.37,5.7%,1,1,N,215.69,0.057,1,0
282,1,399.59,2,36000.0,11370.35,0.316,0,Yes,0,399.59,0.316,1,0
9258,2,309.57,8,7000.0,2702.21,0.386,0,Y,0,309.57,0.386,1,0
5154,3,526.21,2,33300.0,15160.93,0.455,2,1,0,526.21,0.455,1,0
5541,1,425.28,3,34600.0,15056.01,0.435,2,N,N,425.28,0.435,0,0
3507,1,477.43,9,59200.0,31061.63,52.5%,1,0,N,477.43,0.525,0,0
11057,3,108.4,0,15700.0,4876.39,31.1%,1,Y,No,108.4,0.311,1,0
624,1,437.82,2,46600.0,14918.45,32.0%,2,0,N,437.82,0.32,0,0
1651,1,966.92,3,37600.0,7924.78,0.211,0,Y,1,966.92,0.211,1,1
4552,5,480.5,3,24200.0,6754.23,0.279,1,1,0,480.5,0.279,1,0
106,2,466.48,1,54900.0,21579.73,0.393,0,Y,N,466.48,0.393,1,0
7095,2,515.22,1,36900.0,19172.45,0.52,3,0,N,515.22,0.52,0,0
1403,3,347.12,2,19700.0,10239.49,0.52,1,N,0,347.12,0.52,0,0
2883,3,232.07,1,7300.0,2389.54,0.327,1,Yes,0,232.07,0.327,1,0
10286,3,292.73,2,14700.0,7316.68,0.498,0,Y,No,292.73,0.498,1,0
10963,2,407.26,2,12700.0,4931.47,0.388,1,1,0,407.26,0.388,1,0
4130,1,398.13,1,11700.0,1658.8,14.2%,2,No,No,398.13,0.142,0,0
99,1,502.43,0,28200.0,10556.67,0.374,3,Yes,1,502.43,0.374,1,1
5621,4,901.04,10,14400.0,4050.1,28.1%,0,1,No,901.04,0.281,1,0
7599,4,1051.09,6,49000.0,2216.95,0.045,1,1,N,1051.09,0.045,1,0
4874,2,,1,57400.0,12881.38,0.224,0,Yes,No,272.54,0.224,1,0
10156,4,351.66,2,54700.0,11129.04,20.3%,1,Y,0,351.66,0.203,1,0
401,1,576.11,4,2400.0,949.72,0.396,1,0,N,576.11,0.396,0,0
11769,1,613.06,3,16300.0,5121.28,0.314,0,0,Y,613.06,0.314,0,1
10959,2,440.61,3,59400.0,11153.03,0.188,1,0,0,440.61,0.188,0,0
2163,1,756.02,3,26200.0,8677.86,0.331,3,No,Y,756.02,0.331,0,1
11358,3,570.58,2,49700.0,12378.97,24.9%,1,Y,N,570.58,0.249,1,0
7480,2,190.52,1,51200.0,23440.33,0.458,0,1,0,190.52,0.458,1,0
6101,5,1487.91,10,3600.0,925.23,0.257,1,1,No,1487.91,0.257,1,0
5978,2,726.51,4,55100.0,4368.01,0.079,1,Y,0,726.51,0.079,1,0
2488,1,264.58,1,42600.0,23460.36,0.551,1,0,N,264.58,0.551,0,0
3609,1,244.35,4,2300.0,396.17,0.172,1,1,1,244.35,0.172,1,1
2428,4,,0,36200.0,2106.66,0.058,1,Yes,N,231.95,0.058,1,0
1150,5,685.9,2,12300.0,3826.77,31.1%,0,1,N,685.9,0.311,1,0
9795,1,339.63,0,5700.0,3762.44,0.66,1,0,N,339.63,0.66,0,0
3291,5,519.9,5,16300.0,5480.55,0.336,2,1,N,519.9,0.336,1,0
2699,1,249.73,3,14600.0,6570.65,45.0%,1,1,Yes,249.73,0.45,1,1
1339,4,243.21,1,49000.0,19567.24,39.9%,1,1,No,243.21,0.39899999999999997,1,0
7941,1,240.88,1,3200.0,784.29,24.5%,1,1,0,240.88,0.245,1,0
3689,3,484.07,3,42800.0,7388.57,17.3%,1,0,No,484.07,0.17300000000000001,0,0
5300,1,894.12,5,3600.0,1861.64,51.7%,0,0,N,894.12,0.517,0,0
3716,3,1409.25,6,21700.0,1680.86,0.077,1,Y,No,1409.25,0.077,1,0
635,1,,5,27500.0,9410.36,0.342,0,Y,N,575.25,0.342,1,0
9555,2,428.21,3,7900.0,1285.62,0.163,1,Yes,0,428.21,0.163,1,0
308,2,275.02,2,38100.0,7982.47,0.21,1,1,0,275.02,0.21,1,0
6868,4,222.38,1,6000.0,2314.35,0.386,0,Y,0,222.38,0.386,1,0
9940,4,298.71,2,34800.0,8728.76,0.251,2,1,0,298.71,0.251,1,0
7157,2,141.52,0,18200.0,5877.26,0.323,0,Y,0,141.52,0.323,1,0
5973,5,171.22,1,21500.0,1009.86,0.047,0,1,0,171.22,0.047,1,0
11284,3,860.61,4,12500.0,4665.43,0.373,1,Yes,0,860.61,0.373,1,0
11153,2,465.94,3,44900.0,13270.11,0.296,3,1,N,465.94,0.296,1,0
2342,2,790.55,7,51600.0,18276.85,0.354,1,1,0,790.55,0.354,1,0
82,3,89.5,5,38200.0,14446.67,0.378,1,1,N,89.5,0.378,1,0
4118,2,233.53,2,37800.0,11210.37,0.297,0,Y,0,233.53,0.297,1,0
11130,1,135.89,0,46800.0,6214.14,13.3%,0,Yes,No,135.89,0.133,1,0
860,1,243.05,0,55500.0,21767.51,0.392,0,1,Yes,243.05,0.392,1,1
8166,5,1028.35,5,40200.0,23120.51,0.575,1,1,0,1028.35,0.575,1,0
775,2,267.3,1,18600.0,2047.43,0.11,2,Y,0,267.3,0.11,1,0
1721,1,249.65,0,30200.0,13570.1,0.449,1,N,Y,249.65,0.449,0,1
6645,1,853.99,5,48600.0,7538.24,0.155,3,0,1,853.99,0.155,0,1
941,1,406.23,1,54200.0,3119.62,0.058,1,No,No,406.23,0.058,0,0
1035,2,517.75,3,39500.0,10949.48,0.277,1,1,0,517.75,0.277,1,0
9339,2,477.88,4,18500.0,7858.63,0.425,0,1,No,477.88,0.425,1,0
2439,4,619.15,3,37900.0,10010.07,0.264,1,1,0,619.15,0.264,1,0
11573,5,442.58,2,35600.0,3768.28,0.106,1,1,0,442.58,0.106,1,0
11394,1,362.08,0,8100.0,2365.26,29.2%,1,No,0,362.08,0.292,0,0
2036,2,331.82,3,5200.0,897.86,17.3%,0,Y,No,331.82,0.17300000000000001,1,0
2132,1,776.71,8,18000.0,5321.53,0.296,0,1,N,776.71,0.296,1,0
8514,2,,1,47600.0,16343.24,0.343,2,Yes,0,272.54,0.343,1,0
6625,3,274.95,1,38500.0,1570.7,0.041,4,Y,N,274.95,0.041,1,0
6210,2,831.37,4,15800.0,2984.76,0.189,3,1,1,831.37,0.189,1,1
3158,2,972.61,9,14000.0,5936.17,42.4%,3,Y,N,972.61,0.424,1,0
10811,2,203.16,1,16600.0,3703.44,0.223,0,1,0,203.16,0.223,1,0
2989,3,1028.03,10,9200.0,1219.89,0.133,2,Y,N,1028.03,0.133,1,0
12081,1,366.55,2,34400.0,14265.0,0.415,2,No,0,366.55,0.415,0,0
2772,4,780.99,2,19400.0,911.38,0.047,2,1,N,780.99,0.047,1,0
3930,4,496.88,2,58000.0,34530.68,0.595,0,1,0,496.88,0.595,1,0
576,2,374.8,2,10800.0,4375.19,0.405,3,Yes,0,374.8,0.405,1,0
4977,1,210.71,0,22200.0,5181.17,23.3%,0,N,No,210.71,0.233,0,0
4432,1,770.29,8,42900.0,12791.24,0.298,1,Yes,No,770.29,0.298,1,0
3227,3,,3,12600.0,6033.8,0.479,2,Y,No,411.22,0.479,1,0
12052,1,992.01,6,5500.0,1835.1,0.334,2,No,No,992.01,0.334,0,0
7375,3,111.39,0,59900.0,17867.0,0.298,0,0,0,111.39,0.298,0,0
6059,2,312.95,2,59500.0,26176.23,44.0%,1,1,N,312.95,0.44,1,0
1292,1,422.73,6,17800.0,6104.18,0.343,0,Y,N,422.73,0.343,1,0
7178,1,222.02,1,7200.0,4160.83,0.578,1,0,N,222.02,0.578,0,0
2161,2,626.75,3,44700.0,11500.41,0.257,0,Y,N,626.75,0.257,1,0
79,3,492.74,3,36600.0,3843.32,10.5%,1,1,No,492.74,0.105,1,0
5504,2,506.95,4,55200.0,28122.34,0.509,0,0,0,506.95,0.509,0,0
9599,1,1970.2,10,3800.0,1136.8,29.9%,1,1,N,1970.2,0.299,1,0
9957,1,309.94,0,9200.0,1266.66,0.138,0,No,1,309.94,0.138,0,1
4657,2,740.34,3,33800.0,17171.6,50.8%,3,1,No,740.34,0.508,1,0
5717,1,318.94,0,17400.0,6491.79,0.373,0,No,Yes,318.94,0.373,0,1
829,1,303.89,0,36500.0,18433.67,0.505,1,0,1,303.89,0.505,0,1
2155,2,290.09,1,24500.0,3825.74,0.156,0,No,0,290.09,0.156,0,0
6294,3,1138.64,8,57000.0,15654.81,0.275,2,Yes,0,1138.64,0.275,1,0
1682,3,167.67,2,43200.0,15416.02,0.357,0,Y,0,167.67,0.357,1,0
9411,2,1387.71,6,59700.0,7398.09,0.124,2,1,0,1387.71,0.124,1,0
5935,2,413.37,3,49700.0,2427.02,0.049,0,No,N,413.37,0.049,0,0
8053,1,531.96,3,15800.0,5312.06,0.336,0,No,No,531.96,0.336,0,0
3860,2,447.43,3,56700.0,13574.78,0.239,0,Yes,N,447.43,0.239,1,0
6489,2,580.48,0,36100.0,10988.76,0.304,2,Y,0,580.48,0.304,1,0
8614,2,148.38,2,20800.0,6227.03,0.299,1,Yes,0,148.38,0.299,1,0
4217,1,286.81,0,28800.0,9556.52,33.2%,0,N,No,286.81,0.332,0,0
11228,2,145.59,2,40200.0,8633.29,21.5%,0,0,No,145.59,0.215,0,0
2274,3,294.85,2,8400.0,1476.54,0.176,0,0,N,294.85,0.176,0,0
6851,3,229.2,1,4900.0,407.72,8.3%,0,0,N,229.2,0.083,0,0
9991,1,437.35,1,34400.0,15346.59,0.446,0,N,Y,437.35,0.446,0,1
1834,1,275.94,3,44100.0,15204.86,34.5%,3,N,1,275.94,0.345,0,1
672,3,177.45,1,29600.0,5266.75,0.178,1,Y,N,177.45,0.178,1,0
4519,1,182.24,2,51400.0,13302.11,0.259,2,N,0,182.24,0.259,0,0
8351,1,413.59,2,45000.0,23601.72,0.524,1,0,Y,413.59,0.524,0,1
4171,3,,3,39400.0,12021.32,0.305,2,1,0,411.22,0.305,1,0
6752,4,227.08,3,50200.0,9083.8,0.181,0,1,0,227.08,0.181,1,0
12147,3,576.17,7,45800.0,22807.28,49.8%,0,Y,0,576.17,0.498,1,0
1313,3,848.83,3,50100.0,4521.7,0.09,0,1,0,848.83,0.09,1,0
4119,1,272.76,3,31100.0,5173.65,16.6%,0,1,Yes,272.76,0.166,1,1
2237,1,1086.19,8,49700.0,9298.94,0.187,1,No,0,1086.19,0.187,0,0
2688,3,728.31,4,35200.0,8143.87,0.231,1,N,0,728.31,0.231,0,0
5964,3,806.66,7,6800.0,771.98,0.114,1,Y,Y,806.66,0.114,1,1
9542,2,582.33,3,55800.0,2374.17,0.043,1,Yes,No,582.33,0.043,1,0
198,3,386.03,3,32500.0,11029.22,0.339,1,Yes,N,386.03,0.339,1,0
3802,1,688.4,2,53300.0,2175.73,4.1%,1,0,0,688.4,0.040999999999999995,0,0
9465,2,253.15,2,14300.0,6930.04,48.5%,2,Y,0,253.15,0.485,1,0
1895,5,259.11,2,21400.0,2434.91,0.114,2,No,0,259.11,0.114,0,0
1088,1,420.88,0,48200.0,15326.25,0.318,2,1,Yes,420.88,0.318,1,1
3122,2,403.12,3,55100.0,9886.08,0.179,1,No,N,403.12,0.179,0,0
6178,1,860.91,8,17500.0,3603.06,0.206,2,1,Yes,860.91,0.206,1,1
6832,1,586.66,3,13000.0,7580.07,0.583,2,0,0,586.66,0.583,0,0
6529,1,886.57,2,7100.0,2310.8,0.325,2,N,1,886.57,0.325,0,1
7439,2,208.69,1,34200.0,10226.12,0.299,0,1,0,208.69,0.299,1,0
1393,2,513.35,2,32100.0,7597.88,0.237,1,1,0,513.35,0.237,1,0
2602,1,366.87,0,14600.0,2133.91,0.146,1,0,No,366.87,0.146,0,0
11651,3,1019.33,10,42900.0,16227.71,0.378,3,0,Y,1019.33,0.378,0,1
2265,3,383.81,1,52500.0,23484.01,44.7%,0,1,0,383.81,0.447,1,0
7474,2,517.17,2,7200.0,2445.31,0.34,3,1,No,517.17,0.34,1,0
4123,2,937.02,5,53500.0,14760.62,0.276,1,1,0,937.02,0.276,1,0
8923,1,662.73,3,5000.0,1550.61,0.31,0,No,1,662.73,0.31,0,1
9553,2,625.87,1,42500.0,3341.17,0.079,0,1,No,625.87,0.079,1,0
1743,3,328.43,5,54000.0,17202.14,0.319,1,1,0,328.43,0.319,1,0
9657,3,344.7,2,58500.0,37935.6,0.648,1,1,0,344.7,0.648,1,0
10663,1,637.98,5,55200.0,20355.55,0.369,2,N,0,637.98,0.369,0,0
7345,2,839.85,5,19100.0,11472.4,0.601,0,Yes,No,839.85,0.601,1,0
11169,3,634.75,3,8800.0,4485.39,0.51,0,1,N,634.75,0.51,1,0
8653,3,360.42,5,12800.0,1329.79,0.104,0,1,0,360.42,0.104,1,0
5279,3,542.71,7,58100.0,10363.52,17.8%,0,1,No,542.71,0.17800000000000002,1,0
3486,1,445.82,4,36800.0,2804.87,0.076,1,N,Y,445.82,0.076,0,1
11643,3,1032.6,3,27400.0,674.85,0.025,0,Y,0,1032.6,0.025,1,0
3263,2,157.46,0,40300.0,22860.6,0.567,1,1,No,157.46,0.567,1,0
157,2,428.0,3,33400.0,25872.12,77.5%,1,Yes,No,428.0,0.775,1,0
9060,3,336.34,2,33300.0,11763.48,0.353,0,1,No,336.34,0.353,1,0
6064,2,434.37,6,9400.0,3620.21,0.385,0,N,0,434.37,0.385,0,0
6129,1,632.11,5,17800.0,9919.43,0.557,0,No,1,632.11,0.557,0,1
9567,1,228.25,2,27900.0,9009.6,0.323,0,No,0,228.25,0.323,0,0
3438,1,494.28,2,44300.0,3896.44,0.088,1,Yes,1,494.28,0.088,1,1
7747,1,280.82,4,34700.0,11400.98,32.9%,2,Y,0,280.82,0.32899999999999996,1,0
5725,2,1167.75,3,11200.0,2489.48,22.2%,3,1,0,1167.75,0.222,1,0
1703,2,395.17,0,51200.0,3342.55,0.065,0,Yes,N,395.17,0.065,1,0
6490,2,258.06,2,14700.0,3314.22,0.225,0,Y,0,258.06,0.225,1,0
10074,4,390.6,2,6100.0,1982.08,0.325,1,0,No,390.6,0.325,0,0
6572,1,117.4,2,29600.0,1915.04,6.5%,0,Y,Y,117.4,0.065,1,1
8374,4,540.93,5,3600.0,548.14,0.152,1,1,N,540.93,0.152,1,0
12014,4,310.9,2,21200.0,2586.52,0.122,0,N,No,310.9,0.122,0,0
5961,2,495.94,7,42400.0,11239.83,0.265,2,1,N,495.94,0.265,1,0
8812,1,141.53,2,44400.0,14041.26,0.316,2,0,Y,141.53,0.316,0,1
8288,1,881.71,8,56000.0,8717.47,0.156,0,N,0,881.71,0.156,0,0
4042,1,374.83,2,17800.0,4113.43,0.231,3,N,Y,374.83,0.231,0,1
8336,3,478.29,2,3000.0,753.22,25.1%,0,Y,0,478.29,0.251,1,0
6807,2,,6,10700.0,4523.78,0.423,0,Y,No,668.98,0.423,1,0
3369,3,642.18,3,8000.0,1383.76,0.173,1,Y,N,642.18,0.173,1,0
3947,1,1071.17,5,52400.0,22801.9,0.435,0,No,0,1071.17,0.435,0,0
1250,1,282.88,0,14800.0,6697.97,0.453,1,0,No,282.88,0.453,0,0
3594,2,417.45,2,18300.0,5049.74,0.276,0,Yes,0,417.45,0.276,1,0
5702,2,401.03,4,28800.0,12168.03,0.423,1,1,No,401.03,0.423,1,0
4926,2,568.15,2,41000.0,9528.11,0.232,0,Yes,No,568.15,0.232,1,0
4358,3,849.37,9,4900.0,1674.19,0.342,2,0,N,849.37,0.342,0,0
10423,3,435.61,3,3400.0,396.32,0.117,2,Yes,0,435.61,0.117,1,0
8929,4,213.36,1,45000.0,14691.09,0.326,1,Yes,No,213.36,0.326,1,0
579,1,404.71,1,57600.0,24768.3,43.0%,2,No,N,404.71,0.43,0,0
6754,3,565.72,7,54100.0,9883.82,0.183,3,Yes,Y,565.72,0.183,1,1
9912,4,117.14,0,48400.0,8070.45,0.167,3,1,No,117.14,0.167,1,0
10876,2,402.06,1,2700.0,1378.17,0.51,1,1,N,402.06,0.51,1,0
11835,2,859.36,5,26300.0,11134.42,42.3%,2,0,0,859.36,0.423,0,0
7520,1,500.81,4,35000.0,11780.61,0.337,2,No,No,500.81,0.337,0,0
8628,1,438.04,0,21000.0,6570.95,0.313,3,0,1,438.04,0.313,0,1
3800,4,329.93,1,51600.0,10923.31,0.212,0,Yes,N,329.93,0.212,1,0
6089,1,537.92,3,35700.0,18989.75,0.532,0,0,1,537.92,0.532,0,1
1211,1,1325.59,12,34800.0,11533.61,0.331,0,Yes,1,1325.59,0.331,1,1
4875,3,491.33,1,22800.0,12006.68,0.527,2,Yes,0,491.33,0.527,1,0
11692,4,432.21,3,37900.0,2173.59,0.057,2,Y,N,432.21,0.057,1,0
7811,3,345.94,0,51000.0,12585.14,0.247,0,1,No,345.94,0.247,1,0
295,1,294.24,1,28600.0,9834.4,0.344,0,0,0,294.24,0.344,0,0
1279,3,680.4,6,25600.0,3567.07,0.139,0,0,N,680.4,0.139,0,0
3423,2,315.53,0,37200.0,5407.9,0.145,1,1,No,315.53,0.145,1,0
537,4,430.73,6,45200.0,6499.12,0.144,1,1,No,430.73,0.144,1,0
9618,3,382.82,3,40200.0,23468.22,0.584,0,Y,N,382.82,0.584,1,0
7601,2,191.54,1,51500.0,7381.53,14.3%,2,1,No,191.54,0.14300000000000002,1,0
7301,1,285.66,1,45200.0,22475.4,49.7%,3,N,Y,285.66,0.49700000000000005,0,1
9128,1,434.46,1,59600.0,5072.57,0.085,2,0,No,434.46,0.085,0,0
5152,1,453.59,2,34600.0,17809.6,0.515,0,0,Yes,453.59,0.515,0,1
4336,1,359.07,1,4900.0,1935.67,0.395,0,1,N,359.07,0.395,1,0
7961,1,224.06,0,41000.0,14767.46,0.36,0,Yes,Y,224.06,0.36,1,1
889,5,421.25,1,18300.0,3226.0,0.176,0,1,No,421.25,0.176,1,0
7498,5,135.27,1,24200.0,7632.2,0.315,0,Y,0,135.27,0.315,1,0
8656,3,314.15,3,45200.0,11449.33,0.253,1,Y,0,314.15,0.253,1,0
7489,2,164.43,5,5900.0,1259.24,0.213,0,1,0,164.43,0.213,1,0
3027,2,303.06,2,40600.0,9907.45,24.4%,1,N,0,303.06,0.244,0,0
10539,4,458.07,6,38500.0,9730.47,25.3%,1,Yes,0,458.07,0.253,1,0
3718,4,571.56,5,48500.0,10090.19,0.208,1,1,0,571.56,0.208,1,0
11502,1,441.97,4,13800.0,3316.53,0.24,2,Y,0,441.97,0.24,1,0
3151,2,307.99,1,58800.0,27659.02,0.47,0,1,0,307.99,0.47,1,0
10603,2,671.53,3,3500.0,794.54,0.227,1,1,No,671.53,0.227,1,0
11686,5,204.22,3,16600.0,4229.68,0.255,0,Y,No,204.22,0.255,1,0
6595,2,1145.08,7,48400.0,34284.54,0.708,1,1,0,1145.08,0.708,1,0
6316,1,921.74,11,10900.0,3604.14,33.1%,1,No,N,921.74,0.331,0,0
11750,3,362.41,2,34900.0,9277.51,0.266,1,1,No,362.41,0.266,1,0
3966,4,272.35,3,46800.0,14240.15,0.304,0,0,N,272.35,0.304,0,0
10315,4,329.67,2,47200.0,21575.48,0.457,1,1,No,329.67,0.457,1,0
8953,3,403.94,2,20800.0,5899.64,0.284,2,1,N,403.94,0.284,1,0
9715,2,303.25,1,33800.0,10711.55,0.317,1,0,No,303.25,0.317,0,0
7141,4,226.52,1,26400.0,9459.39,0.358,1,1,N,226.52,0.358,1,0
11778,2,320.16,1,20900.0,4244.42,0.203,0,0,No,320.16,0.203,0,0
9484,3,141.34,0,22000.0,3732.13,0.17,1,0,0,141.34,0.17,0,0
11617,3,217.22,1,23500.0,3747.58,0.159,0,1,0,217.22,0.159,1,0
6359,3,280.66,2,30500.0,2570.1,0.084,2,1,0,280.66,0.084,1,0
3156,2,1365.21,5,46500.0,7382.83,0.159,0,1,0,1365.21,0.159,1,0
7976,2,504.31,7,33700.0,10256.91,30.4%,1,Yes,No,504.31,0.304,1,0
11230,1,684.92,4,56300.0,15714.41,0.279,2,1,0,684.92,0.279,1,0
2840,1,456.6,4,13600.0,7306.58,0.537,0,No,0,456.6,0.537,0,0
3305,2,390.19,0,37400.0,6347.13,0.17,1,1,0,390.19,0.17,1,0
9844,3,443.06,5,28000.0,11426.77,0.408,0,Y,0,443.06,0.408,1,0
7888,3,364.07,1,20900.0,4451.47,0.213,1,No,0,364.07,0.213,0,0
11533,1,120.84,1,41900.0,20582.88,0.491,0,Y,0,120.84,0.491,1,0
3505,3,493.63,2,13200.0,903.25,0.068,0,Y,0,493.63,0.068,1,0
12148,1,,1,13200.0,581.4,4.4%,0,0,No,272.54,0.044000000000000004,0,0
61,1,132.15,2,51500.0,10589.7,0.206,2,0,0,132.15,0.206,0,0
7886,2,1208.11,7,36400.0,3724.67,0.102,2,Yes,No,1208.11,0.102,1,0
2727,4,237.36,2,12600.0,1696.28,13.5%,0,1,N,237.36,0.135,1,0
6304,5,328.91,1,52900.0,4691.17,8.9%,3,1,No,328.91,0.08900000000000001,1,0
9377,1,342.45,6,26800.0,18403.7,0.687,0,0,1,342.45,0.687,0,1
6642,1,668.91,9,28000.0,5775.83,20.6%,0,No,N,668.91,0.20600000000000002,0,0
2598,2,361.28,2,25100.0,14428.81,0.575,4,0,No,361.28,0.575,0,0
2135,1,585.83,4,27200.0,7313.99,26.9%,0,N,0,585.83,0.26899999999999996,0,0
7963,1,921.07,7,25000.0,8371.54,0.335,0,No,0,921.07,0.335,0,0
9875,1,400.03,0,20200.0,822.65,4.1%,2,Y,Yes,400.03,0.040999999999999995,1,1
1519,3,244.0,1,28100.0,13994.92,0.498,2,Y,0,244.0,0.498,1,0
7710,1,120.5,1,28600.0,4792.69,0.168,3,1,0,120.5,0.168,1,0
4206,2,146.21,2,43700.0,23858.6,54.6%,2,Yes,No,146.21,0.546,1,0
9951,5,333.5,0,7500.0,118.05,1.6%,0,1,N,333.5,0.016,1,0
7020,3,468.71,2,7800.0,3115.23,0.399,1,1,N,468.71,0.399,1,0
5418,4,451.11,2,40800.0,5502.23,0.135,1,1,0,451.11,0.135,1,0
8282,1,388.7,2,32200.0,9817.22,0.305,1,N,N,388.7,0.305,0,0
10445,3,378.47,5,44800.0,7602.82,0.17,0,Yes,0,378.47,0.17,1,0
2927,1,495.53,2,20700.0,3212.36,0.155,1,0,N,495.53,0.155,0,0
6559,3,372.75,1,46500.0,16954.3,36.5%,0,Yes,N,372.75,0.365,1,0
11745,2,326.4,2,41600.0,13977.93,0.336,0,Yes,No,326.4,0.336,1,0
8195,1,386.92,3,47100.0,15154.63,0.322,3,No,Yes,386.92,0.322,0,1
1653,1,452.77,4,4200.0,265.43,0.063,0,0,0,452.77,0.063,0,0
11255,1,1023.56,13,3300.0,924.28,0.28,0,N,1,1023.56,0.28,0,1
2270,2,1235.26,15,11200.0,3690.12,0.329,1,Yes,0,1235.26,0.329,1,0
11086,2,366.97,3,27900.0,4877.68,0.175,1,Yes,No,366.97,0.175,1,0
656,2,989.6,6,25900.0,4856.24,0.187,2,Y,0,989.6,0.187,1,0
9594,3,251.87,3,4100.0,1178.14,0.287,0,1,No,251.87,0.287,1,0
4250,4,358.28,0,12200.0,4939.28,0.405,2,Y,0,358.28,0.405,1,0
7504,1,801.9,6,40300.0,19856.22,49.3%,1,0,0,801.9,0.493,0,0
4691,2,378.97,3,36600.0,7768.19,21.2%,0,Yes,N,378.97,0.212,1,0
11549,3,409.83,4,26300.0,8953.92,0.34,0,Yes,0,409.83,0.34,1,0
4337,3,331.6,0,18900.0,1552.05,8.2%,1,1,No,331.6,0.08199999999999999,1,0
9048,1,1028.49,9,5000.0,2389.65,0.478,1,1,Y,1028.49,0.478,1,1
6185,1,367.1,2,40200.0,13983.17,0.348,0,0,1,367.1,0.348,0,1
9271,1,609.67,4,31000.0,7534.6,24.3%,1,0,Y,609.67,0.243,0,1
6897,3,357.92,5,52900.0,5979.73,11.3%,2,1,0,357.92,0.113,1,0
10744,1,344.37,1,48100.0,9331.96,0.194,1,Yes,1,344.37,0.194,1,1
5452,5,416.22,2,24800.0,1199.57,0.048,0,1,N,416.22,0.048,1,0
11049,1,280.33,4,53300.0,15011.19,0.282,1,0,No,280.33,0.282,0,0
1007,1,506.91,3,43600.0,9872.44,22.6%,0,N,Yes,506.91,0.226,0,1
4474,1,344.66,2,34500.0,2145.82,0.062,2,Yes,0,344.66,0.062,1,0
278,4,437.29,3,58300.0,23515.52,40.3%,2,1,N,437.29,0.40299999999999997,1,0
7529,2,268.85,2,28600.0,3636.54,0.127,1,0,0,268.85,0.127,0,0
1593,3,202.43,4,5900.0,866.81,14.7%,0,Yes,N,202.43,0.147,1,0
8947,2,289.6,3,15200.0,2016.6,0.133,1,Y,No,289.6,0.133,1,0
3022,4,393.65,6,11300.0,1839.35,0.163,0,Y,0,393.65,0.163,1,0
9681,3,148.51,0,39700.0,30201.33,0.761,0,0,0,148.51,0.761,0,0
9846,1,192.8,2,20200.0,2815.87,0.139,0,Y,0,192.8,0.139,1,0
985,1,524.94,2,37200.0,1190.76,0.032,1,0,No,524.94,0.032,0,0
8917,2,488.61,3,12900.0,4411.54,34.2%,1,0,No,488.61,0.342,0,0
4800,4,1022.35,3,45000.0,16816.09,0.374,1,Yes,N,1022.35,0.374,1,0
6270,1,491.03,5,28600.0,11194.68,0.391,0,1,0,491.03,0.391,1,0
3830,1,396.94,3,58400.0,8477.71,0.145,0,N,N,396.94,0.145,0,0
8544,2,472.82,3,18600.0,8638.23,0.464,0,1,No,472.82,0.464,1,0
3479,3,635.78,3,59500.0,2465.01,0.041,0,Yes,0,635.78,0.041,1,0
10580,1,448.65,5,9700.0,3254.81,0.336,2,Yes,0,448.65,0.336,1,0
4807,5,397.3,3,39700.0,22545.04,0.568,2,0,N,397.3,0.568,0,0
11690,5,186.64,2,59200.0,16344.68,0.276,2,Y,0,186.64,0.276,1,0
2531,3,441.99,2,29300.0,1402.78,0.048,2,1,N,441.99,0.048,1,0
1130,3,240.79,2,34600.0,5073.08,14.7%,0,N,0,240.79,0.147,0,0
3498,1,457.79,2,56900.0,26352.29,0.463,0,N,N,457.79,0.463,0,0
258,2,419.74,3,3300.0,832.76,0.252,1,1,N,419.74,0.252,1,0
3387,1,261.49,3,57400.0,23679.85,0.413,2,0,Yes,261.49,0.413,0,1
11785,1,282.98,1,2100.0,798.98,0.38,1,Yes,N,282.98,0.38,1,0
2600,2,120.57,2,11500.0,4151.95,0.361,1,Y,0,120.57,0.361,1,0
6810,1,353.03,3,2700.0,368.78,0.137,1,N,N,353.03,0.137,0,0
6007,3,172.98,3,20900.0,9678.2,0.463,2,1,N,172.98,0.463,1,0
823,2,315.62,1,42900.0,4113.87,0.096,2,Yes,0,315.62,0.096,1,0
8019,3,445.48,5,54600.0,23024.25,0.422,1,1,0,445.48,0.422,1,0
5765,1,415.76,1,13400.0,5492.07,0.41,2,Yes,0,415.76,0.41,1,0
11480,1,400.2,3,30800.0,4010.43,0.13,1,No,No,400.2,0.13,0,0
11325,3,809.18,6,57900.0,9072.07,0.157,2,1,N,809.18,0.157,1,0
5123,4,2076.4,15,11700.0,2633.04,22.5%,2,No,N,2076.4,0.225,0,0
88,3,515.59,3,14600.0,4100.53,0.281,1,Y,0,515.59,0.281,1,0
6205,3,420.66,2,47100.0,19289.23,0.41,1,1,N,420.66,0.41,1,0
161,3,497.36,2,19400.0,12115.59,0.625,2,No,0,497.36,0.625,0,0
11736,1,504.76,5,16400.0,6507.56,39.7%,0,1,1,504.76,0.397,1,1
4762,5,472.16,4,31300.0,14659.99,0.468,2,1,N,472.16,0.468,1,0
3266,2,447.59,3,24800.0,5466.17,0.22,1,Y,0,447.59,0.22,1,0
1154,2,577.8,5,12600.0,6585.27,0.523,1,Y,N,577.8,0.523,1,0
5563,2,600.1,1,56900.0,6376.22,0.112,1,1,0,600.1,0.112,1,0
7712,3,215.24,2,17600.0,1185.39,0.067,0,1,0,215.24,0.067,1,0
9231,1,316.87,0,49300.0,24284.41,0.493,1,N,No,316.87,0.493,0,0
6650,2,425.49,5,15700.0,6933.21,0.442,0,Yes,0,425.49,0.442,1,0
5609,1,287.48,1,33300.0,4540.33,13.6%,1,0,0,287.48,0.136,0,0
8319,2,1169.83,7,11400.0,2606.31,0.229,2,1,No,1169.83,0.229,1,0
1356,1,175.61,1,17800.0,3967.97,22.3%,0,Y,No,175.61,0.223,1,0
9234,1,726.74,6,51600.0,15735.51,30.5%,0,N,1,726.74,0.305,0,1
7538,2,487.98,2,5100.0,1592.78,0.312,0,1,0,487.98,0.312,1,0
968,3,383.72,1,17000.0,7735.71,0.455,1,Yes,N,383.72,0.455,1,0
7907,1,1149.07,6,7100.0,2036.19,0.287,1,Yes,Y,1149.07,0.287,1,1
7031,1,349.27,1,43600.0,7593.42,2.54,1,Yes,Y,349.27,0.174,1,1
10672,1,385.6,2,7600.0,2346.16,0.309,2,Yes,1,385.6,0.309,1,1
8505,1,540.78,2,22700.0,1427.24,0.063,0,No,N,540.78,0.063,0,0
7581,5,542.95,4,58900.0,6951.66,0.118,2,Yes,0,542.95,0.118,1,0
7970,1,692.16,7,21000.0,5699.59,0.271,1,1,N,692.16,0.271,1,0
2896,2,517.33,4,35200.0,247.91,0.007,2,Y,0,517.33,0.007,1,0
4983,2,595.88,4,26300.0,6134.62,0.233,0,1,N,595.88,0.233,1,0
9921,1,1069.59,7,15900.0,4076.37,25.6%,0,0,0,1069.59,0.256,0,0
11479,1,715.08,2,38300.0,12941.66,0.338,1,0,1,715.08,0.338,0,1
8193,2,261.22,1,49200.0,4150.36,0.084,1,1,0,261.22,0.084,1,0
9304,1,1047.92,8,17400.0,10722.41,61.6%,0,0,1,1047.92,0.616,0,1
7807,3,802.77,5,15400.0,5221.54,33.9%,0,1,0,802.77,0.33899999999999997,1,0
4680,1,569.67,3,55300.0,25185.01,0.455,0,No,0,569.67,0.455,0,0
1761,2,450.17,7,6400.0,245.27,0.038,3,1,0,450.17,0.038,1,0
11908,4,380.35,3,38800.0,3213.08,0.083,0,Yes,N,380.35,0.083,1,0
543,3,309.21,2,7000.0,1637.25,0.234,0,1,N,309.21,0.234,1,0
9770,3,214.46,3,12000.0,4325.41,36.0%,3,1,0,214.46,0.36,1,0
2450,3,229.87,1,37500.0,4143.69,11.0%,1,1,0,229.87,0.11,1,0
2346,5,266.66,3,19700.0,8289.16,0.421,2,No,N,266.66,0.421,0,0
10441,1,309.13,2,18600.0,11312.0,0.608,2,No,0,309.13,0.608,0,0
5740,1,160.07,1,42900.0,7124.43,0.166,0,No,1,160.07,0.166,0,1
1887,4,317.96,2,27700.0,18774.07,0.678,0,No,0,317.96,0.678,0,0
3382,2,783.05,6,59100.0,10951.21,18.5%,0,1,N,783.05,0.185,1,0
9111,1,368.84,2,35400.0,6572.88,0.186,1,N,1,368.84,0.186,0,1
7920,2,1847.62,10,39200.0,16539.85,42.2%,1,1,0,1847.62,0.42200000000000004,1,0
10479,2,428.94,3,18800.0,1164.35,0.062,0,Yes,No,428.94,0.062,1,0
3209,3,478.11,4,34400.0,2724.13,0.079,0,1,0,478.11,0.079,1,0
5287,2,284.76,2,10600.0,5129.9,0.484,1,0,0,284.76,0.484,0,0
11212,2,322.57,3,50500.0,6848.52,0.136,1,Y,0,322.57,0.136,1,0
4359,3,275.89,0,52100.0,22737.7,43.6%,0,Y,N,275.89,0.436,1,0
11107,2,927.86,7,17400.0,7802.15,0.448,1,Yes,N,927.86,0.448,1,0
898,2,688.26,2,34000.0,8014.78,23.6%,2,1,0,688.26,0.23600000000000002,1,0
2101,3,444.54,2,23500.0,6058.73,0.258,0,0,No,444.54,0.258,0,0
11782,1,576.93,4,22100.0,1130.61,0.051,2,No,0,576.93,0.051,0,0
5319,2,1067.49,13,39500.0,14746.1,0.373,1,1,0,1067.49,0.373,1,0
1387,2,265.15,1,38500.0,11856.5,0.308,4,Y,N,265.15,0.308,1,0
9115,3,160.68,1,28600.0,17376.49,0.608,2,N,N,160.68,0.608,0,0
828,3,331.1,3,20200.0,6713.73,0.332,0,No,0,331.1,0.332,0,0
8500,1,235.21,0,25500.0,7793.92,0.306,3,1,Y,235.21,0.306,1,1
6394,2,567.06,0,50200.0,3581.0,0.071,0,Yes,No,567.06,0.071,1,0
3287,5,354.14,1,48900.0,30034.61,0.614,0,Yes,0,354.14,0.614,1,0
5375,3,337.2,6,30000.0,10460.31,0.349,0,Yes,N,337.2,0.349,1,0
1550,3,491.61,0,35900.0,4784.95,0.133,1,Yes,0,491.61,0.133,1,0
11867,1,877.57,10,21800.0,3341.62,0.153,0,Yes,N,877.57,0.153,1,0
6521,2,262.21,2,17100.0,3146.83,0.184,1,1,N,262.21,0.184,1,0
7228,3,378.88,2,13900.0,6701.42,48.2%,0,1,N,378.88,0.48200000000000004,1,0
3853,2,394.03,1,24500.0,4812.11,19.6%,2,1,0,394.03,0.196,1,0
5436,1,213.44,0,8500.0,2134.75,0.251,1,1,1,213.44,0.251,1,1
8964,1,696.37,6,46800.0,12398.77,0.265,2,0,No,696.37,0.265,0,0
5256,4,218.45,1,59200.0,-25896.15,0.437,0,Y,No,218.45,0.437,1,0
9183,4,214.17,1,6400.0,2796.2,43.7%,2,No,0,214.17,0.43700000000000006,0,0
480,2,324.95,4,44400.0,795.72,0.018,2,1,0,324.95,0.018,1,0
10498,2,381.4,3,23200.0,4990.95,0.215,0,1,0,381.4,0.215,1,0
8421,1,428.51,0,30500.0,20862.36,0.684,3,No,Y,428.51,0.684,0,1
8203,2,243.45,1,45800.0,26768.29,0.584,0,N,0,243.45,0.584,0,0
8123,3,224.26,1,14400.0,8875.52,0.616,0,0,N,224.26,0.616,0,0
4735,5,179.01,3,52100.0,32643.09,0.627,0,0,N,179.01,0.627,0,0
6527,5,94.46,0,29400.0,16146.12,0.549,0,1,N,94.46,0.549,1,0
2323,3,476.46,4,41200.0,20068.31,0.487,0,1,0,476.46,0.487,1,0
4502,1,498.18,0,37900.0,10869.11,0.287,2,No,1,498.18,0.287,0,1
1573,2,,1,5000.0,1919.22,0.384,1,No,No,272.54,0.384,0,0
4863,1,476.82,3,53400.0,7970.84,0.149,1,N,No,476.82,0.149,0,0
7773,2,471.07,5,27000.0,12514.45,0.463,0,Y,N,471.07,0.463,1,0
8606,5,577.22,6,18700.0,5179.17,0.277,2,1,0,577.22,0.277,1,0
5391,4,166.86,0,27900.0,8379.83,0.3,0,Yes,1,166.86,0.3,1,1
4138,3,300.68,2,4600.0,729.73,0.159,0,1,No,300.68,0.159,1,0
4849,3,310.92,1,34800.0,9879.23,0.284,1,Y,No,310.92,0.284,1,0
2102,2,247.93,0,2700.0,1410.45,0.522,2,Y,0,247.93,0.522,1,0
6636,4,177.27,1,51200.0,19520.45,0.381,3,Yes,1,177.27,0.381,1,1
6060,3,509.18,3,40200.0,6553.74,0.163,1,Yes,No,509.18,0.163,1,0
7250,1,277.12,1,47500.0,11779.21,0.248,0,No,No,277.12,0.248,0,0
811,2,270.5,0,40400.0,9663.31,0.239,3,Y,0,270.5,0.239,1,0
661,2,519.42,5,9000.0,2986.88,0.332,0,Yes,0,519.42,0.332,1,0
1286,1,404.57,1,40900.0,27169.32,0.664,2,0,N,404.57,0.664,0,0
7344,2,437.73,3,10900.0,3723.94,0.342,2,1,0,437.73,0.342,1,0
4597,4,320.16,4,8500.0,2655.26,0.312,0,Yes,0,320.16,0.312,1,0
4297,1,299.82,0,57300.0,13575.59,0.237,2,N,0,299.82,0.237,0,0
2363,2,228.99,2,30500.0,1904.09,6.2%,0,Yes,0,228.99,0.062,1,0
4498,1,337.22,3,21400.0,2327.87,0.109,3,0,N,337.22,0.109,0,0
4571,2,1170.88,11,54300.0,15149.18,0.279,1,Y,0,1170.88,0.279,1,0
6228,3,269.1,2,11800.0,3727.36,0.316,2,1,N,269.1,0.316,1,0
10964,1,329.37,3,27500.0,443.89,1.6%,0,No,N,329.37,0.016,0,0
11288,3,556.29,4,10600.0,6765.35,63.8%,3,N,N,556.29,0.638,0,0
5349,1,178.76,1,34600.0,14807.29,0.428,0,1,0,178.76,0.428,1,0
8277,4,1241.55,2,7200.0,2186.6,0.304,0,N,0,1241.55,0.304,0,0
10105,1,940.2,6,29500.0,9179.91,0.311,0,Yes,1,940.2,0.311,1,1
3920,1,358.91,3,28700.0,2829.93,9.9%,1,0,0,358.91,0.099,0,0
11191,2,438.56,5,22100.0,7479.58,0.338,2,1,0,438.56,0.338,1,0
2145,3,589.39,3,34400.0,11315.16,0.329,2,1,0,589.39,0.329,1,0
4622,2,168.95,0,46600.0,9657.56,0.207,0,1,0,168.95,0.207,1,0
5169,1,406.11,3,11800.0,6192.25,0.525,1,N,Yes,406.11,0.525,0,1
782,4,417.78,3,45100.0,4434.27,9.8%,0,1,0,417.78,0.098,1,0
10552,1,569.84,5,12000.0,6362.45,0.53,0,0,N,569.84,0.53,0,0
245,3,383.79,4,24800.0,4769.1,0.192,1,No,N,383.79,0.192,0,0
5884,2,509.11,0,45200.0,1412.15,0.031,1,1,N,509.11,0.031,1,0
7142,1,164.82,1,26900.0,8542.48,0.318,0,1,0,164.82,0.318,1,0
11491,2,956.02,4,14900.0,3842.62,0.258,0,Yes,N,956.02,0.258,1,0
1160,2,293.35,2,12600.0,7156.33,0.568,4,0,No,293.35,0.568,0,0
7668,2,673.69,8,12000.0,7990.75,0.666,1,N,N,673.69,0.666,0,0
5157,1,217.64,1,39900.0,16785.39,0.421,1,Y,0,217.64,0.421,1,0
1315,3,391.85,3,45800.0,8963.1,0.196,0,1,0,391.85,0.196,1,0
6574,2,477.38,4,46800.0,5215.17,0.111,0,1,No,477.38,0.111,1,0
5698,1,953.77,7,59000.0,6927.36,11.7%,0,N,0,953.77,0.11699999999999999,0,0
917,1,229.49,6,49200.0,8685.5,0.177,2,0,No,229.49,0.177,0,0
8837,1,730.55,6,2400.0,63.87,0.027,1,Y,0,730.55,0.027,1,0
10562,3,267.6,1,53300.0,14904.33,0.28,0,Y,N,267.6,0.28,1,0
11696,2,547.03,3,38500.0,17235.32,0.448,1,1,0,547.03,0.448,1,0
3725,5,445.39,1,55100.0,4927.66,0.089,0,No,N,445.39,0.089,0,0
11554,4,538.14,4,3800.0,988.18,0.26,1,Y,0,538.14,0.26,1,0
10843,1,308.89,3,21200.0,6153.52,0.29,2,1,No,308.89,0.29,1,0
8712,4,209.95,2,50300.0,3414.71,6.8%,1,1,N,209.95,0.068,1,0
7606,4,316.47,4,8600.0,3399.27,0.395,0,1,0,316.47,0.395,1,0
11980,2,657.26,2,11200.0,3518.96,0.314,2,1,No,657.26,0.314,1,0
3502,1,738.37,10,57700.0,8616.95,0.149,0,1,1,738.37,0.149,1,1
6476,2,578.08,4,30900.0,8068.86,0.261,1,0,No,578.08,0.261,0,0
8809,4,602.83,5,30400.0,19654.09,0.647,2,0,N,602.83,0.647,0,0
9268,2,154.11,0,43600.0,8658.06,0.199,3,Yes,Y,154.11,0.199,1,1
8557,2,911.68,6,57900.0,24115.02,0.416,0,Y,0,911.68,0.416,1,0
7889,4,566.24,5,32800.0,7327.12,0.223,0,1,0,566.24,0.223,1,0
8346,4,287.95,4,32800.0,2946.1,0.09,1,No,0,287.95,0.09,0,0
10137,1,313.11,2,32700.0,21221.65,0.649,1,0,Y,313.11,0.649,0,1
7785,2,403.21,1,20700.0,11817.6,57.1%,1,N,0,403.21,0.5710000000000001,0,0
11905,3,345.2,1,45900.0,17742.92,0.387,0,Yes,N,345.2,0.387,1,0
4280,3,2391.71,24,34500.0,10484.04,0.304,0,Yes,No,2391.71,0.304,1,0
9801,3,290.94,4,12500.0,3605.24,0.288,0,Yes,0,290.94,0.288,1,0
6793,2,563.92,1,51400.0,17482.25,34.0%,2,Yes,0,563.92,0.34,1,0
2027,2,597.7,10,41300.0,13991.55,33.9%,3,1,No,597.7,0.33899999999999997,1,0
1009,1,389.67,5,55500.0,13860.48,0.25,1,0,0,389.67,0.25,0,0
3143,4,222.28,1,11600.0,4179.59,0.36,1,1,No,222.28,0.36,1,0
1559,2,127.91,0,11900.0,984.57,8.3%,1,1,0,127.91,0.083,1,0
1429,1,726.03,10,14200.0,6922.64,0.488,1,Yes,No,726.03,0.488,1,0
11147,2,244.6,0,2800.0,1401.76,50.1%,1,Yes,0,244.6,0.501,1,0
723,2,399.42,5,5900.0,1940.08,0.329,0,1,N,399.42,0.329,1,0
2617,2,430.54,1,23300.0,15770.12,0.677,1,0,0,430.54,0.677,0,0
9295,1,151.25,3,9600.0,3847.16,0.401,1,N,1,151.25,0.401,0,1
8411,1,225.68,3,8100.0,1726.47,0.213,0,Yes,No,225.68,0.213,1,0
7871,2,514.34,3,47200.0,30671.44,65.0%,3,0,0,514.34,0.65,0,0
1394,2,233.76,6,20400.0,8756.94,0.429,2,Yes,N,233.76,0.429,1,0
5327,2,225.83,2,42600.0,18825.44,0.442,2,0,0,225.83,0.442,0,0
1779,2,1021.83,5,59900.0,21123.25,0.353,1,1,0,1021.83,0.353,1,0
5523,2,658.39,3,22000.0,1755.57,0.08,0,1,No,658.39,0.08,1,0
478,1,213.27,1,4000.0,1357.38,0.339,1,Y,Yes,213.27,0.339,1,1
3017,1,333.37,0,37700.0,14599.3,0.387,2,0,N,333.37,0.387,0,0
9929,1,151.02,3,9500.0,2122.38,0.223,0,No,0,151.02,0.223,0,0
4155,2,426.55,3,40400.0,17625.48,0.436,2,1,No,426.55,0.436,1,0
10911,4,613.67,4,38800.0,3502.97,0.09,2,1,No,613.67,0.09,1,0
9673,3,225.66,2,39300.0,3055.88,0.078,0,1,N,225.66,0.078,1,0
2021,2,352.73,2,18200.0,4182.53,0.23,1,1,No,352.73,0.23,1,0
4607,3,121.19,0,6100.0,805.57,13.2%,1,0,0,121.19,0.132,0,0
2928,1,259.42,3,54500.0,33632.86,0.617,2,0,Yes,259.42,0.617,0,1
4368,1,418.3,3,59600.0,9148.15,0.153,2,Yes,No,418.3,0.153,1,0
3801,1,183.9,2,15000.0,2322.32,0.155,1,Y,0,183.9,0.155,1,0
3408,4,214.65,1,57100.0,16934.84,0.297,1,Y,N,214.65,0.297,1,0
6768,5,824.59,7,44900.0,16573.98,0.369,1,1,0,824.59,0.369,1,0
7763,2,551.89,6,48600.0,23330.0,0.48,0,1,N,551.89,0.48,1,0
8484,4,868.78,4,36900.0,17515.23,47.5%,2,1,0,868.78,0.475,1,0
4598,3,186.36,1,39500.0,9566.84,0.242,2,0,N,186.36,0.242,0,0
6846,1,517.43,3,26900.0,9919.66,36.9%,1,No,N,517.43,0.369,0,0
954,3,371.76,4,40900.0,15555.88,38.0%,2,Yes,N,371.76,0.38,1,0
7832,2,435.23,2,55600.0,25279.2,0.455,1,Y,N,435.23,0.455,1,0
4581,1,816.48,4,46300.0,3475.68,7.5%,1,Y,Yes,816.48,0.075,1,1
7806,1,91.42,0,27700.0,2642.16,9.5%,0,N,1,91.42,0.095,0,1
4999,2,376.14,0,26400.0,17523.28,0.664,2,0,No,376.14,0.664,0,0
6898,1,230.06,3,3400.0,1343.36,0.395,1,1,Yes,230.06,0.395,1,1
5142,3,,8,27900.0,1258.98,0.045,2,1,0,860.78,0.045,1,0
10681,1,181.65,0,16000.0,1934.87,0.121,2,0,Y,181.65,0.121,0,1
2622,2,198.15,6,57200.0,10873.38,0.19,4,No,No,198.15,0.19,0,0
7241,2,473.78,4,29000.0,7917.63,0.273,1,Yes,No,473.78,0.273,1,0
4440,1,344.4,1,58800.0,8838.28,0.15,1,N,Yes,344.4,0.15,0,1
10437,2,622.26,9,23600.0,1270.61,0.054,1,1,No,622.26,0.054,1,0
2337,2,618.25,6,29300.0,6245.32,0.213,0,0,0,618.25,0.213,0,0
8393,2,549.63,3,2900.0,816.43,28.2%,2,Yes,N,549.63,0.282,1,0
8347,1,1236.7,7,9300.0,2823.47,0.304,0,0,N,1236.7,0.304,0,0
8638,3,360.23,2,30400.0,4858.03,0.16,2,N,No,360.23,0.16,0,0
1634,3,303.73,0,30200.0,2575.24,0.085,0,N,N,303.73,0.085,0,0
120,3,278.48,2,3200.0,365.19,0.114,1,1,N,278.48,0.114,1,0
532,3,629.42,2,35000.0,1690.12,0.048,2,Yes,0,629.42,0.048,1,0
4911,5,460.09,3,22100.0,6625.09,0.3,1,Yes,0,460.09,0.3,1,0
2058,1,511.91,1,59000.0,16396.11,0.278,1,1,N,511.91,0.278,1,0
10922,2,593.95,5,43900.0,6961.24,0.159,0,Yes,0,593.95,0.159,1,0
9705,5,241.48,2,48100.0,3268.2,0.068,0,Yes,No,241.48,0.068,1,0
5913,3,831.95,8,23500.0,6564.8,0.279,2,1,No,831.95,0.279,1,0
4894,3,575.89,5,26600.0,8774.97,0.33,0,Yes,0,575.89,0.33,1,0
10738,1,477.03,3,54000.0,15327.06,0.284,0,N,N,477.03,0.284,0,0
5781,3,,12,16100.0,4003.42,0.249,0,1,0,1242.83,0.249,1,0
2460,1,351.07,2,19200.0,2282.41,0.119,0,N,0,351.07,0.119,0,0
8253,1,615.04,3,11400.0,5334.0,0.468,1,Y,1,615.04,0.468,1,1
11710,1,197.85,0,38700.0,5779.8,14.9%,0,0,0,197.85,0.149,0,0
9809,3,686.14,3,17400.0,2101.2,12.1%,1,1,0,686.14,0.121,1,0
3417,1,942.33,9,24700.0,10694.09,43.3%,1,N,N,942.33,0.433,0,0
469,2,121.4,0,29900.0,17012.18,0.569,1,1,No,121.4,0.569,1,0
9963,1,420.16,0,3800.0,2401.12,63.2%,2,N,1,420.16,0.632,0,1
4659,2,253.4,2,28000.0,9126.47,0.326,0,Y,No,253.4,0.326,1,0
3373,3,1514.31,14,22100.0,11177.87,0.506,1,N,0,1514.31,0.506,0,0
7013,2,840.31,2,29600.0,12439.44,0.42,1,0,No,840.31,0.42,0,0
4544,3,830.64,7,52700.0,17661.19,33.5%,0,0,N,830.64,0.335,0,0
4032,3,248.37,2,9200.0,650.18,0.071,0,Y,0,248.37,0.071,1,0
2925,1,485.69,4,21300.0,3357.4,0.158,1,Yes,0,485.69,0.158,1,0
8734,2,757.98,2,3800.0,242.55,0.064,2,1,No,757.98,0.064,1,0
1277,2,303.43,4,44500.0,8579.09,0.193,0,1,No,303.43,0.193,1,0
226,1,329.93,3,14100.0,5093.47,0.361,1,N,No,329.93,0.361,0,0
4589,3,231.95,0,5900.0,2535.85,0.43,1,Yes,N,231.95,0.43,1,0
8087,3,107.75,0,13200.0,1143.53,0.087,1,Y,No,107.75,0.087,1,0
2117,1,516.36,6,48700.0,17743.32,0.364,1,Y,No,516.36,0.364,1,0
8969,1,493.48,3,17900.0,3798.67,21.2%,0,0,1,493.48,0.212,0,1
7327,2,554.56,3,55300.0,17177.85,31.1%,0,Yes,0,554.56,0.311,1,0
9067,1,1160.72,4,17900.0,6748.06,0.377,0,0,N,1160.72,0.377,0,0
11749,1,2531.15,10,11000.0,1173.64,10.7%,2,Yes,1,2531.15,0.107,1,1
9107,1,399.19,0,47700.0,16459.33,34.5%,1,N,0,399.19,0.345,0,0
6280,2,247.77,1,7500.0,2614.68,34.9%,0,Y,0,247.77,0.349,1,0
5263,1,324.46,3,39300.0,6549.89,16.7%,1,N,No,324.46,0.16699999999999998,0,0
11404,1,138.69,1,32800.0,3489.91,0.106,0,1,0,138.69,0.106,1,0
4522,3,1227.47,9,9700.0,2587.04,0.267,3,Yes,0,1227.47,0.267,1,0
1742,2,121.3,1,22500.0,3352.66,0.149,3,1,0,121.3,0.149,1,0
7240,1,276.45,2,52100.0,25260.44,0.485,2,N,0,276.45,0.485,0,0
2009,5,355.54,3,58700.0,35901.53,0.612,1,0,0,355.54,0.612,0,0
6248,2,167.12,2,8400.0,519.49,0.062,2,Yes,N,167.12,0.062,1,0
7146,3,480.85,6,7800.0,870.72,0.112,1,Y,No,480.85,0.112,1,0
3038,1,1227.99,13,53000.0,17979.58,0.339,0,1,0,1227.99,0.339,1,0
692,3,229.79,1,34700.0,11902.9,34.3%,0,Yes,N,229.79,0.34299999999999997,1,0
4530,2,,8,20400.0,12065.81,0.591,0,0,No,860.78,0.591,0,0
8869,1,1380.42,14,56100.0,24418.94,0.435,1,1,0,1380.42,0.435,1,0
11412,1,1618.24,15,10600.0,1398.18,13.2%,2,0,N,1618.24,0.132,0,0
7407,1,231.28,2,34900.0,3500.1,0.1,1,N,0,231.28,0.1,0,0
9083,1,717.37,9,58300.0,-33861.79,0.581,3,No,0,717.37,0.581,0,0
2091,3,393.15,2,39800.0,12056.99,0.303,2,Y,N,393.15,0.303,1,0
718,3,332.94,5,48300.0,26495.53,0.549,0,N,N,332.94,0.549,0,0
127,1,832.48,1,6100.0,1123.76,0.184,2,1,0,832.48,0.184,1,0
10256,1,288.87,1,13000.0,3044.16,0.234,0,No,Yes,288.87,0.234,0,1
9052,1,1503.3,12,4400.0,768.7,0.175,1,1,Yes,1503.3,0.175,1,1
1528,1,193.92,0,14700.0,3325.23,0.226,0,0,0,193.92,0.226,0,0
5215,1,845.2,9,29300.0,3283.85,11.2%,0,0,Y,845.2,0.11199999999999999,0,1
7163,1,427.07,2,49400.0,7682.39,15.6%,0,N,1,427.07,0.156,0,1
7211,3,278.7,0,42500.0,18783.2,0.442,0,Y,No,278.7,0.442,1,0
8577,1,280.26,2,36500.0,6048.14,0.166,1,Yes,0,280.26,0.166,1,0
2275,2,895.63,5,16500.0,3839.1,0.233,0,Y,N,895.63,0.233,1,0
6588,3,352.73,5,36700.0,11538.38,0.314,0,1,No,352.73,0.314,1,0
5925,4,182.92,1,52200.0,8867.97,0.17,0,Yes,No,182.92,0.17,1,0
8129,2,200.89,2,9500.0,4667.06,49.1%,0,1,0,200.89,0.491,1,0
9003,1,286.71,0,58400.0,16247.04,27.8%,2,0,0,286.71,0.278,0,0
9359,2,213.23,0,20500.0,1337.95,0.065,0,Yes,0,213.23,0.065,1,0
6575,3,384.82,3,52100.0,22389.75,0.43,0,Y,No,384.82,0.43,1,0
7218,4,271.7,0,29600.0,12813.78,0.433,1,Yes,N,271.7,0.433,1,0
456,1,1026.7,4,49100.0,12338.68,0.251,2,N,No,1026.7,0.251,0,0
4532,1,498.43,3,26800.0,2059.51,0.077,0,Y,No,498.43,0.077,1,0
175,2,457.99,5,49600.0,15414.7,0.311,0,Y,0,457.99,0.311,1,0
3670,1,532.18,4,40900.0,14182.03,0.347,1,1,No,532.18,0.347,1,0
3988,1,1064.66,4,19500.0,5067.93,26.0%,2,0,Y,1064.66,0.26,0,1
10218,1,414.51,3,46800.0,4999.28,0.107,1,0,N,414.51,0.107,0,0
9461,1,171.3,1,49300.0,2717.88,0.055,3,Y,1,171.3,0.055,1,1
8399,5,821.05,3,51500.0,18325.34,0.356,2,1,No,821.05,0.356,1,0
5910,1,437.35,4,16300.0,1684.56,0.103,0,0,No,437.35,0.103,0,0
1465,4,181.8,1,20900.0,2028.15,0.097,2,N,0,181.8,0.097,0,0
4623,5,117.78,0,29500.0,11706.29,0.397,0,Y,No,117.78,0.397,1,0
2802,1,540.37,6,12400.0,2384.0,0.192,2,Yes,0,540.37,0.192,1,0
350,2,396.69,3,21400.0,1000.34,0.047,0,Y,N,396.69,0.047,1,0
35,5,1298.45,7,39900.0,5719.59,14.3%,1,1,N,1298.45,0.14300000000000002,1,0
12033,3,118.06,0,58400.0,16784.36,0.287,1,1,0,118.06,0.287,1,0
5595,1,212.6,1,25100.0,1733.24,0.069,2,No,0,212.6,0.069,0,0
9471,1,768.48,4,6700.0,596.15,0.089,1,0,Yes,768.48,0.089,0,1
4943,4,657.4,9,29500.0,2257.97,0.077,0,Y,N,657.4,0.077,1,0
3299,1,858.87,2,56200.0,13837.89,0.246,2,N,No,858.87,0.246,0,0
3587,2,632.7,6,35300.0,1782.09,0.05,1,1,N,632.7,0.05,1,0
2919,3,260.75,1,3400.0,1327.82,0.391,0,Yes,N,260.75,0.391,1,0
2197,1,670.55,8,8600.0,2588.57,30.1%,1,No,N,670.55,0.301,0,0
10048,2,220.85,0,22700.0,4563.67,20.1%,1,1,N,220.85,0.201,1,0
10026,2,257.42,0,57400.0,23216.96,0.404,0,1,N,257.42,0.404,1,0
9023,1,768.17,6,23300.0,5642.07,0.242,3,0,0,768.17,0.242,0,0
9931,2,987.91,10,34700.0,1739.3,0.05,2,Y,0,987.91,0.05,1,0
5869,4,500.14,4,9000.0,3973.86,0.442,0,Y,N,500.14,0.442,1,0
10601,2,575.25,5,54600.0,21453.29,0.393,0,Yes,No,575.25,0.393,1,0
5098,2,463.4,2,16700.0,1679.3,0.101,0,No,0,463.4,0.101,0,0
11455,1,945.83,8,57000.0,1953.88,0.034,1,No,N,945.83,0.034,0,0
4505,3,612.24,4,47100.0,11678.9,0.248,0,Y,0,612.24,0.248,1,0
7470,1,470.77,1,31300.0,4262.52,0.136,1,1,0,470.77,0.136,1,0
315,1,1013.38,4,9200.0,2008.01,0.218,2,No,0,1013.38,0.218,0,0
856,1,358.65,3,5800.0,1934.67,0.334,2,0,N,358.65,0.334,0,0
11080,1,406.07,2,55100.0,8752.84,15.9%,1,N,N,406.07,0.159,0,0
5266,2,987.56,6,36100.0,11264.92,0.312,1,Y,No,987.56,0.312,1,0
52,1,452.84,2,36000.0,7722.47,0.215,1,1,N,452.84,0.215,1,0
10237,3,552.98,4,50000.0,6027.94,0.121,2,Yes,N,552.98,0.121,1,0
1648,3,383.46,0,12900.0,3110.65,0.241,2,Yes,0,383.46,0.241,1,0
6417,2,1226.82,11,47400.0,3773.75,0.08,2,Yes,0,1226.82,0.08,1,0
1283,5,530.97,4,37600.0,11261.7,0.3,0,1,0,530.97,0.3,1,0
11727,3,1085.23,7,26300.0,10640.82,0.405,1,1,No,1085.23,0.405,1,0
6065,3,515.92,5,2800.0,1113.95,0.398,1,1,0,515.92,0.398,1,0
318,3,591.53,6,38500.0,5224.96,0.136,1,1,0,591.53,0.136,1,0
2406,2,222.75,2,27100.0,11986.34,44.2%,1,1,0,222.75,0.442,1,0
9054,1,250.26,1,21400.0,9314.36,0.435,2,1,No,250.26,0.435,1,0
2031,1,77.79,1,28700.0,752.39,2.6%,0,1,0,77.79,0.026000000000000002,1,0
2709,3,1004.83,2,37800.0,18414.61,0.487,2,Y,N,1004.83,0.487,1,0
7908,1,415.07,0,37400.0,4783.48,12.8%,1,0,No,415.07,0.128,0,0
9913,4,285.43,1,3000.0,1879.33,62.6%,2,Y,0,285.43,0.626,1,0
8413,1,794.68,5,59300.0,13193.13,22.2%,0,1,Y,794.68,0.222,1,1
9369,1,509.51,2,2000.0,150.77,0.075,0,N,No,509.51,0.075,0,0
5477,2,670.74,6,39200.0,11218.82,0.286,1,Yes,0,670.74,0.286,1,0
9865,4,408.56,2,51500.0,31687.23,0.615,1,1,No,408.56,0.615,1,0
704,3,261.57,1,20200.0,5004.06,0.248,1,Y,No,261.57,0.248,1,0
3524,3,449.11,2,35100.0,13430.04,0.383,0,1,1,449.11,0.383,1,1
5753,1,346.5,2,40500.0,4411.95,0.109,2,N,1,346.5,0.109,0,1
9815,5,209.14,1,27500.0,8373.38,0.304,2,Y,0,209.14,0.304,1,0
9988,2,238.19,3,38500.0,14627.44,0.38,3,1,N,238.19,0.38,1,0
2790,1,450.39,1,23100.0,4278.28,18.5%,2,1,No,450.39,0.185,1,0
10847,1,415.14,4,6200.0,1644.99,0.265,1,Y,1,415.14,0.265,1,1
1261,3,1460.25,11,42100.0,8892.68,0.211,0,Yes,No,1460.25,0.211,1,0
7791,1,164.78,0,41300.0,8171.53,0.198,1,No,No,164.78,0.198,0,0
50,2,573.38,7,40600.0,15002.35,0.37,0,1,No,573.38,0.37,1,0
8386,2,567.88,3,8300.0,53.68,0.006,3,N,0,567.88,0.006,0,0
7256,1,1199.74,7,6500.0,1249.02,0.192,2,Y,Yes,1199.74,0.192,1,1
6081,1,230.54,5,22000.0,16361.98,74.4%,1,N,No,230.54,0.7440000000000001,0,0
3196,2,169.55,0,49100.0,10044.27,0.205,1,Y,No,169.55,0.205,1,0
12030,4,507.78,2,14600.0,3855.72,0.264,0,Y,No,507.78,0.264,1,0
10466,1,676.14,1,14500.0,3659.49,25.2%,0,Yes,0,676.14,0.252,1,0
1337,2,315.26,0,20200.0,5211.52,25.8%,0,1,0,315.26,0.258,1,0
1601,1,443.59,4,35100.0,16514.77,0.471,0,N,1,443.59,0.471,0,1
5394,1,318.25,1,55300.0,8319.07,0.15,1,N,No,318.25,0.15,0,0
11649,1,422.61,2,12700.0,6842.47,53.9%,2,0,Yes,422.61,0.539,0,1
1043,2,392.6,0,39400.0,4777.51,0.121,1,Y,N,392.6,0.121,1,0
8235,2,272.66,2,2000.0,158.04,7.9%,1,1,N,272.66,0.079,1,0
7168,1,518.41,1,57900.0,11203.47,19.3%,0,N,Yes,518.41,0.193,0,1
4471,1,287.09,0,58100.0,15150.03,0.261,4,No,Y,287.09,0.261,0,1
7479,2,559.47,4,7900.0,2167.88,0.274,0,Y,0,559.47,0.274,1,0
7985,3,409.13,2,33600.0,14566.49,0.434,1,1,0,409.13,0.434,1,0
9343,2,296.56,2,39500.0,8508.05,0.215,1,0,0,296.56,0.215,0,0
5709,2,718.68,7,45300.0,12380.83,0.273,1,1,0,718.68,0.273,1,0
580,4,800.83,2,52800.0,11445.21,0.217,1,Yes,N,800.83,0.217,1,0
272,2,401.06,3,26600.0,2860.44,10.8%,2,1,N,401.06,0.10800000000000001,1,0
1169,4,468.05,1,38600.0,17514.68,45.4%,0,No,No,468.05,0.45399999999999996,0,0
8287,2,161.38,0,15300.0,2710.74,0.177,2,Yes,0,161.38,0.177,1,0
843,2,479.69,6,12400.0,1581.58,0.128,0,Y,N,479.69,0.128,1,0
4191,1,354.57,1,36500.0,11467.75,0.314,2,No,0,354.57,0.314,0,0
3072,1,1077.46,8,7700.0,881.06,0.114,1,0,1,1077.46,0.114,0,1
10551,1,1508.8,9,29600.0,4882.83,0.165,1,0,0,1508.8,0.165,0,0
7740,2,454.28,0,57200.0,9809.73,0.171,0,Y,No,454.28,0.171,1,0
3286,1,,2,42100.0,5733.66,13.6%,1,0,0,339.29,0.136,0,0
8900,2,240.25,1,20600.0,10889.31,0.529,1,Y,N,240.25,0.529,1,0
9196,3,199.74,1,9500.0,1245.14,0.131,0,1,0,199.74,0.131,1,0
9396,2,680.29,4,48700.0,21823.66,0.448,2,1,0,680.29,0.448,1,0
11242,5,379.65,1,7900.0,2496.79,0.316,0,1,0,379.65,0.316,1,0
11861,1,746.2,9,54000.0,8635.09,2.0,2,N,0,746.2,0.16,0,0
11977,3,1581.37,12,21000.0,5573.71,0.265,2,Y,0,1581.37,0.265,1,0
4464,4,452.31,4,54700.0,3206.1,0.059,2,1,No,452.31,0.059,1,0
1675,5,526.75,2,31200.0,10663.47,0.342,1,1,0,526.75,0.342,1,0
486,1,746.69,6,7100.0,1435.11,0.202,0,No,N,746.69,0.202,0,0
11952,3,322.84,3,34500.0,12735.41,0.369,1,Y,N,322.84,0.369,1,0
11622,1,337.53,4,40200.0,16843.25,0.419,0,N,No,337.53,0.419,0,0
7739,2,383.21,3,12100.0,8907.59,73.6%,3,0,0,383.21,0.736,0,0
2490,4,583.63,3,44100.0,5147.75,11.7%,1,Yes,No,583.63,0.11699999999999999,1,0
11708,3,1163.82,11,34800.0,17201.87,0.494,0,Y,0,1163.82,0.494,1,0
8927,1,556.13,1,5800.0,1290.58,0.223,0,Y,No,556.13,0.223,1,0
11668,1,58.69,0,29300.0,3662.33,12.5%,1,No,1,58.69,0.125,0,1
10589,3,225.47,3,52600.0,14266.17,0.271,0,Yes,0,225.47,0.271,1,0
3444,1,263.67,3,46600.0,24673.85,0.529,1,N,Y,263.67,0.529,0,1
1560,2,238.66,0,36600.0,9890.01,0.27,2,1,0,238.66,0.27,1,0
9589,3,463.71,2,41400.0,3361.45,0.081,2,1,No,463.71,0.081,1,0
4331,1,647.27,5,33500.0,16583.13,0.495,1,No,1,647.27,0.495,0,1
4868,2,1638.44,14,36400.0,4732.21,0.13,3,1,0,1638.44,0.13,1,0
3094,1,165.53,0,59200.0,5010.9,0.085,1,0,N,165.53,0.085,0,0
9042,1,514.83,3,58800.0,6509.24,0.111,1,N,1,514.83,0.111,0,1
5508,1,626.59,4,5100.0,540.3,0.106,1,No,1,626.59,0.106,0,1
3611,2,1013.5,3,23300.0,3114.64,13.4%,2,0,0,1013.5,0.134,0,0
5537,1,111.93,1,11600.0,2825.9,0.244,1,0,1,111.93,0.244,0,1
11437,2,354.32,0,20600.0,2146.78,0.104,1,Y,N,354.32,0.104,1,0
3964,2,630.39,10,29000.0,17315.08,0.597,0,N,0,630.39,0.597,0,0
7395,4,1143.57,11,13000.0,1725.62,0.133,1,1,No,1143.57,0.133,1,0
7310,1,467.18,6,54500.0,5935.06,0.109,1,0,1,467.18,0.109,0,1
5600,1,517.55,1,10900.0,3468.41,0.318,1,No,0,517.55,0.318,0,0
11590,2,542.04,3,35900.0,6643.2,18.5%,1,Yes,No,542.04,0.185,1,0
417,2,223.28,1,20200.0,1686.0,0.083,0,1,0,223.28,0.083,1,0
8032,1,247.67,1,34500.0,10916.53,0.316,0,0,Y,247.67,0.316,0,1
8962,1,258.07,1,22700.0,12430.49,0.548,1,N,N,258.07,0.548,0,0
11821,5,360.6,1,37100.0,10374.16,0.28,1,Y,No,360.6,0.28,1,0
8343,4,191.53,1,10600.0,2319.48,21.9%,0,Yes,0,191.53,0.21899999999999997,1,0
5803,1,570.75,4,21300.0,6042.44,28.4%,1,0,Y,570.75,0.284,0,1
11003,1,276.82,4,21200.0,9032.55,0.426,1,Yes,No,276.82,0.426,1,0
4113,1,472.43,5,5500.0,1155.93,0.21,1,N,0,472.43,0.21,0,0
448,2,680.76,4,43200.0,11584.02,0.268,0,1,0,680.76,0.268,1,0
1040,2,440.47,2,22600.0,7290.85,32.3%,1,Y,No,440.47,0.32299999999999995,1,0
5241,5,136.28,1,33000.0,6247.77,0.189,0,Yes,0,136.28,0.189,1,0
11316,3,671.45,4,13700.0,3885.49,0.284,3,1,0,671.45,0.284,1,0
2106,2,223.9,3,42500.0,19789.59,0.466,0,Y,0,223.9,0.466,1,0
4801,1,1241.72,6,13500.0,2062.5,0.153,1,No,N,1241.72,0.153,0,0
6774,4,231.92,4,41800.0,16485.87,39.4%,1,1,No,231.92,0.39399999999999996,1,0
11823,3,248.94,0,52400.0,7686.78,0.147,0,1,0,248.94,0.147,1,0
2324,2,134.3,0,9900.0,858.28,8.7%,1,Y,N,134.3,0.087,1,0
7195,2,662.01,5,42300.0,9781.91,23.1%,1,1,0,662.01,0.231,1,0
7465,2,456.17,1,51600.0,22160.01,0.429,2,1,N,456.17,0.429,1,0
6040,1,81.67,0,54700.0,25540.45,0.467,2,N,0,81.67,0.467,0,0
4145,4,406.32,5,49600.0,18083.93,0.365,0,1,0,406.32,0.365,1,0
9864,4,240.94,1,7600.0,958.63,0.126,1,Yes,No,240.94,0.126,1,0
1554,1,436.64,2,43500.0,16409.55,37.7%,0,No,N,436.64,0.377,0,0
7267,4,347.07,4,24700.0,6253.86,0.253,1,0,N,347.07,0.253,0,0
10760,2,553.43,3,6200.0,2219.46,0.358,0,0,N,553.43,0.358,0,0
630,2,537.41,3,44400.0,12669.36,0.285,1,Yes,No,537.41,0.285,1,0
778,1,600.67,5,22100.0,12927.47,0.585,2,0,0,600.67,0.585,0,0
7632,1,1188.29,3,54500.0,18165.03,0.333,0,N,No,1188.29,0.333,0,0
8254,1,638.69,3,51000.0,28972.43,0.568,1,0,1,638.69,0.568,0,1
8957,2,754.05,5,28300.0,14124.8,0.499,2,1,No,754.05,0.499,1,0
5955,1,605.7,5,3600.0,1163.47,0.323,3,0,Y,605.7,0.323,0,1
137,1,527.69,2,31800.0,5513.47,0.173,2,Yes,0,527.69,0.173,1,0
6033,1,370.81,2,18300.0,9029.29,0.493,3,0,N,370.81,0.493,0,0
2555,1,724.16,5,10400.0,3288.09,31.6%,0,1,N,724.16,0.316,1,0
5593,1,159.08,2,11700.0,751.72,0.064,0,N,Yes,159.08,0.064,0,1
1400,3,927.99,5,52100.0,2610.26,0.05,1,1,N,927.99,0.05,1,0
7700,3,656.96,7,23400.0,9450.92,0.404,1,1,0,656.96,0.404,1,0
3430,4,302.93,2,48800.0,25492.49,0.522,0,0,0,302.93,0.522,0,0
1080,1,220.77,1,5000.0,1266.88,25.3%,0,0,No,220.77,0.253,0,0
2549,1,663.13,3,20000.0,6177.13,0.309,1,N,1,663.13,0.309,0,1
815,4,208.8,0,23400.0,8047.86,0.344,1,1,0,208.8,0.344,1,0
5032,1,114.4,0,29300.0,20518.5,0.7,1,N,1,114.4,0.7,0,1
674,3,727.57,4,30300.0,12787.01,0.422,2,1,N,727.57,0.422,1,0
10917,2,163.53,3,50600.0,6589.17,0.13,3,Yes,0,163.53,0.13,1,0
10225,1,634.53,5,31500.0,10607.91,0.337,0,0,No,634.53,0.337,0,0
5586,5,557.5,1,50600.0,532.76,0.011,2,1,0,557.5,0.011,1,0
1330,4,890.72,2,11500.0,4655.29,0.405,1,Yes,0,890.72,0.405,1,0
8753,3,467.23,3,8600.0,2222.92,0.258,2,0,N,467.23,0.258,0,0
11558,1,519.35,1,33500.0,11187.77,0.334,2,No,N,519.35,0.334,0,0
11647,2,1137.24,9,58000.0,19513.15,33.6%,1,1,0,1137.24,0.336,1,0
8739,1,279.1,0,52900.0,10550.83,0.199,1,1,1,279.1,0.199,1,1
3118,2,517.7,1,36900.0,378.24,1.0%,2,No,0,517.7,0.01,0,0
3532,1,462.14,2,59400.0,5421.19,0.091,4,0,Yes,462.14,0.091,0,1
3671,1,605.17,5,31300.0,3154.22,0.101,0,No,1,605.17,0.101,0,1
4349,1,307.02,2,59800.0,33693.28,0.563,1,No,0,307.02,0.563,0,0
10447,2,338.1,4,3700.0,1108.01,0.299,2,Yes,No,338.1,0.299,1,0
4252,2,603.45,5,53200.0,11038.19,20.7%,1,Y,No,603.45,0.207,1,0
5167,1,336.44,2,22700.0,6034.53,0.266,2,Y,0,336.44,0.266,1,0
11398,5,403.22,0,4300.0,1563.04,36.3%,2,Y,0,403.22,0.363,1,0
5305,3,353.63,5,59100.0,14668.95,0.248,1,1,No,353.63,0.248,1,0
4504,5,787.89,3,28500.0,9467.49,0.332,2,Y,0,787.89,0.332,1,0
1019,3,891.71,8,32200.0,4127.34,0.128,1,Y,No,891.71,0.128,1,0
2444,2,206.91,1,45300.0,6924.3,0.153,1,Y,N,206.91,0.153,1,0
5692,1,165.39,0,23200.0,5647.17,0.243,1,Y,0,165.39,0.243,1,0
4946,1,573.84,6,59100.0,24907.15,0.421,1,No,No,573.84,0.421,0,0
12080,1,215.59,1,9000.0,4339.76,0.482,3,0,1,215.59,0.482,0,1
939,1,288.41,1,33000.0,7432.2,22.5%,2,1,0,288.41,0.225,1,0
5087,3,1007.35,5,35400.0,18193.45,0.514,0,0,No,1007.35,0.514,0,0
12012,2,523.94,5,23000.0,5343.33,0.232,2,0,0,523.94,0.232,0,0
4293,3,233.31,1,7900.0,614.72,0.078,0,1,0,233.31,0.078,1,0
2682,1,272.25,1,23700.0,1779.01,0.075,2,0,No,272.25,0.075,0,0
9233,1,501.68,2,10900.0,1382.28,0.127,0,N,Yes,501.68,0.127,0,1
7733,1,229.88,0,31600.0,17954.42,56.8%,0,0,N,229.88,0.568,0,0
11640,5,441.39,1,24600.0,5543.42,0.225,0,1,N,441.39,0.225,1,0
3666,2,669.09,5,8000.0,1740.66,0.218,1,Yes,No,669.09,0.218,1,0
7850,1,215.65,3,16400.0,5411.38,0.33,1,No,0,215.65,0.33,0,0
4986,3,271.01,1,56100.0,23888.0,0.426,0,Yes,No,271.01,0.426,1,0
11529,2,,2,49800.0,17483.86,35.1%,1,Yes,N,339.29,0.35100000000000003,1,0
3101,2,489.3,1,32300.0,12412.22,0.384,1,Yes,0,489.3,0.384,1,0
6212,2,450.64,5,11100.0,1261.31,0.114,2,Yes,N,450.64,0.114,1,0
10413,1,893.76,9,18100.0,4406.87,0.243,2,N,1,893.76,0.243,0,1
3837,2,149.38,0,53000.0,16939.03,0.32,2,0,N,149.38,0.32,0,0
8855,1,302.46,3,17800.0,4491.62,0.252,0,0,0,302.46,0.252,0,0
6777,1,300.02,1,47000.0,1724.32,3.7%,0,0,0,300.02,0.037000000000000005,0,0
3591,1,700.78,4,40700.0,16991.38,41.7%,1,0,Y,700.78,0.41700000000000004,0,1
6582,1,339.36,1,7500.0,2490.9,0.332,0,0,0,339.36,0.332,0,0
5245,4,563.65,2,58000.0,25590.22,0.441,0,Yes,1,563.65,0.441,1,1
7983,1,2085.51,8,41500.0,4446.56,10.7%,2,1,1,2085.51,0.107,1,1
10985,1,801.95,4,20400.0,5716.1,0.28,0,Y,0,801.95,0.28,1,0
9099,1,159.83,1,25300.0,3605.15,0.142,1,0,1,159.83,0.142,0,1
8465,4,388.73,1,17900.0,3933.83,0.22,0,1,N,388.73,0.22,1,0
10758,3,534.21,3,4700.0,715.74,0.152,1,Yes,0,534.21,0.152,1,0
9207,2,461.49,2,59400.0,11096.2,0.187,0,1,N,461.49,0.187,1,0
6227,3,647.61,8,16700.0,6490.69,38.9%,0,Yes,No,647.61,0.389,1,0
8249,5,165.96,1,6400.0,2502.04,0.391,0,1,0,165.96,0.391,1,0
6628,3,354.11,1,42600.0,26362.69,0.619,1,Y,N,354.11,0.619,1,0
8094,3,288.34,1,15800.0,3720.12,0.235,0,1,N,288.34,0.235,1,0
10309,3,902.81,5,30800.0,22000.9,0.714,2,Y,0,902.81,0.714,1,0
8392,5,,3,23300.0,9026.52,0.387,3,Y,0,411.22,0.387,1,0
7318,2,248.59,1,50100.0,31293.15,0.625,1,No,0,248.59,0.625,0,0
10171,3,538.78,5,59300.0,9714.27,0.164,3,Y,Yes,538.78,0.164,1,1
7363,2,473.34,1,2300.0,935.72,0.407,0,1,0,473.34,0.407,1,0
1858,1,541.49,3,33900.0,858.94,0.025,0,N,0,541.49,0.025,0,0
7977,1,1338.3,13,33300.0,9758.95,0.293,0,Y,No,1338.3,0.293,1,0
2449,1,331.17,2,53400.0,8414.39,0.158,1,0,0,331.17,0.158,0,0
10151,1,114.56,0,12200.0,3232.72,0.265,1,0,1,114.56,0.265,0,1
4521,1,471.43,1,18500.0,5842.07,0.316,0,0,N,471.43,0.316,0,0
344,2,219.45,0,3000.0,243.83,0.081,1,1,0,219.45,0.081,1,0
2500,3,396.04,1,8700.0,3539.73,40.7%,2,0,No,396.04,0.40700000000000003,0,0
6883,2,300.11,2,43700.0,5481.81,0.125,0,Yes,N,300.11,0.125,1,0
5991,2,299.74,3,43100.0,15710.49,0.365,0,Y,0,299.74,0.365,1,0
706,1,865.77,4,52700.0,3698.21,0.07,0,Y,1,865.77,0.07,1,1
5035,1,147.79,0,10800.0,2379.83,22.0%,0,Y,No,147.79,0.22,1,0
3132,1,419.57,6,35700.0,7561.22,0.212,2,N,1,419.57,0.212,0,1
6486,1,428.41,9,46500.0,4988.06,0.107,1,No,Yes,428.41,0.107,0,1
2558,1,179.59,0,51100.0,26714.22,0.523,2,N,0,179.59,0.523,0,0
8921,2,1276.51,8,23900.0,3567.3,0.149,0,1,0,1276.51,0.149,1,0
4332,4,292.08,3,42000.0,24929.61,0.594,1,1,N,292.08,0.594,1,0
10654,4,583.86,2,56100.0,20389.83,0.363,1,Y,N,583.86,0.363,1,0
6802,1,240.56,2,26500.0,14213.76,0.536,1,0,Y,240.56,0.536,0,1
9119,3,260.93,2,52200.0,8746.59,16.8%,1,No,No,260.93,0.168,0,0
10493,2,302.01,4,31400.0,6222.33,0.198,1,Yes,No,302.01,0.198,1,0
1683,3,469.63,3,15100.0,9241.29,0.612,1,1,0,469.63,0.612,1,0
1218,2,482.65,5,22600.0,7683.29,0.34,0,1,0,482.65,0.34,1,0
11407,1,1014.24,6,29800.0,2525.19,8.5%,0,Y,0,1014.24,0.085,1,0
9602,3,493.26,3,7600.0,4535.6,0.597,0,1,No,493.26,0.597,1,0
4765,1,235.04,2,41400.0,4530.21,0.109,2,1,N,235.04,0.109,1,0
5584,2,275.03,1,18000.0,11410.33,0.634,0,Yes,0,275.03,0.634,1,0
2830,3,626.53,1,33000.0,11752.86,0.356,2,Y,No,626.53,0.356,1,0
2470,1,869.49,2,59600.0,8180.63,0.137,0,N,1,869.49,0.137,0,1
1854,2,302.34,2,47000.0,32991.95,0.702,2,0,N,302.34,0.702,0,0
4828,3,402.32,3,8200.0,774.26,0.094,1,1,0,402.32,0.094,1,0
10910,2,,2,5400.0,295.05,0.055,1,1,0,339.29,0.055,1,0
5149,1,235.47,2,45200.0,8190.38,18.1%,1,Y,0,235.47,0.18100000000000002,1,0
748,1,308.22,1,38300.0,11585.61,0.302,0,0,0,308.22,0.302,0,0
10393,1,369.27,1,47800.0,21653.22,0.453,0,0,0,369.27,0.453,0,0
8,2,394.15,3,54500.0,10241.27,0.188,0,0,N,394.15,0.188,0,0
5135,2,625.47,2,12900.0,2799.59,0.217,1,No,No,625.47,0.217,0,0
9638,1,718.41,4,2100.0,503.73,0.24,0,N,0,718.41,0.24,0,0
2788,3,1182.48,7,55200.0,29168.49,0.528,0,Yes,0,1182.48,0.528,1,0
11115,1,445.97,3,25700.0,5496.47,0.214,3,0,0,445.97,0.214,0,0
3070,3,244.6,1,22100.0,3173.11,14.4%,0,Y,0,244.6,0.14400000000000002,1,0
4126,2,340.54,3,56400.0,8474.33,15.0%,1,Yes,No,340.54,0.15,1,0
11748,5,282.17,3,49900.0,27269.41,54.6%,0,1,No,282.17,0.546,1,0
2273,3,442.7,6,46400.0,2313.02,0.05,1,0,0,442.7,0.05,0,0
4948,4,736.25,2,46000.0,17745.86,0.386,0,0,N,736.25,0.386,0,0
9880,1,175.94,1,22700.0,14362.27,0.633,1,0,N,175.94,0.633,0,0
3204,1,148.09,0,13600.0,6406.85,47.1%,2,1,0,148.09,0.47100000000000003,1,0
5368,1,463.14,6,35200.0,13933.96,39.6%,0,0,0,463.14,0.396,0,0
5493,3,811.04,5,23000.0,5030.04,0.219,0,Y,0,811.04,0.219,1,0
6267,2,999.9,1,55900.0,4985.23,0.089,1,Y,0,999.9,0.089,1,0
781,1,287.26,3,20000.0,2366.6,11.8%,1,Y,No,287.26,0.11800000000000001,1,0
11208,3,488.99,3,56000.0,42923.48,0.766,3,Yes,No,488.99,0.766,1,0
4092,4,394.18,5,10600.0,1634.35,15.4%,2,Y,0,394.18,0.154,1,0
1938,1,220.12,1,29000.0,6931.55,0.239,2,Y,0,220.12,0.239,1,0
10414,3,445.05,1,20500.0,4379.34,0.214,0,Y,0,445.05,0.214,1,0
9627,1,329.96,1,38000.0,12675.87,0.334,0,0,1,329.96,0.334,0,1
3087,3,278.17,2,25800.0,1511.14,0.059,3,No,0,278.17,0.059,0,0
8041,3,594.08,3,35000.0,1525.03,0.044,0,1,0,594.08,0.044,1,0
10770,2,597.48,2,16700.0,7066.8,0.423,1,Yes,No,597.48,0.423,1,0
1999,1,152.49,0,22900.0,8831.49,0.386,0,1,No,152.49,0.386,1,0
10816,2,211.87,2,41100.0,24802.05,0.603,1,Yes,No,211.87,0.603,1,0
11849,3,256.19,2,13600.0,2005.71,0.147,1,1,0,256.19,0.147,1,0
3110,2,344.93,2,4900.0,1078.6,0.22,3,1,N,344.93,0.22,1,0
2629,3,179.85,0,32100.0,1913.27,6.0%,1,Y,0,179.85,0.06,1,0
12169,2,352.38,2,18800.0,4239.45,22.6%,3,1,N,352.38,0.226,1,0
2845,2,454.87,5,44700.0,5515.91,0.123,1,Y,0,454.87,0.123,1,0
11428,3,1121.79,8,25500.0,2465.92,9.7%,1,1,No,1121.79,0.09699999999999999,1,0
8074,3,104.62,1,58700.0,15524.91,0.264,0,1,N,104.62,0.264,1,0
749,1,229.26,1,33000.0,12527.09,0.38,1,N,1,229.26,0.38,0,1
5567,3,553.64,2,10500.0,5086.63,0.484,1,N,0,553.64,0.484,0,0
11706,1,774.65,8,23100.0,3056.93,0.132,0,0,0,774.65,0.132,0,0
6421,3,308.73,5,28500.0,5398.12,0.189,0,1,No,308.73,0.189,1,0
2432,2,136.38,1,7600.0,163.02,0.021,0,0,N,136.38,0.021,0,0
6269,1,258.49,2,4100.0,411.59,0.1,1,1,0,258.49,0.1,1,0
1017,2,523.27,2,28000.0,3982.55,14.2%,1,Y,0,523.27,0.142,1,0
1728,3,353.48,2,51800.0,15667.87,30.2%,0,1,0,353.48,0.302,1,0
10784,4,394.18,1,55600.0,7523.38,0.135,0,Y,No,394.18,0.135,1,0
2366,3,563.94,7,8300.0,2271.61,0.274,2,0,N,563.94,0.274,0,0
195,1,568.04,2,34100.0,10906.93,0.32,1,0,Yes,568.04,0.32,0,1
7150,2,213.67,1,34100.0,2088.2,0.061,1,Y,N,213.67,0.061,1,0
716,1,1258.62,8,52700.0,5551.07,10.5%,1,0,1,1258.62,0.105,0,1
2361,2,954.33,6,44100.0,10074.18,0.228,0,1,No,954.33,0.228,1,0
11353,2,319.99,1,53600.0,25206.78,0.47,1,Y,0,319.99,0.47,1,0
1517,5,415.37,1,59600.0,11514.78,0.193,1,Yes,0,415.37,0.193,1,0
2994,1,235.08,1,52200.0,13788.64,0.264,0,Yes,N,235.08,0.264,1,0
6940,2,1801.47,9,7100.0,4283.97,0.603,1,Yes,0,1801.47,0.603,1,0
2900,2,616.74,2,7900.0,1628.43,0.206,0,1,0,616.74,0.206,1,0
6392,1,227.36,1,50000.0,18695.57,0.374,1,0,N,227.36,0.374,0,0
9849,1,309.34,3,35700.0,9823.36,27.5%,3,Yes,Y,309.34,0.275,1,1
2394,2,494.78,2,32300.0,9583.13,0.297,0,1,0,494.78,0.297,1,0
11340,3,176.45,2,56100.0,20847.49,37.2%,0,1,0,176.45,0.37200000000000005,1,0
6475,4,428.92,1,19300.0,1588.96,0.082,0,1,No,428.92,0.082,1,0
11373,1,633.82,7,24900.0,11259.97,0.452,2,0,N,633.82,0.452,0,0
4898,1,107.91,2,39800.0,7049.84,0.177,1,0,Y,107.91,0.177,0,1
5561,2,213.8,2,9000.0,2973.66,0.33,0,1,No,213.8,0.33,1,0
9910,2,566.26,4,23600.0,10736.23,0.455,1,1,0,566.26,0.455,1,0
5435,3,235.59,5,34000.0,14304.93,0.421,0,1,No,235.59,0.421,1,0
7076,1,424.27,0,17300.0,10669.41,0.617,2,0,0,424.27,0.617,0,0
9755,3,576.48,2,33300.0,4726.67,0.142,2,1,0,576.48,0.142,1,0
4144,1,357.97,0,9300.0,2251.96,24.2%,0,0,0,357.97,0.242,0,0
8139,1,817.62,7,27000.0,4919.27,18.2%,0,0,Yes,817.62,0.182,0,1
9374,2,911.76,10,59900.0,21325.43,0.356,0,Y,0,911.76,0.356,1,0
2004,4,431.71,1,43700.0,6116.04,0.14,0,Yes,N,431.71,0.14,1,0
3578,2,228.01,3,5700.0,2033.18,0.357,1,1,No,228.01,0.357,1,0
5695,1,517.42,4,56100.0,14636.08,26.1%,1,No,N,517.42,0.261,0,0
6493,2,717.57,7,30300.0,10932.84,0.361,0,N,N,717.57,0.361,0,0
7964,2,301.69,3,16900.0,3301.82,19.5%,0,1,No,301.69,0.195,1,0
8583,1,603.29,4,30500.0,2832.4,9.3%,1,1,Yes,603.29,0.09300000000000001,1,1
8574,3,675.53,2,41000.0,11896.27,0.29,0,N,N,675.53,0.29,0,0
7714,3,298.66,0,32800.0,14994.55,0.457,0,Yes,0,298.66,0.457,1,0
8768,1,1956.32,17,42000.0,4883.03,0.116,1,Yes,Yes,1956.32,0.116,1,1
8177,1,508.11,2,20500.0,3799.22,0.185,0,Y,0,508.11,0.185,1,0
5440,1,194.25,0,28600.0,1984.92,0.069,2,Y,1,194.25,0.069,1,1
164,3,406.09,1,52700.0,30617.47,0.581,1,0,0,406.09,0.581,0,0
2659,1,417.27,1,42400.0,27658.4,0.652,2,0,No,417.27,0.652,0,0
6712,1,283.97,1,23800.0,15187.37,63.8%,2,No,N,283.97,0.638,0,0
818,4,522.7,2,56000.0,3915.58,0.07,0,Y,N,522.7,0.07,1,0
2647,3,165.35,2,24000.0,7988.31,0.333,1,N,0,165.35,0.333,0,0
10185,2,245.69,2,18900.0,2605.82,0.138,2,Yes,No,245.69,0.138,1,0
10036,4,155.28,1,31700.0,7566.6,23.9%,1,1,No,155.28,0.239,1,0
1090,1,867.87,8,24900.0,9643.37,0.387,0,No,No,867.87,0.387,0,0
4637,2,548.43,3,17300.0,7445.94,43.0%,1,Yes,N,548.43,0.43,1,0
6568,3,428.95,1,11700.0,852.49,0.073,1,1,0,428.95,0.073,1,0
11289,1,683.01,6,39800.0,6186.29,15.5%,0,No,1,683.01,0.155,0,1
770,2,985.97,4,23000.0,2753.47,0.12,0,Yes,N,985.97,0.12,1,0
9146,2,117.7,2,48500.0,6451.06,0.133,0,Yes,N,117.7,0.133,1,0
5774,3,248.77,1,20600.0,5165.3,0.251,0,Y,0,248.77,0.251,1,0
7325,1,409.49,1,54000.0,10503.47,19.5%,1,0,0,409.49,0.195,0,0
9509,2,100.16,2,6800.0,4255.59,0.626,0,Yes,No,100.16,0.626,1,0
9336,5,476.01,6,43000.0,14434.36,0.336,2,1,No,476.01,0.336,1,0
7863,1,1373.8,8,6200.0,3285.83,0.53,1,N,0,1373.8,0.53,0,0
4190,1,309.47,1,8100.0,2115.98,0.261,0,Y,N,309.47,0.261,1,0
11565,2,364.96,0,18000.0,2892.61,0.161,1,1,0,364.96,0.161,1,0
7602,1,147.58,2,33600.0,8561.86,0.255,2,0,0,147.58,0.255,0,0
5836,1,564.05,3,29400.0,17000.28,57.8%,1,0,N,564.05,0.578,0,0
98,1,120.28,1,5900.0,391.73,0.066,2,0,No,120.28,0.066,0,0
1094,1,501.02,2,53600.0,14649.59,0.273,0,1,N,501.02,0.273,1,0
11966,1,160.91,1,30900.0,12655.87,41.0%,1,N,Yes,160.91,0.41,0,1
1541,3,401.77,2,47600.0,11450.05,0.241,1,1,0,401.77,0.241,1,0
7828,1,286.61,0,39600.0,16463.59,0.416,1,No,Y,286.61,0.416,0,1
6758,1,246.37,2,17400.0,4441.81,25.5%,0,No,1,246.37,0.255,0,1
7979,5,137.06,1,17700.0,6427.93,36.3%,1,Yes,0,137.06,0.363,1,0
11435,2,549.87,4,11200.0,4228.37,37.8%,0,N,No,549.87,0.37799999999999995,0,0
1826,1,497.19,4,58100.0,12116.27,0.209,0,0,1,497.19,0.209,0,1
7574,2,581.38,5,15800.0,3560.37,22.5%,0,Y,0,581.38,0.225,1,0
1901,1,186.15,1,31700.0,6306.42,0.199,2,No,0,186.15,0.199,0,0
7436,1,553.75,5,15600.0,5123.77,32.8%,0,0,Yes,553.75,0.32799999999999996,0,1
1874,1,1279.37,5,41900.0,21608.05,0.516,1,No,No,1279.37,0.516,0,0
10432,2,357.74,1,15500.0,916.03,0.059,0,1,N,357.74,0.059,1,0
6198,2,1158.6,9,7400.0,2862.19,0.387,0,Y,N,1158.6,0.387,1,0
6301,3,597.22,1,38400.0,27208.92,0.709,1,N,N,597.22,0.709,0,0
8754,3,278.9,1,10300.0,1443.83,0.14,0,1,N,278.9,0.14,1,0
8478,1,495.01,3,24300.0,5440.4,22.4%,1,Yes,1,495.01,0.22399999999999998,1,1
6374,2,420.43,7,28200.0,6342.55,22.5%,1,1,0,420.43,0.225,1,0
6087,3,241.26,0,3800.0,1140.93,30.0%,2,0,0,241.26,0.3,0,0
3115,2,550.62,2,34600.0,7657.11,0.221,2,Yes,N,550.62,0.221,1,0
3815,2,,1,13600.0,6014.1,0.442,0,Y,N,272.54,0.442,1,0
9254,2,326.21,1,30200.0,3426.37,0.113,1,1,No,326.21,0.113,1,0
2651,2,217.75,0,9800.0,5791.37,0.591,1,0,0,217.75,0.591,0,0
8827,2,110.59,0,6200.0,1732.12,0.279,0,1,0,110.59,0.279,1,0
7571,2,562.19,5,57900.0,4606.89,0.08,1,Yes,0,562.19,0.08,1,0
115,1,,2,17600.0,4823.37,0.274,2,No,0,339.29,0.274,0,0
201,1,344.36,3,3700.0,816.58,0.221,2,0,N,344.36,0.221,0,0
3526,2,190.98,2,49200.0,28964.92,0.589,0,1,No,190.98,0.589,1,0
4677,1,728.32,1,57800.0,14027.03,0.243,4,N,1,728.32,0.243,0,1
8818,2,373.02,3,33200.0,10508.68,0.317,2,1,No,373.02,0.317,1,0
7007,1,1613.82,11,32600.0,11237.79,34.5%,0,1,1,1613.82,0.345,1,1
218,1,161.49,1,37100.0,5978.8,0.161,1,No,0,161.49,0.161,0,0
10470,3,265.99,1,10600.0,4048.12,0.382,0,1,0,265.99,0.382,1,0
5310,1,272.53,1,59700.0,12462.38,0.209,0,Yes,0,272.53,0.209,1,0
5950,3,1304.95,8,58600.0,28682.15,0.489,0,1,0,1304.95,0.489,1,0
4638,3,257.14,1,29800.0,9837.44,0.33,0,1,0,257.14,0.33,1,0
1273,1,284.96,0,7800.0,3944.89,50.6%,0,0,0,284.96,0.506,0,0
11302,4,287.57,2,55400.0,4874.68,8.8%,3,N,0,287.57,0.08800000000000001,0,0
5768,1,483.21,4,39200.0,4734.22,0.121,0,Y,0,483.21,0.121,1,0
2807,1,922.86,3,18900.0,3872.12,0.205,2,Y,Yes,922.86,0.205,1,1
11588,3,638.8,1,32000.0,10443.13,0.326,2,1,No,638.8,0.326,1,0
1407,2,351.68,2,10600.0,4872.94,46.0%,0,N,N,351.68,0.46,0,0
2680,5,,5,5900.0,3135.8,0.531,0,Yes,0,575.25,0.531,1,0
7954,3,435.29,2,39600.0,14608.79,0.369,2,1,N,435.29,0.369,1,0
1912,1,96.34,1,33600.0,3735.6,0.111,0,0,Y,96.34,0.111,0,1
1862,1,873.2,3,8900.0,3099.4,34.8%,1,No,No,873.2,0.348,0,0
6189,1,296.09,6,51800.0,14420.2,0.278,2,0,0,296.09,0.278,0,0
819,2,441.6,4,46500.0,3812.06,8.2%,1,1,0,441.6,0.08199999999999999,1,0
10205,1,365.04,2,54900.0,4820.63,0.088,0,N,0,365.04,0.088,0,0
10164,4,698.37,2,48200.0,2680.95,0.056,0,1,0,698.37,0.056,1,0
5337,2,1034.65,6,56800.0,10602.98,0.187,0,Y,N,1034.65,0.187,1,0
6308,1,202.2,0,21600.0,9392.57,43.5%,0,Y,Y,202.2,0.435,1,1
2587,1,217.73,0,38700.0,12934.09,0.334,3,N,Yes,217.73,0.334,0,1
1484,2,252.21,3,43000.0,12903.36,0.3,0,Yes,0,252.21,0.3,1,0
3049,1,154.31,1,23800.0,6075.24,0.255,1,1,Yes,154.31,0.255,1,1
6001,1,388.91,3,32800.0,15374.28,0.469,1,Yes,Yes,388.91,0.469,1,1
1206,1,419.55,5,32100.0,8880.15,0.277,1,N,0,419.55,0.277,0,0
1478,1,704.23,1,14500.0,4129.68,0.285,0,0,N,704.23,0.285,0,0
1684,3,1485.66,8,9200.0,2249.33,0.244,1,Yes,0,1485.66,0.244,1,0
1357,1,279.93,1,40200.0,9601.8,0.239,1,Yes,0,279.93,0.239,1,0
9118,1,256.15,1,59300.0,7909.23,13.3%,2,0,Yes,256.15,0.133,0,1
10382,2,210.79,0,15300.0,4597.67,0.301,0,1,0,210.79,0.301,1,0
8486,3,235.43,4,15000.0,3922.91,0.262,2,Yes,N,235.43,0.262,1,0
3738,1,570.02,6,2400.0,1335.59,0.556,3,0,1,570.02,0.556,0,1
3187,2,994.89,6,11600.0,1849.89,15.9%,0,Y,No,994.89,0.159,1,0
5937,3,195.81,3,16600.0,834.23,0.05,2,Y,No,195.81,0.05,1,0
6132,2,123.02,1,34600.0,5475.7,0.158,1,Yes,0,123.02,0.158,1,0
11043,3,262.71,4,3400.0,1149.74,0.338,1,Yes,0,262.71,0.338,1,0
7403,1,579.32,3,59900.0,26293.62,0.439,1,1,Yes,579.32,0.439,1,1
8665,1,844.34,4,44200.0,19436.35,0.44,2,N,1,844.34,0.44,0,1
6564,3,578.26,5,56700.0,22867.85,0.403,0,No,0,578.26,0.403,0,0
10790,2,272.72,1,18700.0,1677.54,0.09,2,N,0,272.72,0.09,0,0
7847,1,1117.87,9,20500.0,6678.25,0.326,0,0,1,1117.87,0.326,0,1
11076,4,341.61,3,48500.0,-25945.65,0.535,0,N,0,341.61,0.535,0,0
9946,2,242.59,2,33100.0,3830.4,11.6%,2,No,No,242.59,0.11599999999999999,0,0
4814,2,1074.84,3,25500.0,12002.25,0.471,1,No,0,1074.84,0.471,0,0
4783,1,227.22,3,44400.0,24187.51,0.545,1,0,0,227.22,0.545,0,0
10684,5,425.52,2,41200.0,10720.38,26.0%,0,N,N,425.52,0.26,0,0
10500,1,552.88,5,27500.0,14987.43,0.545,0,0,Yes,552.88,0.545,0,1
4231,4,495.9,5,13100.0,5126.34,0.391,1,Yes,0,495.9,0.391,1,0
5063,3,110.73,1,44600.0,19446.0,43.6%,1,Yes,N,110.73,0.436,1,0
2556,3,200.57,1,55600.0,38301.16,0.689,0,0,0,200.57,0.689,0,0
1574,2,138.96,0,7300.0,827.18,0.113,1,1,N,138.96,0.113,1,0
6785,2,655.56,3,51700.0,10018.78,19.4%,1,Y,0,655.56,0.19399999999999998,1,0
6261,1,566.52,4,28400.0,3498.04,0.123,0,No,0,566.52,0.123,0,0
753,1,719.97,5,25400.0,14264.6,0.562,0,0,0,719.97,0.562,0,0
10168,2,481.92,1,55800.0,13576.43,24.3%,0,Yes,No,481.92,0.243,1,0
6888,1,983.73,7,6200.0,1727.06,27.9%,1,Y,1,983.73,0.27899999999999997,1,1
9457,1,230.52,3,24800.0,8471.89,0.342,0,Y,Y,230.52,0.342,1,1
6311,1,654.12,5,9900.0,2000.87,0.202,1,No,N,654.12,0.202,0,0
5042,2,837.52,9,59900.0,27064.96,0.452,1,1,0,837.52,0.452,1,0
5320,3,498.69,0,50800.0,26192.86,0.516,0,Yes,N,498.69,0.516,1,0
1959,4,289.23,3,18600.0,1707.74,9.2%,0,1,0,289.23,0.092,1,0
248,2,243.81,4,9300.0,3954.78,0.425,0,1,0,243.81,0.425,1,0
249,2,275.42,3,10200.0,4514.49,0.443,0,1,0,275.42,0.443,1,0
3739,1,604.04,2,12200.0,2915.92,0.239,2,N,0,604.04,0.239,0,0
7175,3,301.99,3,55100.0,25754.66,0.467,0,1,No,301.99,0.467,1,0
192,1,366.51,3,29500.0,19796.13,0.671,0,N,N,366.51,0.671,0,0
3614,4,221.11,0,47000.0,10249.51,21.8%,2,Yes,0,221.11,0.218,1,0
10094,5,783.33,4,42900.0,16704.43,0.389,0,Y,N,783.33,0.389,1,0
1925,2,222.27,1,46600.0,2960.17,0.064,0,Yes,0,222.27,0.064,1,0
3903,5,515.58,1,43600.0,26590.23,61.0%,0,0,0,515.58,0.61,0,0
5776,1,613.56,5,13200.0,6638.05,0.503,1,No,Y,613.56,0.503,0,1
6238,1,259.68,0,10600.0,1650.99,0.156,0,Yes,1,259.68,0.156,1,1
11015,3,554.78,1,28000.0,5078.31,0.181,0,0,N,554.78,0.181,0,0
5280,1,372.88,0,29100.0,16361.02,0.562,1,No,0,372.88,0.562,0,0
10620,3,320.37,5,25200.0,8349.0,0.331,1,1,N,320.37,0.331,1,0
6662,1,254.97,1,27700.0,15277.28,0.552,1,0,Yes,254.97,0.552,0,1
2491,1,157.71,1,57000.0,36780.21,0.645,2,0,Yes,157.71,0.645,0,1
11909,3,328.57,5,21400.0,6547.45,30.6%,2,1,N,328.57,0.306,1,0
9212,2,,2,9900.0,2390.26,0.241,1,1,N,339.29,0.241,1,0
2554,3,581.52,4,50800.0,28410.18,0.559,0,No,No,581.52,0.559,0,0
2937,2,578.86,3,11600.0,1575.45,13.6%,0,Yes,No,578.86,0.136,1,0
8125,1,844.1,4,57800.0,35163.95,0.608,0,Yes,N,844.1,0.608,1,0
1255,3,234.89,2,52500.0,7014.2,13.4%,2,Y,No,234.89,0.134,1,0
9036,5,714.71,5,18000.0,991.34,0.055,2,1,No,714.71,0.055,1,0
10992,1,,0,23600.0,13548.07,0.574,0,0,Yes,231.95,0.574,0,1
9204,2,420.46,8,22400.0,6742.34,0.301,0,Y,No,420.46,0.301,1,0
2454,3,253.49,1,9800.0,1924.96,19.6%,1,1,N,253.49,0.196,1,0
2332,5,816.13,8,44900.0,12168.12,0.271,1,1,N,816.13,0.271,1,0
2707,1,916.18,7,49800.0,22918.5,0.46,0,1,1,916.18,0.46,1,1
3111,1,383.31,2,14900.0,7165.82,48.1%,1,N,0,383.31,0.48100000000000004,0,0
4662,1,520.45,4,41800.0,6211.86,0.149,0,N,N,520.45,0.149,0,0
7655,1,255.57,0,14400.0,7977.48,0.554,0,N,1,255.57,0.554,0,1
774,2,401.37,3,59200.0,5737.62,9.7%,2,Yes,N,401.37,0.09699999999999999,1,0
7902,1,842.3,4,46400.0,10101.1,0.218,0,1,1,842.3,0.218,1,1
4219,4,752.94,6,3700.0,2506.98,0.678,2,Yes,N,752.94,0.678,1,0
10463,3,561.93,2,26400.0,5017.27,0.19,1,Y,N,561.93,0.19,1,0
6223,5,173.8,1,23600.0,4228.73,0.179,1,0,N,173.8,0.179,0,0
8997,1,739.93,7,41500.0,8849.47,0.213,0,0,1,739.93,0.213,0,1
5389,1,525.77,0,29500.0,3162.94,0.107,1,Yes,Y,525.77,0.107,1,1
8105,4,858.59,4,9100.0,2936.21,0.323,0,Y,N,858.59,0.323,1,0
8200,4,776.54,7,47100.0,5451.0,11.6%,1,Yes,0,776.54,0.11599999999999999,1,0
7307,1,251.41,2,34600.0,11599.84,0.335,0,N,1,251.41,0.335,0,1
777,1,225.49,3,38600.0,19332.24,0.501,1,No,1,225.49,0.501,0,1
5713,2,579.26,7,52300.0,4518.97,0.086,0,1,N,579.26,0.086,1,0
10051,4,304.79,2,2100.0,355.44,0.169,0,1,0,304.79,0.169,1,0
85,1,258.14,2,20200.0,7562.37,0.374,0,0,Y,258.14,0.374,0,1
5996,4,845.74,2,10100.0,1385.53,0.137,0,1,0,845.74,0.137,1,0
2592,1,,4,57200.0,17320.16,0.303,2,0,Yes,507.11,0.303,0,1
7627,1,502.79,6,30700.0,7907.99,0.258,0,N,Y,502.79,0.258,0,1
3538,1,478.83,4,10300.0,5306.88,0.515,0,N,1,478.83,0.515,0,1
7666,5,210.36,1,6500.0,2555.12,0.393,2,1,N,210.36,0.393,1,0
1623,1,325.55,5,59000.0,16269.49,0.276,3,0,0,325.55,0.276,0,0
1603,2,373.42,1,50700.0,13621.15,0.269,2,0,No,373.42,0.269,0,0
1997,3,763.34,3,55400.0,23416.57,0.423,0,1,No,763.34,0.423,1,0
11869,3,217.87,1,15600.0,5230.57,0.335,0,Yes,0,217.87,0.335,1,0
81,1,858.15,4,39000.0,13321.27,0.342,0,Yes,N,858.15,0.342,1,0
6867,1,396.67,4,5800.0,3787.02,0.653,2,0,Yes,396.67,0.653,0,1
7096,1,230.02,0,36300.0,8949.8,0.247,1,1,Yes,230.02,0.247,1,1
8156,2,730.49,4,34800.0,17999.01,51.7%,2,1,0,730.49,0.517,1,0
2487,3,1166.54,8,6000.0,1442.26,0.24,3,Y,No,1166.54,0.24,1,0
355,1,306.53,2,3600.0,1302.36,0.362,2,0,No,306.53,0.362,0,0
10554,2,586.26,5,20800.0,6649.75,0.32,1,1,No,586.26,0.32,1,0
609,3,249.96,1,40900.0,13841.85,0.338,1,Y,No,249.96,0.338,1,0
8472,2,480.71,2,31800.0,6144.49,0.193,1,1,0,480.71,0.193,1,0
9668,1,351.26,2,43200.0,14442.72,33.4%,2,0,0,351.26,0.33399999999999996,0,0
2030,1,310.59,2,34100.0,13520.16,0.396,2,No,Y,310.59,0.396,0,1
1908,4,726.96,3,10700.0,828.87,0.077,0,1,N,726.96,0.077,1,0
5298,2,647.73,4,31800.0,14832.94,0.466,0,Yes,N,647.73,0.466,1,0
3619,2,718.29,5,3600.0,1243.28,0.345,1,Yes,0,718.29,0.345,1,0
5883,1,354.73,2,6800.0,691.22,0.102,1,No,0,354.73,0.102,0,0
10881,1,663.43,6,30100.0,4397.77,0.146,1,1,Yes,663.43,0.146,1,1
9789,4,196.53,2,59700.0,13464.29,0.226,0,1,No,196.53,0.226,1,0
6190,1,803.96,5,32600.0,2804.4,0.086,0,0,0,803.96,0.086,0,0
6055,3,875.62,4,36400.0,26013.07,0.715,0,Yes,N,875.62,0.715,1,0
11949,2,221.29,1,31100.0,13937.58,0.448,1,Yes,0,221.29,0.448,1,0
6538,4,401.43,2,52700.0,18519.1,0.351,1,Y,N,401.43,0.351,1,0
7069,3,326.84,2,14800.0,1606.54,0.109,1,1,N,326.84,0.109,1,0
3580,1,371.99,3,8900.0,768.09,8.6%,1,1,No,371.99,0.086,1,0
9916,4,421.74,1,52900.0,30081.62,56.9%,2,0,0,421.74,0.569,0,0
4851,1,514.57,2,20700.0,5320.01,0.257,1,0,0,514.57,0.257,0,0
12163,2,132.49,0,37100.0,7605.68,0.205,3,1,No,132.49,0.205,1,0
10092,1,457.08,7,9900.0,3505.77,0.354,0,1,1,457.08,0.354,1,1
5367,1,318.46,2,48100.0,4587.53,9.5%,0,0,0,318.46,0.095,0,0
3685,5,433.58,2,50100.0,9611.45,0.192,2,0,N,433.58,0.192,0,0
3952,1,257.31,2,37100.0,7923.85,0.214,0,No,No,257.31,0.214,0,0
2620,3,347.15,1,58100.0,35352.79,0.608,1,0,No,347.15,0.608,0,0
8958,1,198.07,2,15000.0,1774.27,11.8%,3,No,1,198.07,0.11800000000000001,0,1
4729,2,131.02,2,27500.0,5819.62,0.212,1,Y,N,131.02,0.212,1,0
7846,3,188.11,1,38000.0,6387.3,0.168,1,Y,0,188.11,0.168,1,0
5739,1,348.37,2,13100.0,2726.49,20.8%,3,No,N,348.37,0.20800000000000002,0,0
3621,1,632.35,3,55300.0,5030.08,0.091,1,1,1,632.35,0.091,1,1
679,3,466.81,2,30100.0,1930.55,0.064,0,Yes,No,466.81,0.064,1,0
3248,2,1606.52,10,19900.0,7174.79,0.361,1,1,No,1606.52,0.361,1,0
250,1,395.09,3,33400.0,20525.91,0.615,0,No,Yes,395.09,0.615,0,1
368,4,93.55,1,21100.0,351.26,0.017,1,Yes,0,93.55,0.017,1,0
2141,2,152.75,0,23800.0,1438.12,6.0%,2,Y,0,152.75,0.06,1,0
5159,2,374.62,3,16500.0,7433.3,45.1%,1,1,0,374.62,0.451,1,0
2075,2,302.77,2,59400.0,20129.0,0.339,0,No,N,302.77,0.339,0,0
10689,1,596.48,5,41300.0,11344.5,0.275,4,N,Y,596.48,0.275,0,1
9466,4,307.82,2,25700.0,16058.09,0.625,1,0,0,307.82,0.625,0,0
9680,3,299.69,1,44800.0,16280.28,36.3%,2,Y,No,299.69,0.363,1,0
152,1,337.5,3,35200.0,1587.69,4.5%,1,0,0,337.5,0.045,0,0
7860,3,319.6,1,35100.0,22375.69,0.637,1,No,0,319.6,0.637,0,0
11732,4,778.68,4,43900.0,3471.43,0.079,0,Y,0,778.68,0.079,1,0
6230,1,1539.92,7,58600.0,9828.02,16.8%,1,1,N,1539.92,0.168,1,0
9244,2,573.88,0,20200.0,13575.37,0.672,1,1,0,573.88,0.672,1,0
12070,2,840.1,7,8700.0,3096.6,0.356,0,Y,0,840.1,0.356,1,0
6094,4,346.65,3,53600.0,16233.58,0.303,1,1,0,346.65,0.303,1,0
10122,3,546.86,4,37900.0,8642.21,0.228,0,N,N,546.86,0.228,0,0
2940,3,339.86,3,32900.0,13390.49,40.7%,1,1,0,339.86,0.40700000000000003,1,0
762,1,165.56,0,40500.0,12005.48,0.296,2,N,No,165.56,0.296,0,0
9454,1,194.28,0,23700.0,15314.73,0.646,1,0,Yes,194.28,0.646,0,1
3941,1,261.97,0,54000.0,11236.66,0.208,1,N,0,261.97,0.208,0,0
8438,3,481.26,2,18400.0,3679.19,0.2,2,1,No,481.26,0.2,1,0
10227,1,141.29,0,2900.0,1828.89,0.631,1,No,0,141.29,0.631,0,0
1217,1,691.34,5,25700.0,3389.94,13.2%,1,No,1,691.34,0.132,0,1
3686,2,356.25,2,23100.0,2325.34,0.101,1,Y,No,356.25,0.101,1,0
8985,3,71.93,0,35700.0,15819.28,44.3%,0,1,0,71.93,0.44299999999999995,1,0
3829,1,399.74,0,16700.0,2369.3,0.142,2,0,No,399.74,0.142,0,0
8765,3,189.44,1,51200.0,26997.28,52.7%,0,1,0,189.44,0.527,1,0
2844,1,197.21,2,8200.0,4409.56,0.538,2,N,1,197.21,0.538,0,1
7647,3,334.53,2,52800.0,9593.84,0.182,1,Yes,N,334.53,0.182,1,0
11666,3,469.56,2,37300.0,11810.21,0.317,1,1,0,469.56,0.317,1,0
11631,1,838.3,2,23400.0,5992.08,25.6%,1,1,N,838.3,0.256,1,0
6200,2,393.34,1,34700.0,14853.14,0.428,3,Y,0,393.34,0.428,1,0
10130,1,434.63,1,25700.0,4576.43,0.178,0,Y,Y,434.63,0.178,1,1
1033,1,277.57,0,32300.0,5449.49,0.169,1,N,No,277.57,0.169,0,0
598,1,607.0,4,59900.0,24233.1,0.405,2,N,N,607.0,0.405,0,0
10411,2,392.65,1,30000.0,12337.94,0.411,0,Yes,N,392.65,0.411,1,0
7644,1,346.43,0,32100.0,9312.97,0.29,1,No,1,346.43,0.29,0,1
10870,3,381.3,6,47700.0,2605.5,0.055,2,Y,No,381.3,0.055,1,0
2616,1,1043.17,3,4300.0,562.39,0.131,1,Yes,0,1043.17,0.131,1,0
9942,2,331.91,4,37100.0,6919.03,0.186,1,1,0,331.91,0.186,1,0
4540,2,401.91,2,8600.0,1411.07,0.164,0,Y,0,401.91,0.164,1,0
1883,4,425.02,2,20700.0,2856.68,0.138,0,N,0,425.02,0.138,0,0
7181,2,1291.32,7,11700.0,1991.07,17.0%,0,Y,No,1291.32,0.17,1,0
3806,3,553.99,2,15500.0,5363.83,34.6%,0,Y,0,553.99,0.34600000000000003,1,0
9790,4,94.2,2,46400.0,1880.29,0.041,0,1,0,94.2,0.041,1,0
9283,1,414.37,3,5800.0,794.71,0.137,1,Yes,Y,414.37,0.137,1,1
5650,2,327.32,4,24100.0,6612.35,0.274,1,0,No,327.32,0.274,0,0
5649,1,268.7,2,49300.0,7142.17,0.145,1,N,0,268.7,0.145,0,0
11406,2,347.57,4,50800.0,16685.01,0.328,2,No,No,347.57,0.328,0,0
6467,2,410.69,4,30200.0,3447.56,11.4%,0,Y,0,410.69,0.114,1,0
1216,3,197.72,1,9300.0,2954.36,31.8%,1,1,0,197.72,0.318,1,0
5620,2,253.21,1,37800.0,14196.22,0.376,4,1,Yes,253.21,0.376,1,1
5580,5,756.07,4,52200.0,6840.52,13.1%,2,Yes,N,756.07,0.131,1,0
2505,1,955.51,7,32800.0,17798.72,0.543,1,0,N,955.51,0.543,0,0
10233,1,419.83,1,10900.0,1671.47,0.153,1,0,0,419.83,0.153,0,0
11170,2,682.45,4,58000.0,24769.37,42.7%,1,0,0,682.45,0.42700000000000005,0,0
4473,3,767.71,4,39800.0,23424.59,0.589,1,0,0,767.71,0.589,0,0
1164,1,406.02,5,58200.0,20164.95,0.346,0,1,Y,406.02,0.346,1,1
1299,2,166.49,0,48400.0,20219.97,0.418,1,1,0,166.49,0.418,1,0
11429,1,215.83,2,8300.0,1468.67,0.177,0,1,0,215.83,0.177,1,0
5051,1,732.28,3,57600.0,24798.81,0.431,1,No,0,732.28,0.431,0,0
4971,2,758.5,4,11600.0,1447.6,0.125,1,Y,N,758.5,0.125,1,0
10669,2,289.18,0,10300.0,1440.04,0.14,0,1,0,289.18,0.14,1,0
837,1,1102.65,9,32200.0,10862.85,0.337,0,N,Yes,1102.65,0.337,0,1
11046,1,218.29,3,9800.0,500.58,0.051,0,1,0,218.29,0.051,1,0
7216,5,283.5,1,29500.0,11113.49,37.7%,1,Y,0,283.5,0.377,1,0
7111,1,750.23,3,45700.0,14925.55,0.327,1,Yes,No,750.23,0.327,1,0
3989,2,470.03,3,28600.0,8113.44,28.4%,1,Y,No,470.03,0.284,1,0
2246,1,847.02,5,10500.0,4266.3,0.406,1,No,No,847.02,0.406,0,0
8508,2,261.56,3,58600.0,14048.07,0.24,1,Yes,0,261.56,0.24,1,0
7252,2,735.46,4,16400.0,3053.71,0.186,2,1,N,735.46,0.186,1,0
6431,2,216.0,1,17600.0,4817.16,0.274,0,0,N,216.0,0.274,0,0
6297,1,290.86,6,41100.0,15490.8,0.377,1,0,1,290.86,0.377,0,1
424,1,762.37,4,6300.0,491.18,0.078,2,Y,Y,762.37,0.078,1,1
2581,3,289.41,1,7900.0,1300.21,0.165,1,Y,No,289.41,0.165,1,0
7024,3,576.31,1,59600.0,24816.98,41.6%,1,Yes,0,576.31,0.41600000000000004,1,0
7426,1,535.7,4,10500.0,1312.95,0.125,0,Yes,1,535.7,0.125,1,1
1252,1,974.3,6,34100.0,3484.66,0.102,1,N,0,974.3,0.102,0,0
7072,2,240.55,1,13800.0,172.31,0.012,0,Y,0,240.55,0.012,1,0
11820,4,69.53,0,9500.0,2480.65,26.1%,1,1,0,69.53,0.261,1,0
6715,2,170.59,0,40500.0,18714.85,0.462,1,Yes,0,170.59,0.462,1,0
2056,2,301.86,1,11300.0,2203.34,0.195,1,Yes,0,301.86,0.195,1,0
3390,3,628.41,2,35500.0,9467.26,26.7%,2,Yes,No,628.41,0.267,1,0
9438,3,97.01,2,41600.0,15026.32,0.361,2,1,0,97.01,0.361,1,0
8570,2,266.96,2,2700.0,1231.35,45.6%,1,Yes,N,266.96,0.456,1,0
6483,3,869.17,9,12400.0,7159.03,0.577,0,No,No,869.17,0.577,0,0
6914,4,479.09,4,13800.0,3597.21,0.261,0,Yes,No,479.09,0.261,1,0
10845,5,253.05,0,19500.0,8050.62,41.3%,2,1,No,253.05,0.413,1,0
4617,1,340.39,2,45100.0,18978.67,0.421,2,N,N,340.39,0.421,0,0
5830,1,431.99,2,30200.0,20593.33,0.682,3,0,No,431.99,0.682,0,0
8247,1,454.8,2,6700.0,1703.54,0.254,3,No,No,454.8,0.254,0,0
8594,1,552.5,3,51800.0,15402.45,0.297,0,No,No,552.5,0.297,0,0
9762,2,,3,60000.0,21472.81,0.358,2,1,N,411.22,0.358,1,0
9904,2,788.3,4,25700.0,8731.35,0.34,1,1,No,788.3,0.34,1,0
3335,4,918.21,11,25600.0,2491.24,0.097,3,0,No,918.21,0.097,0,0
689,1,330.8,6,2000.0,477.19,0.239,2,N,No,330.8,0.239,0,0
7616,3,888.73,8,2300.0,214.55,0.093,1,Yes,N,888.73,0.093,1,0
9702,2,241.37,1,51200.0,6582.65,0.129,0,Yes,N,241.37,0.129,1,0
4385,3,263.8,2,54000.0,7633.11,0.141,2,Yes,N,263.8,0.141,1,0
8273,2,430.93,4,49300.0,12716.75,0.258,0,1,No,430.93,0.258,1,0
6893,1,236.44,2,22600.0,12428.1,0.55,1,0,Y,236.44,0.55,0,1
10238,2,307.63,3,52400.0,24001.33,45.8%,2,1,No,307.63,0.45799999999999996,1,0
975,1,290.01,1,5700.0,1474.38,0.259,1,No,No,290.01,0.259,0,0
6809,3,994.77,8,13500.0,7589.05,56.2%,1,Y,0,994.77,0.562,1,0
4667,2,199.18,2,32000.0,14704.96,0.46,0,1,0,199.18,0.46,1,0
156,1,419.12,0,26600.0,5228.03,0.197,1,No,Y,419.12,0.197,0,1
4702,4,368.49,5,51700.0,19548.57,0.378,0,Yes,0,368.49,0.378,1,0
2905,3,184.07,0,50400.0,27947.54,55.5%,2,No,0,184.07,0.555,0,0
2815,1,303.38,5,24900.0,13720.24,0.551,2,0,0,303.38,0.551,0,0
5131,2,986.28,4,10600.0,1684.67,0.159,2,1,0,986.28,0.159,1,0
2631,1,663.99,4,8600.0,3731.41,0.434,0,0,N,663.99,0.434,0,0
9843,1,331.19,4,33600.0,525.83,0.016,0,No,0,331.19,0.016,0,0
8909,2,484.16,3,37200.0,2230.72,6.0%,2,1,N,484.16,0.06,1,0
3163,1,381.12,3,53900.0,17159.6,0.318,1,N,1,381.12,0.318,0,1
41,3,439.09,4,34600.0,8995.92,26.0%,1,1,0,439.09,0.26,1,0
6020,3,374.68,4,48800.0,8558.56,17.5%,1,Y,N,374.68,0.175,1,0
1380,2,1522.02,8,58200.0,7193.68,0.124,0,1,0,1522.02,0.124,1,0
2854,2,825.81,6,35300.0,9288.12,0.263,2,1,N,825.81,0.263,1,0
4550,2,279.2,3,12100.0,7243.35,0.599,1,No,0,279.2,0.599,0,0
11019,4,592.79,7,10300.0,4136.32,0.402,1,Yes,N,592.79,0.402,1,0
9978,1,417.53,3,32900.0,3576.71,0.109,2,N,N,417.53,0.109,0,0
11402,4,448.15,7,25900.0,10777.83,0.416,1,Y,0,448.15,0.416,1,0
11824,2,522.92,4,51000.0,18917.07,0.371,1,Y,0,522.92,0.371,1,0
6609,3,878.52,3,31500.0,2178.3,6.9%,1,No,0,878.52,0.069,0,0
6038,5,392.79,3,32200.0,4875.2,0.151,0,Y,N,392.79,0.151,1,0
627,2,109.97,2,17700.0,198.66,0.011,0,0,0,109.97,0.011,0,0
9794,1,446.18,2,28000.0,12634.17,0.451,0,N,0,446.18,0.451,0,0
1702,2,472.22,4,35900.0,7136.31,0.199,1,1,N,472.22,0.199,1,0
11441,5,206.31,1,33700.0,17651.58,0.524,2,Y,N,206.31,0.524,1,0
1128,3,405.0,3,24300.0,2183.36,0.09,0,Y,N,405.0,0.09,1,0
2188,2,478.1,3,12800.0,4172.17,0.326,0,1,0,478.1,0.326,1,0
5269,1,1360.67,8,17200.0,3877.46,0.225,1,No,0,1360.67,0.225,0,0
4185,1,759.05,6,32800.0,4188.55,0.128,1,N,N,759.05,0.128,0,0
6895,2,327.26,2,41000.0,1367.05,0.033,1,1,No,327.26,0.033,1,0
8873,3,738.7,3,6400.0,2622.53,0.41,0,No,0,738.7,0.41,0,0
3869,2,200.57,3,41100.0,500.55,1.2%,1,No,0,200.57,0.012,0,0
8898,1,158.8,3,9000.0,2847.37,0.316,2,0,0,158.8,0.316,0,0
11922,2,193.25,1,59500.0,13200.52,0.222,1,1,N,193.25,0.222,1,0
9624,3,939.73,6,39700.0,2242.1,0.056,1,No,No,939.73,0.056,0,0
11712,1,334.93,1,15000.0,2463.58,16.4%,0,0,N,334.93,0.16399999999999998,0,0
2111,3,453.22,2,11300.0,2583.02,0.229,0,Yes,No,453.22,0.229,1,0
6648,1,526.77,6,33600.0,5931.27,0.177,2,No,0,526.77,0.177,0,0
5784,1,567.9,3,29500.0,5062.79,17.2%,2,N,0,567.9,0.172,0,0
5224,4,606.97,2,21900.0,5126.1,0.234,1,N,0,606.97,0.234,0,0
1295,1,202.96,2,47200.0,15751.46,0.334,2,Y,No,202.96,0.334,1,0
1797,1,396.56,3,43800.0,13531.95,30.9%,0,0,0,396.56,0.309,0,0
9571,5,350.71,7,13700.0,1301.66,0.095,1,Y,No,350.71,0.095,1,0
9907,3,252.63,2,3500.0,602.83,0.172,2,1,No,252.63,0.172,1,0
4699,2,840.79,8,32000.0,10112.13,0.316,0,1,0,840.79,0.316,1,0
1253,3,710.41,7,59400.0,16580.43,27.9%,2,1,No,710.41,0.27899999999999997,1,0
3510,3,886.0,7,30800.0,8879.49,0.288,3,1,Yes,886.0,0.288,1,1
9355,2,965.67,7,43400.0,8802.12,20.3%,0,1,N,965.67,0.203,1,0
772,1,401.55,3,36900.0,14642.47,0.397,1,N,1,401.55,0.397,0,1
2673,1,728.33,6,27600.0,13354.2,0.484,0,Yes,N,728.33,0.484,1,0
7894,2,267.41,0,48300.0,6705.13,0.139,0,1,0,267.41,0.139,1,0
12026,1,387.79,2,54000.0,32122.51,59.5%,2,No,Y,387.79,0.595,0,1
321,1,315.28,4,21200.0,3645.25,0.172,3,No,1,315.28,0.172,0,1
6085,1,157.92,1,30600.0,8651.89,0.283,0,No,0,157.92,0.283,0,0
2929,1,436.84,2,43700.0,8576.2,0.196,1,1,0,436.84,0.196,1,0
4156,4,214.51,1,31800.0,6978.31,0.219,2,1,N,214.51,0.219,1,0
3459,3,327.96,0,4100.0,189.78,0.046,1,1,N,327.96,0.046,1,0
1661,2,778.12,8,23900.0,2496.42,0.104,0,Yes,0,778.12,0.104,1,0
6376,3,442.92,3,56800.0,5153.82,9.1%,0,1,N,442.92,0.091,1,0
2764,1,908.99,6,18300.0,10776.91,0.589,2,0,No,908.99,0.589,0,0
3197,2,816.41,5,7100.0,2985.67,0.421,0,Yes,No,816.41,0.421,1,0
2698,3,223.42,3,15400.0,2810.69,0.183,2,Y,0,223.42,0.183,1,0
4348,2,611.51,3,24900.0,2386.86,0.096,4,1,0,611.51,0.096,1,0
4243,2,163.98,1,32800.0,9295.95,0.283,1,Y,N,163.98,0.283,1,0
11581,2,1314.55,8,7800.0,1843.03,0.236,2,Y,0,1314.55,0.236,1,0
3676,2,497.97,5,20200.0,250.32,0.012,3,1,N,497.97,0.012,1,0
8519,2,163.44,0,42200.0,16853.38,39.9%,3,1,No,163.44,0.39899999999999997,1,0
5658,1,502.29,4,25800.0,5273.48,0.204,1,N,No,502.29,0.204,0,0
180,3,517.14,4,35400.0,1710.71,0.048,2,Yes,0,517.14,0.048,1,0
5802,4,468.31,2,31000.0,14093.05,0.455,0,1,0,468.31,0.455,1,0
1853,2,81.11,3,37900.0,12115.82,0.32,0,No,0,81.11,0.32,0,0
3436,3,452.1,1,23300.0,4467.83,0.192,2,No,0,452.1,0.192,0,0
10557,5,378.6,0,25400.0,4994.64,0.197,0,1,0,378.6,0.197,1,0
8652,4,452.66,3,36200.0,5670.96,0.157,0,1,0,452.66,0.157,1,0
1879,1,142.38,2,23800.0,7961.55,0.335,0,Yes,No,142.38,0.335,1,0
11054,1,429.71,3,34300.0,5864.97,0.171,0,0,0,429.71,0.171,0,0
8569,1,409.2,4,44400.0,17146.59,0.386,2,Yes,Yes,409.2,0.386,1,1
340,1,472.72,2,25100.0,15574.37,0.62,2,0,N,472.72,0.62,0,0
162,1,368.2,4,34300.0,2863.79,0.083,1,0,1,368.2,0.083,0,1
9896,2,573.57,3,29300.0,14457.28,0.493,1,Y,0,573.57,0.493,1,0
11290,1,249.16,1,27600.0,17806.37,0.645,0,0,0,249.16,0.645,0,0
2290,2,837.32,11,19200.0,4671.81,0.243,1,1,0,837.32,0.243,1,0
907,2,310.17,1,19400.0,5014.36,0.258,1,Yes,N,310.17,0.258,1,0
10599,1,186.56,3,41100.0,21701.28,0.528,0,0,Yes,186.56,0.528,0,1
42,2,1306.52,13,34900.0,12633.89,0.362,0,1,N,1306.52,0.362,1,0
7870,3,420.86,1,48300.0,2450.16,0.051,0,Yes,N,420.86,0.051,1,0
9581,1,360.4,2,22500.0,10113.09,0.449,2,0,Yes,360.4,0.449,0,1
11183,1,661.71,6,35100.0,3476.39,9.9%,0,Yes,No,661.71,0.099,1,0
6856,2,396.91,1,18700.0,2361.61,0.126,1,0,0,396.91,0.126,0,0
6887,2,769.65,3,28000.0,329.18,1.2%,1,1,0,769.65,0.012,1,0
9935,3,376.36,3,13700.0,3523.93,25.7%,1,1,0,376.36,0.257,1,0
5027,1,166.8,2,12200.0,8872.48,0.727,3,No,Y,166.8,0.727,0,1
5354,3,253.99,0,10900.0,2569.9,0.236,0,1,N,253.99,0.236,1,0
9132,3,144.52,1,58100.0,14388.87,0.248,1,0,0,144.52,0.248,0,0
371,2,572.86,4,10600.0,6523.05,61.5%,0,1,0,572.86,0.615,1,0
3512,5,136.88,0,51400.0,15081.43,0.293,1,Yes,0,136.88,0.293,1,0
1833,1,1749.85,12,35700.0,6132.29,17.2%,1,0,0,1749.85,0.172,0,0
8327,3,208.86,1,49600.0,5408.31,0.109,1,Yes,No,208.86,0.109,1,0
3762,2,335.73,2,56400.0,12502.64,0.222,2,Y,0,335.73,0.222,1,0
8475,2,266.19,4,6800.0,2235.56,0.329,2,Y,N,266.19,0.329,1,0
11131,1,170.77,3,57200.0,5718.05,0.1,0,1,1,170.77,0.1,1,1
2104,2,1210.75,13,5500.0,1999.68,0.364,0,Y,N,1210.75,0.364,1,0
7679,2,720.04,11,53200.0,11975.24,0.225,1,Y,N,720.04,0.225,1,0
8344,5,,0,37700.0,3601.99,0.096,2,1,No,231.95,0.096,1,0
9930,1,135.19,1,2800.0,498.05,0.178,1,1,0,135.19,0.178,1,0
6315,2,512.16,4,35700.0,14422.68,40.4%,1,Yes,No,512.16,0.40399999999999997,1,0
6737,1,277.11,2,2500.0,160.08,0.064,1,Y,No,277.11,0.064,1,0
690,1,397.82,3,52300.0,27136.8,0.519,2,0,Yes,397.82,0.519,0,1
1100,5,1306.85,9,29600.0,8793.35,29.7%,1,Y,0,1306.85,0.297,1,0
9061,1,514.3,7,13700.0,2823.35,0.206,0,1,No,514.3,0.206,1,0
11390,5,205.91,4,12800.0,1675.74,0.131,1,1,0,205.91,0.131,1,0
3496,1,797.32,4,56100.0,20510.47,0.366,1,No,1,797.32,0.366,0,1
6911,1,943.64,8,48900.0,3831.19,0.078,1,N,No,943.64,0.078,0,0
6187,2,487.58,1,53100.0,17182.5,32.4%,1,1,No,487.58,0.324,1,0
816,2,435.97,2,30800.0,16722.31,0.543,0,0,0,435.97,0.543,0,0
2349,2,338.26,3,29900.0,7463.55,0.25,0,Yes,N,338.26,0.25,1,0
11713,2,499.08,2,30300.0,2964.24,9.8%,0,1,0,499.08,0.098,1,0
8841,4,645.78,1,47100.0,9611.25,0.204,2,0,0,645.78,0.204,0,0
6800,3,447.76,3,45500.0,19996.85,43.9%,1,Yes,N,447.76,0.439,1,0
1892,2,193.37,3,9200.0,5627.6,0.612,0,No,N,193.37,0.612,0,0
8384,3,121.53,2,54600.0,22304.68,0.409,0,1,No,121.53,0.409,1,0
1928,2,468.29,2,51600.0,28996.81,0.562,1,0,N,468.29,0.562,0,0
9574,5,216.13,3,21200.0,5256.42,24.8%,1,1,0,216.13,0.248,1,0
3034,1,286.75,2,56200.0,5158.2,0.092,0,0,No,286.75,0.092,0,0
10247,3,257.54,1,42700.0,12405.32,0.291,1,1,0,257.54,0.291,1,0
2316,3,551.01,4,4800.0,263.35,5.5%,0,Yes,0,551.01,0.055,1,0
2520,2,136.41,1,44700.0,1343.94,0.03,2,1,0,136.41,0.03,1,0
1307,4,164.6,1,40600.0,20181.86,49.7%,2,1,0,164.6,0.49700000000000005,1,0
6686,2,291.93,2,26500.0,628.01,0.024,1,Yes,No,291.93,0.024,1,0
5908,1,877.59,13,27200.0,14172.76,52.1%,0,N,1,877.59,0.521,0,1
5844,2,463.7,2,54400.0,10566.06,19.4%,0,1,N,463.7,0.19399999999999998,1,0
3570,1,190.92,1,3300.0,767.83,23.3%,2,Yes,N,190.92,0.233,1,0
425,1,751.82,3,28700.0,11850.7,0.413,0,Y,1,751.82,0.413,1,1
10029,2,247.05,1,12400.0,2104.71,17.0%,3,Y,No,247.05,0.17,1,0
4426,2,394.86,1,14100.0,2772.53,19.7%,1,Yes,No,394.86,0.19699999999999998,1,0
10406,2,410.27,4,6700.0,1256.84,18.8%,4,1,N,410.27,0.188,1,0
2656,1,,6,27300.0,1495.73,0.055,0,1,No,668.98,0.055,1,0
4257,2,532.01,3,31300.0,5559.89,0.178,1,Yes,0,532.01,0.178,1,0
10906,3,568.99,6,55500.0,23721.2,42.7%,1,1,N,568.99,0.42700000000000005,1,0
7884,2,529.01,1,4200.0,690.96,16.5%,2,Y,N,529.01,0.165,1,0
11847,1,454.57,3,27900.0,7996.25,0.287,0,Yes,No,454.57,0.287,1,0
1556,2,347.79,4,5400.0,501.87,0.093,3,0,N,347.79,0.093,0,0
9749,2,244.59,2,52300.0,3720.62,0.071,0,1,0,244.59,0.071,1,0
6275,1,701.91,8,19600.0,6322.52,0.323,1,1,0,701.91,0.323,1,0
3441,4,364.32,1,15600.0,3429.52,0.22,2,Yes,N,364.32,0.22,1,0
2693,2,703.6,4,5800.0,425.59,7.3%,0,Yes,0,703.6,0.073,1,0
409,2,231.6,3,33500.0,2911.36,0.087,0,N,0,231.6,0.087,0,0
6375,2,609.23,3,41700.0,18616.93,0.446,1,No,N,609.23,0.446,0,0
1205,2,398.4,1,59100.0,10789.57,0.183,2,1,N,398.4,0.183,1,0
11203,3,411.96,2,57400.0,5614.94,9.8%,3,1,0,411.96,0.098,1,0
3497,2,464.04,4,12900.0,2209.85,17.1%,2,1,0,464.04,0.171,1,0
90,4,474.79,3,17600.0,4237.97,24.1%,0,Yes,0,474.79,0.24100000000000002,1,0
10058,5,447.67,1,59400.0,12101.69,0.204,1,Y,N,447.67,0.204,1,0
1012,4,134.6,2,38200.0,6345.39,16.6%,3,Yes,No,134.6,0.166,1,0
9483,3,801.71,10,55000.0,19360.84,35.2%,0,1,N,801.71,0.35200000000000004,1,0
2563,3,282.99,2,13500.0,4295.4,0.318,0,Y,0,282.99,0.318,1,0
9151,1,186.91,2,20100.0,4751.91,0.236,1,No,0,186.91,0.236,0,0
5997,1,709.59,3,11800.0,2009.15,0.17,1,0,1,709.59,0.17,0,1
3982,2,380.71,0,46800.0,8216.87,0.176,0,Yes,0,380.71,0.176,1,0
9807,1,174.09,3,35500.0,9239.05,26.0%,2,0,0,174.09,0.26,0,0
12142,1,400.7,2,46300.0,16110.12,0.348,3,N,1,400.7,0.348,0,1
10656,4,489.72,5,24000.0,10638.78,44.3%,0,0,0,489.72,0.44299999999999995,0,0
8415,2,269.41,1,27500.0,4498.85,0.164,2,Y,0,269.41,0.164,1,0
1390,5,245.17,1,20300.0,13870.06,0.683,1,Y,N,245.17,0.683,1,0
8654,1,501.03,2,7800.0,3412.75,0.438,0,0,0,501.03,0.438,0,0
11513,1,204.08,0,4900.0,3179.63,0.649,3,No,1,204.08,0.649,0,1
991,1,,3,30100.0,8980.62,0.298,0,No,1,411.22,0.298,0,1
3427,1,211.91,1,59400.0,9974.74,16.8%,1,0,Yes,211.91,0.168,0,1
10239,2,337.42,0,5400.0,2991.53,0.554,1,0,No,337.42,0.554,0,0
6862,3,846.41,8,11000.0,5901.05,0.536,2,1,No,846.41,0.536,1,0
12056,1,435.44,2,21000.0,3174.48,0.151,1,1,0,435.44,0.151,1,0
9081,5,240.63,2,50900.0,21637.26,0.425,0,1,0,240.63,0.425,1,0
629,4,488.2,2,38700.0,7015.0,0.181,0,Yes,N,488.2,0.181,1,0
12133,2,443.79,5,29000.0,4215.69,0.145,3,1,No,443.79,0.145,1,0
10990,3,859.53,6,16300.0,5893.78,36.2%,2,Y,0,859.53,0.36200000000000004,1,0
4335,1,636.82,6,20800.0,5652.83,0.272,2,N,0,636.82,0.272,0,0
6259,1,604.11,4,7700.0,3358.43,0.436,0,0,0,604.11,0.436,0,0
5995,3,408.96,1,22700.0,3503.78,0.154,2,1,0,408.96,0.154,1,0
5009,1,,4,35000.0,16532.75,0.472,2,0,No,507.11,0.472,0,0
7803,4,,1,26200.0,9734.27,0.372,0,Yes,No,272.54,0.372,1,0
2695,1,415.26,1,7900.0,1895.57,0.24,0,Yes,1,415.26,0.24,1,1
7519,4,307.72,0,34800.0,18952.76,0.545,1,0,0,307.72,0.545,0,0
11063,1,1149.71,7,58400.0,27206.24,0.466,0,0,N,1149.71,0.466,0,0
3900,2,230.2,2,45500.0,22133.02,48.6%,2,0,0,230.2,0.486,0,0
9582,1,516.49,4,40500.0,6827.89,0.169,0,Yes,N,516.49,0.169,1,0
8615,2,216.2,1,51600.0,13380.54,25.9%,3,1,0,216.2,0.259,1,0
8451,4,776.3,5,47800.0,4163.83,0.087,0,1,0,776.3,0.087,1,0
3504,1,146.04,1,53900.0,5077.74,0.094,0,N,No,146.04,0.094,0,0
618,1,186.02,2,40500.0,15835.29,0.391,0,0,0,186.02,0.391,0,0
6213,3,658.41,9,14000.0,4936.81,0.353,1,Y,N,658.41,0.353,1,0
1265,1,180.54,2,19000.0,12508.61,0.658,2,0,1,180.54,0.658,0,1
11868,3,125.11,1,52100.0,19067.26,0.366,0,Y,No,125.11,0.366,1,0
8529,3,,3,32600.0,788.25,0.024,1,1,0,411.22,0.024,1,0
7898,1,187.67,2,3300.0,716.14,0.217,0,No,Yes,187.67,0.217,0,1
4037,1,373.5,0,6400.0,1612.06,25.2%,1,0,0,373.5,0.252,0,0
11548,5,464.42,6,42500.0,11704.26,0.275,2,1,N,464.42,0.275,1,0
6556,2,752.19,4,3700.0,232.86,0.063,2,1,0,752.19,0.063,1,0
4120,2,481.06,5,53300.0,1480.16,0.028,2,1,N,481.06,0.028,1,0
1024,3,173.42,1,18500.0,5401.88,0.292,0,1,No,173.42,0.292,1,0
8890,1,244.55,1,32500.0,5602.85,0.172,0,0,1,244.55,0.172,0,1
7202,2,168.98,0,26000.0,7291.03,0.28,0,Yes,N,168.98,0.28,1,0
6510,2,793.5,0,22300.0,11368.97,0.51,0,1,N,793.5,0.51,1,0
9452,2,343.89,0,16200.0,3200.63,19.8%,2,Yes,0,343.89,0.198,1,0
2251,2,263.75,0,25600.0,4290.96,0.168,1,Y,0,263.75,0.168,1,0
5863,2,894.4,6,27100.0,4913.88,0.181,1,Yes,N,894.4,0.181,1,0
11320,3,566.3,5,45600.0,19104.73,0.419,1,Yes,No,566.3,0.419,1,0
4877,3,267.35,0,9100.0,5744.03,63.1%,0,1,0,267.35,0.631,1,0
3155,1,291.56,2,59400.0,24072.58,40.5%,0,N,N,291.56,0.405,0,0
10032,3,548.6,1,32800.0,465.3,1.4%,0,1,0,548.6,0.013999999999999999,1,0
1680,4,357.13,0,25500.0,9095.01,35.7%,3,Yes,N,357.13,0.35700000000000004,1,0
7413,2,314.96,0,40800.0,6039.89,0.148,1,Y,No,314.96,0.148,1,0
6699,3,1061.15,6,36600.0,11784.32,32.2%,0,Y,No,1061.15,0.322,1,0
11718,1,575.22,4,16200.0,2357.93,14.6%,1,0,Yes,575.22,0.146,0,1
11028,4,208.18,4,22100.0,8260.33,0.374,0,1,0,208.18,0.374,1,0
4467,2,99.73,3,26600.0,10062.02,0.378,3,Y,N,99.73,0.378,1,0
5111,2,372.54,2,46600.0,7799.43,0.167,1,Yes,No,372.54,0.167,1,0
9505,3,70.54,2,43000.0,20957.13,0.487,0,Y,No,70.54,0.487,1,0
5457,1,557.97,0,41000.0,11664.54,0.285,1,N,0,557.97,0.285,0,0
6763,2,924.23,4,34800.0,10874.06,0.312,0,1,No,924.23,0.312,1,0
7729,2,773.09,3,23600.0,566.43,0.024,1,1,0,773.09,0.024,1,0
9716,2,,5,29300.0,9568.71,0.327,0,1,N,575.25,0.327,1,0
11693,1,2075.25,15,46500.0,11313.55,24.3%,1,1,0,2075.25,0.243,1,0
11062,2,263.29,2,9500.0,1994.01,0.21,0,Yes,N,263.29,0.21,1,0
2420,5,586.59,2,53400.0,16968.1,0.318,0,N,0,586.59,0.318,0,0
10944,1,495.59,4,28100.0,2748.04,0.098,2,1,1,495.59,0.098,1,1
117,2,456.71,5,51900.0,13784.98,0.266,2,1,0,456.71,0.266,1,0
9793,1,326.09,5,57100.0,11614.36,20.3%,2,0,0,326.09,0.203,0,0
10302,2,231.92,0,46700.0,13739.54,0.294,0,1,0,231.92,0.294,1,0
153,1,694.44,6,50300.0,4554.05,9.1%,3,1,0,694.44,0.091,1,0
2180,4,395.02,5,45100.0,11461.25,0.254,1,1,0,395.02,0.254,1,0
11994,3,587.57,4,36600.0,17650.02,48.2%,1,0,N,587.57,0.48200000000000004,0,0
9941,2,503.87,2,59400.0,22240.33,0.374,1,Yes,0,503.87,0.374,1,0
11487,2,108.87,1,32600.0,8609.1,0.264,2,1,0,108.87,0.264,1,0
10392,3,945.39,9,14300.0,728.54,0.051,1,1,0,945.39,0.051,1,0
9517,1,226.19,2,7600.0,3172.78,0.417,1,0,No,226.19,0.417,0,0
9417,3,281.42,0,16800.0,6008.85,0.358,0,1,No,281.42,0.358,1,0
4559,5,510.66,2,20300.0,7777.95,0.383,2,Y,0,510.66,0.383,1,0
10913,2,164.59,1,48600.0,22008.17,0.453,1,Yes,No,164.59,0.453,1,0
266,1,1246.2,6,55100.0,13984.03,0.254,1,N,Yes,1246.2,0.254,0,1
8938,1,416.02,2,47700.0,13527.86,0.284,1,1,Y,416.02,0.284,1,1
5980,2,129.9,1,58300.0,12305.16,0.211,1,0,0,129.9,0.211,0,0
9076,1,159.07,0,2100.0,981.19,0.467,1,N,1,159.07,0.467,0,1
6721,2,961.2,11,32000.0,9259.01,28.9%,1,1,N,961.2,0.289,1,0
11368,2,675.24,6,44300.0,16700.35,37.7%,1,Y,N,675.24,0.377,1,0
10427,5,369.47,5,2300.0,1028.62,0.447,0,1,N,369.47,0.447,1,0
1837,1,746.07,2,15100.0,6683.52,0.443,3,1,Yes,746.07,0.443,1,1
1084,1,776.26,6,19500.0,6114.16,0.314,0,1,N,776.26,0.314,1,0
2915,4,465.34,2,33500.0,24481.37,0.731,2,Y,N,465.34,0.731,1,0
49,1,454.57,4,45400.0,5388.46,11.9%,2,No,0,454.57,0.11900000000000001,0,0
3630,3,221.18,1,12700.0,4671.82,36.8%,0,Yes,No,221.18,0.368,1,0
7197,5,345.72,1,13100.0,2642.15,0.202,0,1,No,345.72,0.202,1,0
8149,1,672.21,7,14000.0,2189.0,0.156,1,Y,Yes,672.21,0.156,1,1
3491,3,374.79,2,26900.0,2518.29,0.094,1,1,N,374.79,0.094,1,0
6677,3,320.52,2,7600.0,2199.89,0.289,1,0,No,320.52,0.289,0,0
4602,2,267.91,1,29100.0,10705.29,0.368,2,Yes,N,267.91,0.368,1,0
8311,3,820.92,6,15000.0,3846.62,0.256,2,Y,0,820.92,0.256,1,0
4430,1,132.06,3,22200.0,1784.79,0.08,2,1,1,132.06,0.08,1,1
2340,2,144.74,1,18500.0,5306.87,0.287,0,N,N,144.74,0.287,0,0
384,3,371.32,3,41100.0,9697.65,0.236,1,Y,N,371.32,0.236,1,0
3826,2,179.5,3,55600.0,20328.79,0.366,0,N,N,179.5,0.366,0,0
4234,5,440.71,1,25400.0,343.82,0.014,1,0,No,440.71,0.014,0,0
2395,5,500.74,2,4800.0,1234.02,0.257,2,1,0,500.74,0.257,1,0
5107,2,143.44,1,21400.0,10363.55,0.484,0,Yes,No,143.44,0.484,1,0
893,3,562.74,3,26300.0,2762.19,10.5%,3,1,Yes,562.74,0.105,1,1
7136,1,437.86,4,56600.0,20577.62,0.364,0,0,No,437.86,0.364,0,0
1260,5,243.03,2,41000.0,18235.02,44.5%,0,Yes,No,243.03,0.445,1,0
5347,2,345.3,2,34800.0,16456.71,0.473,1,Yes,No,345.3,0.473,1,0
8535,1,,3,37500.0,13502.42,0.36,0,1,1,411.22,0.36,1,1
11033,3,1228.38,9,14600.0,5145.45,35.2%,0,Y,0,1228.38,0.35200000000000004,1,0
12068,4,446.99,3,29900.0,6695.45,0.224,2,1,N,446.99,0.224,1,0
7173,3,370.8,2,3400.0,948.59,0.279,0,1,0,370.8,0.279,1,0
10196,1,166.18,0,31000.0,5588.71,0.18,4,0,1,166.18,0.18,0,1
6579,4,283.03,1,40300.0,4928.81,0.122,0,No,N,283.03,0.122,0,0
10894,3,533.83,1,2900.0,1651.88,0.57,1,N,0,533.83,0.57,0,0
10223,2,206.13,2,7900.0,597.66,0.076,0,0,0,206.13,0.076,0,0
9218,1,406.4,2,18200.0,5776.1,0.317,1,0,Y,406.4,0.317,0,1
1568,4,759.63,6,16700.0,7089.06,0.424,0,1,N,759.63,0.424,1,0
7932,3,176.83,3,39700.0,15708.14,0.396,1,Y,0,176.83,0.396,1,0
3953,2,512.14,2,43700.0,4733.68,0.108,0,Y,0,512.14,0.108,1,0
5045,4,469.43,5,19600.0,5742.82,0.293,1,Yes,0,469.43,0.293,1,0
9586,3,519.93,6,45000.0,3573.88,0.079,0,0,No,519.93,0.079,0,0
8956,1,339.39,1,5500.0,1090.38,0.198,2,N,0,339.39,0.198,0,0
8732,4,317.66,3,15400.0,8538.72,0.554,2,1,No,317.66,0.554,1,0
519,2,707.18,2,33200.0,10827.7,0.326,0,1,No,707.18,0.326,1,0
10705,2,256.84,1,2600.0,609.54,0.234,0,1,No,256.84,0.234,1,0
11201,1,694.66,1,9800.0,2679.18,0.273,0,N,N,694.66,0.273,0,0
3162,2,,2,56800.0,20448.65,0.36,1,0,N,339.29,0.36,0,0
2234,3,580.72,4,45600.0,1400.91,0.031,0,Yes,N,580.72,0.031,1,0
10517,3,322.18,2,24900.0,11459.82,0.46,3,0,0,322.18,0.46,0,0
8580,2,634.68,7,20800.0,1571.37,0.076,1,Yes,No,634.68,0.076,1,0
9114,1,211.02,0,46500.0,4405.92,0.095,1,0,0,211.02,0.095,0,0
3705,2,,1,33300.0,6166.1,18.5%,1,1,N,272.54,0.185,1,0
4553,2,274.67,5,35900.0,19879.84,0.554,0,1,No,274.67,0.554,1,0
6237,2,428.94,3,36500.0,17592.31,0.482,0,0,0,428.94,0.482,0,0
4935,1,135.37,2,51200.0,4719.12,0.092,0,N,No,135.37,0.092,0,0
7776,5,326.85,5,35600.0,11501.43,32.3%,1,1,1,326.85,0.32299999999999995,1,1
8576,2,835.54,2,34500.0,19324.01,0.56,3,No,1,835.54,0.56,0,1
9924,2,172.15,1,3600.0,1587.11,0.441,0,1,No,172.15,0.441,1,0
9499,4,489.84,3,25100.0,4362.77,0.174,1,1,0,489.84,0.174,1,0
8261,2,190.46,1,45600.0,14299.04,0.314,0,1,N,190.46,0.314,1,0
3260,1,278.73,1,39400.0,16533.28,0.42,1,No,Y,278.73,0.42,0,1
5809,2,775.31,7,47800.0,22525.31,0.471,2,Yes,No,775.31,0.471,1,0
3205,2,867.16,7,13100.0,3823.78,0.292,4,Y,N,867.16,0.292,1,0
2755,1,637.49,2,47600.0,26784.13,0.563,1,0,No,637.49,0.563,0,0
1697,3,300.58,1,9100.0,2420.36,0.266,2,Y,0,300.58,0.266,1,0
11860,3,945.96,6,31700.0,12883.21,0.406,1,1,0,945.96,0.406,1,0
5312,1,157.71,1,11100.0,3095.55,27.9%,2,0,No,157.71,0.27899999999999997,0,0
4128,1,561.89,6,7400.0,535.75,0.072,1,0,N,561.89,0.072,0,0
1384,2,441.2,2,29800.0,4887.62,0.164,0,Y,0,441.2,0.164,1,0
8511,3,390.17,4,24200.0,8593.87,0.355,1,Y,0,390.17,0.355,1,0
4380,2,599.28,5,5300.0,1259.78,0.238,1,1,0,599.28,0.238,1,0
9287,3,502.16,1,8100.0,1380.47,0.17,2,Yes,0,502.16,0.17,1,0
7891,3,223.71,2,7600.0,1744.89,23.0%,3,1,0,223.71,0.23,1,0
5941,2,400.53,1,39200.0,10769.71,0.275,1,Y,0,400.53,0.275,1,0
3021,1,423.52,1,58800.0,7920.34,0.135,0,N,0,423.52,0.135,0,0
3542,3,857.45,4,29300.0,5098.75,0.174,1,Y,0,857.45,0.174,1,0
4650,5,567.18,6,23200.0,5026.32,0.217,1,Yes,N,567.18,0.217,1,0
1839,1,779.82,3,54900.0,17495.4,0.319,0,No,0,779.82,0.319,0,0
6063,1,343.97,3,22500.0,8679.73,0.386,1,No,1,343.97,0.386,0,1
7799,1,293.92,7,4600.0,1736.41,0.377,0,0,1,293.92,0.377,0,1
223,1,205.16,0,41100.0,10355.61,0.252,2,1,N,205.16,0.252,1,0
1649,2,233.99,2,36300.0,6004.5,16.5%,1,1,0,233.99,0.165,1,0
9387,2,,4,13300.0,2714.43,0.204,0,1,No,507.11,0.204,1,0
8680,2,201.85,2,40800.0,10880.37,0.267,0,1,N,201.85,0.267,1,0
7630,4,829.3,6,51300.0,9999.55,0.195,1,1,0,829.3,0.195,1,0
1715,1,463.27,3,30700.0,11285.18,36.8%,1,No,1,463.27,0.368,0,1
530,2,284.56,2,35800.0,10992.04,0.307,1,1,0,284.56,0.307,1,0
11733,2,315.79,3,6300.0,442.1,0.07,0,0,0,315.79,0.07,0,0
2083,4,829.81,6,21400.0,9308.63,43.5%,2,Yes,N,829.81,0.435,1,0
8681,2,581.9,3,56900.0,9726.23,17.1%,2,Y,N,581.9,0.171,1,0
7244,4,632.25,3,30000.0,12750.85,42.5%,1,1,0,632.25,0.425,1,0
10510,2,189.4,0,29800.0,12802.58,0.43,1,1,No,189.4,0.43,1,0
7600,1,516.71,3,21900.0,2548.67,0.116,0,No,0,516.71,0.116,0,0
8443,2,499.6,2,58000.0,7375.05,0.127,2,1,0,499.6,0.127,1,0
7993,2,314.87,6,11200.0,348.39,0.031,0,N,0,314.87,0.031,0,0
3492,1,641.7,6,18700.0,7966.02,0.426,1,0,Y,641.7,0.426,0,1
4404,4,1645.13,6,33800.0,2970.93,0.088,1,Y,0,1645.13,0.088,1,0
8377,1,300.28,1,53200.0,21196.56,0.398,1,N,0,300.28,0.398,0,0
10008,2,367.2,5,26200.0,7115.04,0.272,1,0,0,367.2,0.272,0,0
8477,1,1487.98,5,18400.0,714.53,0.039,1,0,N,1487.98,0.039,0,0
6326,2,333.93,2,14500.0,3103.02,0.214,1,1,N,333.93,0.214,1,0
11175,2,1362.84,11,43900.0,17256.55,39.3%,1,1,0,1362.84,0.39299999999999996,1,0
10117,2,277.67,2,2700.0,1456.97,0.54,0,Yes,No,277.67,0.54,1,0
6630,1,1630.98,11,46800.0,19171.28,41.0%,1,N,1,1630.98,0.41,0,1
10303,2,1256.64,8,23200.0,7110.2,0.306,4,0,0,1256.64,0.306,0,0
1864,1,465.61,5,43300.0,16605.33,0.383,1,N,N,465.61,0.383,0,0
7690,2,,3,43300.0,7809.78,0.18,0,1,N,411.22,0.18,1,0
4129,2,446.01,1,27800.0,10684.4,0.384,1,Y,0,446.01,0.384,1,0
5270,2,214.29,1,15400.0,8170.86,53.1%,2,0,0,214.29,0.531,0,0
9106,4,285.52,2,44900.0,11313.45,0.252,0,1,No,285.52,0.252,1,0
1994,5,600.37,2,24400.0,4369.11,0.179,1,Y,0,600.37,0.179,1,0
5810,2,218.02,2,59900.0,4228.11,0.071,0,No,N,218.02,0.071,0,0
11550,5,612.03,5,14300.0,1066.2,0.075,1,1,0,612.03,0.075,1,0
8048,1,429.58,2,55700.0,4826.41,8.7%,0,1,0,429.58,0.087,1,0
9479,4,344.57,2,25900.0,6495.01,0.251,0,1,No,344.57,0.251,1,0
5037,4,1419.15,11,31000.0,11066.83,0.357,1,1,No,1419.15,0.357,1,0
2371,3,1187.17,7,19600.0,7274.96,0.371,1,Yes,0,1187.17,0.371,1,0
9911,2,289.27,3,48600.0,13818.44,0.284,1,Yes,N,289.27,0.284,1,0
8376,2,942.72,4,26800.0,10881.82,40.6%,1,N,N,942.72,0.406,0,0
4346,1,210.4,0,37200.0,13274.92,0.357,3,0,No,210.4,0.357,0,0
2649,3,1195.27,11,33500.0,6036.86,1.52,0,1,N,1195.27,0.18,1,0
7522,2,690.94,1,42900.0,5097.99,11.9%,1,Y,0,690.94,0.11900000000000001,1,0
553,1,207.81,4,59500.0,44311.53,0.745,0,N,No,207.81,0.745,0,0
3262,2,592.38,4,16300.0,4061.26,0.249,1,1,N,592.38,0.249,1,0
10260,1,378.55,6,56400.0,27633.33,0.49,5,No,1,378.55,0.49,0,1
8524,4,611.0,7,46900.0,20751.51,0.442,0,Y,N,611.0,0.442,1,0
5582,1,320.25,4,17100.0,9235.51,0.54,0,N,N,320.25,0.54,0,0
8510,2,146.18,3,42000.0,5701.98,13.6%,0,Yes,No,146.18,0.136,1,0
154,2,2080.08,16,19100.0,9328.96,0.488,0,Y,No,2080.08,0.488,1,0
2404,2,365.7,6,18800.0,3296.78,0.175,0,1,0,365.7,0.175,1,0
10915,1,175.95,3,9700.0,2553.22,0.263,1,Yes,0,175.95,0.263,1,0
9777,1,214.48,0,35300.0,7164.74,0.203,0,Yes,No,214.48,0.203,1,0
1411,3,328.88,3,32200.0,12549.74,39.0%,2,1,0,328.88,0.39,1,0
11217,1,622.35,4,2800.0,437.43,0.156,0,0,0,622.35,0.156,0,0
221,1,759.02,3,25500.0,12027.92,47.2%,1,1,0,759.02,0.47200000000000003,1,0
2167,1,251.5,1,42600.0,3551.34,0.083,1,0,1,251.5,0.083,0,1
982,2,375.51,2,9600.0,979.23,0.102,1,1,0,375.51,0.102,1,0
1788,4,221.56,1,34700.0,5262.52,15.2%,2,Y,No,221.56,0.152,1,0
7680,3,546.4,1,15000.0,1456.32,0.097,4,Yes,0,546.4,0.097,1,0
6162,2,332.72,1,3200.0,382.82,0.12,0,1,0,332.72,0.12,1,0
5077,2,138.76,3,35900.0,5359.9,0.149,0,1,N,138.76,0.149,1,0
5856,2,258.41,4,56400.0,12846.68,0.228,3,1,N,258.41,0.228,1,0
3862,1,233.16,1,39300.0,8204.84,20.9%,0,0,1,233.16,0.209,0,1
5877,1,480.31,3,24600.0,10828.43,0.44,0,0,N,480.31,0.44,0,0
3176,1,632.95,9,20100.0,9818.73,0.488,1,0,N,632.95,0.488,0,0
9613,2,452.51,3,38400.0,8971.47,23.4%,0,0,No,452.51,0.23399999999999999,0,0
4338,1,267.96,2,24800.0,8641.66,0.348,0,0,0,267.96,0.348,0,0
23,3,416.11,2,44400.0,725.76,0.016,0,Y,0,416.11,0.016,1,0
7904,1,654.0,3,50600.0,12333.61,0.244,1,Yes,1,654.0,0.244,1,1
11372,1,235.56,1,50400.0,19837.68,0.394,2,0,0,235.56,0.394,0,0
11620,2,207.38,2,54900.0,47120.85,0.858,2,0,N,207.38,0.858,0,0
273,4,334.29,1,43200.0,2715.43,0.063,1,1,No,334.29,0.063,1,0
9610,1,626.27,4,40100.0,2617.09,6.5%,0,N,1,626.27,0.065,0,1
1471,1,311.45,2,16100.0,1348.5,0.084,1,Y,0,311.45,0.084,1,0
2734,4,326.94,4,37800.0,6310.76,0.167,1,1,No,326.94,0.167,1,0
215,3,488.89,2,35500.0,14733.41,41.5%,1,Yes,N,488.89,0.415,1,0
8687,1,564.01,3,17300.0,3495.85,0.202,0,0,0,564.01,0.202,0,0
9779,5,403.66,1,47000.0,17274.22,0.368,1,1,N,403.66,0.368,1,0
1602,2,459.85,0,33200.0,3456.13,0.104,2,0,0,459.85,0.104,0,0
11853,1,292.57,1,19600.0,6244.0,0.319,0,1,Yes,292.57,0.319,1,1
1970,2,152.83,2,15500.0,7740.46,0.499,2,Y,0,152.83,0.499,1,0
2254,2,271.25,0,8700.0,2201.05,0.253,1,1,No,271.25,0.253,1,0
6232,3,380.34,0,28700.0,9680.13,0.337,1,1,0,380.34,0.337,1,0
9284,1,224.59,1,18300.0,6448.1,0.352,0,Yes,Yes,224.59,0.352,1,1
9783,4,369.09,3,21000.0,2103.92,0.1,0,1,0,369.09,0.1,1,0
7629,4,404.49,2,48000.0,3002.54,0.063,1,Y,0,404.49,0.063,1,0
6816,5,325.41,0,16900.0,4045.63,23.9%,2,1,No,325.41,0.239,1,0
6791,1,330.6,1,42500.0,12086.38,0.284,0,0,No,330.6,0.284,0,0
3089,1,243.86,1,17500.0,2746.66,15.7%,3,N,1,243.86,0.157,0,1
2610,2,595.44,7,27700.0,9464.55,0.342,0,1,N,595.44,0.342,1,0
10796,1,305.3,0,11800.0,2996.85,0.254,1,1,1,305.3,0.254,1,1
63,3,133.18,3,30200.0,13967.0,0.462,0,1,0,133.18,0.462,1,0
7759,2,474.29,2,16800.0,8918.8,0.531,2,0,N,474.29,0.531,0,0
8229,3,311.03,1,39400.0,8068.18,20.5%,2,Y,0,311.03,0.205,1,0
3043,3,236.23,0,58500.0,18722.63,0.32,0,1,0,236.23,0.32,1,0
9108,5,324.35,2,21400.0,6758.55,0.316,2,Yes,0,324.35,0.316,1,0
10069,1,255.19,2,11700.0,629.13,0.054,0,0,0,255.19,0.054,0,0
9690,2,290.85,3,56400.0,17106.11,0.303,1,Yes,No,290.85,0.303,1,0
4149,3,579.44,3,41300.0,11054.05,0.268,1,1,0,579.44,0.268,1,0
533,3,447.59,6,38000.0,24446.54,0.643,1,0,N,447.59,0.643,0,0
11839,4,1231.47,9,25200.0,3485.4,0.138,1,Yes,0,1231.47,0.138,1,0
5633,2,236.15,2,33500.0,2997.79,0.089,0,N,N,236.15,0.089,0,0
9817,3,222.2,2,22800.0,9367.97,0.411,1,1,No,222.2,0.411,1,0
2070,1,247.4,1,25600.0,2822.65,0.11,2,N,Yes,247.4,0.11,0,1
5604,3,423.27,1,17200.0,6540.31,0.38,1,Yes,N,423.27,0.38,1,0
3117,3,576.01,4,13400.0,4001.39,0.299,2,1,No,576.01,0.299,1,0
6880,1,628.16,5,19300.0,5910.27,0.306,0,N,No,628.16,0.306,0,0
671,1,191.66,3,16600.0,6096.53,0.367,2,0,Y,191.66,0.367,0,1
10951,3,233.16,1,39700.0,21928.05,0.552,1,No,0,233.16,0.552,0,0
10363,1,489.08,3,38600.0,7465.01,0.193,1,No,1,489.08,0.193,0,1
4628,4,876.87,5,21300.0,5657.91,0.266,0,Yes,0,876.87,0.266,1,0
6480,3,737.11,3,28500.0,12139.66,42.6%,3,Y,0,737.11,0.426,1,0
4458,1,470.1,4,25500.0,2566.11,0.101,1,0,0,470.1,0.101,0,0
11400,3,752.0,5,25700.0,2646.85,0.103,0,1,N,752.0,0.103,1,0
1196,1,341.55,2,34600.0,3604.88,10.4%,1,No,0,341.55,0.10400000000000001,0,0
7938,5,382.35,2,8100.0,249.6,0.031,1,Y,0,382.35,0.031,1,0
9979,4,244.19,2,15500.0,4420.8,0.285,0,Y,0,244.19,0.285,1,0
9887,1,818.73,5,35700.0,9167.48,0.257,1,0,1,818.73,0.257,0,1
11671,1,357.57,1,15000.0,4649.68,0.31,3,N,0,357.57,0.31,0,0
419,4,357.8,6,17900.0,7944.86,0.444,0,Yes,0,357.8,0.444,1,0
5046,4,149.6,0,2300.0,543.17,23.6%,0,Yes,0,149.6,0.23600000000000002,1,0
6398,3,468.0,4,23600.0,2172.56,0.092,4,1,Y,468.0,0.092,1,1
3220,3,127.08,1,33700.0,7721.3,0.229,1,No,1,127.08,0.229,0,1
9949,4,177.93,1,42400.0,19206.15,45.3%,0,0,0,177.93,0.45299999999999996,0,0
789,1,406.61,2,34200.0,2931.95,0.086,1,No,Yes,406.61,0.086,0,1
8216,1,159.22,0,31900.0,2254.93,7.1%,0,0,N,159.22,0.071,0,0
2569,3,1297.96,13,21500.0,8703.92,0.405,3,Yes,0,1297.96,0.405,1,0
536,3,181.52,0,51400.0,6348.09,0.124,0,1,N,181.52,0.124,1,0
8295,5,665.53,8,58100.0,20995.52,0.361,1,1,No,665.53,0.361,1,0
2486,3,451.47,1,13400.0,8141.52,0.608,0,0,No,451.47,0.608,0,0
11434,1,182.26,4,45700.0,18043.18,0.395,0,0,N,182.26,0.395,0,0
12005,4,230.9,4,3400.0,438.81,0.129,2,Y,No,230.9,0.129,1,0
4975,2,636.8,5,51900.0,7667.43,0.148,1,1,No,636.8,0.148,1,0
10973,2,67.25,1,7000.0,2403.24,0.343,1,1,0,67.25,0.343,1,0
5960,1,947.64,11,28500.0,10964.32,0.385,2,N,N,947.64,0.385,0,0
4528,1,328.35,2,59800.0,12042.54,20.1%,0,N,No,328.35,0.201,0,0
5736,1,183.38,3,3300.0,1215.92,0.368,0,N,N,183.38,0.368,0,0
5931,5,253.14,0,32400.0,6089.98,18.8%,0,Y,0,253.14,0.188,1,0
11897,4,349.49,3,28800.0,1910.98,0.066,2,Yes,N,349.49,0.066,1,0
12069,1,697.45,1,35900.0,5211.59,0.145,2,0,N,697.45,0.145,0,0
11593,1,1137.5,3,44500.0,8144.08,0.183,2,No,No,1137.5,0.183,0,0
1322,2,389.1,1,50200.0,10577.52,0.211,3,Y,0,389.1,0.211,1,0
8380,2,345.66,1,34600.0,16689.72,0.482,1,Y,0,345.66,0.482,1,0
6386,2,508.86,3,13700.0,4247.18,0.31,0,Y,No,508.86,0.31,1,0
572,3,766.17,3,36700.0,16816.25,0.458,2,1,0,766.17,0.458,1,0
5080,1,767.11,8,7600.0,3299.9,43.4%,0,1,0,767.11,0.434,1,0
5782,4,276.54,2,18600.0,4095.94,0.22,1,Yes,No,276.54,0.22,1,0
10895,1,426.56,1,57700.0,25648.73,0.445,1,0,1,426.56,0.445,0,1
3333,1,1451.07,10,54600.0,20704.27,0.379,1,Yes,No,1451.07,0.379,1,0
1214,1,341.11,0,26400.0,4073.95,15.4%,1,1,N,341.11,0.154,1,0
7777,1,725.63,4,50600.0,3844.62,0.076,1,0,0,725.63,0.076,0,0
9470,1,399.74,5,46200.0,7693.77,0.167,3,0,Yes,399.74,0.167,0,1
666,3,118.72,2,16300.0,4238.05,0.26,0,1,No,118.72,0.26,1,0
2836,2,553.43,3,13200.0,4438.68,0.336,2,Yes,0,553.43,0.336,1,0
9645,3,,3,15900.0,3002.28,18.9%,3,1,N,411.22,0.18899999999999997,1,0
3574,2,240.14,3,14700.0,7203.23,0.49,0,Yes,N,240.14,0.49,1,0
10793,1,565.43,3,37900.0,3388.62,0.089,1,0,Y,565.43,0.089,0,1
163,2,469.52,3,22100.0,6404.66,29.0%,2,1,0,469.52,0.29,1,0
1962,3,935.6,8,16300.0,6137.38,0.377,1,Yes,N,935.6,0.377,1,0
11941,1,833.61,3,50800.0,3451.06,0.068,1,0,0,833.61,0.068,0,0
10136,2,312.42,3,11700.0,2984.11,0.255,2,Y,0,312.42,0.255,1,0
8743,5,,7,10200.0,4683.39,0.459,3,Yes,0,760.96,0.459,1,0
7875,3,522.93,2,31700.0,6698.63,0.211,1,Yes,0,522.93,0.211,1,0
4288,4,654.93,6,23500.0,1519.39,6.5%,1,No,N,654.93,0.065,0,0
11964,1,393.44,1,18500.0,4358.61,23.6%,1,0,No,393.44,0.23600000000000002,0,0
7176,3,321.25,1,43800.0,2940.07,0.067,2,1,0,321.25,0.067,1,0
7008,1,690.53,3,46600.0,13580.33,29.1%,1,No,N,690.53,0.29100000000000004,0,0
3303,3,331.39,4,38000.0,15137.69,39.8%,1,Yes,No,331.39,0.39799999999999996,1,0
4362,1,238.45,1,17100.0,4131.66,0.242,0,No,No,238.45,0.242,0,0
1916,1,1193.31,8,9900.0,2901.26,0.293,0,0,Y,1193.31,0.293,0,1
5553,2,358.44,4,22000.0,5292.57,0.241,0,1,No,358.44,0.241,1,0
2783,1,207.79,0,53600.0,5968.81,0.111,2,0,Y,207.79,0.111,0,1
5659,4,504.36,5,32400.0,14925.0,0.461,2,1,0,504.36,0.461,1,0
5514,2,316.78,4,27500.0,1785.64,0.065,2,Yes,0,316.78,0.065,1,0
4845,4,431.73,0,25300.0,6088.68,0.241,3,1,0,431.73,0.241,1,0
5038,1,796.62,2,50800.0,14990.7,0.295,0,0,Y,796.62,0.295,0,1
3202,3,706.63,3,35300.0,8190.37,23.2%,1,Yes,N,706.63,0.23199999999999998,1,0
3557,2,333.97,1,48000.0,9669.1,0.201,0,Yes,0,333.97,0.201,1,0
10184,1,325.11,0,55100.0,11418.01,0.207,1,1,Y,325.11,0.207,1,1
12009,3,579.71,2,13600.0,2635.56,0.194,0,1,0,579.71,0.194,1,0
8911,1,606.1,3,9300.0,5347.95,0.575,0,0,0,606.1,0.575,0,0
3428,4,579.98,7,38300.0,12993.65,0.339,0,Y,1,579.98,0.339,1,1
1527,1,683.73,6,51000.0,24391.42,0.478,2,0,Yes,683.73,0.478,0,1
9933,2,164.26,0,4400.0,1414.15,0.321,1,1,N,164.26,0.321,1,0
5804,4,557.63,2,56400.0,22815.24,0.405,1,N,No,557.63,0.405,0,0
4960,4,240.46,6,27200.0,9482.54,0.349,0,Y,0,240.46,0.349,1,0
6030,3,1057.94,8,49900.0,13629.1,0.273,0,1,N,1057.94,0.273,1,0
9750,1,386.62,0,18600.0,7688.1,0.413,1,0,1,386.62,0.413,0,1
5321,1,471.31,2,11000.0,3531.36,0.321,1,0,No,471.31,0.321,0,0
8942,2,252.47,3,44200.0,15055.56,34.1%,0,Yes,0,252.47,0.341,1,0
10812,2,300.49,1,16000.0,7243.2,0.453,0,Y,N,300.49,0.453,1,0
1759,2,405.55,7,40000.0,1552.47,0.039,1,1,No,405.55,0.039,1,0
11226,2,418.95,1,10600.0,5080.9,0.479,0,Y,N,418.95,0.479,1,0
896,4,344.92,4,9500.0,1387.64,0.146,0,Y,0,344.92,0.146,1,0
2219,1,1022.58,10,51500.0,15994.78,0.311,0,0,0,1022.58,0.311,0,0
4923,2,398.84,7,33500.0,9545.49,0.285,1,0,0,398.84,0.285,0,0
3405,1,797.53,3,58600.0,23763.83,0.406,3,No,1,797.53,0.406,0,1
2483,3,732.04,3,35400.0,8224.84,0.232,0,1,N,732.04,0.232,1,0
3326,1,400.8,5,5400.0,2957.15,0.548,1,No,1,400.8,0.548,0,1
2892,2,619.37,9,38400.0,6560.61,0.171,4,No,No,619.37,0.171,0,0
12143,3,296.89,1,9500.0,2499.05,0.263,0,1,N,296.89,0.263,1,0
6986,2,959.57,5,23400.0,9703.09,0.415,1,Y,N,959.57,0.415,1,0
2226,3,344.63,2,8000.0,1230.93,0.154,1,1,N,344.63,0.154,1,0
7104,5,465.04,5,45200.0,17410.24,0.385,1,Yes,No,465.04,0.385,1,0
8534,5,451.81,2,13000.0,2426.69,0.187,1,Y,0,451.81,0.187,1,0
6088,1,177.66,1,7100.0,2123.22,0.299,1,No,No,177.66,0.299,0,0
1461,2,475.72,3,9400.0,605.34,0.064,2,Yes,0,475.72,0.064,1,0
1740,2,44.56,2,3000.0,860.88,28.7%,1,1,No,44.56,0.287,1,0
4599,1,170.61,0,34600.0,1116.68,3.2%,0,No,0,170.61,0.032,0,0
6504,1,418.08,3,14700.0,3258.0,0.222,2,0,No,418.08,0.222,0,0
10204,1,410.41,3,6500.0,1369.37,21.1%,0,N,0,410.41,0.21100000000000002,0,0
4018,1,552.22,1,17000.0,12569.12,0.739,0,N,Yes,552.22,0.739,0,1
2873,2,407.64,0,29000.0,7940.22,0.274,3,Yes,0,407.64,0.274,1,0
10850,5,264.27,3,12100.0,9181.44,0.759,0,N,0,264.27,0.759,0,0
4298,2,257.02,3,41200.0,12512.51,0.304,1,Yes,0,257.02,0.304,1,0
8279,1,385.55,3,20400.0,12845.08,0.63,0,N,0,385.55,0.63,0,0
320,4,1134.95,11,24600.0,3911.19,0.159,0,1,No,1134.95,0.159,1,0
8710,1,316.6,3,41800.0,15274.41,0.365,1,Yes,Y,316.6,0.365,1,1
647,2,261.94,2,39700.0,15452.15,0.389,0,1,N,261.94,0.389,1,0
11037,1,785.3,8,25900.0,12816.9,0.495,1,0,0,785.3,0.495,0,0
11279,1,246.55,0,34400.0,1622.02,0.047,3,0,1,246.55,0.047,0,1
11759,1,210.6,2,56000.0,22933.05,41.0%,0,0,1,210.6,0.41,0,1
4147,5,490.39,2,28600.0,8636.38,0.302,2,1,0,490.39,0.302,1,0
3270,2,354.16,3,59300.0,17938.67,0.303,0,No,0,354.16,0.303,0,0
413,1,586.74,6,17600.0,6406.63,0.364,1,Y,1,586.74,0.364,1,1
9176,1,382.16,0,9800.0,4274.79,0.436,2,N,No,382.16,0.436,0,0
66,5,296.19,2,35300.0,12127.05,0.344,2,N,N,296.19,0.344,0,0
415,1,718.42,3,30900.0,7015.72,0.227,1,0,No,718.42,0.227,0,0
12032,2,187.1,0,35900.0,1375.9,3.8%,0,Yes,0,187.1,0.038,1,0
961,1,656.74,4,15400.0,4260.13,27.7%,2,Y,1,656.74,0.27699999999999997,1,1
1897,2,383.19,7,12700.0,4649.39,0.366,0,Yes,N,383.19,0.366,1,0
2570,1,290.87,3,15600.0,6940.49,0.445,1,1,N,290.87,0.445,1,0
2055,5,717.44,2,12300.0,4639.71,0.377,1,Y,N,717.44,0.377,1,0
7271,2,571.49,6,10000.0,534.14,5.3%,1,N,No,571.49,0.053,0,0
11185,1,667.09,5,23000.0,2502.59,10.9%,2,0,1,667.09,0.109,0,1
6610,2,391.41,1,58500.0,5267.14,0.09,1,Yes,0,391.41,0.09,1,0
7260,1,354.98,3,47100.0,12053.74,25.6%,0,0,Y,354.98,0.256,0,1
605,5,1601.77,10,31200.0,3601.56,0.115,3,Yes,0,1601.77,0.115,1,0
3368,1,168.78,0,27300.0,13294.11,0.487,1,No,No,168.78,0.487,0,0
