customer_id,age,region,income,tenure_months,signup_date,has_credit_card,age_clean,region_clean,income_clean,signup_date_clean
11496,55.0,East,119900.0,19,01/20/2017,1,55.0,East,119900.0,2017-01-20
6478,18.0,North,21200.0,2,"March 14, 2015",1,18.0,North,21200.0,2015-03-14
7327,51.0,West,42000.0,24,03-May-2019,1,51.0,West,42000.0,2019-05-03
11045,35.0,North,43000.0,61,"January 21, 2021",1,35.0,North,43000.0,2021-01-21
5125,35.0, North,50200.0,33,01/26/2020,1,35.0,North,50200.0,2020-01-26
8364,35.0,South,"$63,800",36,"October 10, 2021",1,35.0,South,63800.0,2021-10-10
5884,41.0,WEST,106100.0,78,07/16/2021,1,41.0,West,106100.0,2021-07-16
283,54.0,WEST,50400.0,25,2020-04-04,1,54.0,West,50400.0,2020-04-04
864,43.0,North,22600.0,10,26-Sep-2021,1,43.0,North,22600.0,2021-09-26
10689,26.0,East,90600.0,35,"November 21, 2018",0,26.0,East,90600.0,2018-11-21
10695,42.0,South,19800.0,41,01/04/2023,0,42.0,South,19800.0,2023-01-04
9228,31.0,South,24200.0,41,2020-07-15,1,31.0,South,24200.0,2020-07-15
7066,48.0,West,31700.0,43,2024-11-08,0,48.0,West,31700.0,2024-11-08
4650,39.0,NORTH,30400.0,67,07/22/2021,1,39.0,North,30400.0,2021-07-22
11820,48.0,East,77100.0,39,"November 21, 2019",1,48.0,East,77100.0,2019-11-21
2813,37.0,W. ,22900.0,125,"February 09, 2018",1,37.0,West,22900.0,2018-02-09
9129,50.0,South,35300.0,41,2016-10-02,1,50.0,South,35300.0,2016-10-02
9960,19.0,East,87500.0,62,19-Aug-2015,1,19.0,East,87500.0,2015-08-19
10479,35.0,East,39500.0,114,05/16/2016,1,35.0,East,39500.0,2016-05-16
6801,36.0,SOUTH,34900.0,21,"September 22, 2019",1,36.0,South,34900.0,2019-09-22
5494,35.0,South,41200.0,79,"August 30, 2022",1,35.0,South,41200.0,2022-08-30
11373,25.0,North,44000.0,54,11-Mar-2019,1,25.0,North,44000.0,2019-03-11
4995,48.0,E.,81600.0,6,2016-02-13,0,48.0,East,81600.0,2016-02-13
5138,48.0,East,"$103,600",39,07/04/2021,0,48.0,East,103600.0,2021-07-04
4877,54.0,South,"$59,600",65,2018-08-08,1,54.0,South,59600.0,2018-08-08
5915,49.0,West,47900.0,13,2016-12-27,0,49.0,West,47900.0,2016-12-27
8524,36.0,West,"$57,200",30,04/28/2019,0,36.0,West,57200.0,2019-04-28
11470,30.0,S.,50400.0,33,"January 08, 2016",1,30.0,South,50400.0,2016-01-08
36,57.0,WEST,108500.0,16,2023-12-20,1,57.0,West,108500.0,2023-12-20
5282,47.0,West,"$30,600",16,2023-07-03,1,47.0,West,30600.0,2023-07-03
9687,46.0,South,57600.0,52,2020-10-03,1,46.0,South,57600.0,2020-10-03
1893,27.0,East,67100.0,16,"February 09, 2021",0,27.0,East,67100.0,2021-02-09
480,76.0,West,38000.0,8,2015-07-01,1,76.0,West,38000.0,2015-07-01
5675,38.0,,19800.0,14,02/15/2015,1,38.0,Unknown,19800.0,2015-02-15
5913,49.0, East ,35600.0,56,2022-07-05,1,49.0,East,35600.0,2022-07-05
4482,41.0,North,"$53,600",39,12-Feb-2024,1,41.0,North,53600.0,2024-02-12
2771,55.0,East,49200.0,49,22-Aug-2018,1,55.0,East,49200.0,2018-08-22
4738,54.0,West,85500.0,63,2021-05-14,1,54.0,West,85500.0,2021-05-14
9050,32.0,North,74100.0,45,2023-04-26,1,32.0,North,74100.0,2023-04-26
3521,33.0,South,33500.0,8,2015-05-28,1,33.0,South,33500.0,2015-05-28
5870,68.0,North,28800.0,104,"May 27, 2016",1,68.0,North,28800.0,2016-05-27
5883,41.0,N.,39700.0,47,10-Apr-2021,1,41.0,North,39700.0,2021-04-10
7862,28.0, North,,16,06/14/2016,1,28.0,North,49400.0,2016-06-14
517,51.0,East,43900.0,32,11/25/2017,1,51.0,East,43900.0,2017-11-25
147,34.0,east,47600.0,71,04/15/2018,0,34.0,East,47600.0,2018-04-15
2013,,W. ,30200.0,2,2015-01-09,0,42.02803042831156,West,30200.0,2015-01-09
4845,41.0,W. ,95700.0,32,2022-11-05,0,41.0,West,95700.0,2022-11-05
6947,67.0,West,"$51,300",22,06/18/2016,1,67.0,West,51300.0,2016-06-18
7387,51.0,East,48900.0,54,2019-05-02,1,51.0,East,48900.0,2019-05-02
7220,31.0, North,37500.0,28,2024-04-29,1,31.0,North,37500.0,2024-04-29
6225,42.0,North,55200.0,27,"May 28, 2023",1,42.0,North,55200.0,2023-05-28
6847,38.0,East,73400.0,10,27-Jan-2020,1,38.0,East,73400.0,2020-01-27
8118,28.0,North,83800.0,57,12/03/2016,1,28.0,North,83800.0,2016-12-03
4277,52.0,East,"$53,500",40,11-Feb-2020,1,52.0,East,53500.0,2020-02-11
9781,40.0,North,"$37,200",53,"March 15, 2015",1,40.0,North,37200.0,2015-03-15
6474,29.0,East,30500.0,35,2020-06-22,1,29.0,East,30500.0,2020-06-22
989,38.0,West,"$40,700",62,2018-01-13,1,38.0,West,40700.0,2018-01-13
587,27.0,South,36000.0,27,29-Nov-2024,0,27.0,South,36000.0,2024-11-29
1538,20.0,,34500.0,24,,1,20.0,Unknown,34500.0,
11538,28.0,east,49800.0,59,2019-12-30,1,28.0,East,49800.0,2019-12-30
1519,38.0,South,75100.0,33,2019-01-18,1,38.0,South,75100.0,2019-01-18
3958,55.0,South,56600.0,48,11/27/2019,1,55.0,South,56600.0,2019-11-27
7517,52.0,North,34200.0,20,04/29/2019,0,52.0,North,34200.0,2019-04-29
9690,57.0,South,"$37,200",35,2023-06-08,1,57.0,South,37200.0,2023-06-08
11651,26.0,South,40700.0,19,21-Jan-2023,1,26.0,South,40700.0,2023-01-21
11549,32.0,west,56800.0,136,2019-04-27,1,32.0,West,56800.0,2019-04-27
4182,43.0,North,46200.0,6,2017-11-11,1,43.0,North,46200.0,2017-11-11
3014,44.0,North,16600.0,17,18-Aug-2017,0,44.0,North,16600.0,2017-08-18
6716,27.0,,23900.0,41,2019-03-30,0,27.0,Unknown,23900.0,2019-03-30
5863,29.0,North,63100.0,78,23-Feb-2015,0,29.0,North,63100.0,2015-02-23
1329,40.0,SOUTH,41400.0,15,"May 24, 2024",1,40.0,South,41400.0,2024-05-24
5795,29.0,East,17900.0,76,"October 14, 2017",0,29.0,East,17900.0,2017-10-14
3039,31.0,East,"$101,400",64,"May 03, 2024",1,31.0,East,101400.0,2024-05-03
10654,39.0,North,58600.0,56,2022-04-25,0,39.0,North,58600.0,2022-04-25
10371,47.0,West,"$50,900",14,13-Feb-2024,0,47.0,West,50900.0,2024-02-13
10351,32.0,N.,27800.0,86,15-Aug-2019,1,32.0,North,27800.0,2019-08-15
2049,43.0,SOUTH,18100.0,41,06/29/2018,0,43.0,South,18100.0,2018-06-29
11716,35.0,North,20400.0,48,2023-05-19,1,35.0,North,20400.0,2023-05-19
1886,45.0,East,84700.0,96,"September 19, 2017",0,45.0,East,84700.0,2017-09-19
369,45.0,West,28400.0,76,2017-06-04,1,45.0,West,28400.0,2017-06-04
2731,27.0,SOUTH,59100.0,70,17-Apr-2024,1,27.0,South,59100.0,2024-04-17
10290,37.0,west,70800.0,63,01-Aug-2017,1,37.0,West,70800.0,2017-08-01
6505,44.0,North,33400.0,22,"October 13, 2019",1,44.0,North,33400.0,2019-10-13
10651,18.0,SOUTH,66300.0,59,2015-11-16,1,18.0,South,66300.0,2015-11-16
7147,63.0,SOUTH,53600.0,103,"April 22, 2024",0,63.0,South,53600.0,2024-04-22
7433,61.0,North,122200.0,65,2015-07-14,1,61.0,North,122200.0,2015-07-14
8503,32.0,North,36000.0,13,2022-10-02,1,32.0,North,36000.0,2022-10-02
2713,41.0,SOUTH,49100.0,84,12-Jun-2016,1,41.0,South,49100.0,2016-06-12
4009,31.0,North,56800.0,50,23-Aug-2023,1,31.0,North,56800.0,2023-08-23
9728,58.0,East,37700.0,24,28-Dec-2022,1,58.0,East,37700.0,2022-12-28
8518,42.0,North,77700.0,23,04/06/2016,1,42.0,North,77700.0,2016-04-06
7374,31.0,SOUTH,25600.0,11,2016-08-16,1,31.0,South,25600.0,2016-08-16
6127,52.0,East,42400.0,52,09/03/2019,1,52.0,East,42400.0,2019-09-03
10384,67.0,West,68500.0,13,14-Jan-2015,0,67.0,West,68500.0,2015-01-14
5620,48.0,East,"$68,300",51,07/05/2024,1,48.0,East,68300.0,2024-07-05
8371,48.0,South,28500.0,33,02/18/2019,1,48.0,South,28500.0,2019-02-18
6209,55.0,East,38600.0,41,07/13/2015,1,55.0,East,38600.0,2015-07-13
11252,57.0,S.,"$76,400",41,2017-03-17,1,57.0,South,76400.0,2017-03-17
2357,44.0,North,59900.0,57,05-Jun-2017,0,44.0,North,59900.0,2017-06-05
9532,22.0,West,,76,2020-11-07,1,22.0,West,49400.0,2020-11-07
1821,18.0,North,96000.0,89,2022-12-03,1,18.0,North,96000.0,2022-12-03
1035,,North,56200.0,31,08/18/2016,1,42.02803042831156,North,56200.0,2016-08-18
868,37.0,North,60000.0,15,11/23/2022,1,37.0,North,60000.0,2022-11-23
5524,53.0, North,63200.0,29,20-Jan-2021,0,53.0,North,63200.0,2021-01-20
4152,61.0,WEST,30900.0,23,"August 08, 2019",1,61.0,West,30900.0,2019-08-08
10312,33.0,E.,"$22,000",22,"July 08, 2015",1,33.0,East,22000.0,2015-07-08
5877,35.0,East,"$43,800",141,2018-09-12,1,35.0,East,43800.0,2018-09-12
1327,46.0,East,68600.0,20,2015-04-23,1,46.0,East,68600.0,2015-04-23
3750,59.0,East,38400.0,34,14-Jun-2023,1,59.0,East,38400.0,2023-06-14
3944,51.0,South,94500.0,64,07/01/2017,1,51.0,South,94500.0,2017-07-01
3909,28.0,North,84600.0,13,2021-05-22,1,28.0,North,84600.0,2021-05-22
1202,36.0,South,31100.0,39,2018-09-23,1,36.0,South,31100.0,2018-09-23
2662,33.0,West,45900.0,35,"July 13, 2024",1,33.0,West,45900.0,2024-07-13
7955,37.0,North,98500.0,18,08-Mar-2015,1,37.0,North,98500.0,2015-03-08
821,36.0,North,22500.0,21,2024-08-10,1,36.0,North,22500.0,2024-08-10
6308,37.0,North,76300.0,35,"April 26, 2018",1,37.0,North,76300.0,2018-04-26
10444,25.0,North,54700.0,34,2019-04-22,1,25.0,North,54700.0,2019-04-22
8586,58.0,South,55000.0,32,"April 23, 2021",1,58.0,South,55000.0,2021-04-23
11938,53.0,North,"$26,600",65,"December 05, 2015",1,53.0,North,26600.0,2015-12-05
3475,25.0,South,21600.0,25,07-Oct-2020,1,25.0,South,21600.0,2020-10-07
8879,36.0,North,"$65,700",25,"August 08, 2023",0,36.0,North,65700.0,2023-08-08
2955,18.0,W. ,73500.0,45,05/29/2016,1,18.0,West,73500.0,2016-05-29
556,38.0,West,"$85,900",35,2017-12-27,0,38.0,West,85900.0,2017-12-27
223,44.0,West,52300.0,111,2015-03-14,1,44.0,West,52300.0,2015-03-14
7753,18.0,East,97500.0,25,10/02/2023,1,18.0,East,97500.0,2023-10-02
1366,47.0,NORTH,51400.0,60,"August 23, 2024",1,47.0,North,51400.0,2024-08-23
2417,32.0,South,52700.0,65,2017-08-25,1,32.0,South,52700.0,2017-08-25
8226,37.0, North,53800.0,27,2018-08-22,0,37.0,North,53800.0,2018-08-22
3972,45.0,East,37100.0,43,02-May-2024,1,45.0,East,37100.0,2024-05-02
1226,49.0,SOUTH,35800.0,79,"September 19, 2017",1,49.0,South,35800.0,2017-09-19
9268,41.0,North,65800.0,39,2018-12-07,1,41.0,North,65800.0,2018-12-07
8691,30.0,East,32600.0,29,"December 01, 2017",1,30.0,East,32600.0,2017-12-01
4185,42.0,South,45300.0,24,04-Dec-2020,1,42.0,South,45300.0,2020-12-04
5569,40.0,North,41100.0,19,05/18/2023,1,40.0,North,41100.0,2023-05-18
210,38.0,West,30800.0,48,2024-09-01,1,38.0,West,30800.0,2024-09-01
8912,22.0,West,102300.0,49,"October 25, 2018",1,22.0,West,102300.0,2018-10-25
8293,37.0,E.,20200.0,116,"August 08, 2015",1,37.0,East,20200.0,2015-08-08
6364,42.0,East,55300.0,86,2018-11-22,1,42.0,East,55300.0,2018-11-22
8650,39.0,North,72100.0,32,2023-07-11,1,39.0,North,72100.0,2023-07-11
2117,43.0,WEST,37200.0,46,2023-04-13,1,43.0,West,37200.0,2023-04-13
4181,58.0,East,"$20,700",34,"August 26, 2019",1,58.0,East,20700.0,2019-08-26
136,29.0,South,33000.0,28,05/14/2021,1,29.0,South,33000.0,2021-05-14
4446,28.0,West,38900.0,81,04/09/2021,1,28.0,West,38900.0,2021-04-09
8261,22.0,,"$59,600",6,01/08/2023,0,22.0,Unknown,59600.0,2023-01-08
894,43.0,North,49100.0,76,2023-12-12,1,43.0,North,49100.0,2023-12-12
944,58.0,East,44100.0,6,2020-10-11,1,58.0,East,44100.0,2020-10-11
11292,22.0,west,64700.0,18,14-Dec-2021,1,22.0,West,64700.0,2021-12-14
9842,39.0,North,"$50,800",7,2015-03-23,1,39.0,North,50800.0,2015-03-23
4424,33.0,South,56500.0,21,2016-01-13,0,33.0,South,56500.0,2016-01-13
5938,52.0,North,"$114,400",57,02-Feb-2023,1,52.0,North,114400.0,2023-02-02
3153,47.0,West,66700.0,18,05/17/2016,1,47.0,West,66700.0,2016-05-17
4162,25.0,north,55000.0,21,2024-05-04,1,25.0,North,55000.0,2024-05-04
3920,47.0,South,"$46,200",50,2018-10-31,1,47.0,South,46200.0,2018-10-31
7864,37.0,East,170300.0,21,2018-03-19,0,37.0,East,170300.0,2018-03-19
4730,38.0,East,87500.0,84,2023-11-28,1,38.0,East,87500.0,2023-11-28
224,28.0,South,36100.0,41,2020-08-08,0,28.0,South,36100.0,2020-08-08
5048,28.0,South,130400.0,8,12/02/2017,1,28.0,South,130400.0,2017-12-02
7269,66.0,NORTH,140600.0,26,"February 24, 2021",1,66.0,North,140600.0,2021-02-24
1430,52.0,West,67300.0,122,"April 02, 2023",1,52.0,West,67300.0,2023-04-02
4868,38.0,South,48400.0,54,2019-10-04,1,38.0,South,48400.0,2019-10-04
11703,28.0,North,128100.0,9,09-Oct-2024,1,28.0,North,128100.0,2024-10-09
10806,26.0,North,42300.0,60,"August 17, 2021",1,26.0,North,42300.0,2021-08-17
11413,35.0,Unknown,,65,09/06/2019,0,35.0,Unknown,49400.0,2019-09-06
8092,85.0,South,110000.0,13,30-Mar-2023,1,85.0,South,110000.0,2023-03-30
1934,59.0,North,68400.0,17,29-Nov-2023,0,59.0,North,68400.0,2023-11-29
8552,45.0,N.,21200.0,15,"November 29, 2017",1,45.0,North,21200.0,2017-11-29
5079,53.0,north,81600.0,11,"December 22, 2016",0,53.0,North,81600.0,2016-12-22
1031,57.0,East,75100.0,55,04/18/2022,1,57.0,East,75100.0,2022-04-18
574,,West,26900.0,71,"September 15, 2018",1,42.02803042831156,West,26900.0,2018-09-15
8646,38.0,East,17300.0,12,30-Dec-2018,1,38.0,East,17300.0,2018-12-30
7275,29.0,North,67700.0,26,2023-10-02,1,29.0,North,67700.0,2023-10-02
5914,40.0,North,43500.0,42,2020-07-03,1,40.0,North,43500.0,2020-07-03
7418,32.0,West,31800.0,15,2023-04-27,1,32.0,West,31800.0,2023-04-27
6694,50.0,West,42400.0,28,12-Mar-2015,1,50.0,West,42400.0,2015-03-12
1899,36.0,West,32400.0,42,09-Mar-2021,1,36.0,West,32400.0,2021-03-09
7154,44.0,NORTH,73500.0,16,2017-07-07,1,44.0,North,73500.0,2017-07-07
11100,62.0,West,31700.0,60,05/16/2017,1,62.0,West,31700.0,2017-05-16
2900,53.0,West,49400.0,29,09/10/2015,1,53.0,West,49400.0,2015-09-10
11830,53.0,South,111000.0,54,12/08/2020,0,53.0,South,111000.0,2020-12-08
10096,43.0,WEST,117000.0,49,"April 22, 2023",1,43.0,West,117000.0,2023-04-22
336,26.0,North,24900.0,40,2019-12-30,1,26.0,North,24900.0,2019-12-30
9646,27.0,WEST,63000.0,38,"July 24, 2020",0,27.0,West,63000.0,2020-07-24
6076,18.0,East,79300.0,89,19-Jun-2019,1,18.0,East,79300.0,2019-06-19
9527,41.0, East ,21400.0,28,11-Aug-2021,1,41.0,East,21400.0,2021-08-11
9912,33.0,South,46400.0,69,10/04/2017,0,33.0,South,46400.0,2017-10-04
3921,46.0,NORTH,68400.0,3,07/02/2015,1,46.0,North,68400.0,2015-07-02
8988,18.0,East,43500.0,43,2020-05-19,1,18.0,East,43500.0,2020-05-19
2976,,South,41000.0,38,"December 18, 2019",1,42.02803042831156,South,41000.0,2019-12-18
4435,67.0,North,33600.0,86,"July 30, 2018",1,67.0,North,33600.0,2018-07-30
6971,-5.0,East,15000.0,29,23-Jul-2024,0,42.02803042831156,East,15000.0,2024-07-23
2997,26.0,SOUTH,48900.0,67,"January 08, 2018",1,26.0,South,48900.0,2018-01-08
6848,18.0,East,36900.0,41,05/27/2017,1,18.0,East,36900.0,2017-05-27
406,39.0,North,46700.0,27,2018-09-20,1,39.0,North,46700.0,2018-09-20
5590,29.0,South,72900.0,8,2023-02-13,0,29.0,South,72900.0,2023-02-13
10584,62.0,East,61500.0,14,2015-11-07,1,62.0,East,61500.0,2015-11-07
1145,42.0,NORTH,30700.0,48,10-Feb-2018,1,42.0,North,30700.0,2018-02-10
7402,62.0,East,53500.0,31,01/13/2015,1,62.0,East,53500.0,2015-01-13
1074,21.0,West,93000.0,38,"June 29, 2024",0,21.0,West,93000.0,2024-06-29
2836,41.0,East,98300.0,86,24-Jul-2021,1,41.0,East,98300.0,2021-07-24
2017,42.0,East,74300.0,25,2022-12-08,1,42.0,East,74300.0,2022-12-08
9369,33.0,North,"$54,400",73,"October 10, 2023",0,33.0,North,54400.0,2023-10-10
663,30.0,East,42700.0,58,07/20/2018,0,30.0,East,42700.0,2018-07-20
3133,43.0,North,85000.0,72,12/20/2024,1,43.0,North,85000.0,2024-12-20
9641,42.0,north,62600.0,70,2020-11-07,0,42.0,North,62600.0,2020-11-07
6510,47.0,WEST,52800.0,58,02-Nov-2023,0,47.0,West,52800.0,2023-11-02
7068,18.0,West,76000.0,13,09/18/2023,1,18.0,West,76000.0,2023-09-18
2990,60.0,South,46300.0,26,06/13/2019,1,60.0,South,46300.0,2019-06-13
7630,38.0,West,50800.0,17,03/03/2015,1,38.0,West,50800.0,2015-03-03
6383,51.0,West,"$43,700",73,"February 02, 2021",1,51.0,West,43700.0,2021-02-02
10445,32.0,South,"$109,200",38,23-Feb-2020,1,32.0,South,109200.0,2020-02-23
7629,40.0,EAST,44400.0,31,05/08/2016,0,40.0,East,44400.0,2016-05-08
2911,36.0,SOUTH,54600.0,34,23-May-2023,1,36.0,South,54600.0,2023-05-23
2419,50.0,West,43400.0,56,2021-05-17,1,50.0,West,43400.0,2021-05-17
2053,57.0,West,29200.0,36,04-Sep-2015,1,57.0,West,29200.0,2015-09-04
479,42.0,East,74700.0,39,05/29/2024,1,42.0,East,74700.0,2024-05-29
5050,55.0,West,64000.0,26,"October 08, 2021",1,55.0,West,64000.0,2021-10-08
8762,43.0,North,33400.0,17,2017-04-28,1,43.0,North,33400.0,2017-04-28
8713,57.0,West,31800.0,37,03-Jan-2016,1,57.0,West,31800.0,2016-01-03
2489,60.0,East,37300.0,39,23-Apr-2019,0,60.0,East,37300.0,2019-04-23
11883,57.0,West,37200.0,114,2021-12-15,1,57.0,West,37200.0,2021-12-15
7930,65.0,South,71700.0,43,"December 03, 2016",0,65.0,South,71700.0,2016-12-03
8356,18.0,North,"$50,500",24,"September 03, 2018",1,18.0,North,50500.0,2018-09-03
7655,50.0,West,183300.0,20,01/05/2019,1,50.0,West,183300.0,2019-01-05
5342,45.0,West,17100.0,43,2021-12-05,1,45.0,West,17100.0,2021-12-05
8887,40.0,East,37200.0,23,02/27/2019,1,40.0,East,37200.0,2019-02-27
7351,60.0,west,40200.0,16,11/10/2022,1,60.0,West,40200.0,2022-11-10
11722,37.0,East,76600.0,95,2024-05-07,1,37.0,East,76600.0,2024-05-07
4483,48.0,east,31000.0,35,07-Apr-2023,1,48.0,East,31000.0,2023-04-07
5198,27.0,South,56900.0,30,09-May-2020,0,27.0,South,56900.0,2020-05-09
10225,38.0,W. ,"$77,000",30,"November 15, 2024",1,38.0,West,77000.0,2024-11-15
4413,52.0,West,85500.0,53,"May 23, 2016",1,52.0,West,85500.0,2016-05-23
4675,46.0,WEST,"$41,200",10,2015-07-13,1,46.0,West,41200.0,2015-07-13
11563,39.0,South,44700.0,14,14-Apr-2016,1,39.0,South,44700.0,2016-04-14
5487,67.0,West,44200.0,41,10/25/2024,0,67.0,West,44200.0,2024-10-25
11620,43.0,North,76100.0,52,"July 03, 2020",1,43.0,North,76100.0,2020-07-03
4873,24.0,South,18200.0,21,09/01/2018,1,24.0,South,18200.0,2018-09-01
7241,,North,"$106,700",29,05/09/2024,0,42.02803042831156,North,106700.0,2024-05-09
1363,19.0,West,53100.0,26,2021-05-12,1,19.0,West,53100.0,2021-05-12
9591,33.0,West,42100.0,30,14-Aug-2018,0,33.0,West,42100.0,2018-08-14
735,46.0,North,84300.0,10,25-Sep-2023,1,46.0,North,84300.0,2023-09-25
3785,66.0,E.,29500.0,24,"May 14, 2023",1,66.0,East,29500.0,2023-05-14
4364,34.0, EAST ,36700.0,10,08-Jul-2024,1,34.0,East,36700.0,2024-07-08
4684,34.0,West,61500.0,9,05/13/2016,1,34.0,West,61500.0,2016-05-13
9465,23.0,West,24500.0,10,"March 18, 2015",0,23.0,West,24500.0,2015-03-18
5621,75.0,East,44800.0,11,04/24/2020,0,75.0,East,44800.0,2020-04-24
5489,29.0,South,27000.0,16,2018-11-07,0,29.0,South,27000.0,2018-11-07
11031,30.0,East,98000.0,20,05/24/2022,1,30.0,East,98000.0,2022-05-24
5605,41.0,North,"$54,300",9,"July 16, 2023",1,41.0,North,54300.0,2023-07-16
3424,29.0,NORTH,59300.0,40,09/25/2024,1,29.0,North,59300.0,2024-09-25
8403,37.0,south ,33600.0,25,28-Oct-2023,1,37.0,South,33600.0,2023-10-28
9068,62.0,East,28600.0,65,2023-05-05,1,62.0,East,28600.0,2023-05-05
1294,18.0,North,84100.0,29,06/10/2015,1,18.0,North,84100.0,2015-06-10
1407,45.0,South,35300.0,52,09-Apr-2016,1,45.0,South,35300.0,2016-04-09
7550,48.0,NORTH,23500.0,57,03/10/2018,1,48.0,North,23500.0,2018-03-10
6937,33.0,south ,78700.0,60,03/13/2018,1,33.0,South,78700.0,2018-03-13
5904,44.0,South,77400.0,29,2022-10-28,1,44.0,South,77400.0,2022-10-28
10084,44.0,,90500.0,18,10/11/2017,1,44.0,Unknown,90500.0,2017-10-11
5471,38.0,East,20900.0,70,17-Sep-2023,1,38.0,East,20900.0,2023-09-17
11514,44.0,E.,32300.0,23,"January 02, 2020",1,44.0,East,32300.0,2020-01-02
6421,42.0,South,27700.0,22,08/25/2017,1,42.0,South,27700.0,2017-08-25
5639,47.0,South,42500.0,38,02/28/2015,0,47.0,South,42500.0,2015-02-28
8107,51.0,South,62700.0,11,07/19/2015,1,51.0,South,62700.0,2015-07-19
8986,59.0,West,87700.0,57,12/07/2021,1,59.0,West,87700.0,2021-12-07
6451,52.0,North,43900.0,65,02-Dec-2023,1,52.0,North,43900.0,2023-12-02
5418,,East,18900.0,11,06-Oct-2018,0,42.02803042831156,East,18900.0,2018-10-06
8776,20.0,West,39200.0,32,2018-03-27,1,20.0,West,39200.0,2018-03-27
10881,36.0,West,17400.0,21,11-Dec-2021,1,36.0,West,17400.0,2021-12-11
317,43.0,South,48100.0,23,01/13/2016,1,43.0,South,48100.0,2016-01-13
11305,26.0,North,26900.0,24,07/17/2016,1,26.0,North,26900.0,2016-07-17
7082,56.0,South,"$26,100",13,2021-07-25,0,56.0,South,26100.0,2021-07-25
8638,51.0,east,35700.0,64,24-Jun-2024,1,51.0,East,35700.0,2024-06-24
10870,18.0,East,44100.0,44,"October 18, 2019",1,18.0,East,44100.0,2019-10-18
6592,64.0,S.,41000.0,51,2023-04-04,1,64.0,South,41000.0,2023-04-04
4941,47.0,West,50300.0,52,2018-02-09,1,47.0,West,50300.0,2018-02-09
1741,37.0,North,35900.0,30,08-May-2017,0,37.0,North,35900.0,2017-05-08
395,51.0,South,20200.0,20,04/04/2023,0,51.0,South,20200.0,2023-04-04
10916,26.0,South,49700.0,26,09/27/2017,1,26.0,South,49700.0,2017-09-27
9140,18.0,West,59200.0,35,2024-09-19,1,18.0,West,59200.0,2024-09-19
9234,18.0,N.,26400.0,51,"June 27, 2015",0,18.0,North,26400.0,2015-06-27
7053,49.0,West,77700.0,47,25-Nov-2019,1,49.0,West,77700.0,2019-11-25
10896,56.0,East,51600.0,17,07/20/2015,1,56.0,East,51600.0,2015-07-20
373,53.0,South,64000.0,43,"December 22, 2020",1,53.0,South,64000.0,2020-12-22
3362,18.0,,43200.0,74,"March 05, 2021",1,18.0,Unknown,43200.0,2021-03-05
129,34.0,East,50100.0,45,29-Jul-2018,1,34.0,East,50100.0,2018-07-29
491,56.0,West,142400.0,35,22-Jul-2021,1,56.0,West,142400.0,2021-07-22
2378,33.0,North,15000.0,41,16-Apr-2021,1,33.0,North,15000.0,2021-04-16
9175,73.0,North,28900.0,8,"August 27, 2024",1,73.0,North,28900.0,2024-08-27
9744,45.0,North,46100.0,76,19-Nov-2023,0,45.0,North,46100.0,2023-11-19
18,30.0,East,20000.0,15,"January 17, 2022",1,30.0,East,20000.0,2022-01-17
9822,25.0,West,31000.0,35,28-Nov-2015,0,25.0,West,31000.0,2015-11-28
1584,,North,55400.0,32,2024-09-22,1,42.02803042831156,North,55400.0,2024-09-22
5119,33.0,Unknown,36900.0,66,"January 20, 2017",0,33.0,Unknown,36900.0,2017-01-20
4387,38.0,W. ,59200.0,33,2022-11-23,1,38.0,West,59200.0,2022-11-23
2559,61.0,North,42000.0,43,2017-08-01,0,61.0,North,42000.0,2017-08-01
3078,,SOUTH,105100.0,10,22-Jun-2022,1,42.02803042831156,South,105100.0,2022-06-22
664,38.0,South,106100.0,57,03-Mar-2020,0,38.0,South,106100.0,2020-03-03
5068,54.0,South,"$48,800",77,2017-04-26,1,54.0,South,48800.0,2017-04-26
5165,30.0,North,"$66,700",32,04/22/2022,1,30.0,North,66700.0,2022-04-22
4208,54.0,East,"$17,600",67,2021-05-23,1,54.0,East,17600.0,2021-05-23
794,47.0,West,46700.0,37,06-Mar-2021,1,47.0,West,46700.0,2021-03-06
5426,34.0,North,65900.0,16,2021-08-06,1,34.0,North,65900.0,2021-08-06
23,58.0,south ,71100.0,44,09-Dec-2015,1,58.0,South,71100.0,2015-12-09
8624,53.0,SOUTH,71900.0,65,"September 12, 2015",1,53.0,South,71900.0,2015-09-12
1166,31.0,North,"$33,100",16,23-Apr-2021,0,31.0,North,33100.0,2021-04-23
11997,40.0,East,29900.0,38,"March 24, 2020",0,40.0,East,29900.0,2020-03-24
10825,49.0,South,28500.0,8,2024-07-02,1,49.0,South,28500.0,2024-07-02
8473,46.0,South,"$49,200",37,04/19/2017,0,46.0,South,49200.0,2017-04-19
4271,25.0,North,134400.0,30,02/27/2019,1,25.0,North,134400.0,2019-02-27
2557,18.0,N.,"$36,900",47,"February 26, 2022",1,18.0,North,36900.0,2022-02-26
6324,35.0,North,19000.0,9,2024-09-26,1,35.0,North,19000.0,2024-09-26
7929,18.0,east,"$66,400",39,07/21/2024,1,18.0,East,66400.0,2024-07-21
5097,56.0,East,"$40,400",40,"December 23, 2018",1,56.0,East,40400.0,2018-12-23
9249,59.0,South,59500.0,39,09-Mar-2015,1,59.0,South,59500.0,2015-03-09
11667,43.0,East,26200.0,24,08/31/2020,1,43.0,East,26200.0,2020-08-31
4423,24.0,South,56600.0,26,2022-11-12,0,24.0,South,56600.0,2022-11-12
100,30.0,East,33300.0,4,"October 13, 2019",1,30.0,East,33300.0,2019-10-13
3526,62.0,West,81400.0,53,2018-07-22,1,62.0,West,81400.0,2018-07-22
2022,32.0,N.,62400.0,29,"June 02, 2016",1,32.0,North,62400.0,2016-06-02
1916,18.0,,"$36,200",15,2018-04-02,1,18.0,Unknown,36200.0,2018-04-02
4780,42.0,North,52500.0,13,31-Mar-2019,0,42.0,North,52500.0,2019-03-31
4544,29.0,North,49800.0,22,2019-12-21,1,29.0,North,49800.0,2019-12-21
11186,41.0,WEST,18600.0,44,"November 22, 2016",1,41.0,West,18600.0,2016-11-22
601,49.0,North,115700.0,55,"August 10, 2022",1,49.0,North,115700.0,2022-08-10
10125,21.0,North,74000.0,70,"May 15, 2024",1,21.0,North,74000.0,2024-05-15
2088,36.0,West,39800.0,36,03/20/2023,1,36.0,West,39800.0,2023-03-20
2132,72.0,North,44700.0,45,08/08/2016,1,72.0,North,44700.0,2016-08-08
1481,,West,44400.0,94,2024-12-21,1,42.02803042831156,West,44400.0,2024-12-21
8698,38.0,North,54000.0,35,01/15/2024,1,38.0,North,54000.0,2024-01-15
5641,37.0,North,56400.0,35,03/19/2018,1,37.0,North,56400.0,2018-03-19
5025,36.0,NORTH,31500.0,33,15-Sep-2018,1,36.0,North,31500.0,2018-09-15
1298,33.0,W. ,18400.0,24,"May 01, 2019",1,33.0,West,18400.0,2019-05-01
8452,35.0,Unknown,"$19,500",20,2017-02-12,1,35.0,Unknown,19500.0,2017-02-12
113,34.0,west,61400.0,20,19-Sep-2016,1,34.0,West,61400.0,2016-09-19
343,43.0,South,73000.0,4,16-Jul-2019,1,43.0,South,73000.0,2019-07-16
2299,35.0,W. ,45800.0,20,"August 08, 2024",1,35.0,West,45800.0,2024-08-08
9439,55.0,S.,80000.0,49,2024-01-25,1,55.0,South,80000.0,2024-01-25
5768,63.0,South,50500.0,57,"September 17, 2019",1,63.0,South,50500.0,2019-09-17
1704,18.0,West,30000.0,42,29-May-2017,1,18.0,West,30000.0,2017-05-29
11278,52.0,North,78700.0,90,2016-07-19,1,52.0,North,78700.0,2016-07-19
11185,38.0,South,122800.0,22,"April 20, 2024",0,38.0,South,122800.0,2024-04-20
10268,48.0,East,21400.0,22,02/20/2020,1,48.0,East,21400.0,2020-02-20
3117,33.0,E.,"$59,300",30,2023-02-23,0,33.0,East,59300.0,2023-02-23
1075,30.0, North,36500.0,34,02-Oct-2016,1,30.0,North,36500.0,2016-10-02
9863,, North,56900.0,6,07/03/2018,1,42.02803042831156,North,56900.0,2018-07-03
2855,31.0,East,48800.0,3,2017-03-01,1,31.0,East,48800.0,2017-03-01
6597,39.0,North,87300.0,84,"March 30, 2023",0,39.0,North,87300.0,2023-03-30
5266,41.0,North,89100.0,7,2022-01-22,0,41.0,North,89100.0,2022-01-22
10390,52.0,West,47000.0,7,"March 21, 2021",1,52.0,West,47000.0,2021-03-21
4415,40.0,West,49000.0,63,08/29/2020,0,40.0,West,49000.0,2020-08-29
8146,40.0,W. ,"$43,500",14,11-Aug-2021,0,40.0,West,43500.0,2021-08-11
9919,35.0,West,"$29,900",43,"February 23, 2023",1,35.0,West,29900.0,2023-02-23
814,35.0,East,51000.0,60,01/18/2018,1,35.0,East,51000.0,2018-01-18
8111,41.0,N.,48800.0,15,03/23/2018,1,41.0,North,48800.0,2018-03-23
11611,25.0,west,48100.0,68,12/29/2020,1,25.0,West,48100.0,2020-12-29
10699,52.0,North,40000.0,55,"June 27, 2019",0,52.0,North,40000.0,2019-06-27
6907,29.0,east,33300.0,6,03/09/2018,1,29.0,East,33300.0,2018-03-09
9573,39.0,East,33000.0,56,"August 18, 2015",1,39.0,East,33000.0,2015-08-18
10130,60.0,West,61700.0,61,27-Dec-2015,1,60.0,West,61700.0,2015-12-27
4518,40.0,South,37600.0,41,10/17/2017,1,40.0,South,37600.0,2017-10-17
64,50.0,North,"$47,700",28,2022-03-05,0,50.0,North,47700.0,2022-03-05
6268,57.0,S.,64700.0,72,"April 02, 2017",1,57.0,South,64700.0,2017-04-02
8665,50.0,North,58300.0,64,05/05/2019,1,50.0,North,58300.0,2019-05-05
8984,45.0,North,19800.0,14,07/16/2015,1,45.0,North,19800.0,2015-07-16
10530,29.0,South,63900.0,72,23-Nov-2023,0,29.0,South,63900.0,2023-11-23
5509,,North,28800.0,103,2017-04-18,1,42.02803042831156,North,28800.0,2017-04-18
2183,18.0,North,,52,2015-10-23,0,18.0,North,49400.0,2015-10-23
2788,41.0,South,33500.0,40,"September 26, 2021",0,41.0,South,33500.0,2021-09-26
2676,47.0,North,21200.0,37,2023-01-05,1,47.0,North,21200.0,2023-01-05
397,52.0,W. ,23100.0,40,24-Sep-2024,1,52.0,West,23100.0,2024-09-24
6019,56.0,North,53400.0,115,07-Mar-2018,1,56.0,North,53400.0,2018-03-07
6319,30.0,North,"$36,600",36,03/11/2016,1,30.0,North,36600.0,2016-03-11
5833,45.0, North,"$32,700",52,"November 29, 2015",1,45.0,North,32700.0,2015-11-29
221,39.0,East,"$51,200",54,09-Jan-2019,0,39.0,East,51200.0,2019-01-09
2159,51.0,East,74600.0,69,01/05/2021,1,51.0,East,74600.0,2021-01-05
3914,,South,47500.0,46,2024-08-31,1,42.02803042831156,South,47500.0,2024-08-31
2865,28.0,East,37100.0,81,10/01/2023,0,28.0,East,37100.0,2023-10-01
11112,42.0,East,,57,09/18/2019,1,42.0,East,49400.0,2019-09-18
8948,37.0, East ,67200.0,33,2015-11-20,1,37.0,East,67200.0,2015-11-20
6285,46.0,East,52900.0,39,18-Feb-2019,1,46.0,East,52900.0,2019-02-18
2107,60.0,east,99900.0,32,10-Jan-2015,1,60.0,East,99900.0,2015-01-10
4105,37.0,West,"$50,400",48,14-Nov-2017,1,37.0,West,50400.0,2017-11-14
2081,47.0,West,81700.0,40,"January 04, 2016",1,47.0,West,81700.0,2016-01-04
8230,43.0,East,"$41,600",31,2021-10-03,0,43.0,East,41600.0,2021-10-03
3746,37.0,North,89800.0,19,09/07/2015,1,37.0,North,89800.0,2015-09-07
3863,27.0,North,90500.0,11,"November 11, 2024",1,27.0,North,90500.0,2024-11-11
9783,46.0,WEST,"$37,900",81,04/29/2017,1,46.0,West,37900.0,2017-04-29
4361,47.0,North,47700.0,93,"April 05, 2018",1,47.0,North,47700.0,2018-04-05
9578,62.0,W. ,40300.0,23,"May 24, 2017",1,62.0,West,40300.0,2017-05-24
5444,41.0,E.,46600.0,17,29-Apr-2020,0,41.0,East,46600.0,2020-04-29
8372,36.0,,25000.0,43,09/25/2015,1,36.0,Unknown,25000.0,2015-09-25
5816,37.0, North,30300.0,26,17-Mar-2017,0,37.0,North,30300.0,2017-03-17
4680,28.0,West,57100.0,32,2024-06-07,1,28.0,West,57100.0,2024-06-07
11933,35.0,North,25300.0,33,"July 06, 2015",0,35.0,North,25300.0,2015-07-06
3987,27.0,South,28700.0,9,"April 22, 2015",1,27.0,South,28700.0,2015-04-22
1869,37.0,South,56500.0,48,"March 24, 2017",1,37.0,South,56500.0,2017-03-24
4149,40.0,East,42900.0,16,28-Jan-2023,1,40.0,East,42900.0,2023-01-28
7646,58.0,West,93100.0,9,"January 07, 2022",0,58.0,West,93100.0,2022-01-07
2920,54.0,East,95200.0,29,01-Jul-2021,1,54.0,East,95200.0,2021-07-01
1903,,North,"$70,400",45,12/16/2020,1,42.02803042831156,North,70400.0,2020-12-16
5520,29.0,North,38100.0,25,2023-11-25,1,29.0,North,38100.0,2023-11-25
5331,47.0,East,"$35,900",12,2016-01-19,1,47.0,East,35900.0,2016-01-19
10849,,East,"$38,300",17,04/17/2017,0,42.02803042831156,East,38300.0,2017-04-17
9526,54.0,North,46500.0,46,"January 09, 2016",1,54.0,North,46500.0,2016-01-09
4643,53.0, East ,51800.0,50,"November 19, 2021",1,53.0,East,51800.0,2021-11-19
5274,50.0,North,33400.0,26,06/28/2023,0,50.0,North,33400.0,2023-06-28
11647,42.0,W. ,143300.0,20,09-Oct-2021,0,42.0,West,143300.0,2021-10-09
7778,28.0,South,29800.0,49,15-Mar-2017,1,28.0,South,29800.0,2017-03-15
5002,38.0,NORTH,71000.0,39,"December 27, 2017",1,38.0,North,71000.0,2017-12-27
9725,35.0,North,35200.0,54,2024-03-21,1,35.0,North,35200.0,2024-03-21
10055,55.0,North,42000.0,11,19-May-2021,0,55.0,North,42000.0,2021-05-19
11469,28.0,West,79800.0,17,03-Oct-2023,0,28.0,West,79800.0,2023-10-03
6952,66.0,WEST,19500.0,80,2016-04-14,0,66.0,West,19500.0,2016-04-14
5730,25.0,West,67000.0,18,2017-07-17,1,25.0,West,67000.0,2017-07-17
4221,63.0,East,25800.0,58,"May 31, 2017",1,63.0,East,25800.0,2017-05-31
10942,72.0,North,58600.0,17,10/01/2018,1,72.0,North,58600.0,2018-10-01
9881,69.0,WEST,65400.0,39,2017-03-12,1,69.0,West,65400.0,2017-03-12
6283,50.0,South,75400.0,8,"April 14, 2017",1,50.0,South,75400.0,2017-04-14
4422,52.0,WEST,"$32,500",34,"March 02, 2019",1,52.0,West,32500.0,2019-03-02
11657,,North,50100.0,60,18-Sep-2022,1,42.02803042831156,North,50100.0,2022-09-18
575,44.0,North,43200.0,20,"November 27, 2020",1,44.0,North,43200.0,2020-11-27
250,27.0,East,"$33,400",63,07/07/2018,1,27.0,East,33400.0,2018-07-07
11946,42.0,North,"$98,200",39,"May 27, 2018",0,42.0,North,98200.0,2018-05-27
1178,44.0,N.,58700.0,2,2024-11-08,0,44.0,North,58700.0,2024-11-08
4703,18.0,,39600.0,20,2015-11-03,1,18.0,Unknown,39600.0,2015-11-03
3882,60.0,South,54300.0,59,"November 08, 2019",0,60.0,South,54300.0,2019-11-08
6044,25.0,East,40300.0,73,01-Feb-2021,1,25.0,East,40300.0,2021-02-01
10545,,West,94500.0,25,2023-06-26,1,42.02803042831156,West,94500.0,2023-06-26
2964,32.0,West,"$32,000",18,"August 16, 2017",0,32.0,West,32000.0,2017-08-16
8963,41.0,South,18100.0,51,02/20/2016,1,41.0,South,18100.0,2016-02-20
6803,,North,71500.0,21,2023-03-21,1,42.02803042831156,North,71500.0,2023-03-21
8058,58.0, East ,22700.0,28,12/24/2016,1,58.0,East,22700.0,2016-12-24
9119,41.0,W. ,21700.0,34,12/04/2024,1,41.0,West,21700.0,2024-12-04
11032,50.0,W. ,-1000,19,06/28/2024,1,50.0,West,49400.0,2024-06-28
1940,32.0,East,46000.0,54,"June 17, 2024",1,32.0,East,46000.0,2024-06-17
9984,42.0,South,62500.0,54,"September 08, 2017",1,42.0,South,62500.0,2017-09-08
10933,32.0,East,57100.0,45,2023-08-07,1,32.0,East,57100.0,2023-08-07
3254,55.0,North,51900.0,15,16-Jan-2020,1,55.0,North,51900.0,2020-01-16
5459,50.0,West,"$40,800",115,2016-04-30,1,50.0,West,40800.0,2016-04-30
449,56.0,South,"$54,900",37,"November 13, 2024",1,56.0,South,54900.0,2024-11-13
3120,26.0,East,23500.0,31,12/16/2018,1,26.0,East,23500.0,2018-12-16
4537,30.0,NORTH,24700.0,6,08/12/2024,1,30.0,North,24700.0,2024-08-12
2331,30.0,South,98400.0,25,2020-09-02,0,30.0,South,98400.0,2020-09-02
10829,59.0,North,20200.0,88,"May 08, 2020",1,59.0,North,20200.0,2020-05-08
11555,34.0,West,57500.0,52,2020-03-25,1,34.0,West,57500.0,2020-03-25
10478,64.0,E.,27700.0,24,2022-11-04,1,64.0,East,27700.0,2022-11-04
3729,46.0,South,"$43,000",107,"June 16, 2016",1,46.0,South,43000.0,2016-06-16
7721,25.0,N.,92700.0,22,2018-11-12,1,25.0,North,92700.0,2018-11-12
9231,48.0,SOUTH,67600.0,56,"December 03, 2015",1,48.0,South,67600.0,2015-12-03
11131,20.0,North,71300.0,18,07-Apr-2019,1,20.0,North,71300.0,2019-04-07
1891,55.0,South,42200.0,46,"October 31, 2017",1,55.0,South,42200.0,2017-10-31
11582,48.0, East ,68300.0,12,"March 26, 2021",0,48.0,East,68300.0,2021-03-26
534,48.0, East ,51400.0,14,"July 30, 2022",0,48.0,East,51400.0,2022-07-30
2401,36.0,Unknown,"$102,100",39,"October 20, 2017",0,36.0,Unknown,102100.0,2017-10-20
1791,20.0,,21400.0,23,2020-05-20,1,20.0,Unknown,21400.0,2020-05-20
11476,39.0,E.,63100.0,78,09-Apr-2021,1,39.0,East,63100.0,2021-04-09
10980,,East,56600.0,84,12-Nov-2019,1,42.02803042831156,East,56600.0,2019-11-12
1937,42.0,South,76600.0,18,"May 18, 2024",1,42.0,South,76600.0,2024-05-18
2820,53.0,South,"$37,000",44,11/22/2016,0,53.0,South,37000.0,2016-11-22
9682,41.0,east,44700.0,15,"November 23, 2023",1,41.0,East,44700.0,2023-11-23
11955,49.0,South,111500.0,77,12/30/2020,1,49.0,South,111500.0,2020-12-30
7463,56.0,South,29800.0,3,31-Jul-2019,1,56.0,South,29800.0,2019-07-31
10962,40.0,West,36000.0,6,17-Mar-2015,0,40.0,West,36000.0,2015-03-17
4501,23.0, North,46700.0,39,05/23/2023,0,23.0,North,46700.0,2023-05-23
7867,40.0,SOUTH,133200.0,9,"August 29, 2018",1,40.0,South,133200.0,2018-08-29
11853,30.0,S.,36700.0,17,05/09/2015,1,30.0,South,36700.0,2015-05-09
5982,61.0,WEST,22900.0,40,09/10/2021,1,61.0,West,22900.0,2021-09-10
7959,51.0,North,18200.0,14,2020-09-09,0,51.0,North,18200.0,2020-09-09
5,18.0,E.,"$53,700",11,2020-11-10,1,18.0,East,53700.0,2020-11-10
10770,47.0,West,74400.0,45,17-Apr-2016,1,47.0,West,74400.0,2016-04-17
10618,30.0,West,51700.0,32,"February 15, 2019",1,30.0,West,51700.0,2019-02-15
5756,45.0,East,40500.0,121,26-Apr-2015,1,45.0,East,40500.0,2015-04-26
3775,56.0,West,"$31,900",10,2024-01-07,1,56.0,West,31900.0,2024-01-07
7211,38.0,South,28200.0,29,02/08/2019,1,38.0,South,28200.0,2019-02-08
8295,50.0,North,33700.0,40,20-Sep-2017,0,50.0,North,33700.0,2017-09-20
5236,39.0,,,22,02/27/2016,1,39.0,Unknown,49400.0,2016-02-27
10826,34.0,south ,73200.0,22,"December 04, 2016",0,34.0,South,73200.0,2016-12-04
10197,53.0,South,18400.0,47,07/15/2016,1,53.0,South,18400.0,2016-07-15
8301,56.0,West,25800.0,48,"August 25, 2022",1,56.0,West,25800.0,2022-08-25
7716,27.0,West,37600.0,32,23-May-2018,0,27.0,West,37600.0,2018-05-23
6298,,West,21900.0,34,2018-05-02,0,42.02803042831156,West,21900.0,2018-05-02
10678,48.0,S.,24000.0,59,"November 24, 2022",0,48.0,South,24000.0,2022-11-24
8199,29.0,West,80500.0,81,2023-02-14,1,29.0,West,80500.0,2023-02-14
8850,,East,28800.0,64,2015-01-27,0,42.02803042831156,East,28800.0,2015-01-27
7114,44.0,North,69800.0,67,12/29/2019,1,44.0,North,69800.0,2019-12-29
7922,57.0,West,41300.0,17,"November 15, 2015",1,57.0,West,41300.0,2015-11-15
11036,61.0,East,30100.0,16,11/03/2016,1,61.0,East,30100.0,2016-11-03
7252,36.0,East,"$152,100",63,02/09/2019,1,36.0,East,152100.0,2019-02-09
11842,56.0,N.,35700.0,12,10-May-2024,1,56.0,North,35700.0,2024-05-10
10203,35.0,East,52000.0,43,2023-03-28,1,35.0,East,52000.0,2023-03-28
11101,54.0,East,65200.0,20,09/12/2016,1,54.0,East,65200.0,2016-09-12
11119,35.0,East,39800.0,103,01-Jun-2018,1,35.0,East,39800.0,2018-06-01
3332,42.0,SOUTH,56200.0,1,16-Mar-2016,1,42.0,South,56200.0,2016-03-16
7397,49.0,South,43400.0,26,06-Apr-2023,0,49.0,South,43400.0,2023-04-06
11799,38.0,SOUTH,44000.0,32,09/15/2017,0,38.0,South,44000.0,2017-09-15
11923,45.0,East,33700.0,52,"October 21, 2019",1,45.0,East,33700.0,2019-10-21
7071,45.0,North,60100.0,56,12-Oct-2017,1,45.0,North,60100.0,2017-10-12
7957,40.0,West,44400.0,57,03/21/2018,1,40.0,West,44400.0,2018-03-21
4594,38.0,North,67600.0,7,"June 19, 2019",1,38.0,North,67600.0,2019-06-19
1897,22.0,north,47600.0,48,16-Apr-2017,1,22.0,North,47600.0,2017-04-16
2390,41.0,EAST,45700.0,88,04/17/2015,0,41.0,East,45700.0,2015-04-17
7466,48.0,NORTH,32300.0,50,12/17/2018,1,48.0,North,32300.0,2018-12-17
1207,33.0,S.,91500.0,31,2015-11-17,0,33.0,South,91500.0,2015-11-17
11598,25.0,South,19200.0,84,12/16/2024,0,25.0,South,19200.0,2024-12-16
346,18.0,East,77200.0,38,02/03/2023,1,18.0,East,77200.0,2023-02-03
8079,50.0,North,25500.0,57,12-May-2023,1,50.0,North,25500.0,2023-05-12
1217,0.0,West,83300.0,25,09/14/2022,0,42.02803042831156,West,83300.0,2022-09-14
4598,46.0,West,"$117,700",8,2023-07-08,1,46.0,West,117700.0,2023-07-08
10011,,East,"$37,700",22,19-Oct-2019,1,42.02803042831156,East,37700.0,2019-10-19
7430,56.0,West,22100.0,9,"December 13, 2015",1,56.0,West,22100.0,2015-12-13
2354,45.0,West,38200.0,47,05/14/2017,1,45.0,West,38200.0,2017-05-14
9139,,north,71100.0,153,10/13/2024,1,42.02803042831156,North,71100.0,2024-10-13
3258,63.0,West,"$90,200",43,2021-04-01,1,63.0,West,90200.0,2021-04-01
9798,42.0, East ,46600.0,67,31-Mar-2015,1,42.0,East,46600.0,2015-03-31
11831,48.0,West,64000.0,12,26-Sep-2020,1,48.0,West,64000.0,2020-09-26
1405,34.0,North,43100.0,138,26-May-2016,1,34.0,North,43100.0,2016-05-26
429,24.0,East,89200.0,12,04/29/2019,0,24.0,East,89200.0,2019-04-29
4793,52.0,West,56000.0,22,01/21/2019,1,52.0,West,56000.0,2019-01-21
10799,29.0, North,50200.0,11,04/15/2018,1,29.0,North,50200.0,2018-04-15
3263,46.0,South,21900.0,44,2024-08-14,1,46.0,South,21900.0,2024-08-14
10127,34.0,West,44200.0,42,11/23/2022,1,34.0,West,44200.0,2022-11-23
7848,47.0,North,64000.0,2,2017-12-09,1,47.0,North,64000.0,2017-12-09
718,51.0,SOUTH,86700.0,38,"August 21, 2018",0,51.0,South,86700.0,2018-08-21
11378,54.0,West,31200.0,95,11/25/2021,1,54.0,West,31200.0,2021-11-25
302,22.0,North,146700.0,50,"September 14, 2021",0,22.0,North,146700.0,2021-09-14
5898,,Unknown,60800.0,25,08/25/2020,1,42.02803042831156,Unknown,60800.0,2020-08-25
7151,36.0,South,81500.0,23,2016-06-26,0,36.0,South,81500.0,2016-06-26
2667,37.0,South,"$20,600",48,2023-06-18,1,37.0,South,20600.0,2023-06-18
5887,47.0,EAST,,18,"June 16, 2016",1,47.0,East,49400.0,2016-06-16
11594,31.0,EAST,31900.0,87,04/18/2021,1,31.0,East,31900.0,2021-04-18
5186,45.0,south ,69600.0,55,08/14/2022,1,45.0,South,69600.0,2022-08-14
6601,53.0,East,97600.0,21,2017-01-07,0,53.0,East,97600.0,2017-01-07
10304,34.0,SOUTH,32900.0,17,04/05/2018,1,34.0,South,32900.0,2018-04-05
8738,61.0,West,46000.0,36,07/18/2021,1,61.0,West,46000.0,2021-07-18
10853,41.0,East,137400.0,57,2015-05-25,1,41.0,East,137400.0,2015-05-25
6193,25.0,West,41300.0,34,"August 29, 2018",1,25.0,West,41300.0,2018-08-29
9348,42.0,North,43600.0,11,07/07/2019,0,42.0,North,43600.0,2019-07-07
8914,49.0,North,"$91,000",16,2015-06-05,1,49.0,North,91000.0,2015-06-05
11230,22.0,E.,41300.0,18,25-Apr-2018,1,22.0,East,41300.0,2018-04-25
7835,57.0,south ,60800.0,65,2015-06-16,1,57.0,South,60800.0,2015-06-16
7011,, East ,48800.0,65,2016-06-14,1,42.02803042831156,East,48800.0,2016-06-14
6204,39.0,South,,46,"October 01, 2024",0,39.0,South,49400.0,2024-10-01
11996,46.0,E.,40200.0,63,02/28/2019,1,46.0,East,40200.0,2019-02-28
476,38.0,NORTH,44900.0,43,22-Nov-2019,0,38.0,North,44900.0,2019-11-22
10463,56.0,South,52300.0,21,26-Mar-2023,0,56.0,South,52300.0,2023-03-26
675,53.0,East,,100,"March 28, 2018",1,53.0,East,49400.0,2018-03-28
6331,61.0,West,47800.0,22,"February 01, 2024",0,61.0,West,47800.0,2024-02-01
11882,21.0,North,29100.0,15,12/14/2018,0,21.0,North,29100.0,2018-12-14
5609,45.0,North,68100.0,49,28-Nov-2016,1,45.0,North,68100.0,2016-11-28
4076,31.0,east,49800.0,15,15-Oct-2015,0,31.0,East,49800.0,2015-10-15
3786,26.0,South,"$61,100",16,09-Mar-2023,1,26.0,South,61100.0,2023-03-09
10368,40.0,East,96000.0,48,27-Jun-2022,1,40.0,East,96000.0,2022-06-27
9310,25.0,West,59800.0,51,12/24/2020,0,25.0,West,59800.0,2020-12-24
823,27.0,South,"$73,700",51,2020-07-16,1,27.0,South,73700.0,2020-07-16
9418,39.0,WEST,55800.0,23,"July 30, 2018",1,39.0,West,55800.0,2018-07-30
660,38.0,East,43200.0,42,20-May-2019,1,38.0,East,43200.0,2019-05-20
385,21.0,South,39500.0,16,"January 09, 2023",1,21.0,South,39500.0,2023-01-09
6894,54.0,north,33000.0,18,"August 16, 2020",1,54.0,North,33000.0,2020-08-16
1959,38.0,East,38900.0,55,"November 01, 2017",1,38.0,East,38900.0,2017-11-01
3182,23.0,West,89000.0,48,07/13/2022,1,23.0,West,89000.0,2022-07-13
3340,21.0,SOUTH,28500.0,34,"October 21, 2023",1,21.0,South,28500.0,2023-10-21
4396,45.0,north,19900.0,13,15-May-2021,1,45.0,North,19900.0,2021-05-15
1521,26.0,WEST,45200.0,42,03/13/2022,0,26.0,West,45200.0,2022-03-13
2433,29.0,East,99200.0,77,07-Apr-2024,1,29.0,East,99200.0,2024-04-07
7389,24.0,North,65900.0,14,11-Oct-2024,1,24.0,North,65900.0,2024-10-11
10964,63.0,East,31500.0,19,05/31/2019,1,63.0,East,31500.0,2019-05-31
8978,45.0,S.,67400.0,38,"June 09, 2018",1,45.0,South,67400.0,2018-06-09
8155,47.0,South,53300.0,30,04-Jul-2023,1,47.0,South,53300.0,2023-07-04
7203,49.0,E.,23000.0,33,2017-09-24,0,49.0,East,23000.0,2017-09-24
2029,,West,27900.0,30,21-Mar-2019,0,42.02803042831156,West,27900.0,2019-03-21
3282,52.0,east,36500.0,3,"June 23, 2024",1,52.0,East,36500.0,2024-06-23
5880,57.0,East,57900.0,116,05/19/2019,0,57.0,East,57900.0,2019-05-19
10487,43.0,North,37300.0,43,"May 28, 2019",1,43.0,North,37300.0,2019-05-28
6626,41.0,South,"$58,900",12,"June 18, 2022",1,41.0,South,58900.0,2022-06-18
9870,26.0,East,45300.0,17,12-May-2015,1,26.0,East,45300.0,2015-05-12
9237,53.0,South,"$63,300",35,2018-07-26,0,53.0,South,63300.0,2018-07-26
10289,38.0,South,40900.0,58,2016-02-11,1,38.0,South,40900.0,2016-02-11
2227,44.0,South,40300.0,27,2017-02-10,1,44.0,South,40300.0,2017-02-10
8780,,South,"$44,500",58,2017-12-31,1,42.02803042831156,South,44500.0,2017-12-31
1283,18.0,S.,27500.0,6,2021-05-31,1,18.0,South,27500.0,2021-05-31
8862,48.0,North,66500.0,60,25-Apr-2022,1,48.0,North,66500.0,2022-04-25
9441,41.0,South,56400.0,22,2019-04-08,1,41.0,South,56400.0,2019-04-08
7326,60.0,SOUTH,84900.0,6,2024-07-07,1,60.0,South,84900.0,2024-07-07
6747,38.0,South,51500.0,10,"April 23, 2023",0,38.0,South,51500.0,2023-04-23
1433,31.0,North,36600.0,87,2023-11-05,1,31.0,North,36600.0,2023-11-05
1455,61.0,North,23400.0,13,01/08/2020,1,61.0,North,23400.0,2020-01-08
6326,75.0,North,68500.0,45,08/04/2022,0,75.0,North,68500.0,2022-08-04
11679,31.0,SOUTH,"$61,100",36,05-Feb-2024,1,31.0,South,61100.0,2024-02-05
5105,42.0,East,"$102,100",80,2020-04-28,1,42.0,East,102100.0,2020-04-28
5247,84.0,East,45300.0,10,"October 02, 2016",1,84.0,East,45300.0,2016-10-02
10058,26.0,North,26400.0,36,"August 04, 2018",0,26.0,North,26400.0,2018-08-04
1617,80.0,West,25500.0,27,10/01/2022,0,80.0,West,25500.0,2022-10-01
3490,39.0,South,37300.0,5,03/27/2020,1,39.0,South,37300.0,2020-03-27
10377,46.0,East,79000.0,43,11-Jan-2022,0,46.0,East,79000.0,2022-01-11
7459,34.0,N.,91800.0,29,22-Feb-2018,1,34.0,North,91800.0,2018-02-22
7635,54.0,E.,77100.0,18,06/01/2020,1,54.0,East,77100.0,2020-06-01
6154,39.0,South,30300.0,42,04-Nov-2022,1,39.0,South,30300.0,2022-11-04
1301,43.0,NORTH,215200.0,86,"September 26, 2022",1,43.0,North,215200.0,2022-09-26
1556,34.0,East,39500.0,72,08/28/2019,1,34.0,East,39500.0,2019-08-28
3098,33.0,West,43500.0,56,2019-09-04,1,33.0,West,43500.0,2019-09-04
9768,,East,58200.0,35,2016-07-19,1,42.02803042831156,East,58200.0,2016-07-19
6578,19.0,East,86100.0,84,2017-06-24,1,19.0,East,86100.0,2017-06-24
8515,54.0,W. ,67800.0,15,26-Feb-2021,1,54.0,West,67800.0,2021-02-26
5283,29.0,East,24200.0,48,2023-06-25,1,29.0,East,24200.0,2023-06-25
8589,51.0,West,105400.0,30,2021-10-10,1,51.0,West,105400.0,2021-10-10
995,41.0,East,66900.0,24,"December 09, 2021",1,41.0,East,66900.0,2021-12-09
10425,28.0,East,67000.0,16,"May 20, 2018",0,28.0,East,67000.0,2018-05-20
8717,34.0,South,70400.0,13,03/21/2021,1,34.0,South,70400.0,2021-03-21
11459,50.0,East,46300.0,33,21-Mar-2016,1,50.0,East,46300.0,2016-03-21
4336,31.0, North,28400.0,25,"August 16, 2017",1,31.0,North,28400.0,2017-08-16
3005,39.0,North,60300.0,18,"May 22, 2018",1,39.0,North,60300.0,2018-05-22
5624,20.0,North,85400.0,87,"January 15, 2022",1,20.0,North,85400.0,2022-01-15
11346,46.0,east,37900.0,15,31-May-2016,1,46.0,East,37900.0,2016-05-31
1463,31.0,East,108300.0,54,"July 04, 2019",1,31.0,East,108300.0,2019-07-04
9650,49.0,East,112700.0,33,"October 02, 2015",1,49.0,East,112700.0,2015-10-02
11267,20.0,West,46100.0,30,"March 24, 2024",0,20.0,West,46100.0,2024-03-24
8924,46.0,E.,56200.0,17,"February 16, 2024",0,46.0,East,56200.0,2024-02-16
7267,35.0,West,48500.0,19,2015-06-10,1,35.0,West,48500.0,2015-06-10
4804,55.0,North,95800.0,28,"December 22, 2015",1,55.0,North,95800.0,2015-12-22
10151,33.0,East,"$175,200",77,"October 31, 2023",1,33.0,East,175200.0,2023-10-31
933,57.0,East,48300.0,38,23-Jan-2022,1,57.0,East,48300.0,2022-01-23
6740,29.0,North,48100.0,131,04/02/2017,1,29.0,North,48100.0,2017-04-02
11076,18.0,West,104600.0,14,2015-01-17,0,18.0,West,104600.0,2015-01-17
4316,41.0,East,60200.0,20,"December 18, 2022",0,41.0,East,60200.0,2022-12-18
9449,31.0,East,50700.0,58,2020-09-04,1,31.0,East,50700.0,2020-09-04
6056,50.0,S.,72100.0,17,"August 16, 2017",1,50.0,South,72100.0,2017-08-16
8832,40.0,South,73600.0,43,08/05/2021,0,40.0,South,73600.0,2021-08-05
4488,28.0,South,"$78,800",9,24-Nov-2016,1,28.0,South,78800.0,2016-11-24
11205,43.0,South,67500.0,29,2017-03-23,1,43.0,South,67500.0,2017-03-23
6048,35.0,North,19000.0,39,10/27/2022,1,35.0,North,19000.0,2022-10-27
4205,60.0,East,"$47,900",42,2020-12-02,1,60.0,East,47900.0,2020-12-02
7229,30.0,South,27600.0,40,"June 21, 2024",1,30.0,South,27600.0,2024-06-21
10585,59.0,East,51000.0,38,2017-08-02,1,59.0,East,51000.0,2017-08-02
7928,32.0,West,65100.0,66,15-Nov-2016,1,32.0,West,65100.0,2016-11-15
1829,31.0,S.,"$30,300",20,2020-08-24,1,31.0,South,30300.0,2020-08-24
5000,30.0,West,"$33,400",35,"January 10, 2018",0,30.0,West,33400.0,2018-01-10
8716,58.0,West,72400.0,34,24-Apr-2016,1,58.0,West,72400.0,2016-04-24
7588,29.0,North,97900.0,37,07/30/2016,1,29.0,North,97900.0,2016-07-30
7013,,West,96300.0,17,24-Oct-2021,1,42.02803042831156,West,96300.0,2021-10-24
9552,57.0,North,"$80,100",22,"February 17, 2024",1,57.0,North,80100.0,2024-02-17
3020,18.0,East,54400.0,81,15-Dec-2021,1,18.0,East,54400.0,2021-12-15
6306,69.0,W. ,29900.0,31,08/04/2016,1,69.0,West,29900.0,2016-08-04
3073,22.0,SOUTH,81100.0,10,2020-11-23,1,22.0,South,81100.0,2020-11-23
9529,45.0,,"$81,700",11,01/12/2015,0,45.0,Unknown,81700.0,2015-01-12
5376,54.0,East,19400.0,35,2016-08-14,1,54.0,East,19400.0,2016-08-14
5597,40.0,NORTH,33400.0,10,09/18/2018,1,40.0,North,33400.0,2018-09-18
4433,49.0,east,47300.0,36,2018-08-01,0,49.0,East,47300.0,2018-08-01
8434,40.0,West,34000.0,65,25-Jun-2019,1,40.0,West,34000.0,2019-06-25
9400,42.0, East ,57800.0,25,2023-03-29,1,42.0,East,57800.0,2023-03-29
2691,25.0,East,26600.0,35,"July 13, 2022",1,25.0,East,26600.0,2022-07-13
4702,36.0,West,86600.0,26,2017-12-13,1,36.0,West,86600.0,2017-12-13
4739,53.0,North,117300.0,27,"February 23, 2022",1,53.0,North,117300.0,2022-02-23
1686,50.0,S.,49900.0,34,10/27/2018,1,50.0,South,49900.0,2018-10-27
9370,59.0,West,27700.0,33,2015-07-19,1,59.0,West,27700.0,2015-07-19
5451,39.0,south ,40900.0,42,"January 16, 2020",1,39.0,South,40900.0,2020-01-16
590,63.0,South,95800.0,6,2016-05-25,1,63.0,South,95800.0,2016-05-25
2265,48.0,South,84700.0,54,06-Apr-2023,1,48.0,South,84700.0,2023-04-06
2598,46.0,West,22000.0,78,11/05/2024,1,46.0,West,22000.0,2024-11-05
3943,31.0,South,89100.0,37,2017-04-16,1,31.0,South,89100.0,2017-04-16
11384,48.0,North,44000.0,29,2019-11-16,1,48.0,North,44000.0,2019-11-16
5505,43.0,North,18700.0,63,"January 08, 2023",1,43.0,North,18700.0,2023-01-08
8267,59.0,North,48900.0,19,10/23/2022,0,59.0,North,48900.0,2022-10-23
3065,38.0,West,72500.0,48,2024-05-10,1,38.0,West,72500.0,2024-05-10
5511,47.0,West,80200.0,61,04-May-2018,1,47.0,West,80200.0,2018-05-04
11411,20.0,West,125100.0,48,"January 05, 2020",0,20.0,West,125100.0,2020-01-05
6703,25.0,E.,59600.0,19,29-Jun-2021,1,25.0,East,59600.0,2021-06-29
1290,53.0,West,74200.0,39,19-Jul-2020,1,53.0,West,74200.0,2020-07-19
10650,20.0,south ,77300.0,23,06-Nov-2020,0,20.0,South,77300.0,2020-11-06
619,34.0,SOUTH,54000.0,12,2015-08-19,1,34.0,South,54000.0,2015-08-19
308,59.0,east,53800.0,48,11/27/2020,1,59.0,East,53800.0,2020-11-27
1333,53.0,East,78100.0,45,2021-12-20,1,53.0,East,78100.0,2021-12-20
448,38.0,North,"$53,000",38,2015-06-04,1,38.0,North,53000.0,2015-06-04
5638,57.0,South,"$63,600",9,09-Mar-2017,1,57.0,South,63600.0,2017-03-09
4380,25.0, North,96100.0,17,10/07/2024,1,25.0,North,96100.0,2024-10-07
2404,33.0,North,59600.0,48,08/08/2024,1,33.0,North,59600.0,2024-08-08
3601,55.0,West,"$72,800",56,05-Nov-2020,0,55.0,West,72800.0,2020-11-05
764,50.0,East,,37,"July 26, 2023",0,50.0,East,49400.0,2023-07-26
6874,40.0,,23700.0,43,16-Jun-2017,1,40.0,Unknown,23700.0,2017-06-16
4340,39.0,South,33700.0,21,04/19/2019,1,39.0,South,33700.0,2019-04-19
1968,41.0,SOUTH,36900.0,29,2022-01-29,0,41.0,South,36900.0,2022-01-29
3805,55.0,South,29300.0,58,04/19/2022,1,55.0,South,29300.0,2022-04-19
8422,37.0,South,82700.0,36,2022-09-15,1,37.0,South,82700.0,2022-09-15
11430,51.0,SOUTH,217700.0,51,09/12/2019,1,51.0,South,217700.0,2019-09-12
5482,35.0,E.,29000.0,20,"March 01, 2024",1,35.0,East,29000.0,2024-03-01
7347,59.0, North,68200.0,9,"July 14, 2024",1,59.0,North,68200.0,2024-07-14
3228,41.0,South,55800.0,19,2020-06-26,1,41.0,South,55800.0,2020-06-26
2944,38.0,East,53800.0,18,11/02/2024,1,38.0,East,53800.0,2024-11-02
4664,33.0,S.,111600.0,46,"August 01, 2015",1,33.0,South,111600.0,2015-08-01
5496,47.0,North,44800.0,55,14-Jan-2019,0,47.0,North,44800.0,2019-01-14
11078,44.0,North,"$52,000",83,"April 24, 2016",1,44.0,North,52000.0,2016-04-24
4905,-5.0,North,24400.0,45,2024-10-01,1,42.02803042831156,North,24400.0,2024-10-01
4794,41.0,West,31400.0,21,2019-02-17,0,41.0,West,31400.0,2019-02-17
8749,42.0,North,70100.0,37,10-Jun-2017,1,42.0,North,70100.0,2017-06-10
9254,51.0,North,25700.0,44,"February 15, 2022",1,51.0,North,25700.0,2022-02-15
11416,55.0,East,24900.0,28,12-May-2016,0,55.0,East,24900.0,2016-05-12
2321,47.0,North,40700.0,9,2022-01-25,1,47.0,North,40700.0,2022-01-25
650,37.0,East,52200.0,12,16-Aug-2020,1,37.0,East,52200.0,2020-08-16
6627,49.0,East,64700.0,36,18-Dec-2015,0,49.0,East,64700.0,2015-12-18
1964,39.0,West,68700.0,20,04/22/2024,1,39.0,West,68700.0,2024-04-22
9689,38.0,NORTH,38300.0,13,18-Jan-2023,0,38.0,North,38300.0,2023-01-18
5389,30.0,East,30500.0,13,2021-05-24,1,30.0,East,30500.0,2021-05-24
7458,35.0, North,"$47,500",34,"July 13, 2022",0,35.0,North,47500.0,2022-07-13
6956,41.0,S.,59900.0,1,2019-08-25,0,41.0,South,59900.0,2019-08-25
5023,37.0,East,99400.0,54,03-May-2020,1,37.0,East,99400.0,2020-05-03
1912,49.0,South,80300.0,38,"May 31, 2024",1,49.0,South,80300.0,2024-05-31
5207,23.0,NORTH,78200.0,75,"January 25, 2016",0,23.0,North,78200.0,2016-01-25
6459,37.0,E.,81500.0,7,"January 23, 2023",1,37.0,East,81500.0,2023-01-23
750,30.0,West,19700.0,13,2022-06-14,1,30.0,West,19700.0,2022-06-14
10029,33.0, East ,27100.0,42,05/26/2021,1,33.0,East,27100.0,2021-05-26
10423,28.0,WEST,38700.0,22,17-Dec-2020,1,28.0,West,38700.0,2020-12-17
6901,28.0,East,211900.0,51,04/05/2015,1,28.0,East,211900.0,2015-04-05
9303,47.0,west,15000.0,21,"July 03, 2021",0,47.0,West,15000.0,2021-07-03
10178,36.0,NORTH,39700.0,22,22-Jan-2017,0,36.0,North,39700.0,2017-01-22
3930,32.0,North,23900.0,24,06-Oct-2021,1,32.0,North,23900.0,2021-10-06
6247,31.0,East,55500.0,17,"July 20, 2018",1,31.0,East,55500.0,2018-07-20
4513,59.0,north,"$56,300",45,"May 19, 2021",1,59.0,North,56300.0,2021-05-19
4254,18.0,South,54700.0,11,27-Jun-2015,1,18.0,South,54700.0,2015-06-27
352,53.0,North,42800.0,41,06/28/2018,0,53.0,North,42800.0,2018-06-28
7604,42.0,South,25500.0,20,"April 16, 2020",1,42.0,South,25500.0,2020-04-16
7286,49.0,north,66200.0,57,2017-11-26,1,49.0,North,66200.0,2017-11-26
5132,42.0,east,49500.0,15,"April 08, 2022",1,42.0,East,49500.0,2022-04-08
3432,60.0,South,"$58,300",64,01/14/2022,1,60.0,South,58300.0,2022-01-14
2895,33.0,East,23500.0,58,12/30/2022,1,33.0,East,23500.0,2022-12-30
8010,20.0,East,28700.0,14,23-Mar-2019,1,20.0,East,28700.0,2019-03-23
7921,42.0,South,34200.0,27,18-Jun-2015,1,42.0,South,34200.0,2015-06-18
8854,35.0,North,43800.0,13,2016-03-25,0,35.0,North,43800.0,2016-03-25
6143,68.0,East,28600.0,37,"October 04, 2021",0,68.0,East,28600.0,2021-10-04
11926,73.0,East,34000.0,21,21-Oct-2023,1,73.0,East,34000.0,2023-10-21
2582,55.0,North,67800.0,10,11-Apr-2017,1,55.0,North,67800.0,2017-04-11
9325,70.0,West,"$58,100",52,2017-01-12,0,70.0,West,58100.0,2017-01-12
6108,74.0, East ,111300.0,74,04/05/2021,1,74.0,East,111300.0,2021-04-05
9209,18.0,South,44700.0,36,01/03/2021,1,18.0,South,44700.0,2021-01-03
3669,19.0,WEST,59000.0,37,05/04/2022,1,19.0,West,59000.0,2022-05-04
2317,38.0,North,46000.0,17,26-Oct-2021,1,38.0,North,46000.0,2021-10-26
6465,43.0,,77200.0,42,18-Jun-2016,0,43.0,Unknown,77200.0,2016-06-18
2938,60.0,west,79000.0,57,18-Mar-2024,0,60.0,West,79000.0,2024-03-18
8297,41.0,South,42900.0,15,"April 29, 2016",1,41.0,South,42900.0,2016-04-29
8971,46.0,E.,"$50,000",19,2017-05-18,1,46.0,East,50000.0,2017-05-18
1732,42.0,South,23200.0,49,2023-02-24,1,42.0,South,23200.0,2023-02-24
7002,30.0,North,31900.0,63,01/02/2023,0,30.0,North,31900.0,2023-01-02
2374,63.0,south ,32500.0,27,"December 24, 2023",1,63.0,South,32500.0,2023-12-24
11244,38.0,South,"$27,100",18,"June 05, 2023",1,38.0,South,27100.0,2023-06-05
8460,47.0,E.,"$55,600",26,12/16/2018,0,47.0,East,55600.0,2018-12-16
9499,56.0,WEST,"$108,500",20,09/08/2021,0,56.0,West,108500.0,2021-09-08
4505,33.0,NORTH,107100.0,26,2019-01-27,1,33.0,North,107100.0,2019-01-27
9164,38.0,E.,57800.0,12,2018-09-20,1,38.0,East,57800.0,2018-09-20
8275,57.0,West,30600.0,106,"July 19, 2022",1,57.0,West,30600.0,2022-07-19
2278,67.0,NORTH,56300.0,30,"August 11, 2016",1,67.0,North,56300.0,2016-08-11
2016,44.0,East,79200.0,20,"August 07, 2023",0,44.0,East,79200.0,2023-08-07
3676,68.0,south ,71200.0,11,2021-08-05,1,68.0,South,71200.0,2021-08-05
8944,63.0,North,38000.0,22,2016-05-04,1,63.0,North,38000.0,2016-05-04
9217,23.0,South,100000.0,28,11-May-2021,0,23.0,South,100000.0,2021-05-11
912,47.0,East,43300.0,102,2024-04-15,1,47.0,East,43300.0,2024-04-15
7788,50.0,South,48900.0,10,21-Jun-2019,1,50.0,South,48900.0,2019-06-21
4894,31.0,West,111600.0,31,2022-03-01,1,31.0,West,111600.0,2022-03-01
6612,28.0,East,22000.0,42,02/17/2016,0,28.0,East,22000.0,2016-02-17
2196,18.0,South,74000.0,53,01/20/2021,1,18.0,South,74000.0,2021-01-20
7530,,West,52200.0,32,"November 30, 2024",1,42.02803042831156,West,52200.0,2024-11-30
1308,58.0,East,43800.0,76,2023-09-26,0,58.0,East,43800.0,2023-09-26
8917,49.0,North,"$36,300",64,24-May-2017,1,49.0,North,36300.0,2017-05-24
8197,44.0,,45500.0,35,"September 20, 2023",0,44.0,Unknown,45500.0,2023-09-20
5765,37.0,North,44600.0,11,"September 22, 2015",1,37.0,North,44600.0,2015-09-22
1125,40.0,East,73200.0,59,"November 25, 2016",1,40.0,East,73200.0,2016-11-25
11673,66.0,South,26300.0,10,11/20/2019,1,66.0,South,26300.0,2019-11-20
6664,41.0,South,27900.0,34,31-Dec-2017,0,41.0,South,27900.0,2017-12-31
1848,27.0,South,42200.0,33,07-Jun-2017,0,27.0,South,42200.0,2017-06-07
5721,44.0,North,28400.0,46,"October 20, 2018",1,44.0,North,28400.0,2018-10-20
8653,42.0,West,34900.0,46,24-Jul-2018,1,42.0,West,34900.0,2018-07-24
917,61.0,south ,40400.0,57,11/02/2022,1,61.0,South,40400.0,2022-11-02
3619,47.0,east,,113,01/31/2023,0,47.0,East,49400.0,2023-01-31
8871,61.0,West,83600.0,12,2017-04-29,1,61.0,West,83600.0,2017-04-29
5180,33.0, North,38200.0,22,23-Mar-2016,1,33.0,North,38200.0,2016-03-23
8006,18.0,North,82300.0,64,29-Nov-2016,1,18.0,North,82300.0,2016-11-29
3427,47.0,south ,55400.0,39,"November 26, 2019",1,47.0,South,55400.0,2019-11-26
3571,51.0,North,66400.0,36,07-Nov-2024,0,51.0,North,66400.0,2024-11-07
4546,42.0,West,67300.0,28,10/02/2019,1,42.0,West,67300.0,2019-10-02
11746,46.0,East,55800.0,53,06/24/2017,1,46.0,East,55800.0,2017-06-24
1634,42.0,east,30900.0,16,06/23/2024,1,42.0,East,30900.0,2024-06-23
6400,51.0,E.,,101,06-May-2021,0,51.0,East,49400.0,2021-05-06
5329,49.0,N.,27000.0,2,"January 11, 2019",1,49.0,North,27000.0,2019-01-11
552,49.0,South,34900.0,12,15-May-2017,1,49.0,South,34900.0,2017-05-15
10798,30.0,West,43400.0,23,08-May-2019,1,30.0,West,43400.0,2019-05-08
11499,63.0,West,"$73,000",75,06/05/2021,1,63.0,West,73000.0,2021-06-05
4961,33.0,North,32400.0,16,2023-06-07,1,33.0,North,32400.0,2023-06-07
1316,66.0,South,19200.0,39,"November 21, 2017",1,66.0,South,19200.0,2017-11-21
4180,32.0,North,68500.0,38,03-Jan-2020,1,32.0,North,68500.0,2020-01-03
9694,73.0,East,58500.0,26,12/26/2022,1,73.0,East,58500.0,2022-12-26
9691,50.0,East,"$58,600",34,2022-09-23,1,50.0,East,58600.0,2022-09-23
7294,47.0,East,"$79,900",17,20-Jan-2019,0,47.0,East,79900.0,2019-01-20
3774,49.0,North,33600.0,15,"July 29, 2021",0,49.0,North,33600.0,2021-07-29
5891,53.0,East,29100.0,74,11/15/2017,1,53.0,East,29100.0,2017-11-15
228,66.0,East,40100.0,49,"September 14, 2017",1,66.0,East,40100.0,2017-09-14
5553,,North,106500.0,47,18-May-2021,1,42.02803042831156,North,106500.0,2021-05-18
10965,63.0,South,"$49,100",14,2018-11-08,1,63.0,South,49100.0,2018-11-08
9989,51.0,North,51200.0,32,2016-12-16,1,51.0,North,51200.0,2016-12-16
8350,23.0,West,-1000,19,09/03/2021,0,23.0,West,49400.0,2021-09-03
4705,51.0,West,29400.0,37,07/06/2023,1,51.0,West,29400.0,2023-07-06
2526,51.0,West,39000.0,81,2023-01-19,1,51.0,West,39000.0,2023-01-19
4288,33.0,West,"$55,100",101,2023-05-26,1,33.0,West,55100.0,2023-05-26
1464,48.0,SOUTH,55200.0,36,2020-06-19,0,48.0,South,55200.0,2020-06-19
8619,43.0,East,49600.0,3,"August 01, 2020",0,43.0,East,49600.0,2020-08-01
3217,25.0,South,43500.0,9,2016-01-19,1,25.0,South,43500.0,2016-01-19
5927,41.0,West,32700.0,42,11/11/2020,0,41.0,West,32700.0,2020-11-11
9291,33.0,EAST,"$120,300",4,17-Mar-2024,1,33.0,East,120300.0,2024-03-17
7443,49.0,East,59100.0,85,"January 27, 2023",0,49.0,East,59100.0,2023-01-27
3449,35.0,north,29900.0,31,04/08/2019,1,35.0,North,29900.0,2019-04-08
10557,54.0,North,29600.0,26,31-May-2020,0,54.0,North,29600.0,2020-05-31
7417,39.0,South,62300.0,3,"November 20, 2020",1,39.0,South,62300.0,2020-11-20
7678,34.0,east,77800.0,48,2023-03-31,0,34.0,East,77800.0,2023-03-31
4827,36.0,East,46900.0,30,01-Apr-2020,1,36.0,East,46900.0,2020-04-01
3756,36.0,North,61000.0,18,"December 24, 2020",0,36.0,North,61000.0,2020-12-24
6234,66.0,South,49800.0,5,10/15/2019,1,66.0,South,49800.0,2019-10-15
4080,35.0,North,45100.0,16,09/14/2016,1,35.0,North,45100.0,2016-09-14
8130,33.0,East,118700.0,10,"August 01, 2023",0,33.0,East,118700.0,2023-08-01
7050,55.0,North,52400.0,21,09/08/2020,0,55.0,North,52400.0,2020-09-08
9212,33.0,South,"$70,500",19,"June 27, 2022",1,33.0,South,70500.0,2022-06-27
5074,38.0,North,40800.0,53,2019-02-16,0,38.0,North,40800.0,2019-02-16
11721,26.0,South,59600.0,41,22-Apr-2021,0,26.0,South,59600.0,2021-04-22
3992,29.0,West,"$89,000",28,25-Apr-2015,1,29.0,West,89000.0,2015-04-25
2146,33.0,West,41400.0,36,"November 13, 2020",1,33.0,West,41400.0,2020-11-13
1132,39.0,North,66700.0,11,01/17/2023,0,39.0,North,66700.0,2023-01-17
6446,64.0,West,"$45,400",65,"December 10, 2016",0,64.0,West,45400.0,2016-12-10
1378,44.0,west,83500.0,57,05/25/2024,1,44.0,West,83500.0,2024-05-25
692,39.0,West,46600.0,8,03-Mar-2021,1,39.0,West,46600.0,2021-03-03
11257,19.0,South,"$84,800",13,18-May-2019,1,19.0,South,84800.0,2019-05-18
256,52.0,West,47300.0,40,2018-08-30,0,52.0,West,47300.0,2018-08-30
8920,,SOUTH,23100.0,86,27-Nov-2016,1,42.02803042831156,South,23100.0,2016-11-27
7701,35.0,west,44300.0,68,"April 05, 2023",1,35.0,West,44300.0,2023-04-05
2096,52.0, East ,"$20,700",12,"February 02, 2020",1,52.0,East,20700.0,2020-02-02
7868,32.0,South,20400.0,8,05-Apr-2018,1,32.0,South,20400.0,2018-04-05
1261,55.0,West,27800.0,118,"December 06, 2015",0,55.0,West,27800.0,2015-12-06
4353,43.0,North,85700.0,23,10-Oct-2023,1,43.0,North,85700.0,2023-10-10
7314,44.0,west,59700.0,50,2024-09-05,0,44.0,West,59700.0,2024-09-05
431,28.0,North,31800.0,82,2018-07-03,1,28.0,North,31800.0,2018-07-03
1931,20.0,East,62800.0,33,08-Sep-2024,1,20.0,East,62800.0,2024-09-08
1326,55.0,North,19200.0,20,03/22/2023,1,55.0,North,19200.0,2023-03-22
4004,71.0,north,47300.0,60,05-Jul-2016,1,71.0,North,47300.0,2016-07-05
2677,62.0,W. ,59400.0,51,07/19/2024,0,62.0,West,59400.0,2024-07-19
409,18.0,South,34700.0,62,05/03/2023,1,18.0,South,34700.0,2023-05-03
9501,18.0,South,57900.0,52,04-Dec-2015,0,18.0,South,57900.0,2015-12-04
8190,45.0,North,32900.0,35,"December 19, 2017",1,45.0,North,32900.0,2017-12-19
6403,42.0,East,76100.0,34,"August 02, 2024",1,42.0,East,76100.0,2024-08-02
7088,34.0,S.,90000.0,46,2022-09-22,0,34.0,South,90000.0,2022-09-22
3872,29.0,Unknown,26300.0,14,2022-11-04,0,29.0,Unknown,26300.0,2022-11-04
9118,18.0,West,55900.0,57,27-Feb-2020,0,18.0,West,55900.0,2020-02-27
11742,52.0,South,60800.0,21,11/07/2016,1,52.0,South,60800.0,2016-11-07
7993,77.0,South,63900.0,22,2016-07-29,1,77.0,South,63900.0,2016-07-29
6241,57.0,North,"$62,300",11,04/18/2023,1,57.0,North,62300.0,2023-04-18
4217,58.0,north,30800.0,32,10/06/2018,1,58.0,North,30800.0,2018-10-06
2006,57.0,North,55700.0,6,24-Jun-2022,1,57.0,North,55700.0,2022-06-24
9599,36.0,W. ,64700.0,46,"June 17, 2023",1,36.0,West,64700.0,2023-06-17
5147,63.0,north,44600.0,27,04/06/2024,0,63.0,North,44600.0,2024-04-06
5766,44.0,south ,41700.0,103,"July 11, 2020",1,44.0,South,41700.0,2020-07-11
3501,39.0,North,83100.0,64,08/06/2022,1,39.0,North,83100.0,2022-08-06
5885,52.0,West,18300.0,42,"March 26, 2019",0,52.0,West,18300.0,2019-03-26
1168,65.0,South,52700.0,40,11/08/2015,1,65.0,South,52700.0,2015-11-08
826,42.0,South,72600.0,76,2019-06-06,1,42.0,South,72600.0,2019-06-06
6917,39.0,East,91400.0,51,2023-02-01,1,39.0,East,91400.0,2023-02-01
8363,53.0,North,85200.0,73,08/19/2020,0,53.0,North,85200.0,2020-08-19
1030,56.0,south ,24800.0,27,11/14/2023,0,56.0,South,24800.0,2023-11-14
10646,60.0,E.,"$188,300",58,2020-06-29,0,60.0,East,188300.0,2020-06-29
2511,34.0,West,"$47,500",41,24-Nov-2022,1,34.0,West,47500.0,2022-11-24
818,45.0,East,"$35,400",25,24-Mar-2024,1,45.0,East,35400.0,2024-03-24
7158,45.0,S.,24100.0,25,08/26/2021,1,45.0,South,24100.0,2021-08-26
5769,41.0,North,63700.0,29,24-Feb-2016,0,41.0,North,63700.0,2016-02-24
4865,31.0,South,71000.0,45,04/30/2016,1,31.0,South,71000.0,2016-04-30
3480,42.0,West,30300.0,17,05/19/2018,1,42.0,West,30300.0,2018-05-19
7371,51.0,N.,61100.0,26,05/06/2018,1,51.0,North,61100.0,2018-05-06
2094,53.0,West,49100.0,29,13-Apr-2022,0,53.0,West,49100.0,2022-04-13
4068,41.0,North,42900.0,42,29-Oct-2016,1,41.0,North,42900.0,2016-10-29
8104,59.0,South,33700.0,32,08/19/2024,1,59.0,South,33700.0,2024-08-19
10352,18.0,North,112300.0,3,"July 14, 2018",1,18.0,North,112300.0,2018-07-14
772,60.0,West,44300.0,62,2016-07-09,1,60.0,West,44300.0,2016-07-09
8018,57.0,East,26500.0,67,"October 27, 2019",1,57.0,East,26500.0,2019-10-27
8437,52.0,WEST,172100.0,28,"May 17, 2015",1,52.0,West,172100.0,2015-05-17
6514,40.0,South,111500.0,83,07-Jan-2017,1,40.0,South,111500.0,2017-01-07
9773,36.0,East,15000.0,17,"July 15, 2024",1,36.0,East,15000.0,2024-07-15
10038,33.0,North,"$31,200",73,07/14/2024,1,33.0,North,31200.0,2024-07-14
8327,39.0,W. ,86000.0,51,27-Sep-2018,1,39.0,West,86000.0,2018-09-27
4635,46.0,South,47800.0,22,02/14/2016,1,46.0,South,47800.0,2016-02-14
10328,37.0,E.,124800.0,38,2022-07-11,0,37.0,East,124800.0,2022-07-11
1650,33.0,WEST,58300.0,29,29-Nov-2023,1,33.0,West,58300.0,2023-11-29
4969,38.0,South,64600.0,44,"August 05, 2019",1,38.0,South,64600.0,2019-08-05
624,34.0,North,,38,2023-08-10,1,34.0,North,49400.0,2023-08-10
7623,40.0,North,73600.0,8,05-May-2017,1,40.0,North,73600.0,2017-05-05
855,46.0,North,60000.0,35,05/30/2024,1,46.0,North,60000.0,2024-05-30
7448,58.0, NORTH,70700.0,29,2018-03-16,0,58.0,North,70700.0,2018-03-16
1506,48.0,East,113800.0,55,12-Oct-2020,1,48.0,East,113800.0,2020-10-12
9412,47.0,South,77800.0,85,"June 30, 2016",0,47.0,South,77800.0,2016-06-30
10711,44.0,South,125200.0,10,03-Feb-2016,0,44.0,South,125200.0,2016-02-03
6689,61.0,West,89200.0,40,2018-05-06,0,61.0,West,89200.0,2018-05-06
5791,57.0,North,"$58,500",80,12/13/2018,1,57.0,North,58500.0,2018-12-13
2688,39.0,West,"$44,200",56,2022-02-05,1,39.0,West,44200.0,2022-02-05
7691,45.0,North,38700.0,52,2017-09-22,0,45.0,North,38700.0,2017-09-22
10386,33.0,east,44600.0,29,07-Mar-2024,1,33.0,East,44600.0,2024-03-07
5749,32.0,North,41700.0,40,10-Apr-2022,1,32.0,North,41700.0,2022-04-10
8551,45.0,east,33500.0,29,15-Nov-2018,0,45.0,East,33500.0,2018-11-15
9903,56.0,South,56800.0,33,"July 30, 2023",0,56.0,South,56800.0,2023-07-30
11814,79.0,North,49700.0,31,2016-03-30,1,79.0,North,49700.0,2016-03-30
6402,30.0,SOUTH,"$20,100",11,"May 14, 2022",1,30.0,South,20100.0,2022-05-14
8541,53.0,South,51400.0,32,09-Jul-2017,1,53.0,South,51400.0,2017-07-09
8976,63.0,North,72800.0,23,2024-08-25,1,63.0,North,72800.0,2024-08-25
7404,30.0,NORTH,"$43,200",65,13-Jan-2020,1,30.0,North,43200.0,2020-01-13
2570,48.0,North,76300.0,43,2024-12-13,0,48.0,North,76300.0,2024-12-13
9816,48.0,North,"$30,100",2,08/06/2018,0,48.0,North,30100.0,2018-08-06
848,53.0,west,71800.0,76,"February 02, 2022",1,53.0,West,71800.0,2022-02-02
4623,43.0,North,107200.0,26,"October 20, 2021",1,43.0,North,107200.0,2021-10-20
551,,East,33900.0,23,"July 28, 2016",1,42.02803042831156,East,33900.0,2016-07-28
3612,32.0,West,95100.0,13,10/27/2021,0,32.0,West,95100.0,2021-10-27
5854,23.0,E.,32200.0,66,"June 26, 2017",0,23.0,East,32200.0,2017-06-26
3892,24.0,NORTH,40700.0,17,19-Aug-2023,1,24.0,North,40700.0,2023-08-19
8505,27.0,South,80000.0,10,12/30/2023,1,27.0,South,80000.0,2023-12-30
2309,59.0,East,110400.0,13,2024-02-10,1,59.0,East,110400.0,2024-02-10
11682,41.0,South,98400.0,13,2016-12-13,1,41.0,South,98400.0,2016-12-13
8385,39.0, North,94000.0,83,17-Aug-2023,0,39.0,North,94000.0,2023-08-17
2356,18.0,North,87100.0,16,10-Mar-2020,0,18.0,North,87100.0,2020-03-10
8283,37.0,North,29400.0,61,"April 21, 2020",1,37.0,North,29400.0,2020-04-21
6563,48.0,North,33600.0,71,29-Apr-2023,0,48.0,North,33600.0,2023-04-29
9094,19.0,W. ,76500.0,37,01/15/2019,1,19.0,West,76500.0,2019-01-15
11236,38.0,East,70100.0,31,"May 08, 2017",1,38.0,East,70100.0,2017-05-08
6009,40.0,W. ,27900.0,28,"October 14, 2022",1,40.0,West,27900.0,2022-10-14
10069,44.0,West,57000.0,13,02/23/2018,1,44.0,West,57000.0,2018-02-23
4247,45.0,North,41100.0,32,10-Nov-2024,1,45.0,North,41100.0,2024-11-10
154,,South,38500.0,6,06/27/2022,1,42.02803042831156,South,38500.0,2022-06-27
971,38.0,South,46600.0,68,"January 05, 2023",0,38.0,South,46600.0,2023-01-05
8383,61.0,South,51200.0,33,"March 20, 2021",1,61.0,South,51200.0,2021-03-20
3192,31.0,east,48000.0,40,30-Jul-2023,0,31.0,East,48000.0,2023-07-30
8671,52.0,East,"$42,900",53,"January 11, 2019",1,52.0,East,42900.0,2019-01-11
6673,27.0,East,113300.0,42,05/12/2021,0,27.0,East,113300.0,2021-05-12
2941,63.0,West,22000.0,17,"February 11, 2024",0,63.0,West,22000.0,2024-02-11
2901,35.0,North,78100.0,36,04-Mar-2023,0,35.0,North,78100.0,2023-03-04
6742,61.0,North,36100.0,61,2018-06-05,0,61.0,North,36100.0,2018-06-05
8234,43.0, East ,81400.0,29,04/07/2022,1,43.0,East,81400.0,2022-04-07
1293,37.0,NORTH,40900.0,6,2024-10-01,1,37.0,North,40900.0,2024-10-01
10840,33.0, East ,24100.0,22,"August 22, 2023",1,33.0,East,24100.0,2023-08-22
8264,44.0,W. ,61600.0,45,2018-03-13,1,44.0,West,61600.0,2018-03-13
4741,38.0,North,117600.0,48,08-Apr-2024,1,38.0,North,117600.0,2024-04-08
7931,35.0,South,37100.0,45,2018-01-24,1,35.0,South,37100.0,2018-01-24
882,54.0,South,106300.0,16,10/17/2023,1,54.0,South,106300.0,2023-10-17
5415,60.0,East,54700.0,22,2017-10-10,1,60.0,East,54700.0,2017-10-10
5954,48.0,West,139100.0,38,"December 05, 2016",1,48.0,West,139100.0,2016-12-05
857,46.0,North,70300.0,13,"September 20, 2024",1,46.0,North,70300.0,2024-09-20
7764,48.0,East,"$30,300",27,"April 04, 2017",0,48.0,East,30300.0,2017-04-04
1857,40.0,North,62900.0,22,09/23/2017,1,40.0,North,62900.0,2017-09-23
11525,56.0,WEST,47400.0,59,06/26/2022,1,56.0,West,47400.0,2022-06-26
6887,40.0,North,,9,12-Dec-2018,0,40.0,North,49400.0,2018-12-12
4115,31.0,,16500.0,45,23-Oct-2016,1,31.0,Unknown,16500.0,2016-10-23
6635,43.0,North,102500.0,53,09-Aug-2020,0,43.0,North,102500.0,2020-08-09
7247,25.0,North,88700.0,57,2018-08-25,1,25.0,North,88700.0,2018-08-25
3624,56.0,North,30200.0,47,"August 11, 2021",1,56.0,North,30200.0,2021-08-11
10054,42.0,North,"$53,100",86,2020-10-09,0,42.0,North,53100.0,2020-10-09
10792,20.0,North,63800.0,59,01-May-2016,1,20.0,North,63800.0,2016-05-01
2525,67.0,North,46400.0,32,"August 14, 2018",1,67.0,North,46400.0,2018-08-14
5223,,South,82400.0,14,04/10/2017,1,42.02803042831156,South,82400.0,2017-04-10
9635,49.0,North,24900.0,51,"April 16, 2015",1,49.0,North,24900.0,2015-04-16
6071,28.0,East,44300.0,20,10/10/2017,1,28.0,East,44300.0,2017-10-10
2026,23.0,North,35000.0,95,12/19/2020,0,23.0,North,35000.0,2020-12-19
1092,42.0,South,134200.0,33,09/16/2021,1,42.0,South,134200.0,2021-09-16
643,69.0,NORTH,71200.0,50,"November 23, 2017",1,69.0,North,71200.0,2017-11-23
5512,42.0,WEST,88000.0,36,"June 14, 2018",1,42.0,West,88000.0,2018-06-14
1313,33.0,East,27200.0,63,01/11/2017,1,33.0,East,27200.0,2017-01-11
2897,55.0,South,57300.0,12,01/04/2018,1,55.0,South,57300.0,2018-01-04
9262,43.0,east,33600.0,49,"February 27, 2021",0,43.0,East,33600.0,2021-02-27
4081,56.0,South,46400.0,15,"June 22, 2022",1,56.0,South,46400.0,2022-06-22
11732,39.0,south ,31400.0,18,05/11/2021,1,39.0,South,31400.0,2021-05-11
11062,41.0,North,83500.0,40,2022-08-17,1,41.0,North,83500.0,2022-08-17
9040,,East,59900.0,31,13-Mar-2022,1,42.02803042831156,East,59900.0,2022-03-13
5291,48.0,East,15000.0,24,03-Aug-2016,1,48.0,East,15000.0,2016-08-03
6305,55.0,West,52800.0,5,2017-06-02,1,55.0,West,52800.0,2017-06-02
7495,28.0,South,"$33,400",44,2020-05-01,1,28.0,South,33400.0,2020-05-01
8281,47.0,east,28300.0,21,2018-03-11,0,47.0,East,28300.0,2018-03-11
5841,34.0,North,63600.0,20,08/18/2015,1,34.0,North,63600.0,2015-08-18
5220,50.0,West,41900.0,4,21-Oct-2023,1,50.0,West,41900.0,2023-10-21
10503,34.0,East,175300.0,2,2018-07-02,1,34.0,East,175300.0,2018-07-02
2980,72.0,West,22900.0,27,08/25/2015,1,72.0,West,22900.0,2015-08-25
10292,53.0,East,"$60,600",31,06/03/2022,1,53.0,East,60600.0,2022-06-03
2882,54.0,North,40600.0,13,2021-06-23,1,54.0,North,40600.0,2021-06-23
768,35.0,W. ,145300.0,37,"October 24, 2019",1,35.0,West,145300.0,2019-10-24
3394,28.0,East,"$67,200",65,2017-06-03,0,28.0,East,67200.0,2017-06-03
8657,27.0, North,42500.0,34,"October 20, 2024",1,27.0,North,42500.0,2024-10-20
7164,46.0,South,75500.0,33,28-Jul-2017,0,46.0,South,75500.0,2017-07-28
2746,57.0,West,64600.0,100,07-Feb-2015,1,57.0,West,64600.0,2015-02-07
2306,36.0,South,30000.0,21,09/28/2024,1,36.0,South,30000.0,2024-09-28
416,45.0,W. ,20700.0,30,2020-08-08,0,45.0,West,20700.0,2020-08-08
2224,32.0,North,98400.0,4,2017-01-19,0,32.0,North,98400.0,2017-01-19
11048,45.0,West,77900.0,74,"October 18, 2024",1,45.0,West,77900.0,2024-10-18
7952,63.0,SOUTH,"$40,900",78,2016-02-22,1,63.0,South,40900.0,2016-02-22
3410,41.0,South,36800.0,102,2024-03-14,1,41.0,South,36800.0,2024-03-14
8928,36.0,E.,49400.0,8,"August 06, 2017",1,36.0,East,49400.0,2017-08-06
6573,61.0,South,35100.0,19,2024-08-15,1,61.0,South,35100.0,2024-08-15
2248,32.0,North,60700.0,58,"December 31, 2015",1,32.0,North,60700.0,2015-12-31
11322,26.0,South,57500.0,42,03/06/2022,1,26.0,South,57500.0,2022-03-06
9454,58.0,East,45000.0,94,12-May-2015,1,58.0,East,45000.0,2015-05-12
9390,41.0,West,18000.0,31,2021-10-30,1,41.0,West,18000.0,2021-10-30
3462,24.0,North,"$100,300",13,07/26/2020,1,24.0,North,100300.0,2020-07-26
7916,36.0,North,18900.0,88,2016-12-28,1,36.0,North,18900.0,2016-12-28
10777,36.0,East,46600.0,106,02/05/2017,1,36.0,East,46600.0,2017-02-05
5199,34.0,west,43200.0,24,2017-09-12,0,34.0,West,43200.0,2017-09-12
7118,27.0,South,51300.0,25,"January 26, 2022",1,27.0,South,51300.0,2022-01-26
7769,45.0,North,97200.0,10,23-Nov-2022,1,45.0,North,97200.0,2022-11-23
1071,39.0,east,"$38,700",54,"September 23, 2024",1,39.0,East,38700.0,2024-09-23
8464,39.0,NORTH,120300.0,46,01/14/2016,1,39.0,North,120300.0,2016-01-14
80,,East,110400.0,19,2018-04-20,1,42.02803042831156,East,110400.0,2018-04-20
4925,24.0,E.,49100.0,45,09/24/2019,1,24.0,East,49100.0,2019-09-24
9722,31.0,South,"$69,300",100,"September 18, 2020",1,31.0,South,69300.0,2020-09-18
11342,42.0,East,70000.0,26,08/22/2022,0,42.0,East,70000.0,2022-08-22
8764,33.0,E.,29200.0,6,2023-09-14,0,33.0,East,29200.0,2023-09-14
5504,32.0,NORTH,63100.0,12,"June 14, 2022",1,32.0,North,63100.0,2022-06-14
10147,39.0,West,88900.0,23,2023-03-16,0,39.0,West,88900.0,2023-03-16
5888,68.0,South,89900.0,22,08/12/2017,1,68.0,South,89900.0,2017-08-12
4880,28.0,North,64900.0,20,"November 15, 2019",0,28.0,North,64900.0,2019-11-15
4312,42.0,North,29400.0,29,25-Sep-2023,0,42.0,North,29400.0,2023-09-25
7505,45.0, North,"$32,900",39,02/02/2021,0,45.0,North,32900.0,2021-02-02
1852,45.0,East,61600.0,79,23-Jan-2022,0,45.0,East,61600.0,2022-01-23
7843,40.0,South,"$67,700",44,03/23/2022,1,40.0,South,67700.0,2022-03-23
11834,41.0,East,49300.0,68,12-Jan-2022,1,41.0,East,49300.0,2022-01-12
10219,48.0,South,23600.0,43,19-Jul-2021,1,48.0,South,23600.0,2021-07-19
6755,41.0,WEST,33800.0,100,2021-10-15,0,41.0,West,33800.0,2021-10-15
9020,35.0,East,46900.0,39,2016-03-09,0,35.0,East,46900.0,2016-03-09
3532,40.0,West,59600.0,17,2017-01-18,1,40.0,West,59600.0,2017-01-18
3615,18.0,South,34900.0,7,"April 21, 2024",1,18.0,South,34900.0,2024-04-21
2398,40.0,North,52500.0,50,13-Nov-2015,1,40.0,North,52500.0,2015-11-13
3626,68.0,NORTH,55200.0,64,06-Aug-2015,1,68.0,North,55200.0,2015-08-06
2399,34.0,North,30300.0,13,01-Aug-2018,1,34.0,North,30300.0,2018-08-01
9385,54.0,East,49300.0,57,19-Feb-2015,0,54.0,East,49300.0,2015-02-19
10620,46.0,South,"$43,900",30,2018-06-30,0,46.0,South,43900.0,2018-06-30
6142,47.0,North,58300.0,10,12/13/2018,0,47.0,North,58300.0,2018-12-13
2618,54.0,West,96300.0,69,"November 23, 2021",0,54.0,West,96300.0,2021-11-23
5246,44.0,North,29000.0,39,01-May-2020,0,44.0,North,29000.0,2020-05-01
10885,39.0,W. ,"$44,300",22,"January 06, 2020",1,39.0,West,44300.0,2020-01-06
1160,24.0,South,91500.0,46,22-Jul-2022,1,24.0,South,91500.0,2022-07-22
9051,25.0,SOUTH,117100.0,69,2019-11-10,1,25.0,South,117100.0,2019-11-10
11635,57.0,west,"$58,100",15,2018-07-10,1,57.0,West,58100.0,2018-07-10
2420,18.0,NORTH,30200.0,13,2018-11-30,1,18.0,North,30200.0,2018-11-30
1523,39.0,North,48400.0,8,02-May-2017,1,39.0,North,48400.0,2017-05-02
10555,38.0,South,55300.0,37,"August 28, 2021",1,38.0,South,55300.0,2021-08-28
10370,42.0,East,76500.0,33,23-Jun-2024,1,42.0,East,76500.0,2024-06-23
8466,50.0,NORTH,26900.0,54,2024-12-22,1,50.0,North,26900.0,2024-12-22
3895,50.0,West,30400.0,42,2020-01-11,1,50.0,West,30400.0,2020-01-11
2445,53.0,South,62900.0,34,2024-06-14,1,53.0,South,62900.0,2024-06-14
9375,53.0,North,122700.0,21,2015-10-09,0,53.0,North,122700.0,2015-10-09
59,31.0,North,38900.0,43,10/29/2024,1,31.0,North,38900.0,2024-10-29
5127,48.0,South,45400.0,16,10/23/2024,1,48.0,South,45400.0,2024-10-23
7526,61.0,NORTH,40200.0,45,21-Dec-2017,1,61.0,North,40200.0,2017-12-21
807,40.0,West,36500.0,16,2020-06-15,0,40.0,West,36500.0,2020-06-15
6440,60.0,East,71500.0,26,04-Aug-2024,0,60.0,East,71500.0,2024-08-04
11054,57.0,N.,80800.0,65,06-Oct-2024,1,57.0,North,80800.0,2024-10-06
4110,42.0,East,87500.0,49,25-Aug-2024,0,42.0,East,87500.0,2024-08-25
5167,18.0,SOUTH,"$87,800",53,07/07/2018,1,18.0,South,87800.0,2018-07-07
8320,49.0,West,34500.0,63,27-Oct-2023,1,49.0,West,34500.0,2023-10-27
5530,42.0,West,48600.0,42,2019-05-10,1,42.0,West,48600.0,2019-05-10
7355,45.0,North,52900.0,36,04/14/2022,0,45.0,North,52900.0,2022-04-14
8490,18.0,North,"$105,000",55,12/30/2023,1,18.0,North,105000.0,2023-12-30
762,50.0,SOUTH,34000.0,50,24-Oct-2024,0,50.0,South,34000.0,2024-10-24
924,35.0,West,83200.0,11,03/01/2018,1,35.0,West,83200.0,2018-03-01
5265,29.0,West,44300.0,13,11/08/2018,0,29.0,West,44300.0,2018-11-08
5485,52.0,South,64100.0,85,2021-08-26,1,52.0,South,64100.0,2021-08-26
2803,53.0,East,73400.0,26,2020-09-12,1,53.0,East,73400.0,2020-09-12
3531,62.0,North,62400.0,24,"September 30, 2020",0,62.0,North,62400.0,2020-09-30
2933,57.0,West,32600.0,29,"February 22, 2022",1,57.0,West,32600.0,2022-02-22
11868,38.0,East,46000.0,64,30-Jun-2024,1,38.0,East,46000.0,2024-06-30
11345,47.0,East,52100.0,53,"December 20, 2017",1,47.0,East,52100.0,2017-12-20
8255,39.0,East,66100.0,34,01/26/2019,1,39.0,East,66100.0,2019-01-26
7367,36.0,N.,25500.0,5,12-Dec-2024,1,36.0,North,25500.0,2024-12-12
570,44.0,North,42800.0,31,"September 04, 2023",1,44.0,North,42800.0,2023-09-04
2133,37.0,East,"$37,200",25,18-Sep-2015,1,37.0,East,37200.0,2015-09-18
6099,55.0,East,29400.0,34,2022-02-08,1,55.0,East,29400.0,2022-02-08
4327,56.0,East,"$32,100",17,2021-04-22,1,56.0,East,32100.0,2021-04-22
3177,53.0,E.,36700.0,32,02/25/2020,1,53.0,East,36700.0,2020-02-25
6699,38.0,East,"$60,100",35,"February 16, 2015",1,38.0,East,60100.0,2015-02-16
9548,21.0,SOUTH,21100.0,27,"May 16, 2020",1,21.0,South,21100.0,2020-05-16
5233,35.0,S.,"$17,800",60,10/07/2016,1,35.0,South,17800.0,2016-10-07
5378,38.0,North,121900.0,46,14-Sep-2018,1,38.0,North,121900.0,2018-09-14
5660,44.0,S.,99900.0,6,09/12/2022,1,44.0,South,99900.0,2022-09-12
4805,36.0,West,25900.0,100,27-Mar-2017,1,36.0,West,25900.0,2017-03-27
4179,18.0,East,36000.0,59,"November 30, 2021",0,18.0,East,36000.0,2021-11-30
828,40.0,South,42800.0,64,03/01/2016,1,40.0,South,42800.0,2016-03-01
4507,52.0,East,30200.0,19,2018-08-10,1,52.0,East,30200.0,2018-08-10
8935,63.0,South,143400.0,5,11-Jan-2022,1,63.0,South,143400.0,2022-01-11
2162,30.0,South,77900.0,5,14-May-2017,1,30.0,South,77900.0,2017-05-14
7936,32.0,east,"$35,800",38,07-Jan-2015,1,32.0,East,35800.0,2015-01-07
2062,64.0,North,50100.0,40,2021-10-07,1,64.0,North,50100.0,2021-10-07
10116,33.0,East,46000.0,19,09/03/2017,1,33.0,East,46000.0,2017-09-03
10041,58.0,West,48800.0,66,"October 02, 2024",1,58.0,West,48800.0,2024-10-02
8492,69.0, East ,"$44,100",95,2017-04-07,0,69.0,East,44100.0,2017-04-07
11739,64.0,E.,64100.0,43,,1,64.0,East,64100.0,
644,44.0,North,"$43,900",17,2017-06-12,1,44.0,North,43900.0,2017-06-12
4118,55.0,North,38200.0,48,15-Dec-2016,1,55.0,North,38200.0,2016-12-15
6216,38.0,East,75100.0,52,10/06/2024,1,38.0,East,75100.0,2024-10-06
240,35.0,SOUTH,64100.0,6,07/10/2019,0,35.0,South,64100.0,2019-07-10
8859,36.0,N.,55900.0,6,2019-12-29,1,36.0,North,55900.0,2019-12-29
8750,18.0,West,15200.0,43,"April 05, 2018",0,18.0,West,15200.0,2018-04-05
1614,43.0,West,40300.0,25,2016-07-10,1,43.0,West,40300.0,2016-07-10
9018,43.0,South,129000.0,26,31-Oct-2017,1,43.0,South,129000.0,2017-10-31
6761,53.0, East ,78100.0,9,12/09/2018,1,53.0,East,78100.0,2018-12-09
2373,41.0,North,"$57,700",6,"April 26, 2016",0,41.0,North,57700.0,2016-04-26
947,46.0,West,87600.0,18,"April 28, 2020",1,46.0,West,87600.0,2020-04-28
2258,45.0,South,38800.0,68,12/17/2022,1,45.0,South,38800.0,2022-12-17
5454,29.0,West,"$22,500",5,"January 08, 2023",1,29.0,West,22500.0,2023-01-08
287,45.0,E.,34100.0,27,10/25/2022,0,45.0,East,34100.0,2022-10-25
1254,46.0,West,62200.0,24,"February 16, 2024",1,46.0,West,62200.0,2024-02-16
5284,54.0,south ,,42,17-Mar-2022,1,54.0,South,49400.0,2022-03-17
5290,65.0,South,25600.0,32,2024-04-30,1,65.0,South,25600.0,2024-04-30
8700,24.0,North,39900.0,41,2020-11-18,0,24.0,North,39900.0,2020-11-18
7551,46.0,SOUTH,39700.0,6,02/22/2024,1,46.0,South,39700.0,2024-02-22
6210,34.0,North,29300.0,103,22-Jul-2015,0,34.0,North,29300.0,2015-07-22
11113,31.0,East,28700.0,25,16-May-2020,0,31.0,East,28700.0,2020-05-16
5208,29.0,South,41700.0,54,"May 21, 2024",0,29.0,South,41700.0,2024-05-21
1938,27.0,S.,98200.0,29,2022-03-02,1,27.0,South,98200.0,2022-03-02
2272,28.0,East,"$42,700",13,2016-11-28,0,28.0,East,42700.0,2016-11-28
6243,36.0,South,42200.0,45,03/27/2024,1,36.0,South,42200.0,2024-03-27
8032,46.0,West,96400.0,41,"December 31, 2018",1,46.0,West,96400.0,2018-12-31
2104,52.0,South,55300.0,25,29-Jan-2019,1,52.0,South,55300.0,2019-01-29
6035,38.0,East,41300.0,50,"June 21, 2018",0,38.0,East,41300.0,2018-06-21
8923,54.0,West,"$20,600",27,01/21/2016,1,54.0,West,20600.0,2016-01-21
3688,48.0,North,"$91,700",8,"July 31, 2023",1,48.0,North,91700.0,2023-07-31
11798,42.0,north,57400.0,75,2024-03-19,1,42.0,North,57400.0,2024-03-19
11550,52.0,South,82400.0,99,"April 11, 2015",1,52.0,South,82400.0,2015-04-11
9025,57.0,West,48600.0,9,16-Aug-2023,1,57.0,West,48600.0,2023-08-16
7944,45.0,south ,41200.0,6,01/28/2020,1,45.0,South,41200.0,2020-01-28
5722,52.0,East,32900.0,58,2021-10-06,1,52.0,East,32900.0,2021-10-06
11497,41.0,North,35100.0,16,08/04/2021,1,41.0,North,35100.0,2021-08-04
2575,41.0,North,83100.0,65,07/18/2020,1,41.0,North,83100.0,2020-07-18
3096,27.0,West,37200.0,38,11/27/2016,0,27.0,West,37200.0,2016-11-27
10837,35.0,East,28700.0,67,01/18/2019,1,35.0,East,28700.0,2019-01-18
6296,18.0,North,36100.0,42,"April 23, 2018",1,18.0,North,36100.0,2018-04-23
4289,40.0,North,47400.0,20,22-Sep-2017,1,40.0,North,47400.0,2017-09-22
6948,52.0,North,50500.0,93,2020-10-17,1,52.0,North,50500.0,2020-10-17
7967,40.0,,58100.0,15,05-Jan-2019,0,40.0,Unknown,58100.0,2019-01-05
10190,42.0,Unknown,26500.0,41,2023-11-18,1,42.0,Unknown,26500.0,2023-11-18
9939,39.0,north,47000.0,27,"April 04, 2023",0,39.0,North,47000.0,2023-04-04
11873,63.0,North,30800.0,22,20-Aug-2016,1,63.0,North,30800.0,2016-08-20
6890,55.0,South,19000.0,5,02/15/2022,0,55.0,South,19000.0,2022-02-15
11232,43.0,N.,57400.0,39,"May 27, 2016",1,43.0,North,57400.0,2016-05-27
2423,62.0,East,53700.0,11,28-Feb-2019,1,62.0,East,53700.0,2019-02-28
11301,52.0,North,30900.0,45,04/17/2024,0,52.0,North,30900.0,2024-04-17
8379,,East,58600.0,10,"August 05, 2021",0,42.02803042831156,East,58600.0,2021-08-05
5083,43.0,East,77100.0,13,28-Jul-2024,0,43.0,East,77100.0,2024-07-28
83,37.0, North,39800.0,11,01-Jun-2020,1,37.0,North,39800.0,2020-06-01
4172,50.0,West,76500.0,10,2022-06-15,1,50.0,West,76500.0,2022-06-15
9120,31.0,North,28900.0,15,18-Oct-2023,1,31.0,North,28900.0,2023-10-18
3845,43.0, East ,144800.0,28,2024-07-24,1,43.0,East,144800.0,2024-07-24
8325,,South,78700.0,26,"February 03, 2015",0,42.02803042831156,South,78700.0,2015-02-03
11713,72.0, East ,"$51,000",36,"October 25, 2018",0,72.0,East,51000.0,2018-10-25
8123,35.0,S.,24900.0,42,2015-07-05,1,35.0,South,24900.0,2015-07-05
3883,46.0,North,65500.0,75,2019-09-12,1,46.0,North,65500.0,2019-09-12
3705,49.0,East,35100.0,24,"April 29, 2019",1,49.0,East,35100.0,2019-04-29
7106,40.0,East,35500.0,82,"October 17, 2016",0,40.0,East,35500.0,2016-10-17
10634,83.0,East,58100.0,55,2017-06-15,0,83.0,East,58100.0,2017-06-15
2274,54.0,South,"$15,100",84,25-Feb-2024,0,54.0,South,15100.0,2024-02-25
1120,29.0,North,25800.0,7,2019-08-28,1,29.0,North,25800.0,2019-08-28
5221,54.0,East,27800.0,53,2024-01-09,1,54.0,East,27800.0,2024-01-09
2322,58.0,East,69800.0,53,"May 18, 2020",1,58.0,East,69800.0,2020-05-18
630,18.0,West,34000.0,92,12/29/2020,1,18.0,West,34000.0,2020-12-29
7070,47.0,W. ,"$39,300",123,02/08/2019,1,47.0,West,39300.0,2019-02-08
3552,27.0,NORTH,48400.0,36,05-Jun-2015,1,27.0,North,48400.0,2015-06-05
371,42.0,North,24300.0,24,05/06/2017,1,42.0,North,24300.0,2017-05-06
7181,40.0,East,"$38,800",33,03/30/2019,1,40.0,East,38800.0,2019-03-30
6486,35.0,W. ,53100.0,22,2016-03-17,0,35.0,West,53100.0,2016-03-17
9598,36.0,East,88400.0,17,"December 10, 2023",0,36.0,East,88400.0,2023-12-10
6683,24.0,WEST,74300.0,32,2022-03-16,1,24.0,West,74300.0,2022-03-16
9695,34.0,West,46500.0,45,2021-12-05,1,34.0,West,46500.0,2021-12-05
3066,42.0,North,87200.0,29,22-Dec-2022,1,42.0,North,87200.0,2022-12-22
8709,36.0, North,18100.0,22,"October 02, 2021",1,36.0,North,18100.0,2021-10-02
1574,42.0,South,23900.0,62,09/15/2018,1,42.0,South,23900.0,2018-09-15
2542,47.0,West,34900.0,15,10/17/2024,1,47.0,West,34900.0,2024-10-17
8765,60.0,North,32900.0,20,"April 03, 2018",1,60.0,North,32900.0,2018-04-03
10044,70.0,West,"$54,600",59,15-Oct-2016,1,70.0,West,54600.0,2016-10-15
4582,52.0,West,67500.0,23,05-Oct-2019,1,52.0,West,67500.0,2019-10-05
5219,53.0,N.,60700.0,22,27-Aug-2016,0,53.0,North,60700.0,2016-08-27
5117,52.0,South,57400.0,36,08/23/2020,0,52.0,South,57400.0,2020-08-23
6454,46.0,South,16000.0,36,2018-10-21,0,46.0,South,16000.0,2018-10-21
3069,69.0,S.,39600.0,32,"January 14, 2016",1,69.0,South,39600.0,2016-01-14
5470,54.0,East,50100.0,50,01/19/2020,1,54.0,East,50100.0,2020-01-19
3301,49.0,West,"$44,900",62,2015-11-15,1,49.0,West,44900.0,2015-11-15
2698,44.0,West,"$50,500",19,24-Oct-2016,1,44.0,West,50500.0,2016-10-24
1599,63.0,West,90900.0,45,11/08/2021,1,63.0,West,90900.0,2021-11-08
2001,36.0,West,44800.0,3,01/10/2024,1,36.0,West,44800.0,2024-01-10
5191,43.0,North,"$73,100",32,2018-08-08,1,43.0,North,73100.0,2018-08-08
562,46.0,West,75200.0,65,01/09/2022,0,46.0,West,75200.0,2022-01-09
8643,34.0,East,53500.0,35,2018-09-26,1,34.0,East,53500.0,2018-09-26
942,54.0,North,42900.0,59,06-Dec-2023,1,54.0,North,42900.0,2023-12-06
690,36.0,South,"$32,500",34,11/17/2022,0,36.0,South,32500.0,2022-11-17
7003,33.0,North,108000.0,50,04/15/2024,1,33.0,North,108000.0,2024-04-15
10474,46.0,South,22000.0,66,04/01/2021,0,46.0,South,22000.0,2021-04-01
2042,51.0,South,23500.0,17,2024-06-08,1,51.0,South,23500.0,2024-06-08
2978,40.0,N.,33200.0,14,2021-05-28,0,40.0,North,33200.0,2021-05-28
10872,25.0,East,"$116,400",38,"October 03, 2017",1,25.0,East,116400.0,2017-10-03
8215,25.0,West,39500.0,48,04/18/2022,1,25.0,West,39500.0,2022-04-18
6240,35.0,W. ,71600.0,2,22-Aug-2017,0,35.0,West,71600.0,2017-08-22
10406,,South,71600.0,64,17-Oct-2021,1,42.02803042831156,South,71600.0,2021-10-17
9168,37.0,South,119800.0,71,16-Nov-2022,0,37.0,South,119800.0,2022-11-16
1100,58.0,North,48000.0,39,2015-12-18,1,58.0,North,48000.0,2015-12-18
5821,37.0,West,39400.0,13,21-Dec-2015,1,37.0,West,39400.0,2015-12-21
5790,60.0,west,28300.0,36,"April 13, 2021",1,60.0,West,28300.0,2021-04-13
4647,41.0,North,22300.0,94,03/26/2015,1,41.0,North,22300.0,2015-03-26
688,61.0,East,44400.0,79,2024-08-29,1,61.0,East,44400.0,2024-08-29
2565,57.0,East,47300.0,59,2021-11-08,1,57.0,East,47300.0,2021-11-08
645,38.0,south ,35700.0,3,24-Jul-2015,0,38.0,South,35700.0,2015-07-24
7406,38.0,north,42000.0,7,28-Jun-2020,1,38.0,North,42000.0,2020-06-28
3632,57.0,WEST,"$27,000",20,08/26/2021,1,57.0,West,27000.0,2021-08-26
5516,37.0,North,118000.0,8,2020-02-27,0,37.0,North,118000.0,2020-02-27
3450,42.0,East,"$25,800",33,2021-04-19,1,42.0,East,25800.0,2021-04-19
1716,44.0,South,38300.0,1,"October 27, 2020",0,44.0,South,38300.0,2020-10-27
10204,18.0,S.,49200.0,56,2016-04-24,0,18.0,South,49200.0,2016-04-24
3736,36.0,south ,46600.0,21,13-Jul-2016,1,36.0,South,46600.0,2016-07-13
322,40.0,North,100000.0,20,2023-10-31,1,40.0,North,100000.0,2023-10-31
7648,,West,57600.0,7,06/07/2015,1,42.02803042831156,West,57600.0,2015-06-07
6114,33.0,South,70700.0,25,01-Jun-2017,0,33.0,South,70700.0,2017-06-01
6138,18.0, East ,42100.0,63,"January 27, 2023",1,18.0,East,42100.0,2023-01-27
1542,53.0,West,58000.0,54,08-Jul-2015,1,53.0,West,58000.0,2015-07-08
6188,43.0,North,"$69,200",11,2018-03-06,1,43.0,North,69200.0,2018-03-06
9167,31.0,WEST,20400.0,48,"March 17, 2015",1,31.0,West,20400.0,2015-03-17
7874,35.0,West,63000.0,48,"November 03, 2019",1,35.0,West,63000.0,2019-11-03
288,43.0,West,"$15,100",7,05/31/2015,1,43.0,West,15100.0,2015-05-31
5214,36.0,South,"$67,900",52,"May 11, 2016",1,36.0,South,67900.0,2016-05-11
3690,60.0,,88000.0,54,2015-08-08,1,60.0,Unknown,88000.0,2015-08-08
9088,34.0, East ,95000.0,73,14-Mar-2017,1,34.0,East,95000.0,2017-03-14
4108,59.0,south ,46200.0,46,06-Jul-2023,1,59.0,South,46200.0,2023-07-06
1337,48.0,North,27000.0,56,2017-12-29,1,48.0,North,27000.0,2017-12-29
255,39.0, North,31700.0,30,06-Feb-2016,1,39.0,North,31700.0,2016-02-06
3433,38.0, North,108600.0,18,2016-08-16,0,38.0,North,108600.0,2016-08-16
11480,78.0,East,133300.0,60,01/28/2015,1,78.0,East,133300.0,2015-01-28
852,36.0,S.,82200.0,35,03/09/2021,1,36.0,South,82200.0,2021-03-09
10455,39.0,South,46200.0,70,05/23/2019,1,39.0,South,46200.0,2019-05-23
9251,58.0,South,38000.0,82,29-Mar-2020,1,58.0,South,38000.0,2020-03-29
10440,36.0,,31000.0,73,26-Sep-2020,1,36.0,Unknown,31000.0,2020-09-26
9672,20.0,East,61100.0,6,"January 20, 2019",1,20.0,East,61100.0,2019-01-20
7633,37.0,East,26400.0,18,"December 24, 2023",1,37.0,East,26400.0,2023-12-24
2740,60.0,east,16700.0,25,2020-07-10,1,60.0,East,16700.0,2020-07-10
1159,18.0,East,51100.0,19,02-Sep-2019,1,18.0,East,51100.0,2019-09-02
11601,43.0,West,"$74,100",42,2024-03-26,1,43.0,West,74100.0,2024-03-26
10126,25.0,West,31600.0,41,"September 01, 2016",0,25.0,West,31600.0,2016-09-01
2355,27.0,North,28700.0,37,"December 12, 2024",1,27.0,North,28700.0,2024-12-12
3291,39.0,South,44500.0,51,2020-12-05,0,39.0,South,44500.0,2020-12-05
7598,28.0,,42800.0,35,"February 06, 2017",1,28.0,Unknown,42800.0,2017-02-06
8102,40.0,SOUTH,211400.0,27,12/31/2017,1,40.0,South,211400.0,2017-12-31
11289,61.0,West,54900.0,25,24-Dec-2017,1,61.0,West,54900.0,2017-12-24
583,38.0,East,89400.0,54,08/23/2017,1,38.0,East,89400.0,2017-08-23
4541,56.0,East,30100.0,33,2015-01-15,1,56.0,East,30100.0,2015-01-15
2664,23.0,East,30500.0,64,"March 20, 2018",0,23.0,East,30500.0,2018-03-20
1545,60.0,South,56600.0,65,"October 26, 2019",1,60.0,South,56600.0,2019-10-26
9922,68.0,E.,22800.0,21,"March 26, 2018",1,68.0,East,22800.0,2018-03-26
2622,33.0,East,42200.0,27,03/02/2023,1,33.0,East,42200.0,2023-03-02
9152,40.0,North,"$31,000",33,"September 28, 2020",0,40.0,North,31000.0,2020-09-28
1289,68.0,North,59000.0,66,"January 25, 2020",1,68.0,North,59000.0,2020-01-25
1437,36.0,South,"$56,100",24,2018-05-20,1,36.0,South,56100.0,2018-05-20
987,24.0,East,40900.0,94,09/21/2018,1,24.0,East,40900.0,2018-09-21
7569,58.0,SOUTH,66000.0,23,11-Feb-2016,0,58.0,South,66000.0,2016-02-11
7029,39.0,East,108400.0,10,03/10/2022,1,39.0,East,108400.0,2022-03-10
7317,26.0,WEST,54200.0,13,2016-07-27,0,26.0,West,54200.0,2016-07-27
4338,36.0,South,"$106,500",28,2024-02-06,1,36.0,South,106500.0,2024-02-06
9848,40.0,North,"$46,700",75,26-Mar-2017,1,40.0,North,46700.0,2017-03-26
2770,52.0,South,62500.0,32,19-Jan-2022,0,52.0,South,62500.0,2022-01-19
7474,34.0,East,"$51,800",7,2016-05-11,1,34.0,East,51800.0,2016-05-11
6807,56.0,N.,"$24,700",4,05/10/2019,1,56.0,North,24700.0,2019-05-10
10170,38.0,North,47700.0,50,"March 15, 2020",1,38.0,North,47700.0,2020-03-15
93,36.0,North,37200.0,9,"August 09, 2015",1,36.0,North,37200.0,2015-08-09
7119,37.0,N.,"$28,100",25,11/13/2017,1,37.0,North,28100.0,2017-11-13
7538,,West,46200.0,24,10-Sep-2022,1,42.02803042831156,West,46200.0,2022-09-10
4860,39.0,east,53000.0,46,12/01/2016,1,39.0,East,53000.0,2016-12-01
4671,18.0,East,27200.0,185,2021-09-05,1,18.0,East,27200.0,2021-09-05
546,40.0,WEST,42200.0,73,"July 16, 2024",0,40.0,West,42200.0,2024-07-16
1476,40.0,North,"$32,100",107,2017-06-09,1,40.0,North,32100.0,2017-06-09
2457,55.0,North,"$46,700",33,04/15/2018,1,55.0,North,46700.0,2018-04-15
10934,23.0,South,73300.0,37,2023-10-22,1,23.0,South,73300.0,2023-10-22
8463,25.0,West,27000.0,40,2024-10-12,1,25.0,West,27000.0,2024-10-12
477,56.0,East,30400.0,55,01/23/2021,1,56.0,East,30400.0,2021-01-23
9378,40.0,South,59500.0,79,"March 14, 2023",0,40.0,South,59500.0,2023-03-14
10943,39.0,South,25900.0,80,"May 07, 2019",1,39.0,South,25900.0,2019-05-07
6185,55.0,N.,34600.0,27,07/31/2021,0,55.0,North,34600.0,2021-07-31
11053,44.0,West,45100.0,26,"April 27, 2020",1,44.0,West,45100.0,2020-04-27
696,32.0,E.,52300.0,59,"June 19, 2022",1,32.0,East,52300.0,2022-06-19
2411,30.0,N.,137600.0,35,03/29/2016,0,30.0,North,137600.0,2016-03-29
9865,,W. ,27300.0,15,"March 29, 2022",1,42.02803042831156,West,27300.0,2022-03-29
6790,34.0,East,78700.0,79,"February 17, 2020",1,34.0,East,78700.0,2020-02-17
7249,54.0,North,31700.0,90,2017-09-29,1,54.0,North,31700.0,2017-09-29
3646,23.0,north,140100.0,114,"September 14, 2021",1,23.0,North,140100.0,2021-09-14
2231,48.0,South,"$41,000",18,2020-01-29,1,48.0,South,41000.0,2020-01-29
9986,54.0,West,47700.0,46,07/08/2015,1,54.0,West,47700.0,2015-07-08
9880,62.0,W. ,20400.0,6,07/12/2017,1,62.0,West,20400.0,2017-07-12
11225,70.0, East ,57100.0,66,18-Dec-2021,1,70.0,East,57100.0,2021-12-18
1218,18.0,South,39900.0,22,06/04/2022,1,18.0,South,39900.0,2022-06-04
3924,51.0,West,15000.0,17,18-Jun-2024,0,51.0,West,15000.0,2024-06-18
11352,67.0,SOUTH,62400.0,18,15-Jul-2016,1,67.0,South,62400.0,2016-07-15
9016,39.0,North,45600.0,20,"March 04, 2021",1,39.0,North,45600.0,2021-03-04
4389,21.0,West,"$15,100",41,07/19/2018,1,21.0,West,15100.0,2018-07-19
11652,49.0,north,15000.0,29,"July 11, 2024",1,49.0,North,15000.0,2024-07-11
8,38.0,East,,21,2016-03-27,1,38.0,East,49400.0,2016-03-27
241,31.0,West,36400.0,35,09/03/2023,1,31.0,West,36400.0,2023-09-03
6700,54.0,,69600.0,35,"October 03, 2018",1,54.0,Unknown,69600.0,2018-10-03
6853,42.0,North,36900.0,65,13-Jan-2017,1,42.0,North,36900.0,2017-01-13
883,28.0,South,30100.0,82,"March 14, 2015",1,28.0,South,30100.0,2015-03-14
9429,27.0,North,20200.0,11,27-Oct-2017,0,27.0,North,20200.0,2017-10-27
10977,58.0,West,179100.0,7,"May 01, 2017",1,58.0,West,179100.0,2017-05-01
4296,48.0,south ,35000.0,51,2021-05-18,1,48.0,South,35000.0,2021-05-18
1121,48.0, East ,63700.0,59,2015-11-01,1,48.0,East,63700.0,2015-11-01
3799,53.0,North,63700.0,51,07-Mar-2018,1,53.0,North,63700.0,2018-03-07
4572,63.0,West,43200.0,55,08/20/2019,1,63.0,West,43200.0,2019-08-20
10660,46.0,East,35500.0,37,11/25/2016,1,46.0,East,35500.0,2016-11-25
6621,40.0,North,78100.0,14,08-Sep-2024,1,40.0,North,78100.0,2024-09-08
4695,40.0,East,25800.0,16,23-Feb-2020,1,40.0,East,25800.0,2020-02-23
6458,45.0,North,"$22,500",21,2022-07-09,0,45.0,North,22500.0,2022-07-09
45,44.0,North,"$28,900",32,2016-10-25,1,44.0,North,28900.0,2016-10-25
6263,38.0,East,68700.0,29,"March 18, 2016",1,38.0,East,68700.0,2016-03-18
6504,52.0,South,54600.0,38,"December 28, 2021",1,52.0,South,54600.0,2021-12-28
10040,,East,"$130,000",8,2016-06-12,1,42.02803042831156,East,130000.0,2016-06-12
10123,32.0,S.,29500.0,16,2021-05-14,1,32.0,South,29500.0,2021-05-14
7060,42.0,S.,35200.0,43,12/20/2024,1,42.0,South,35200.0,2024-12-20
4298,33.0,N.,31100.0,17,28-Dec-2016,1,33.0,North,31100.0,2016-12-28
2786,43.0,SOUTH,"$79,600",21,05/25/2024,1,43.0,South,79600.0,2024-05-25
8727,59.0,South,"$16,800",90,2017-07-08,1,59.0,South,16800.0,2017-07-08
3359,29.0,south ,16900.0,74,02-Jun-2015,1,29.0,South,16900.0,2015-06-02
1434,21.0,West,"$76,800",88,2017-11-17,1,21.0,West,76800.0,2017-11-17
2214,65.0,North,63600.0,11,08/06/2018,1,65.0,North,63600.0,2018-08-06
1805,43.0,East,69700.0,44,2020-08-10,1,43.0,East,69700.0,2020-08-10
5152,,East,87800.0,24,"May 29, 2020",1,42.02803042831156,East,87800.0,2020-05-29
10539,37.0,South,86500.0,2,2024-11-05,1,37.0,South,86500.0,2024-11-05
7302,34.0,East,61400.0,46,10-Mar-2021,1,34.0,East,61400.0,2021-03-10
10183,56.0,west,58300.0,13,15-Nov-2018,1,56.0,West,58300.0,2018-11-15
1408,50.0,South,59200.0,55,08/02/2021,0,50.0,South,59200.0,2021-08-02
6001,45.0,East,67400.0,13,2020-09-10,0,45.0,East,67400.0,2020-09-10
2909,26.0,East,34000.0,13,29-Apr-2022,1,26.0,East,34000.0,2022-04-29
8588,33.0,East,51400.0,70,2020-07-10,0,33.0,East,51400.0,2020-07-10
1563,31.0,South,59000.0,27,02/18/2021,1,31.0,South,59000.0,2021-02-18
2863,32.0,N.,,63,2019-05-19,1,32.0,North,49400.0,2019-05-19
5706,45.0,North,56100.0,34,09/22/2020,1,45.0,North,56100.0,2020-09-22
6781,57.0,South,16600.0,27,"March 25, 2017",1,57.0,South,16600.0,2017-03-25
1987,45.0,south ,"$43,400",51,09/17/2020,1,45.0,South,43400.0,2020-09-17
7969,31.0,South,35800.0,42,07-Oct-2018,1,31.0,South,35800.0,2018-10-07
9625,41.0,South,96100.0,17,09/17/2016,1,41.0,South,96100.0,2016-09-17
1140,42.0,East,62800.0,31,"January 16, 2020",1,42.0,East,62800.0,2020-01-16
249,80.0,South,35900.0,16,27-Sep-2015,0,80.0,South,35900.0,2015-09-27
2405,31.0,north,44900.0,30,2020-10-24,1,31.0,North,44900.0,2020-10-24
10544,49.0,West,41700.0,40,"February 17, 2022",1,49.0,West,41700.0,2022-02-17
2294,36.0,West,"$89,700",75,"August 28, 2022",0,36.0,West,89700.0,2022-08-28
3082,28.0,West,16400.0,40,08-Jul-2017,1,28.0,West,16400.0,2017-07-08
6987,28.0,South,31200.0,31,"May 12, 2020",1,28.0,South,31200.0,2020-05-12
279,57.0,East,"$94,600",64,"January 12, 2023",1,57.0,East,94600.0,2023-01-12
2400,50.0,South,53600.0,29,24-May-2020,1,50.0,South,53600.0,2020-05-24
2620,64.0,East,44400.0,89,2024-03-15,0,64.0,East,44400.0,2024-03-15
6290,31.0,WEST,41200.0,10,05/08/2023,0,31.0,West,41200.0,2023-05-08
6162,34.0,E.,46900.0,2,"March 27, 2021",1,34.0,East,46900.0,2021-03-27
130,30.0,NORTH,51600.0,15,"February 23, 2023",1,30.0,North,51600.0,2023-02-23
8950,57.0,South,127600.0,17,03-Jul-2019,1,57.0,South,127600.0,2019-07-03
1072,28.0,South,56500.0,72,09/14/2022,0,28.0,South,56500.0,2022-09-14
11368,41.0,East,53000.0,17,26-Dec-2023,1,41.0,East,53000.0,2023-12-26
3486,56.0,south ,70900.0,66,2020-03-11,1,56.0,South,70900.0,2020-03-11
11896,39.0,East,53000.0,12,14-Nov-2023,1,39.0,East,53000.0,2023-11-14
9283,49.0,North,24200.0,15,08/23/2016,1,49.0,North,24200.0,2016-08-23
8637,45.0,North,63900.0,33,08/21/2018,1,45.0,North,63900.0,2018-08-21
538,57.0,South,53700.0,18,02/28/2015,1,57.0,South,53700.0,2015-02-28
11861,20.0,South,44200.0,58,02-Mar-2024,1,20.0,South,44200.0,2024-03-02
1157,42.0, EAST ,85000.0,79,2017-07-15,1,42.0,East,85000.0,2017-07-15
5986,49.0,west,33300.0,6,05/09/2024,1,49.0,West,33300.0,2024-05-09
8312,44.0,East,24300.0,33,01-Mar-2019,1,44.0,East,24300.0,2019-03-01
4246,42.0,West,,27,03/24/2019,1,42.0,West,49400.0,2019-03-24
7926,21.0,East,"$56,700",48,"May 30, 2017",0,21.0,East,56700.0,2017-05-30
8904,49.0,South,43900.0,12,05-Feb-2017,1,49.0,South,43900.0,2017-02-05
8781,41.0,South,39800.0,23,2018-07-12,1,41.0,South,39800.0,2018-07-12
10746,42.0,West,34400.0,23,"May 04, 2018",1,42.0,West,34400.0,2018-05-04
10264,23.0,west,65900.0,23,"March 26, 2019",1,23.0,West,65900.0,2019-03-26
8841,18.0,North,114800.0,62,15-Sep-2024,1,18.0,North,114800.0,2024-09-15
10547,55.0,east,38900.0,59,"June 10, 2020",1,55.0,East,38900.0,2020-06-10
10527,35.0,North,"$50,500",44,"March 11, 2024",1,35.0,North,50500.0,2024-03-11
5346,33.0,South,45800.0,156,"October 12, 2020",1,33.0,South,45800.0,2020-10-12
4916,43.0,South,99800.0,23,10/16/2015,0,43.0,South,99800.0,2015-10-16
3273,40.0,North,125700.0,30,04/13/2019,1,40.0,North,125700.0,2019-04-13
4430,23.0,East,84900.0,14,"October 21, 2020",1,23.0,East,84900.0,2020-10-21
8761,60.0,E.,67800.0,51,2019-11-04,0,60.0,East,67800.0,2019-11-04
8348,46.0,SOUTH,75100.0,19,"August 31, 2021",1,46.0,South,75100.0,2021-08-31
9640,49.0,S.,139000.0,55,12/31/2022,0,49.0,South,139000.0,2022-12-31
1811,18.0,East,38400.0,1,"April 12, 2021",1,18.0,East,38400.0,2021-04-12
10081,22.0,West,30000.0,33,10/31/2023,1,22.0,West,30000.0,2023-10-31
8789,24.0,WEST,39000.0,23,24-May-2023,1,24.0,West,39000.0,2023-05-24
8951,59.0,North,"$57,900",30,05/25/2024,1,59.0,North,57900.0,2024-05-25
1933,31.0,SOUTH,"$80,400",56,"October 15, 2018",0,31.0,South,80400.0,2018-10-15
7977,64.0,W. ,"$80,000",45,"October 24, 2021",1,64.0,West,80000.0,2021-10-24
8712,35.0,S.,43600.0,110,2023-05-08,1,35.0,South,43600.0,2023-05-08
402,45.0,North,68800.0,50,"September 12, 2017",1,45.0,North,68800.0,2017-09-12
11047,42.0,South,23700.0,24,,1,42.0,South,23700.0,
11802,28.0,west,98000.0,30,16-Jun-2018,0,28.0,West,98000.0,2018-06-16
6596,35.0,South,94200.0,17,"January 27, 2021",0,35.0,South,94200.0,2021-01-27
2564,64.0,West,40900.0,37,27-Dec-2016,1,64.0,West,40900.0,2016-12-27
5735,38.0,SOUTH,58100.0,24,12/28/2016,0,38.0,South,58100.0,2016-12-28
5529,39.0,North,"$48,000",50,06-May-2017,1,39.0,North,48000.0,2017-05-06
715,,E.,42600.0,26,23-Apr-2019,0,42.02803042831156,East,42600.0,2019-04-23
10531,57.0,North,42700.0,42,02/03/2021,0,57.0,North,42700.0,2021-02-03
11847,28.0,N.,51200.0,14,23-Apr-2022,0,28.0,North,51200.0,2022-04-23
9915,48.0,West,38000.0,13,07/04/2019,1,48.0,West,38000.0,2019-07-04
11489,55.0,west,49200.0,13,06/03/2024,0,55.0,West,49200.0,2024-06-03
6116,61.0,West,51800.0,30,2015-03-24,1,61.0,West,51800.0,2015-03-24
3001,58.0,East,78000.0,42,19-Jul-2024,1,58.0,East,78000.0,2024-07-19
4315,42.0,,121200.0,46,"August 14, 2018",0,42.0,Unknown,121200.0,2018-08-14
7435,29.0,West,41100.0,29,"January 13, 2019",1,29.0,West,41100.0,2019-01-13
3299,36.0,North,16200.0,14,"January 21, 2020",1,36.0,North,16200.0,2020-01-21
3457,45.0,South,60600.0,62,2020-09-24,1,45.0,South,60600.0,2020-09-24
4085,55.0,East,73800.0,114,21-Aug-2018,1,55.0,East,73800.0,2018-08-21
2599,18.0,West,59400.0,49,"June 16, 2017",1,18.0,West,59400.0,2017-06-16
1740,43.0,East,117000.0,40,12/31/2015,1,43.0,East,117000.0,2015-12-31
7812,30.0,North,74600.0,9,"March 09, 2017",1,30.0,North,74600.0,2017-03-09
2459,18.0,East,24800.0,79,13-Sep-2020,1,18.0,East,24800.0,2020-09-13
5157,34.0,North,15000.0,27,2022-09-17,1,34.0,North,15000.0,2022-09-17
1807,48.0,W. ,34600.0,29,11/24/2017,1,48.0,West,34600.0,2017-11-24
10888,20.0,W. ,27700.0,40,12/06/2023,0,20.0,West,27700.0,2023-12-06
8318,18.0,West,41100.0,19,2024-09-25,1,18.0,West,41100.0,2024-09-25
6686,20.0,North,30100.0,36,10-Jan-2019,1,20.0,North,30100.0,2019-01-10
11462,57.0,west,45500.0,4,07/31/2020,1,57.0,West,45500.0,2020-07-31
2478,45.0,West,41600.0,10,"November 19, 2020",0,45.0,West,41600.0,2020-11-19
8770,42.0,east,43900.0,68,07-Dec-2022,1,42.0,East,43900.0,2022-12-07
6457,44.0,North,"$43,300",19,2021-02-25,0,44.0,North,43300.0,2021-02-25
2246,34.0,,61500.0,29,19-Oct-2021,1,34.0,Unknown,61500.0,2021-10-19
109,53.0,West,97800.0,35,"February 06, 2021",0,53.0,West,97800.0,2021-02-06
1039,52.0,East,43100.0,55,"March 24, 2024",1,52.0,East,43100.0,2024-03-24
5764,67.0,E.,40300.0,23,"November 02, 2018",1,67.0,East,40300.0,2018-11-02
3390,35.0,West,69200.0,10,11/05/2017,1,35.0,West,69200.0,2017-11-05
5890,39.0,South,69100.0,31,2016-12-15,1,39.0,South,69100.0,2016-12-15
9172,40.0,west,72100.0,24,"August 14, 2015",1,40.0,West,72100.0,2015-08-14
606,49.0,East,53600.0,2,08/19/2017,1,49.0,East,53600.0,2017-08-19
1662,28.0,South,85600.0,17,2020-01-08,1,28.0,South,85600.0,2020-01-08
2202,40.0,North,34900.0,39,"November 05, 2021",1,40.0,North,34900.0,2021-11-05
2744,19.0,WEST,27400.0,20,2022-01-03,1,19.0,West,27400.0,2022-01-03
11871,48.0,North,"$55,300",55,18-Jan-2015,1,48.0,North,55300.0,2015-01-18
3855,43.0,NORTH,72500.0,50,06-Feb-2018,1,43.0,North,72500.0,2018-02-06
10224,41.0,North,38300.0,10,2021-08-18,1,41.0,North,38300.0,2021-08-18
176,44.0,North,55900.0,24,2015-11-30,1,44.0,North,55900.0,2015-11-30
957,36.0,East,86300.0,17,2016-04-10,1,36.0,East,86300.0,2016-04-10
6953,,West,35100.0,15,2021-04-26,1,42.02803042831156,West,35100.0,2021-04-26
10727,44.0,WEST,59400.0,29,2020-09-19,0,44.0,West,59400.0,2020-09-19
10263,41.0,NORTH,"$23,800",10,20-Apr-2016,0,41.0,North,23800.0,2016-04-20
5979,35.0,W. ,75000.0,50,"March 24, 2015",1,35.0,West,75000.0,2015-03-24
2805,31.0,East,40100.0,11,"January 14, 2023",1,31.0,East,40100.0,2023-01-14
2097,53.0,NORTH,20500.0,18,01/29/2015,1,53.0,North,20500.0,2015-01-29
6453,38.0,SOUTH,31000.0,75,10/19/2020,1,38.0,South,31000.0,2020-10-19
8397,33.0,WEST,25800.0,74,05/11/2017,0,33.0,West,25800.0,2017-05-11
5017,30.0,North,"$15,000",22,"March 16, 2022",0,30.0,North,15000.0,2022-03-16
11341,31.0,West,"$32,700",28,"July 23, 2021",1,31.0,West,32700.0,2021-07-23
2812,37.0,South,35600.0,38,"April 21, 2022",1,37.0,South,35600.0,2022-04-21
4412,40.0,East,71600.0,45,2021-12-01,1,40.0,East,71600.0,2021-12-01
805,59.0,East,32600.0,52,"December 21, 2020",1,59.0,East,32600.0,2020-12-21
4051,54.0,North,42900.0,8,2015-11-11,0,54.0,North,42900.0,2015-11-11
1007,51.0,SOUTH,68800.0,6,17-Aug-2019,1,51.0,South,68800.0,2019-08-17
7581,56.0,South,58500.0,70,08-Mar-2016,1,56.0,South,58500.0,2016-03-08
11774,35.0,South,70200.0,46,18-Oct-2018,1,35.0,South,70200.0,2018-10-18
1547,19.0,East,58700.0,46,"May 20, 2021",0,19.0,East,58700.0,2021-05-20
9298,56.0,North,51400.0,12,"January 01, 2024",1,56.0,North,51400.0,2024-01-01
6280,18.0,South,"$98,400",63,05/15/2019,1,18.0,South,98400.0,2019-05-15
4954,18.0,NORTH,25700.0,33,03/18/2022,1,18.0,North,25700.0,2022-03-18
3306,49.0,East,59500.0,36,"October 26, 2021",1,49.0,East,59500.0,2021-10-26
5195,60.0,east,63200.0,109,2020-04-13,1,60.0,East,63200.0,2020-04-13
4249,34.0,South,27100.0,35,2016-10-26,0,34.0,South,27100.0,2016-10-26
6662,74.0,South,43200.0,50,08/25/2022,0,74.0,South,43200.0,2022-08-25
2066,40.0,West,88900.0,56,2016-01-26,1,40.0,West,88900.0,2016-01-26
1123,32.0,South,"$15,000",53,2018-07-11,1,32.0,South,15000.0,2018-07-11
2028,18.0,North,71800.0,37,2020-12-11,1,18.0,North,71800.0,2020-12-11
11075,46.0,South,79100.0,73,09-Jun-2016,1,46.0,South,79100.0,2016-06-09
5052,44.0,East,33100.0,59,03/17/2019,1,44.0,East,33100.0,2019-03-17
11029,60.0,South,52300.0,15,22-May-2019,1,60.0,South,52300.0,2019-05-22
4784,46.0,East,38100.0,66,04-Jul-2017,1,46.0,East,38100.0,2017-07-04
7199,29.0,South,50600.0,25,2015-08-28,1,29.0,South,50600.0,2015-08-28
4098,53.0,South,"$96,500",11,07/24/2019,1,53.0,South,96500.0,2019-07-24
8432,45.0,North,56800.0,45,"November 26, 2015",1,45.0,North,56800.0,2015-11-26
7941,41.0,East,46400.0,3,2024-05-03,1,41.0,East,46400.0,2024-05-03
4141,40.0,North,42900.0,30,"July 05, 2021",1,40.0,North,42900.0,2021-07-05
5327,68.0,North,62100.0,9,07-Jun-2021,1,68.0,North,62100.0,2021-06-07
3954,37.0,west,34300.0,28,17-Apr-2021,1,37.0,West,34300.0,2021-04-17
4922,53.0,SOUTH,49200.0,39,09/18/2021,0,53.0,South,49200.0,2021-09-18
11665,24.0, East ,29400.0,30,"July 19, 2015",1,24.0,East,29400.0,2015-07-19
9726,19.0,East,34800.0,36,21-Jul-2022,0,19.0,East,34800.0,2022-07-21
11265,40.0,East,"$88,200",31,09-Sep-2018,0,40.0,East,88200.0,2018-09-09
135,23.0,WEST,45600.0,9,04/10/2020,1,23.0,West,45600.0,2020-04-10
7424,45.0,East,34400.0,44,2024-03-13,1,45.0,East,34400.0,2024-03-13
9869,47.0,North,"$24,800",34,09/16/2019,1,47.0,North,24800.0,2019-09-16
9414,22.0,North,43500.0,55,01/20/2021,0,22.0,North,43500.0,2021-01-20
10957,43.0,West,58700.0,51,10/23/2022,0,43.0,West,58700.0,2022-10-23
11659,44.0,SOUTH,70100.0,21,12/05/2021,0,44.0,South,70100.0,2021-12-05
8868,54.0,West,"$59,300",47,"September 09, 2016",1,54.0,West,59300.0,2016-09-09
10866,28.0,,"$51,100",15,19-Jul-2023,0,28.0,Unknown,51100.0,2023-07-19
10807,39.0,South,96800.0,66,2023-11-10,1,39.0,South,96800.0,2023-11-10
6483,38.0,west,65900.0,14,2022-03-19,1,38.0,West,65900.0,2022-03-19
2244,54.0,North,"$41,000",19,11/30/2019,1,54.0,North,41000.0,2019-11-30
10628,40.0,East,"$54,700",72,2018-12-20,0,40.0,East,54700.0,2018-12-20
6794,33.0,East,69400.0,34,12-Dec-2019,1,33.0,East,69400.0,2019-12-12
3323,44.0,West,40900.0,78,26-Jun-2016,1,44.0,West,40900.0,2016-06-26
2129,47.0,WEST,65700.0,51,"November 14, 2017",1,47.0,West,65700.0,2017-11-14
6482,33.0,South,53100.0,34,09-Jan-2020,1,33.0,South,53100.0,2020-01-09
8046,47.0,SOUTH,90700.0,49,"March 17, 2018",1,47.0,South,90700.0,2018-03-17
4212,46.0,East,23700.0,12,2024-08-31,1,46.0,East,23700.0,2024-08-31
4016,41.0, East ,76800.0,14,08/15/2024,0,41.0,East,76800.0,2024-08-15
8051,47.0,East,"$50,100",42,2021-11-20,1,47.0,East,50100.0,2021-11-20
2493,52.0,N.,"$57,500",83,08/14/2015,1,52.0,North,57500.0,2015-08-14
11756,41.0,East,28400.0,79,03/05/2020,1,41.0,East,28400.0,2020-03-05
10604,37.0,East,31600.0,44,15-Jul-2018,1,37.0,East,31600.0,2018-07-15
1174,29.0,E.,"$32,500",44,2018-09-22,1,29.0,East,32500.0,2018-09-22
92,41.0,North,50800.0,4,01-Nov-2020,1,41.0,North,50800.0,2020-11-01
2071,38.0,West,138400.0,47,2016-03-08,1,38.0,West,138400.0,2016-03-08
620,61.0,North,41100.0,25,04/21/2023,1,61.0,North,41100.0,2023-04-21
6710,61.0,East,36200.0,11,"February 20, 2024",1,61.0,East,36200.0,2024-02-20
3400,36.0,East,18100.0,12,2020-08-02,1,36.0,East,18100.0,2020-08-02
5608,43.0,NORTH,19900.0,38,2021-09-27,1,43.0,North,19900.0,2021-09-27
2518,61.0,West,30800.0,8,11/20/2020,1,61.0,West,30800.0,2020-11-20
8856,24.0,East,29600.0,29,24-Feb-2018,1,24.0,East,29600.0,2018-02-24
7830,36.0,WEST,28600.0,73,"August 28, 2018",1,36.0,West,28600.0,2018-08-28
10307,35.0,North,68900.0,23,21-Sep-2015,1,35.0,North,68900.0,2015-09-21
10917,40.0,South,22400.0,15,"July 08, 2022",0,40.0,South,22400.0,2022-07-08
116,35.0,South,33300.0,11,07/12/2024,1,35.0,South,33300.0,2024-07-12
10953,57.0,South,46900.0,54,04/22/2020,1,57.0,South,46900.0,2020-04-22
5460,54.0,WEST,91300.0,1,21-Apr-2020,1,54.0,West,91300.0,2020-04-21
11118,24.0,north,65900.0,20,2020-08-07,1,24.0,North,65900.0,2020-08-07
6420,41.0,West,71500.0,44,"November 09, 2023",0,41.0,West,71500.0,2023-11-09
8574,29.0,South,39200.0,5,2020-11-26,0,29.0,South,39200.0,2020-11-26
8882,41.0,,73600.0,45,2018-06-16,1,41.0,Unknown,73600.0,2018-06-16
10322,37.0,West,79700.0,33,"December 24, 2020",1,37.0,West,79700.0,2020-12-24
1730,42.0,North,49800.0,10,2015-01-14,1,42.0,North,49800.0,2015-01-14
5754,57.0,W. ,80200.0,26,27-Jan-2019,1,57.0,West,80200.0,2019-01-27
1357,37.0,North,"$43,500",75,09/10/2024,1,37.0,North,43500.0,2024-09-10
10343,63.0,east,82600.0,7,08/29/2017,1,63.0,East,82600.0,2017-08-29
7157,45.0,east,"$46,300",21,02/21/2021,1,45.0,East,46300.0,2021-02-21
3196,56.0,East,49400.0,39,12-Apr-2021,1,56.0,East,49400.0,2021-04-12
5229,47.0,west,112000.0,8,2018-08-13,1,47.0,West,112000.0,2018-08-13
8326,49.0,North,"$34,800",83,14-Apr-2018,1,49.0,North,34800.0,2018-04-14
7533,23.0,East,79900.0,1,07/04/2020,1,23.0,East,79900.0,2020-07-04
7563,31.0,South,98900.0,63,10/04/2018,1,31.0,South,98900.0,2018-10-04
4965,34.0,South,33800.0,33,2021-10-17,0,34.0,South,33800.0,2021-10-17
3420,58.0,west,88200.0,33,"July 26, 2020",1,58.0,West,88200.0,2020-07-26
5822,25.0,North,32200.0,52,2016-05-04,1,25.0,North,32200.0,2016-05-04
10160,54.0,West,66300.0,22,"July 16, 2020",0,54.0,West,66300.0,2020-07-16
2808,18.0,West,71300.0,30,26-Feb-2018,1,18.0,West,71300.0,2018-02-26
9327,51.0,W. ,19600.0,42,26-Jun-2019,1,51.0,West,19600.0,2019-06-26
1558,999.0,North,"$76,800",24,2015-03-20,1,42.02803042831156,North,76800.0,2015-03-20
7182,,S.,,6,07/08/2023,1,42.02803042831156,South,49400.0,2023-07-08
729,27.0,East,"$48,600",104,"July 30, 2023",0,27.0,East,48600.0,2023-07-30
11333,54.0,North,98300.0,107,"May 24, 2019",1,54.0,North,98300.0,2019-05-24
6941,31.0,East,85400.0,115,09/12/2017,1,31.0,East,85400.0,2017-09-12
212,25.0,North,35800.0,28,"June 27, 2016",1,25.0,North,35800.0,2016-06-27
11619,36.0,East,45800.0,8,"January 11, 2024",1,36.0,East,45800.0,2024-01-11
4183,24.0,E.,42700.0,9,15-Sep-2019,0,24.0,East,42700.0,2019-09-15
5664,46.0,north,107100.0,19,01/22/2016,1,46.0,North,107100.0,2016-01-22
1645,23.0,West,40900.0,18,"June 17, 2017",1,23.0,West,40900.0,2017-06-17
4167,27.0,North,26900.0,19,"November 20, 2018",1,27.0,North,26900.0,2018-11-20
5081,29.0,East,23900.0,19,11/29/2021,0,29.0,East,23900.0,2021-11-29
2718,44.0,North,15000.0,57,24-Sep-2021,1,44.0,North,15000.0,2021-09-24
5788,30.0,South,56500.0,24,05/13/2022,1,30.0,South,56500.0,2022-05-13
2734,36.0,South,"$112,000",31,2018-06-04,1,36.0,South,112000.0,2018-06-04
9225,39.0,East,34500.0,62,30-Mar-2017,1,39.0,East,34500.0,2017-03-30
3661,42.0,North,"$77,000",33,01/09/2021,1,42.0,North,77000.0,2021-01-09
9497,39.0,South,69100.0,29,09-Feb-2021,1,39.0,South,69100.0,2021-02-09
1750,54.0, East ,97300.0,26,10/14/2021,1,54.0,East,97300.0,2021-10-14
9951,40.0,WEST,47700.0,33,10/15/2019,0,40.0,West,47700.0,2019-10-15
86,48.0,North,"$43,600",30,2017-07-10,1,48.0,North,43600.0,2017-07-10
2020,48.0,East,"$49,100",35,02/10/2023,1,48.0,East,49100.0,2023-02-10
10937,38.0,North,19300.0,41,2022-12-22,1,38.0,North,19300.0,2022-12-22
838,61.0,South,49100.0,8,"February 23, 2023",1,61.0,South,49100.0,2023-02-23
6574,27.0,West,74300.0,11,2020-03-15,1,27.0,West,74300.0,2020-03-15
4829,59.0,South,15000.0,35,"April 15, 2022",0,59.0,South,15000.0,2022-04-15
11013,31.0,East,63200.0,9,"July 17, 2022",1,31.0,East,63200.0,2022-07-17
4388,50.0,N.,67900.0,69,"March 27, 2023",1,50.0,North,67900.0,2023-03-27
3842,41.0,West,100600.0,45,2023-07-15,1,41.0,West,100600.0,2023-07-15
686,36.0,S.,22200.0,30,2017-02-06,0,36.0,South,22200.0,2017-02-06
898,31.0,East,40000.0,1,12/15/2021,1,31.0,East,40000.0,2021-12-15
9226,32.0,,48900.0,32,2016-11-27,1,32.0,Unknown,48900.0,2016-11-27
10175,56.0,North,138300.0,33,"April 25, 2024",1,56.0,North,138300.0,2024-04-25
626,35.0,West,"$51,300",35,06/24/2024,0,35.0,West,51300.0,2024-06-24
8809,47.0,South,20400.0,20,20-Feb-2022,1,47.0,South,20400.0,2022-02-20
2368,37.0,North,64400.0,77,06/23/2017,1,37.0,North,64400.0,2017-06-23
1778,45.0,North,67400.0,26,06/14/2019,0,45.0,North,67400.0,2019-06-14
11596,28.0,SOUTH,17600.0,60,03/08/2024,1,28.0,South,17600.0,2024-03-08
951,20.0,South,39200.0,28,2023-02-22,1,20.0,South,39200.0,2023-02-22
4489,48.0,East,85400.0,27,21-Jan-2023,1,48.0,East,85400.0,2023-01-21
232,34.0,south ,80500.0,16,"October 15, 2023",1,34.0,South,80500.0,2023-10-15
5671,35.0,South,"$50,900",34,03/31/2016,1,35.0,South,50900.0,2016-03-31
3481,36.0,North,"$52,800",31,2016-03-24,1,36.0,North,52800.0,2016-03-24
9405,25.0,West,35900.0,20,"April 22, 2020",0,25.0,West,35900.0,2020-04-22
4782,58.0,South,55900.0,7,"February 25, 2017",1,58.0,South,55900.0,2017-02-25
8983,18.0,South,"$97,600",51,"November 26, 2016",0,18.0,South,97600.0,2016-11-26
10708,33.0,East,96800.0,61,27-Apr-2021,0,33.0,East,96800.0,2021-04-27
4236,50.0,North,51000.0,46,2016-11-15,1,50.0,North,51000.0,2016-11-15
798,56.0,South,23600.0,64,2015-09-16,0,56.0,South,23600.0,2015-09-16
5527,48.0,West,32000.0,28,2017-11-05,1,48.0,West,32000.0,2017-11-05
7179,50.0,North,50000.0,11,10/23/2020,1,50.0,North,50000.0,2020-10-23
7169,24.0,South,90000.0,24,"March 12, 2021",1,24.0,South,90000.0,2021-03-12
5425,51.0,North,121500.0,37,04-Jan-2019,1,51.0,North,121500.0,2019-01-04
3814,39.0,South,24000.0,65,"March 11, 2022",1,39.0,South,24000.0,2022-03-11
8847,40.0,West,"$46,400",78,05/24/2016,0,40.0,West,46400.0,2016-05-24
6140,61.0,East,27400.0,38,"May 16, 2021",1,61.0,East,27400.0,2021-05-16
1417,71.0,South,28900.0,18,2024-01-08,1,71.0,South,28900.0,2024-01-08
10714,46.0,East,41300.0,12,06-May-2023,0,46.0,East,41300.0,2023-05-06
655,50.0,South,65300.0,23,06/01/2019,1,50.0,South,65300.0,2019-06-01
10868,18.0,South,70200.0,29,30-Jul-2023,1,18.0,South,70200.0,2023-07-30
3589,32.0,South,"$33,300",18,"February 08, 2022",1,32.0,South,33300.0,2022-02-08
7465,44.0,South,68100.0,31,2016-03-10,1,44.0,South,68100.0,2016-03-10
6008,24.0,South,66300.0,32,"October 01, 2017",1,24.0,South,66300.0,2017-10-01
7190,35.0,east,51400.0,25,11/14/2016,0,35.0,East,51400.0,2016-11-14
969,54.0,South,60300.0,43,2016-11-17,1,54.0,South,60300.0,2016-11-17
3658,67.0,East,27300.0,35,2018-05-21,1,67.0,East,27300.0,2018-05-21
8365,45.0,North,"$110,700",36,06/25/2019,0,45.0,North,110700.0,2019-06-25
10450,54.0,W. ,42800.0,56,09/07/2015,1,54.0,West,42800.0,2015-09-07
230,38.0,West,33700.0,50,2022-12-09,1,38.0,West,33700.0,2022-12-09
901,47.0,N.,41800.0,22,01-Oct-2018,1,47.0,North,41800.0,2018-10-01
9009,18.0,South,102900.0,28,2022-06-05,1,18.0,South,102900.0,2022-06-05
2671,51.0,W. ,31200.0,8,04/15/2015,0,51.0,West,31200.0,2015-04-15
1509,68.0,North,"$26,400",94,01/31/2020,1,68.0,North,26400.0,2020-01-31
7879,31.0,North,40900.0,25,2020-07-13,1,31.0,North,40900.0,2020-07-13
10804,35.0, North,53900.0,12,2017-08-16,1,35.0,North,53900.0,2017-08-16
11010,46.0,east,"$62,400",51,"January 10, 2018",1,46.0,East,62400.0,2018-01-10
1990,24.0,North,39100.0,20,05/12/2017,1,24.0,North,39100.0,2017-05-12
10201,27.0,North,102900.0,94,05/31/2020,1,27.0,North,102900.0,2020-05-31
7143,30.0,West,38900.0,99,2021-03-04,1,30.0,West,38900.0,2021-03-04
3373,23.0,South,45100.0,82,06-Jul-2017,1,23.0,South,45100.0,2017-07-06
9618,45.0,East,23200.0,62,07/31/2015,0,45.0,East,23200.0,2015-07-31
9381,53.0,South,75000.0,22,"May 03, 2024",1,53.0,South,75000.0,2024-05-03
8441,29.0,South,91100.0,11,12-Oct-2017,1,29.0,South,91100.0,2017-10-12
219,,East,37600.0,30,16-Jul-2020,1,42.02803042831156,East,37600.0,2020-07-16
6239,29.0,North,27900.0,16,"August 28, 2022",1,29.0,North,27900.0,2022-08-28
11581,30.0,West,116900.0,64,18-Sep-2018,0,30.0,West,116900.0,2018-09-18
3313,40.0,West,34300.0,71,2019-08-06,0,40.0,West,34300.0,2019-08-06
9592,33.0,East,105200.0,28,31-Jul-2016,1,33.0,East,105200.0,2016-07-31
4568,44.0,South,43200.0,26,05/30/2015,0,44.0,South,43200.0,2015-05-30
10795,66.0,west,78600.0,22,2019-09-16,0,66.0,West,78600.0,2019-09-16
9681,40.0, North,103400.0,38,2018-06-14,1,40.0,North,103400.0,2018-06-14
9779,21.0,west,31400.0,14,27-Oct-2018,1,21.0,West,31400.0,2018-10-27
7698,57.0,west,32400.0,42,2018-10-31,1,57.0,West,32400.0,2018-10-31
4400,26.0,North,34100.0,32,12/08/2019,0,26.0,North,34100.0,2019-12-08
600,19.0,West,211500.0,31,2017-06-28,1,19.0,West,211500.0,2017-06-28
914,34.0,North,36600.0,29,"March 14, 2016",1,34.0,North,36600.0,2016-03-14
6723,34.0,West,69000.0,28,"March 09, 2016",1,34.0,West,69000.0,2016-03-09
9032,73.0,,28900.0,83,2021-06-17,1,73.0,Unknown,28900.0,2021-06-17
10467,51.0,West,"$80,600",91,"March 08, 2015",1,51.0,West,80600.0,2015-03-08
4309,46.0,EAST,60200.0,79,14-Jul-2022,1,46.0,East,60200.0,2022-07-14
10856,51.0,West,61900.0,45,02/21/2020,1,51.0,West,61900.0,2020-02-21
9033,61.0,East,33900.0,48,11/15/2024,1,61.0,East,33900.0,2024-11-15
4686,33.0,West,70000.0,27,09/18/2023,1,33.0,West,70000.0,2023-09-18
9176,45.0,East,69800.0,28,12/13/2021,1,45.0,East,69800.0,2021-12-13
1050,48.0,East,72200.0,63,07/17/2022,1,48.0,East,72200.0,2022-07-17
1489,46.0,north,57700.0,48,"May 10, 2019",0,46.0,North,57700.0,2019-05-10
3593,65.0,North,27500.0,77,03/26/2021,1,65.0,North,27500.0,2021-03-26
6615,64.0,West,71800.0,45,"December 22, 2020",1,64.0,West,71800.0,2020-12-22
9516,18.0,East,75400.0,23,06/24/2015,1,18.0,East,75400.0,2015-06-24
782,41.0,North,50900.0,24,01/23/2017,0,41.0,North,50900.0,2017-01-23
5515,37.0,,"$58,400",85,04/01/2023,0,37.0,Unknown,58400.0,2023-04-01
9022,44.0, East ,56100.0,63,"April 14, 2024",0,44.0,East,56100.0,2024-04-14
4140,46.0,West,71300.0,42,04/18/2019,1,46.0,West,71300.0,2019-04-18
8595,40.0,South,72100.0,37,10/25/2020,1,40.0,South,72100.0,2020-10-25
8166,56.0,East,121300.0,30,2024-08-31,1,56.0,East,121300.0,2024-08-31
2314,43.0,East,44400.0,48,2019-03-04,1,43.0,East,44400.0,2019-03-04
785,42.0,W. ,"$21,900",18,2020-08-20,1,42.0,West,21900.0,2020-08-20
3984,24.0,East,57400.0,11,12/23/2019,1,24.0,East,57400.0,2019-12-23
5340,57.0,East,66300.0,67,"May 23, 2018",1,57.0,East,66300.0,2018-05-23
3015,55.0,West,107200.0,59,23-Oct-2020,1,55.0,West,107200.0,2020-10-23
460,42.0,West,31300.0,22,"May 19, 2021",1,42.0,West,31300.0,2021-05-19
4767,29.0,South,30800.0,52,05-Aug-2021,1,29.0,South,30800.0,2021-08-05
11843,31.0,west,"$82,000",24,12/26/2016,1,31.0,West,82000.0,2016-12-26
1421,,E.,49000.0,46,2022-02-13,1,42.02803042831156,East,49000.0,2022-02-13
11190,48.0,West,36400.0,42,"April 14, 2017",1,48.0,West,36400.0,2017-04-14
7555,52.0,North,48200.0,13,01/01/2021,1,52.0,North,48200.0,2021-01-01
3835,61.0,East,69800.0,27,"May 24, 2020",1,61.0,East,69800.0,2020-05-24
4283,52.0,East,41200.0,66,2017-07-12,1,52.0,East,41200.0,2017-07-12
2815,42.0,South,69200.0,23,02-Feb-2023,1,42.0,South,69200.0,2023-02-02
10347,29.0,south ,58100.0,52,2024-12-12,1,29.0,South,58100.0,2024-12-12
767,43.0,West,61600.0,46,22-Mar-2017,1,43.0,West,61600.0,2017-03-22
528,44.0,North,55700.0,32,03-Dec-2019,1,44.0,North,55700.0,2019-12-03
6161,46.0,East,32800.0,5,2020-01-25,0,46.0,East,32800.0,2020-01-25
2207,36.0,North,58300.0,44,"July 04, 2022",1,36.0,North,58300.0,2022-07-04
5580,55.0,SOUTH,134600.0,48,"September 07, 2023",1,55.0,South,134600.0,2023-09-07
11836,41.0,West,31700.0,61,19-Oct-2021,1,41.0,West,31700.0,2021-10-19
5203,30.0,west,36400.0,14,10/24/2024,1,30.0,West,36400.0,2024-10-24
11494,35.0,North,23800.0,41,12-Jan-2018,1,35.0,North,23800.0,2018-01-12
8457,52.0,SOUTH,86000.0,31,2024-08-01,1,52.0,South,86000.0,2024-08-01
11757,48.0,East,48200.0,12,2021-06-18,0,48.0,East,48200.0,2021-06-18
10533,64.0,NORTH,149900.0,115,"January 28, 2018",1,64.0,North,149900.0,2018-01-28
7031,40.0,South,29800.0,73,2022-12-15,1,40.0,South,29800.0,2022-12-15
6062,31.0,NORTH,66200.0,92,"December 22, 2020",0,31.0,North,66200.0,2020-12-22
6797,37.0,North,30800.0,165,"May 24, 2024",0,37.0,North,30800.0,2024-05-24
3032,49.0,SOUTH,33200.0,12,2019-03-20,1,49.0,South,33200.0,2019-03-20
7607,40.0,South,71400.0,72,25-Feb-2021,1,40.0,South,71400.0,2021-02-25
8790,37.0,south ,28000.0,23,07-Feb-2017,1,37.0,South,28000.0,2017-02-07
7878,49.0,North,59500.0,103,2018-07-26,1,49.0,North,59500.0,2018-07-26
3980,52.0,West,46700.0,131,12/20/2015,1,52.0,West,46700.0,2015-12-20
850,55.0,West,"$87,800",126,02/13/2018,1,55.0,West,87800.0,2018-02-13
6813,43.0,South,43000.0,16,"October 19, 2020",1,43.0,South,43000.0,2020-10-19
5324,31.0,South,50500.0,65,06/11/2017,1,31.0,South,50500.0,2017-06-11
10726,36.0,West,54400.0,31,01/17/2019,1,36.0,West,54400.0,2019-01-17
1187,,SOUTH,51700.0,27,"December 08, 2019",1,42.02803042831156,South,51700.0,2019-12-08
1081,,South,152600.0,15,2019-12-11,0,42.02803042831156,South,152600.0,2019-12-11
5845,61.0,South,96600.0,14,10/11/2021,1,61.0,South,96600.0,2021-10-11
7136,75.0,E.,59500.0,12,"January 17, 2020",1,75.0,East,59500.0,2020-01-17
5338,54.0,West,68600.0,45,03/08/2018,1,54.0,West,68600.0,2018-03-08
11253,49.0,North,23600.0,22,02/28/2023,0,49.0,North,23600.0,2023-02-28
2091,45.0,South,101200.0,69,08/18/2015,1,45.0,South,101200.0,2015-08-18
9699,41.0,east,45200.0,8,20-Dec-2024,1,41.0,East,45200.0,2024-12-20
5519,53.0,SOUTH,"$43,600",11,08-Aug-2023,1,53.0,South,43600.0,2023-08-08
3492,30.0,West,41000.0,29,"September 03, 2018",1,30.0,West,41000.0,2018-09-03
8080,74.0,South,25200.0,15,2020-08-23,1,74.0,South,25200.0,2020-08-23
919,60.0,South,45000.0,42,07-Dec-2020,1,60.0,South,45000.0,2020-12-07
3250,44.0,North,"$34,000",71,04/07/2023,1,44.0,North,34000.0,2023-04-07
4480,47.0,North,51400.0,108,"October 09, 2022",1,47.0,North,51400.0,2022-10-09
7965,61.0,North,58900.0,15,09-Jan-2022,1,61.0,North,58900.0,2022-01-09
11166,39.0,West,62300.0,24,09/25/2015,1,39.0,West,62300.0,2015-09-25
1199,61.0,South,65800.0,6,04/02/2024,0,61.0,South,65800.0,2024-04-02
9137,37.0,west,164000.0,13,28-Dec-2020,1,37.0,West,164000.0,2020-12-28
2392,51.0,South,,64,2018-07-26,0,51.0,South,49400.0,2018-07-26
1141,64.0,West,26100.0,38,04/22/2017,0,64.0,West,26100.0,2017-04-22
4117,57.0,North,45200.0,2,"September 02, 2024",1,57.0,North,45200.0,2024-09-02
11332,21.0,West,,85,"January 05, 2022",1,21.0,West,49400.0,2022-01-05
1988,32.0,South,29200.0,46,07-May-2017,0,32.0,South,29200.0,2017-05-07
7625,31.0,North,69600.0,41,2020-08-23,0,31.0,North,69600.0,2020-08-23
10565,18.0,East,32800.0,44,08/24/2019,1,18.0,East,32800.0,2019-08-24
8752,42.0,W. ,36600.0,29,12/20/2022,1,42.0,West,36600.0,2022-12-20
1815,44.0,West,85700.0,19,20-Jul-2024,0,44.0,West,85700.0,2024-07-20
11533,59.0,west,54200.0,14,"May 05, 2019",1,59.0,West,54200.0,2019-05-05
2741,31.0,South,57700.0,51,"September 07, 2015",1,31.0,South,57700.0,2015-09-07
9311,43.0,North,46200.0,45,09-May-2022,1,43.0,North,46200.0,2022-05-09
3640,25.0, North,49400.0,59,11-Aug-2016,1,25.0,North,49400.0,2016-08-11
1179,47.0,South,42000.0,70,2018-07-02,1,47.0,South,42000.0,2018-07-02
8573,18.0,west,19900.0,12,"January 26, 2021",0,18.0,West,19900.0,2021-01-26
9510,56.0,Unknown,78900.0,35,2015-02-15,1,56.0,Unknown,78900.0,2015-02-15
7539,25.0, East ,15000.0,34,"December 05, 2022",0,25.0,East,15000.0,2022-12-05
8800,37.0,North,30400.0,26,"May 27, 2019",1,37.0,North,30400.0,2019-05-27
4470,31.0,East,74700.0,42,"July 24, 2024",1,31.0,East,74700.0,2024-07-24
8319,68.0,East,25400.0,22,"June 30, 2022",1,68.0,East,25400.0,2022-06-30
2648,35.0,North,39500.0,16,07/29/2016,0,35.0,North,39500.0,2016-07-29
8421,46.0,S.,47600.0,27,2023-06-29,1,46.0,South,47600.0,2023-06-29
1124,39.0,W. ,42200.0,31,2016-12-26,1,39.0,West,42200.0,2016-12-26
11304,18.0,east,55300.0,18,03/17/2019,1,18.0,East,55300.0,2019-03-17
11901,56.0,South,62800.0,16,27-Jul-2022,1,56.0,South,62800.0,2022-07-27
11089,58.0,South,"$117,800",8,"September 29, 2024",0,58.0,South,117800.0,2024-09-29
1537,52.0,South,71800.0,2,2019-06-07,1,52.0,South,71800.0,2019-06-07
10169,43.0,west,90000.0,67,2022-09-22,1,43.0,West,90000.0,2022-09-22
3667,42.0,East,65200.0,9,"August 29, 2020",1,42.0,East,65200.0,2020-08-29
11326,51.0,NORTH,97900.0,54,"May 09, 2015",1,51.0,North,97900.0,2015-05-09
2451,35.0,South,52400.0,29,2018-09-05,0,35.0,South,52400.0,2018-09-05
4174,32.0,East,31500.0,60,2016-02-06,1,32.0,East,31500.0,2016-02-06
75,44.0, North,72600.0,45,10-Feb-2015,1,44.0,North,72600.0,2015-02-10
6897,43.0,North,89500.0,66,"July 06, 2021",1,43.0,North,89500.0,2021-07-06
3926,54.0,North,33300.0,66,07/22/2024,1,54.0,North,33300.0,2024-07-22
1229,49.0,West,25900.0,60,01-Jun-2022,1,49.0,West,25900.0,2022-06-01
6443,58.0,East,48400.0,147,2016-01-25,1,58.0,East,48400.0,2016-01-25
10283,34.0,,83500.0,36,03-Jul-2023,1,34.0,Unknown,83500.0,2023-07-03
8824,41.0,North,67200.0,33,"September 04, 2024",1,41.0,North,67200.0,2024-09-04
8097,39.0,West,70600.0,87,31-Dec-2022,1,39.0,West,70600.0,2022-12-31
3852,32.0,South,"$26,600",44,06/04/2021,1,32.0,South,26600.0,2021-06-04
1831,52.0,South,32700.0,29,2015-11-18,1,52.0,South,32700.0,2015-11-18
10971,33.0,S.,"$63,000",45,30-Jun-2024,0,33.0,South,63000.0,2024-06-30
3381,45.0,SOUTH,45200.0,29,27-Jan-2018,1,45.0,South,45200.0,2018-01-27
2312,46.0,South,26300.0,91,09-Feb-2023,1,46.0,South,26300.0,2023-02-09
5989,44.0,North,"$33,700",32,02/19/2016,1,44.0,North,33700.0,2016-02-19
9110,40.0,West,67000.0,18,"April 29, 2019",1,40.0,West,67000.0,2019-04-29
11313,34.0,West,"$41,600",14,2022-06-27,1,34.0,West,41600.0,2022-06-27
10138,41.0,East,"$37,800",46,29-Sep-2024,0,41.0,East,37800.0,2024-09-29
9399,33.0,East,20500.0,36,01-May-2019,1,33.0,East,20500.0,2019-05-01
378,18.0,NORTH,70300.0,23,12/15/2018,1,18.0,North,70300.0,2018-12-15
10663,54.0,East,38200.0,11,"December 29, 2018",1,54.0,East,38200.0,2018-12-29
11071,46.0,South,42300.0,26,2016-11-13,1,46.0,South,42300.0,2016-11-13
10192,77.0,North,62800.0,37,"July 03, 2019",0,77.0,North,62800.0,2019-07-03
4855,39.0,East,61100.0,7,2019-11-16,1,39.0,East,61100.0,2019-11-16
8521,35.0,East,16500.0,44,2018-08-14,1,35.0,East,16500.0,2018-08-14
5564,25.0, East ,104600.0,139,2019-11-26,1,25.0,East,104600.0,2019-11-26
1142,18.0,west,120000.0,19,14-Sep-2023,1,18.0,West,120000.0,2023-09-14
10024,35.0,north,"$40,000",19,29-Jun-2017,1,35.0,North,40000.0,2017-06-29
6712,37.0,South,99400.0,46,"May 18, 2024",1,37.0,South,99400.0,2024-05-18
10529,43.0,North,75500.0,45,2022-07-02,1,43.0,North,75500.0,2022-07-02
2561,47.0,West,33800.0,48,07/20/2016,1,47.0,West,33800.0,2016-07-20
8265,,South,15000.0,55,2016-05-08,1,42.02803042831156,South,15000.0,2016-05-08
3902,51.0,East,"$46,100",27,2015-03-03,1,51.0,East,46100.0,2015-03-03
3444,37.0,North,47700.0,14,16-Aug-2020,1,37.0,North,47700.0,2020-08-16
4972,24.0,East,63400.0,21,2016-08-29,1,24.0,East,63400.0,2016-08-29
10518,46.0,North,48500.0,51,05/28/2024,1,46.0,North,48500.0,2024-05-28
5777,44.0,East,66300.0,29,02/06/2018,0,44.0,East,66300.0,2018-02-06
8864,27.0,S.,32200.0,38,"August 02, 2016",0,27.0,South,32200.0,2016-08-02
2940,150.0,North,15000.0,78,"August 24, 2021",1,42.02803042831156,North,15000.0,2021-08-24
10566,35.0,West,36100.0,44,10-Mar-2017,0,35.0,West,36100.0,2017-03-10
11515,41.0,East,51300.0,27,"July 05, 2016",1,41.0,East,51300.0,2016-07-05
5241,53.0,east,54700.0,54,05-Jan-2017,1,53.0,East,54700.0,2017-01-05
235,33.0,West,"$37,800",26,23-Apr-2015,1,33.0,West,37800.0,2015-04-23
5545,41.0,west,158200.0,11,07/23/2022,1,41.0,West,158200.0,2022-07-23
3259,31.0,South,33600.0,31,03-Jan-2021,1,31.0,South,33600.0,2021-01-03
5857,,North,40100.0,43,2017-02-02,0,42.02803042831156,North,40100.0,2017-02-02
4768,56.0,West,67200.0,49,10/17/2023,1,56.0,West,67200.0,2023-10-17
1272,61.0,South,36000.0,36,15-May-2018,0,61.0,South,36000.0,2018-05-15
703,29.0,North,46900.0,64,11-Jul-2022,1,29.0,North,46900.0,2022-07-11
11465,19.0,West,59700.0,85,23-Apr-2018,1,19.0,West,59700.0,2018-04-23
8833,27.0,West,47800.0,49,26-Aug-2020,0,27.0,West,47800.0,2020-08-26
9521,35.0,North,65000.0,28,05-Mar-2016,1,35.0,North,65000.0,2016-03-05
10458,45.0,North,"$90,900",36,01/21/2015,1,45.0,North,90900.0,2015-01-21
1579,18.0,West,36900.0,60,2019-08-13,1,18.0,West,36900.0,2019-08-13
1161,27.0,north,34500.0,50,10-Sep-2018,0,27.0,North,34500.0,2018-09-10
3440,67.0,North,75400.0,43,20-Sep-2015,1,67.0,North,75400.0,2015-09-20
1810,54.0,west,74700.0,63,11/13/2023,1,54.0,West,74700.0,2023-11-13
10681,37.0,west,58800.0,11,24-Apr-2016,0,37.0,West,58800.0,2016-04-24
9392,77.0,north,56900.0,24,12/13/2022,1,77.0,North,56900.0,2022-12-13
8273,78.0,NORTH,128100.0,55,02-Jul-2017,1,78.0,North,128100.0,2017-07-02
11144,64.0,S.,35900.0,7,"March 25, 2021",1,64.0,South,35900.0,2021-03-25
9503,26.0,East,43300.0,18,19-Jan-2020,0,26.0,East,43300.0,2020-01-19
4538,46.0,,30500.0,69,07/01/2015,1,46.0,Unknown,30500.0,2015-07-01
6497,41.0,SOUTH,35900.0,35,2024-09-13,0,41.0,South,35900.0,2024-09-13
1960,34.0,West,44900.0,59,11/24/2018,1,34.0,West,44900.0,2018-11-24
11321,19.0,South,121100.0,90,30-Apr-2023,0,19.0,South,121100.0,2023-04-30
2365,75.0,South,39100.0,21,"September 26, 2019",1,75.0,South,39100.0,2019-09-26
2601,35.0,East,48800.0,42,"December 23, 2024",1,35.0,East,48800.0,2024-12-23
2165,50.0,East,45700.0,25,2021-05-12,1,50.0,East,45700.0,2021-05-12
8563,36.0,W. ,"$46,500",36,"January 11, 2021",0,36.0,West,46500.0,2021-01-11
6783,27.0,East,38400.0,3,06/07/2019,1,27.0,East,38400.0,2019-06-07
11474,40.0,East,52000.0,20,"July 21, 2018",0,40.0,East,52000.0,2018-07-21
10607,55.0,East,54200.0,13,29-Nov-2018,1,55.0,East,54200.0,2018-11-29
7044,68.0,South,26500.0,104,2022-06-27,1,68.0,South,26500.0,2022-06-27
4321,33.0,West,90800.0,33,"May 07, 2020",0,33.0,West,90800.0,2020-05-07
4952,31.0,East,106000.0,8,2018-08-03,1,31.0,East,106000.0,2018-08-03
6789,23.0,west,58500.0,6,25-Jan-2019,1,23.0,West,58500.0,2019-01-25
3268,41.0,West,60400.0,70,2016-12-18,1,41.0,West,60400.0,2016-12-18
1372,53.0,East,"$102,500",3,"June 26, 2024",1,53.0,East,102500.0,2024-06-26
4166,46.0, North,44700.0,11,12/07/2016,1,46.0,North,44700.0,2016-12-07
5930,44.0,North,43700.0,94,"August 23, 2023",1,44.0,North,43700.0,2023-08-23
11972,46.0,East,"$49,000",28,24-Aug-2021,1,46.0,East,49000.0,2021-08-24
7385,56.0,East,"$29,900",94,2020-02-16,1,56.0,East,29900.0,2020-02-16
7272,51.0, East ,47100.0,2,2020-04-03,1,51.0,East,47100.0,2020-04-03
3765,41.0,South,31200.0,25,,1,41.0,South,31200.0,
160,27.0,North,72100.0,42,16-Jun-2022,1,27.0,North,72100.0,2022-06-16
2538,21.0,North,"$69,900",51,04/04/2020,1,21.0,North,69900.0,2020-04-04
9910,39.0,WEST,67500.0,17,02/22/2024,1,39.0,West,67500.0,2024-02-22
5753,57.0,South,"$26,800",47,2017-07-27,1,57.0,South,26800.0,2017-07-27
8494,51.0,East,15000.0,89,,1,51.0,East,15000.0,
3261,43.0,SOUTH,39700.0,37,2022-04-02,1,43.0,South,39700.0,2022-04-02
10556,30.0,West,38700.0,42,"September 20, 2016",1,30.0,West,38700.0,2016-09-20
3710,38.0,North,20600.0,58,05/19/2023,0,38.0,North,20600.0,2023-05-19
414,52.0,East,47500.0,34,"July 09, 2019",1,52.0,East,47500.0,2019-07-09
3881,36.0,north,198900.0,30,12/31/2021,0,36.0,North,198900.0,2021-12-31
2966,21.0,East,25400.0,64,2019-12-04,1,21.0,East,25400.0,2019-12-04
9331,35.0,south ,19100.0,47,01-Jul-2022,1,35.0,South,19100.0,2022-07-01
1712,18.0,South,34300.0,16,04/30/2020,1,18.0,South,34300.0,2020-04-30
4030,45.0,South,37500.0,8,"August 10, 2022",0,45.0,South,37500.0,2022-08-10
11869,45.0,west,43200.0,59,2024-06-26,0,45.0,West,43200.0,2024-06-26
11951,31.0,East,32000.0,30,"June 22, 2023",1,31.0,East,32000.0,2023-06-22
555,41.0,east,73900.0,6,2021-07-26,0,41.0,East,73900.0,2021-07-26
8477,45.0,West,139100.0,17,07/21/2020,1,45.0,West,139100.0,2020-07-21
4120,32.0,South,"$22,500",29,2022-07-02,1,32.0,South,22500.0,2022-07-02
3028,24.0,West,28500.0,20,08/17/2018,1,24.0,West,28500.0,2018-08-17
4591,,North,28400.0,32,"October 12, 2019",1,42.02803042831156,North,28400.0,2019-10-12
9053,30.0,East,22100.0,12,07-Mar-2022,1,30.0,East,22100.0,2022-03-07
5645,57.0,east,47700.0,17,2024-12-10,1,57.0,East,47700.0,2024-12-10
10176,18.0,,"$53,600",25,"June 24, 2020",1,18.0,Unknown,53600.0,2020-06-24
1711,34.0,north,25200.0,12,24-Feb-2021,1,34.0,North,25200.0,2021-02-24
8440,41.0, North,97100.0,12,06/10/2016,1,41.0,North,97100.0,2016-06-10
4612,68.0,East,"$15,100",21,02/09/2021,1,68.0,East,15100.0,2021-02-09
6568,29.0,,24700.0,34,"August 04, 2024",1,29.0,Unknown,24700.0,2024-08-04
2925,33.0,NORTH,130300.0,26,"October 03, 2019",1,33.0,North,130300.0,2019-10-03
1967,45.0,West,29200.0,72,09/22/2020,0,45.0,West,29200.0,2020-09-22
2712,51.0,North,37100.0,54,21-Feb-2024,0,51.0,North,37100.0,2024-02-21
488,48.0,East,26100.0,33,16-May-2015,0,48.0,East,26100.0,2015-05-16
8159,42.0,WEST,15000.0,31,25-Dec-2021,1,42.0,West,15000.0,2021-12-25
10800,57.0,West,29900.0,23,"August 02, 2022",1,57.0,West,29900.0,2022-08-02
355,56.0,West,38900.0,36,"May 19, 2022",1,56.0,West,38900.0,2022-05-19
8642,65.0,East,53000.0,36,"October 17, 2024",1,65.0,East,53000.0,2024-10-17
11726,18.0,South,41200.0,33,"October 08, 2015",0,18.0,South,41200.0,2015-10-08
4189,33.0,SOUTH,,82,10/23/2018,0,33.0,South,49400.0,2018-10-23
1602,57.0,north,85000.0,16,"November 12, 2019",1,57.0,North,85000.0,2019-11-12
5242,33.0,East,43700.0,23,"October 16, 2024",1,33.0,East,43700.0,2024-10-16
4621,28.0,North,43300.0,10,08-Sep-2017,1,28.0,North,43300.0,2017-09-08
11111,53.0,E.,63300.0,15,"December 17, 2023",0,53.0,East,63300.0,2023-12-17
7688,49.0, North,,45,"September 30, 2018",0,49.0,North,49400.0,2018-09-30
3178,44.0,West,43800.0,20,19-Sep-2024,1,44.0,West,43800.0,2024-09-19
3499,39.0,South,41700.0,17,12/29/2018,1,39.0,South,41700.0,2018-12-29
6915,21.0,South,65800.0,62,2017-09-25,1,21.0,South,65800.0,2017-09-25
9285,60.0,East,82800.0,50,05/19/2017,1,60.0,East,82800.0,2017-05-19
3498,56.0,East,59300.0,45,"May 18, 2020",1,56.0,East,59300.0,2020-05-18
8631,44.0,South,15000.0,20,02/15/2024,0,44.0,South,15000.0,2024-02-15
3384,33.0,North,47700.0,51,"November 03, 2022",0,33.0,North,47700.0,2022-11-03
8949,37.0,South,91000.0,9,09/19/2017,1,37.0,South,91000.0,2017-09-19
1721,56.0,East,37600.0,72,02-Dec-2022,1,56.0,East,37600.0,2022-12-02
4466,49.0,E.,"$44,400",43,"March 28, 2016",1,49.0,East,44400.0,2016-03-28
3316,53.0,North,47400.0,57,"November 22, 2016",0,53.0,North,47400.0,2016-11-22
10979,18.0,East,56900.0,37,02/01/2022,1,18.0,East,56900.0,2022-02-01
11132,22.0,South,69200.0,32,04/09/2015,1,22.0,South,69200.0,2015-04-09
392,43.0,North,70100.0,32,2022-01-27,1,43.0,North,70100.0,2022-01-27
9608,55.0,N.,83200.0,33,2018-03-30,1,55.0,North,83200.0,2018-03-30
10692,34.0,North,55800.0,37,2018-02-25,0,34.0,North,55800.0,2018-02-25
531,37.0,South,99100.0,34,2021-12-28,0,37.0,South,99100.0,2021-12-28
8413,32.0,WEST,60900.0,16,03-Dec-2017,1,32.0,West,60900.0,2017-12-03
2031,59.0,South,72100.0,58,24-Sep-2023,1,59.0,South,72100.0,2023-09-24
8088,50.0,SOUTH,49200.0,38,2021-03-23,0,50.0,South,49200.0,2021-03-23
11290,21.0, North,59200.0,61,2024-09-02,1,21.0,North,59200.0,2024-09-02
3602,73.0,south ,37000.0,8,05/24/2015,0,73.0,South,37000.0,2015-05-24
576,23.0,west,60200.0,63,"May 31, 2018",0,23.0,West,60200.0,2018-05-31
2363,37.0,South,"$62,000",34,2015-04-11,1,37.0,South,62000.0,2015-04-11
1514,18.0,East,50600.0,9,11/21/2022,1,18.0,East,50600.0,2022-11-21
5047,54.0,SOUTH,"$45,800",29,"January 05, 2017",1,54.0,South,45800.0,2017-01-05
11073,38.0,East,41500.0,15,"March 18, 2022",0,38.0,East,41500.0,2022-03-18
9878,18.0,west,29100.0,49,2022-03-26,0,18.0,West,29100.0,2022-03-26
3683,44.0,SOUTH,26500.0,42,02/16/2024,1,44.0,South,26500.0,2024-02-16
7980,48.0,South,58900.0,13,2021-05-17,1,48.0,South,58900.0,2021-05-17
6092,25.0,West,"$49,200",31,"June 09, 2024",1,25.0,West,49200.0,2024-06-09
10228,26.0,S.,57400.0,59,11-Jun-2018,1,26.0,South,57400.0,2018-06-11
1989,32.0,East,29200.0,24,2024-03-16,1,32.0,East,29200.0,2024-03-16
10217,42.0,North,36100.0,92,"August 30, 2022",1,42.0,North,36100.0,2022-08-30
10305,37.0,East,82100.0,31,01/23/2019,0,37.0,East,82100.0,2019-01-23
9208,57.0,W. ,20800.0,38,12-Sep-2017,1,57.0,West,20800.0,2017-09-12
2103,33.0,S.,32500.0,17,03-Aug-2015,0,33.0,South,32500.0,2015-08-03
2141,41.0,North,72100.0,32,"December 30, 2018",1,41.0,North,72100.0,2018-12-30
7772,35.0,East,46800.0,23,2018-02-09,1,35.0,East,46800.0,2018-02-09
6292,61.0,South,20900.0,40,11-Nov-2015,1,61.0,South,20900.0,2015-11-11
8077,41.0,West,54000.0,61,29-Apr-2016,1,41.0,West,54000.0,2016-04-29
11363,28.0,south ,29500.0,47,07-May-2018,1,28.0,South,29500.0,2018-05-07
2988,63.0,W. ,123100.0,59,04/19/2017,1,63.0,West,123100.0,2017-04-19
5672,47.0,East,123400.0,21,09/06/2024,1,47.0,East,123400.0,2024-09-06
10632,23.0,SOUTH,125000.0,27,"October 16, 2019",1,23.0,South,125000.0,2019-10-16
10369,63.0,South,"$62,100",16,"September 17, 2019",1,63.0,South,62100.0,2019-09-17
3072,45.0,South,24900.0,95,2023-02-10,1,45.0,South,24900.0,2023-02-10
3808,44.0,South,20300.0,75,"August 04, 2017",1,44.0,South,20300.0,2017-08-04
10946,55.0,north,63300.0,18,"December 20, 2022",1,55.0,North,63300.0,2022-12-20
4595,52.0,South,74100.0,20,"June 02, 2024",1,52.0,South,74100.0,2024-06-02
11680,54.0,East,76000.0,22,20-Jan-2015,0,54.0,East,76000.0,2015-01-20
9932,50.0,North,55100.0,34,02/24/2015,1,50.0,North,55100.0,2015-02-24
5912,45.0,,"$70,700",80,03/13/2024,1,45.0,Unknown,70700.0,2024-03-13
6822,29.0,Unknown,37200.0,25,04-Jan-2020,1,29.0,Unknown,37200.0,2020-01-04
5684,31.0,,"$32,100",53,2019-11-05,0,31.0,Unknown,32100.0,2019-11-05
4813,42.0,East,46700.0,14,"June 13, 2015",0,42.0,East,46700.0,2015-06-13
9415,69.0,SOUTH,57200.0,52,"March 02, 2018",0,69.0,South,57200.0,2018-03-02
5683,37.0,East,59600.0,11,2015-12-04,1,37.0,East,59600.0,2015-12-04
485,41.0,West,26900.0,34,08/26/2023,1,41.0,West,26900.0,2023-08-26
3493,38.0,West,57500.0,34,02/11/2020,0,38.0,West,57500.0,2020-02-11
9964,56.0,West,37600.0,24,04/23/2019,1,56.0,West,37600.0,2019-04-23
2439,55.0,WEST,52400.0,14,2020-11-08,1,55.0,West,52400.0,2020-11-08
9628,44.0, East ,33400.0,36,"September 26, 2022",0,44.0,East,33400.0,2022-09-26
4089,36.0,S.,"$91,200",35,2015-02-24,0,36.0,South,91200.0,2015-02-24
2145,33.0,South,52200.0,20,28-Nov-2016,1,33.0,South,52200.0,2016-11-28
9014,51.0,West,28600.0,28,2020-02-12,1,51.0,West,28600.0,2020-02-12
9289,52.0,S.,73600.0,28,19-Feb-2021,1,52.0,South,73600.0,2021-02-19
965,42.0,east,54800.0,35,11-Aug-2015,1,42.0,East,54800.0,2015-08-11
3022,62.0,West,46500.0,21,"February 03, 2020",1,62.0,West,46500.0,2020-02-03
8161,35.0,E.,46200.0,78,"May 24, 2023",1,35.0,East,46200.0,2023-05-24
5292,30.0,WEST,32100.0,42,2019-04-15,1,30.0,West,32100.0,2019-04-15
2073,18.0,West,"$36,600",14,2016-12-11,1,18.0,West,36600.0,2016-12-11
8448,51.0,North,38900.0,56,2015-05-07,1,51.0,North,38900.0,2015-05-07
8488,37.0,E.,49500.0,46,2015-11-09,1,37.0,East,49500.0,2015-11-09
7776,28.0,South,,47,"February 16, 2020",0,28.0,South,49400.0,2020-02-16
7649,40.0,North,22600.0,53,09-Jul-2020,1,40.0,North,22600.0,2020-07-09
4072,40.0,East,"$86,800",14,"March 29, 2021",0,40.0,East,86800.0,2021-03-29
11698,42.0,west,55900.0,29,2022-07-10,1,42.0,West,55900.0,2022-07-10
6782,,East,51200.0,24,05/01/2018,1,42.02803042831156,East,51200.0,2018-05-01
10366,64.0,south ,29000.0,31,2023-10-09,0,64.0,South,29000.0,2023-10-09
131,37.0,South,44000.0,29,07/06/2015,1,37.0,South,44000.0,2015-07-06
7923,31.0,W. ,52000.0,76,05-Jul-2017,1,31.0,West,52000.0,2017-07-05
4266,36.0,west,44200.0,102,"July 27, 2020",1,36.0,West,44200.0,2020-07-27
11009,31.0,South,54500.0,21,24-Feb-2019,1,31.0,South,54500.0,2019-02-24
670,,South,43300.0,32,25-Mar-2016,1,42.02803042831156,South,43300.0,2016-03-25
66,52.0,West,86000.0,38,2021-04-21,1,52.0,West,86000.0,2021-04-21
7120,24.0,West,77600.0,60,01-Sep-2020,1,24.0,West,77600.0,2020-09-01
3012,37.0,South,85300.0,48,11/19/2015,1,37.0,South,85300.0,2015-11-19
10015,31.0,West,92700.0,37,13-Apr-2015,0,31.0,West,92700.0,2015-04-13
5386,57.0,North,32200.0,81,2021-04-28,1,57.0,North,32200.0,2021-04-28
9180,55.0,S.,15000.0,27,20-Apr-2015,0,55.0,South,15000.0,2015-04-20
443,47.0,West,"$116,500",45,25-Feb-2023,1,47.0,West,116500.0,2023-02-25
1061,40.0,NORTH,31800.0,70,14-Oct-2020,1,40.0,North,31800.0,2020-10-14
3333,18.0,East,64700.0,91,06-Mar-2018,0,18.0,East,64700.0,2018-03-06
10761,49.0,East,34400.0,15,2021-03-13,0,49.0,East,34400.0,2021-03-13
588,31.0,N.,141800.0,59,13-Jul-2017,0,31.0,North,141800.0,2017-07-13
6322,39.0,S.,44400.0,8,2015-06-11,0,39.0,South,44400.0,2015-06-11
4475,33.0,North,75800.0,35,"November 02, 2018",1,33.0,North,75800.0,2018-11-02
1570,21.0,West,122800.0,44,13-Nov-2015,1,21.0,West,122800.0,2015-11-13
11966,46.0,North,79400.0,6,2017-06-05,1,46.0,North,79400.0,2017-06-05
4585,38.0,North,34800.0,77,2016-11-29,1,38.0,North,34800.0,2016-11-29
4785,43.0,North,67800.0,69,13-Sep-2018,0,43.0,North,67800.0,2018-09-13
9749,,North,52300.0,56,2017-01-16,1,42.02803042831156,North,52300.0,2017-01-16
3566,64.0,West,50800.0,22,"June 14, 2018",1,64.0,West,50800.0,2018-06-14
1154,35.0,East,49500.0,89,2016-03-23,1,35.0,East,49500.0,2016-03-23
800,43.0,North,222600.0,12,05/01/2015,1,43.0,North,222600.0,2015-05-01
10420,65.0,East,25200.0,12,08/15/2023,1,65.0,East,25200.0,2023-08-15
6711,57.0,SOUTH,44800.0,30,14-Mar-2016,1,57.0,South,44800.0,2016-03-14
233,46.0,West,"$84,600",109,"October 22, 2017",1,46.0,West,84600.0,2017-10-22
2283,56.0,West,33500.0,33,01/02/2016,1,56.0,West,33500.0,2016-01-02
3292,46.0,South,40400.0,61,21-Apr-2016,1,46.0,South,40400.0,2016-04-21
5112,39.0,South,106400.0,88,07/16/2018,1,39.0,South,106400.0,2018-07-16
3650,43.0,W. ,"$28,400",10,03/30/2016,1,43.0,West,28400.0,2016-03-30
7312,63.0,South,97000.0,15,"September 03, 2024",0,63.0,South,97000.0,2024-09-03
5322,22.0,WEST,19600.0,37,03-Apr-2020,1,22.0,West,19600.0,2020-04-03
6342,31.0,North,26000.0,6,2019-12-09,1,31.0,North,26000.0,2019-12-09
7141,24.0, North,56000.0,71,02/22/2015,0,24.0,North,56000.0,2015-02-22
2581,29.0,South,40900.0,61,"January 29, 2015",1,29.0,South,40900.0,2015-01-29
1148,37.0,West,151900.0,61,04-Jun-2015,1,37.0,West,151900.0,2015-06-04
5113,42.0,North,38000.0,44,23-Jun-2018,1,42.0,North,38000.0,2018-06-23
7591,30.0,East,61500.0,39,"March 21, 2015",1,30.0,East,61500.0,2015-03-21
8885,48.0,South,"$74,400",44,2021-04-11,1,48.0,South,74400.0,2021-04-11
5997,45.0,East,58100.0,53,"August 26, 2017",1,45.0,East,58100.0,2017-08-26
598,53.0,North,32600.0,88,2021-04-27,1,53.0,North,32600.0,2021-04-27
4823,61.0,EAST,84600.0,14,17-Apr-2017,1,61.0,East,84600.0,2017-04-17
8867,60.0, North,77200.0,89,2019-02-20,0,60.0,North,77200.0,2019-02-20
7192,28.0,West,59600.0,96,11/23/2020,1,28.0,West,59600.0,2020-11-23
8596,40.0,West,37800.0,57,2017-12-25,0,40.0,West,37800.0,2017-12-25
2703,53.0,South,"$81,100",74,2018-09-15,1,53.0,South,81100.0,2018-09-15
622,42.0,NORTH,33200.0,21,2022-12-28,1,42.0,North,33200.0,2022-12-28
3583,43.0,East,41700.0,12,06/21/2018,1,43.0,East,41700.0,2018-06-21
1095,33.0,East,"$96,700",53,,1,33.0,East,96700.0,
9913,45.0,North,,5,06/23/2024,0,45.0,North,49400.0,2024-06-23
4427,44.0,South,51700.0,45,10/19/2023,1,44.0,South,51700.0,2023-10-19
797,55.0,S.,39600.0,63,"December 08, 2017",1,55.0,South,39600.0,2017-12-08
2263,44.0,S.,41700.0,67,2023-12-09,0,44.0,South,41700.0,2023-12-09
2752,37.0,W. ,35700.0,62,2023-06-07,1,37.0,West,35700.0,2023-06-07
2675,39.0,S.,,41,"December 25, 2018",1,39.0,South,49400.0,2018-12-25
10109,37.0,East,25100.0,11,11/12/2016,1,37.0,East,25100.0,2016-11-12
4720,44.0,North,70500.0,30,2021-01-06,0,44.0,North,70500.0,2021-01-06
3870,49.0,East,84800.0,68,11/11/2017,1,49.0,East,84800.0,2017-11-11
9334,36.0,West,29300.0,29,02/23/2015,1,36.0,West,29300.0,2015-02-23
10845,33.0,North,47800.0,61,14-May-2016,0,33.0,North,47800.0,2016-05-14
307,38.0,West,26600.0,41,"July 25, 2024",1,38.0,West,26600.0,2024-07-25
5130,43.0,SOUTH,47500.0,38,08/27/2015,0,43.0,South,47500.0,2015-08-27
11408,28.0,East,27900.0,15,07/08/2024,1,28.0,East,27900.0,2024-07-08
595,25.0,North,45200.0,82,06-Dec-2017,1,25.0,North,45200.0,2017-12-06
10884,30.0, East ,,63,07-Apr-2019,1,30.0,East,49400.0,2019-04-07
6002,41.0,North,108000.0,25,2023-06-28,0,41.0,North,108000.0,2023-06-28
7416,25.0,South,50200.0,30,2020-12-20,1,25.0,South,50200.0,2020-12-20
3330,39.0,North,"$49,400",49,27-Jul-2024,1,39.0,North,49400.0,2024-07-27
6610,34.0,E.,"$34,800",51,2017-09-29,0,34.0,East,34800.0,2017-09-29
3907,21.0,N.,102700.0,42,2016-05-08,1,21.0,North,102700.0,2016-05-08
4940,30.0,E.,180400.0,26,2019-03-08,1,30.0,East,180400.0,2019-03-08
4291,36.0,Unknown,"$40,700",24,04/09/2022,1,36.0,Unknown,40700.0,2022-04-09
4127,55.0,East,42600.0,47,2020-01-17,0,55.0,East,42600.0,2020-01-17
4151,37.0,North,28900.0,19,2022-03-29,1,37.0,North,28900.0,2022-03-29
10961,18.0,West,32300.0,38,23-Jul-2022,1,18.0,West,32300.0,2022-07-23
1957,54.0,South,"$43,500",92,2023-10-08,0,54.0,South,43500.0,2023-10-08
5248,56.0,West,"$52,800",44,16-Dec-2016,1,56.0,West,52800.0,2016-12-16
6620,34.0,West,24000.0,9,14-Dec-2023,1,34.0,West,24000.0,2023-12-14
11177,43.0,SOUTH,70900.0,38,10/16/2024,1,43.0,South,70900.0,2024-10-16
835,32.0,North,34700.0,25,2018-07-25,0,32.0,North,34700.0,2018-07-25
10434,33.0,east,56800.0,49,2017-02-05,1,33.0,East,56800.0,2017-02-05
1339,77.0,East,67200.0,59,"October 04, 2016",1,77.0,East,67200.0,2016-10-04
178,44.0,East,26700.0,29,11/04/2019,1,44.0,East,26700.0,2019-11-04
10560,22.0,North,47000.0,20,2022-02-03,0,22.0,North,47000.0,2022-02-03
204,50.0,East,"$20,000",31,"September 21, 2023",1,50.0,East,20000.0,2023-09-21
2520,20.0,South,"$45,300",31,2023-05-28,0,20.0,South,45300.0,2023-05-28
2211,52.0,South,53700.0,3,24-Aug-2017,1,52.0,South,53700.0,2017-08-24
3625,41.0,N.,25100.0,17,"December 10, 2016",1,41.0,North,25100.0,2016-12-10
504,22.0,North,65500.0,12,,1,22.0,North,65500.0,
1544,41.0,East,68100.0,87,24-Feb-2024,1,41.0,East,68100.0,2024-02-24
11687,35.0,south ,23900.0,27,"June 02, 2021",1,35.0,South,23900.0,2021-06-02
9482,34.0,South,36600.0,40,2016-11-17,0,34.0,South,36600.0,2016-11-17
5222,18.0,West,91600.0,46,2020-05-27,1,18.0,West,91600.0,2020-05-27
7483,44.0,South,"$67,500",57,01/09/2019,0,44.0,South,67500.0,2019-01-09
9082,38.0,East,63400.0,89,01/21/2022,1,38.0,East,63400.0,2022-01-21
11388,32.0,SOUTH,"$97,900",38,28-Sep-2016,0,32.0,South,97900.0,2016-09-28
424,23.0,south ,"$35,200",44,05-Mar-2016,0,23.0,South,35200.0,2016-03-05
1688,,West,"$89,300",9,26-Jun-2020,1,42.02803042831156,West,89300.0,2020-06-26
8036,21.0,East,47400.0,125,"August 28, 2017",1,21.0,East,47400.0,2017-08-28
8296,31.0,South,64000.0,46,21-Jul-2015,1,31.0,South,64000.0,2015-07-21
640,49.0,South,39800.0,19,2024-05-08,1,49.0,South,39800.0,2024-05-08
3199,55.0,South,67100.0,9,15-Jul-2022,0,55.0,South,67100.0,2022-07-15
11237,35.0,North,49400.0,22,11-Apr-2023,1,35.0,North,49400.0,2023-04-11
3502,59.0,West,80700.0,43,"November 24, 2020",0,59.0,West,80700.0,2020-11-24
8910,18.0,East,82300.0,24,02/25/2019,0,18.0,East,82300.0,2019-02-25
1309,18.0,East,74500.0,77,2016-10-12,1,18.0,East,74500.0,2016-10-12
11957,44.0,E.,"$70,300",12,01-Dec-2021,1,44.0,East,70300.0,2021-12-01
8711,25.0,north,"$56,300",36,2024-02-26,1,25.0,North,56300.0,2024-02-26
5658,38.0,SOUTH,79300.0,10,05-Jul-2019,1,38.0,South,79300.0,2019-07-05
8286,53.0,North,56700.0,15,2020-05-22,1,53.0,North,56700.0,2020-05-22
2769,53.0,East,33200.0,78,"November 01, 2021",0,53.0,East,33200.0,2021-11-01
1942,43.0,SOUTH,72200.0,32,05-Apr-2020,1,43.0,South,72200.0,2020-04-05
676,47.0,East,36700.0,123,10-Sep-2020,1,47.0,East,36700.0,2020-09-10
6244,58.0,North,17700.0,21,2019-10-24,1,58.0,North,17700.0,2019-10-24
8544,54.0,south ,55500.0,8,2020-02-12,1,54.0,South,55500.0,2020-02-12
784,54.0,North,"$40,800",46,04/30/2019,1,54.0,North,40800.0,2019-04-30
3569,48.0,South,"$35,900",10,08/16/2016,1,48.0,South,35900.0,2016-08-16
11012,55.0,North,29700.0,15,31-Oct-2018,1,55.0,North,29700.0,2018-10-31
7138,35.0,WEST,103500.0,28,04-Feb-2017,1,35.0,West,103500.0,2017-02-04
11026,36.0,E.,"$26,000",68,2017-10-06,1,36.0,East,26000.0,2017-10-06
3577,46.0,East,21800.0,12,08-Jan-2016,1,46.0,East,21800.0,2016-01-08
7826,42.0,West,41600.0,6,18-Nov-2018,1,42.0,West,41600.0,2018-11-18
831,47.0,West,19200.0,10,2024-08-01,1,47.0,West,19200.0,2024-08-01
10926,50.0,E.,79000.0,33,03/06/2021,1,50.0,East,79000.0,2021-03-06
10333,39.0,West,34500.0,18,2023-03-05,1,39.0,West,34500.0,2023-03-05
7866,41.0,east,133500.0,22,"February 09, 2022",0,41.0,East,133500.0,2022-02-09
7981,28.0,East,171600.0,2,"January 14, 2022",0,28.0,East,171600.0,2022-01-14
10574,44.0,North,49100.0,46,04/16/2019,0,44.0,North,49100.0,2019-04-16
10775,44.0,South,66900.0,72,05/07/2016,1,44.0,South,66900.0,2016-05-07
9396,44.0,South,52500.0,17,01/26/2017,1,44.0,South,52500.0,2017-01-26
1913,49.0,North,50400.0,28,"December 17, 2021",1,49.0,North,50400.0,2021-12-17
10504,38.0,SOUTH,30500.0,30,"August 31, 2020",1,38.0,South,30500.0,2020-08-31
8200,43.0,North,62100.0,48,2015-10-25,1,43.0,North,62100.0,2015-10-25
4443,42.0,West,48100.0,59,18-Aug-2015,1,42.0,West,48100.0,2015-08-18
627,37.0,WEST,64600.0,54,07/14/2022,1,37.0,West,64600.0,2022-07-14
3527,47.0,South,102300.0,30,2024-05-16,1,47.0,South,102300.0,2024-05-16
8257,49.0,West,44800.0,19,,0,49.0,West,44800.0,
6705,29.0,West,66000.0,75,"December 28, 2023",1,29.0,West,66000.0,2023-12-28
10480,55.0,S.,59700.0,68,2017-11-23,1,55.0,South,59700.0,2017-11-23
360,,East,41300.0,37,2020-09-16,1,42.02803042831156,East,41300.0,2020-09-16
1500,27.0,South,62400.0,59,10/06/2024,1,27.0,South,62400.0,2024-10-06
7391,26.0,North,16700.0,99,02-Aug-2015,1,26.0,North,16700.0,2015-08-02
3016,35.0,WEST,51200.0,30,28-May-2016,1,35.0,West,51200.0,2016-05-28
10419,18.0,South,59400.0,30,07/15/2020,1,18.0,South,59400.0,2020-07-15
9103,32.0,North,"$73,000",78,24-Jul-2022,1,32.0,North,73000.0,2022-07-24
5710,32.0,West,36700.0,48,08/24/2015,0,32.0,West,36700.0,2015-08-24
4842,29.0, North,80300.0,24,07/02/2024,1,29.0,North,80300.0,2024-07-02
4611,43.0,South,43100.0,35,27-Sep-2024,1,43.0,South,43100.0,2024-09-27
1086,37.0,East,21600.0,151,11/25/2023,1,37.0,East,21600.0,2023-11-25
9417,39.0,West,62600.0,23,"July 30, 2015",1,39.0,West,62600.0,2015-07-30
4642,34.0,east,42000.0,11,2020-04-08,1,34.0,East,42000.0,2020-04-08
892,35.0,north,42900.0,57,2019-12-25,1,35.0,North,42900.0,2019-12-25
11453,32.0,South,31800.0,23,"November 29, 2017",1,32.0,South,31800.0,2017-11-29
11808,22.0,West,38900.0,25,"January 25, 2017",1,22.0,West,38900.0,2017-01-25
358,46.0,South,59500.0,31,2017-10-02,1,46.0,South,59500.0,2017-10-02
5442,25.0,North,35200.0,17,01-Aug-2017,1,25.0,North,35200.0,2017-08-01
5540,26.0,South,43500.0,10,22-Sep-2024,0,26.0,South,43500.0,2024-09-22
9161,32.0,South,83400.0,65,"May 13, 2020",1,32.0,South,83400.0,2020-05-13
1422,39.0,North,25400.0,108,18-Jul-2019,1,39.0,North,25400.0,2019-07-18
7487,48.0,SOUTH,137000.0,39,30-May-2022,1,48.0,South,137000.0,2022-05-30
1588,54.0, East ,86500.0,54,2016-05-24,1,54.0,East,86500.0,2016-05-24
8613,35.0, East ,45600.0,37,15-Dec-2023,0,35.0,East,45600.0,2023-12-15
6965,61.0,East,39500.0,65,2019-10-08,1,61.0,East,39500.0,2019-10-08
3506,63.0, East ,186900.0,9,09/06/2020,1,63.0,East,186900.0,2020-09-06
9411,29.0,NORTH,"$45,900",13,2019-09-11,0,29.0,North,45900.0,2019-09-11
7834,49.0,North,43100.0,30,04/16/2021,1,49.0,North,43100.0,2021-04-16
4998,52.0,East,"$112,000",40,2019-01-31,1,52.0,East,112000.0,2019-01-31
9406,19.0,WEST,"$33,000",30,2023-03-15,0,19.0,West,33000.0,2023-03-15
1507,18.0,SOUTH,34300.0,24,18-Apr-2016,0,18.0,South,34300.0,2016-04-18
1367,27.0,WEST,72000.0,18,01/21/2017,1,27.0,West,72000.0,2017-01-21
8511,27.0,East,34900.0,16,2017-05-26,0,27.0,East,34900.0,2017-05-26
8715,32.0,East,41600.0,47,02/03/2015,0,32.0,East,41600.0,2015-02-03
4018,55.0,East,"$50,400",5,04/19/2019,1,55.0,East,50400.0,2019-04-19
1898,48.0,North,"$45,300",81,06/13/2016,1,48.0,North,45300.0,2016-06-13
9945,46.0,E.,29600.0,2,08/10/2021,0,46.0,East,29600.0,2021-08-10
2491,53.0,West,23600.0,10,2024-08-06,1,53.0,West,23600.0,2024-08-06
9520,37.0,east,52800.0,22,"May 06, 2023",1,37.0,East,52800.0,2023-05-06
2723,19.0,WEST,"$75,400",63,,1,19.0,West,75400.0,
218,59.0,WEST,47900.0,15,21-Feb-2024,1,59.0,West,47900.0,2024-02-21
11246,18.0,,83600.0,21,"February 25, 2022",1,18.0,Unknown,83600.0,2022-02-25
11099,66.0,West,40400.0,45,11/19/2021,1,66.0,West,40400.0,2021-11-19
859,18.0,West,35600.0,61,2015-01-06,1,18.0,West,35600.0,2015-01-06
7877,37.0,West,95600.0,72,06/23/2015,1,37.0,West,95600.0,2015-06-23
11400,44.0,South,30400.0,37,"February 01, 2023",1,44.0,South,30400.0,2023-02-01
9133,36.0,West,85000.0,15,2021-09-16,1,36.0,West,85000.0,2021-09-16
3437,,North,"$45,000",46,31-Aug-2022,0,42.02803042831156,North,45000.0,2022-08-31
366,61.0,North,65000.0,26,09-May-2018,1,61.0,North,65000.0,2018-05-09
2626,40.0,West,"$80,200",25,"January 31, 2022",1,40.0,West,80200.0,2022-01-31
2443,29.0,N.,17400.0,19,"October 09, 2021",1,29.0,North,17400.0,2021-10-09
11446,53.0,W. ,45500.0,110,02-Dec-2019,1,53.0,West,45500.0,2019-12-02
8272,48.0,South,"$30,900",40,"June 20, 2020",1,48.0,South,30900.0,2020-06-20
9191,35.0,N.,15000.0,26,27-May-2021,1,35.0,North,15000.0,2021-05-27
1616,49.0,Unknown,73600.0,28,13-Oct-2020,0,49.0,Unknown,73600.0,2020-10-13
8942,41.0,East,148100.0,33,2022-02-04,1,41.0,East,148100.0,2022-02-04
6618,42.0, East ,99600.0,108,08/17/2015,1,42.0,East,99600.0,2015-08-17
1754,35.0,West,91500.0,14,"March 12, 2020",1,35.0,West,91500.0,2020-03-12
10822,68.0,north,"$68,800",11,10/02/2020,1,68.0,North,68800.0,2020-10-02
922,31.0,E.,15000.0,3,07/24/2023,1,31.0,East,15000.0,2023-07-24
2412,62.0,North,"$89,300",22,"June 24, 2023",0,62.0,North,89300.0,2023-06-24
1962,34.0,East,63300.0,21,11-Jan-2024,1,34.0,East,63300.0,2024-01-11
2642,41.0,Unknown,57800.0,39,"August 02, 2019",1,41.0,Unknown,57800.0,2019-08-02
3159,23.0,south ,55100.0,65,"August 25, 2020",1,23.0,South,55100.0,2020-08-25
9196,38.0,East,75800.0,107,23-Jun-2021,0,38.0,East,75800.0,2021-06-23
9906,23.0,West,61600.0,47,25-Feb-2019,0,23.0,West,61600.0,2019-02-25
4766,47.0,East,21800.0,23,13-Jun-2023,1,47.0,East,21800.0,2023-06-13
469,56.0, East ,70700.0,24,15-May-2024,1,56.0,East,70700.0,2024-05-15
11963,59.0,N.,,36,10/29/2021,1,59.0,North,49400.0,2021-10-29
6307,19.0,North,68000.0,42,2022-06-16,1,19.0,North,68000.0,2022-06-16
4411,61.0, North,148800.0,21,2019-05-25,1,61.0,North,148800.0,2019-05-25
10490,37.0,East,54500.0,42,"July 21, 2022",1,37.0,East,54500.0,2022-07-21
5850,42.0,East,67300.0,46,17-Jan-2024,1,42.0,East,67300.0,2024-01-17
1954,33.0,North,34600.0,49,08/10/2021,1,33.0,North,34600.0,2021-08-10
5643,51.0,West,23800.0,25,2019-01-19,0,51.0,West,23800.0,2019-01-19
3402,53.0,SOUTH,29300.0,57,2020-06-21,1,53.0,South,29300.0,2020-06-21
2337,78.0,East,56600.0,65,09-Apr-2021,1,78.0,East,56600.0,2021-04-09
585,51.0,South,"$61,600",50,04/24/2023,0,51.0,South,61600.0,2023-04-24
10864,57.0,North,44400.0,71,12/31/2019,1,57.0,North,44400.0,2019-12-31
2256,27.0,E.,"$24,000",76,01/25/2016,0,27.0,East,24000.0,2016-01-25
5200,39.0, North,,13,"January 23, 2023",1,39.0,North,49400.0,2023-01-23
5135,35.0,South,38300.0,55,14-Oct-2019,1,35.0,South,38300.0,2019-10-14
9615,59.0,North,38000.0,9,28-Apr-2015,1,59.0,North,38000.0,2015-04-28
3932,52.0,North,48100.0,5,03/29/2019,1,52.0,North,48100.0,2019-03-29
4779,41.0,North,51000.0,37,2023-10-17,1,41.0,North,51000.0,2023-10-17
3214,29.0,S.,48200.0,44,10/30/2017,1,29.0,South,48200.0,2017-10-30
5586,44.0,North,55100.0,35,2024-07-12,1,44.0,North,55100.0,2024-07-12
8974,27.0,N.,"$70,800",21,20-Dec-2024,1,27.0,North,70800.0,2024-12-20
5536,27.0,West,25400.0,76,"December 22, 2021",0,27.0,West,25400.0,2021-12-22
5403,25.0,West,"$41,000",21,26-Dec-2019,0,25.0,West,41000.0,2019-12-26
11857,55.0,North,65200.0,43,14-Nov-2019,1,55.0,North,65200.0,2019-11-14
39,31.0,S.,17700.0,74,"October 13, 2024",0,31.0,South,17700.0,2024-10-13
9874,36.0,North,51800.0,102,05/07/2024,1,36.0,North,51800.0,2024-05-07
1719,50.0,North,68900.0,10,11-May-2022,1,50.0,North,68900.0,2022-05-11
5922,64.0,East,76900.0,31,01/04/2017,1,64.0,East,76900.0,2017-01-04
6820,34.0,South,23300.0,31,08/12/2020,1,34.0,South,23300.0,2020-08-12
6599,29.0,East,29900.0,9,09/28/2018,1,29.0,East,29900.0,2018-09-28
6135,52.0,S.,50600.0,71,03/16/2024,0,52.0,South,50600.0,2024-03-16
2757,50.0,East,39300.0,15,2021-09-17,0,50.0,East,39300.0,2021-09-17
7580,42.0,west,42500.0,70,22-Sep-2016,1,42.0,West,42500.0,2016-09-22
6526,56.0,North,165500.0,16,05/18/2020,1,56.0,North,165500.0,2020-05-18
4626,47.0,South,37200.0,53,05/15/2017,1,47.0,South,37200.0,2017-05-15
10999,39.0,S.,76900.0,40,"November 11, 2016",1,39.0,South,76900.0,2016-11-11
6123,54.0,North,117700.0,20,"October 09, 2020",1,54.0,North,117700.0,2020-10-09
1011,26.0,N.,54100.0,11,2018-07-12,0,26.0,North,54100.0,2018-07-12
7576,39.0,North,35600.0,38,01-Jun-2015,1,39.0,North,35600.0,2015-06-01
11417,18.0,North,"$88,800",20,02/05/2015,1,18.0,North,88800.0,2015-02-05
4474,54.0,East,61900.0,51,09/23/2015,1,54.0,East,61900.0,2015-09-23
7671,,West,55700.0,32,2024-09-08,1,42.02803042831156,West,55700.0,2024-09-08
6891,28.0,North,45400.0,5,2022-02-16,0,28.0,North,45400.0,2022-02-16
8582,46.0,WEST,99700.0,17,07/06/2019,1,46.0,West,99700.0,2019-07-06
11813,46.0,West,75100.0,17,24-Nov-2015,1,46.0,West,75100.0,2015-11-24
2983,39.0,South,50400.0,33,04/22/2016,1,39.0,South,50400.0,2016-04-22
7037,49.0,North,145300.0,45,24-Dec-2017,0,49.0,North,145300.0,2017-12-24
8179,39.0,south ,43300.0,71,"November 13, 2016",0,39.0,South,43300.0,2016-11-13
10221,68.0,east,67800.0,94,2019-03-21,1,68.0,East,67800.0,2019-03-21
9475,33.0,Unknown,33700.0,41,2015-03-07,1,33.0,Unknown,33700.0,2015-03-07
1690,53.0,W. ,33700.0,8,"September 05, 2023",1,53.0,West,33700.0,2023-09-05
3787,38.0,N.,"$80,600",49,24-Nov-2015,1,38.0,North,80600.0,2015-11-24
6328,36.0,North,28900.0,40,2023-01-06,1,36.0,North,28900.0,2023-01-06
6304,28.0,East,"$41,600",14,"September 15, 2017",1,28.0,East,41600.0,2017-09-15
1991,47.0,West,67400.0,31,"January 03, 2018",0,47.0,West,67400.0,2018-01-03
6706,42.0,,53400.0,23,"January 17, 2021",1,42.0,Unknown,53400.0,2021-01-17
1546,39.0,West,47500.0,44,10/26/2020,0,39.0,West,47500.0,2020-10-26
7093,53.0,East,"$59,500",20,07/06/2015,0,53.0,East,59500.0,2015-07-06
7381,41.0,West,95600.0,9,"September 23, 2023",1,41.0,West,95600.0,2023-09-23
1444,61.0, East ,87000.0,4,2023-06-21,1,61.0,East,87000.0,2023-06-21
6037,38.0,West,46300.0,85,08/26/2023,1,38.0,West,46300.0,2023-08-26
201,46.0,North,49000.0,17,21-Dec-2016,1,46.0,North,49000.0,2016-12-21
2039,29.0,North,"$43,900",26,03/01/2023,1,29.0,North,43900.0,2023-03-01
3564,40.0,South,55100.0,54,2023-05-27,1,40.0,South,55100.0,2023-05-27
2052,26.0,North,37800.0,22,02/28/2020,1,26.0,North,37800.0,2020-02-28
11164,57.0,West,63600.0,41,"January 29, 2017",1,57.0,West,63600.0,2017-01-29
493,38.0,SOUTH,62800.0,24,11/05/2019,0,38.0,South,62800.0,2019-11-05
4107,18.0,East,62900.0,40,"July 28, 2024",1,18.0,East,62900.0,2024-07-28
6651,53.0,West,45700.0,26,25-Jan-2015,1,53.0,West,45700.0,2015-01-25
6647,32.0,E.,25700.0,29,"January 08, 2017",1,32.0,East,25700.0,2017-01-08
10704,55.0,North,93800.0,47,25-Mar-2017,1,55.0,North,93800.0,2017-03-25
3473,56.0,W. ,54700.0,62,"April 24, 2021",0,56.0,West,54700.0,2021-04-24
9104,44.0,,56100.0,73,08-May-2021,0,44.0,Unknown,56100.0,2021-05-08
281,48.0,South,43900.0,13,2016-09-02,1,48.0,South,43900.0,2016-09-02
3734,37.0,North,31000.0,79,03/22/2016,1,37.0,North,31000.0,2016-03-22
10381,22.0,North,55400.0,28,"March 28, 2018",1,22.0,North,55400.0,2018-03-28
10644,44.0,East,124400.0,121,21-Mar-2016,1,44.0,East,124400.0,2016-03-21
4592,62.0,South,48300.0,39,08/01/2018,1,62.0,South,48300.0,2018-08-01
10510,53.0,WEST,15000.0,16,07-Jan-2024,1,53.0,West,15000.0,2024-01-07
5686,19.0,North,71000.0,94,2017-01-23,0,19.0,North,71000.0,2017-01-23
7492,39.0,E.,47700.0,40,16-Oct-2022,0,39.0,East,47700.0,2022-10-16
3059,33.0,West,"$29,100",18,25-Mar-2020,1,33.0,West,29100.0,2020-03-25
3007,18.0,East,"$60,100",54,2019-05-07,1,18.0,East,60100.0,2019-05-07
6250,45.0,South,92200.0,85,12-Jun-2021,1,45.0,South,92200.0,2021-06-12
3857,27.0,SOUTH,"$68,300",21,29-Nov-2016,0,27.0,South,68300.0,2016-11-29
11249,43.0,WEST,64400.0,20,"September 17, 2016",1,43.0,West,64400.0,2016-09-17
2182,45.0,South,"$28,700",7,2023-08-12,1,45.0,South,28700.0,2023-08-12
8279,51.0,West,52600.0,63,2022-09-10,1,51.0,West,52600.0,2022-09-10
4301,36.0,North,48100.0,33,27-Sep-2019,1,36.0,North,48100.0,2019-09-27
9218,59.0,West,119000.0,31,"April 30, 2017",0,59.0,West,119000.0,2017-04-30
860,51.0,East,47800.0,78,"December 01, 2019",1,51.0,East,47800.0,2019-12-01
4047,40.0,North,40400.0,63,"March 31, 2019",1,40.0,North,40400.0,2019-03-31
5314,40.0,East,98400.0,105,19-May-2019,0,40.0,East,98400.0,2019-05-19
8316,48.0,east,35800.0,5,28-Oct-2019,1,48.0,East,35800.0,2019-10-28
1904,40.0,east,21000.0,7,2019-10-08,1,40.0,East,21000.0,2019-10-08
6053,26.0,west,63400.0,34,04/24/2017,1,26.0,West,63400.0,2017-04-24
9292,45.0,South,44500.0,34,07/13/2017,0,45.0,South,44500.0,2017-07-13
6912,34.0,South,43200.0,22,2015-10-23,1,34.0,South,43200.0,2015-10-23
5832,45.0,North,22500.0,25,"July 19, 2022",1,45.0,North,22500.0,2022-07-19
9435,51.0,east,79400.0,99,06-Sep-2024,1,51.0,East,79400.0,2024-09-06
9766,26.0,East,49300.0,74,2021-08-01,1,26.0,East,49300.0,2021-08-01
11902,43.0,South,32800.0,137,2018-07-20,1,43.0,South,32800.0,2018-07-20
9742,,East,47000.0,38,"May 08, 2022",1,42.02803042831156,East,47000.0,2022-05-08
6921,60.0,E.,45000.0,8,2023-04-12,1,60.0,East,45000.0,2023-04-12
10706,35.0,West,"$29,000",29,"May 29, 2017",1,35.0,West,29000.0,2017-05-29
1471,43.0,NORTH,52200.0,80,,1,43.0,North,52200.0,
8098,35.0,South,32400.0,89,2020-09-21,1,35.0,South,32400.0,2020-09-21
6777,32.0,north,29100.0,45,"April 13, 2016",1,32.0,North,29100.0,2016-04-13
4950,53.0,South,33000.0,10,"June 14, 2024",1,53.0,South,33000.0,2024-06-14
7780,47.0,South,42200.0,153,11/06/2021,1,47.0,South,42200.0,2021-11-06
9534,18.0,WEST,36100.0,56,"March 06, 2020",0,18.0,West,36100.0,2020-03-06
5826,49.0,South,104600.0,12,"February 14, 2016",1,49.0,South,104600.0,2016-02-14
5951,18.0,E.,125000.0,47,28-Aug-2017,1,18.0,East,125000.0,2017-08-28
10124,52.0,North,48700.0,10,"June 03, 2022",0,52.0,North,48700.0,2022-06-03
2464,27.0,East,"$69,200",18,2015-03-22,0,27.0,East,69200.0,2015-03-22
3565,60.0,East,"$23,800",36,2015-11-18,0,60.0,East,23800.0,2015-11-18
7318,40.0,South,"$66,700",13,09-Nov-2022,1,40.0,South,66700.0,2022-11-09
10808,37.0,South,39500.0,61,2017-11-14,1,37.0,South,39500.0,2017-11-14
6617,43.0,North,95000.0,44,"January 28, 2024",1,43.0,North,95000.0,2024-01-28
11917,37.0,South,"$110,400",35,15-Aug-2023,1,37.0,South,110400.0,2023-08-15
10104,20.0,West,20600.0,13,11-Jan-2021,1,20.0,West,20600.0,2021-01-11
9382,49.0,S.,"$32,300",69,"January 05, 2022",1,49.0,South,32300.0,2022-01-05
4125,52.0,North,36700.0,43,05/24/2017,1,52.0,North,36700.0,2017-05-24
11738,56.0,East,31700.0,12,31-Jul-2019,1,56.0,East,31700.0,2019-07-31
11434,57.0,North,23100.0,55,11-Sep-2017,1,57.0,North,23100.0,2017-09-11
99,47.0,,79200.0,44,2015-04-18,1,47.0,Unknown,79200.0,2015-04-18
11995,37.0,East,47700.0,35,03-Mar-2019,1,37.0,East,47700.0,2019-03-03
9756,64.0,east,96200.0,30,20-Feb-2015,1,64.0,East,96200.0,2015-02-20
3803,39.0,South,56700.0,110,2018-05-22,1,39.0,South,56700.0,2018-05-22
7958,46.0,West,66700.0,74,10-Nov-2019,1,46.0,West,66700.0,2019-11-10
2859,38.0,West,57600.0,28,"June 01, 2020",1,38.0,West,57600.0,2020-06-01
8068,28.0,north,86200.0,8,02/12/2015,1,28.0,North,86200.0,2015-02-12
5666,41.0,East,67800.0,16,22-Nov-2017,1,41.0,East,67800.0,2017-11-22
4282,18.0,W. ,48400.0,47,21-Jan-2018,1,18.0,West,48400.0,2018-01-21
2482,31.0,East,36400.0,39,25-Jun-2019,1,31.0,East,36400.0,2019-06-25
8798,57.0,East,"$71,700",20,2024-04-02,0,57.0,East,71700.0,2024-04-02
3698,40.0,East,51300.0,35,09/02/2020,0,40.0,East,51300.0,2020-09-02
11317,18.0,W. ,35400.0,23,"November 24, 2018",1,18.0,West,35400.0,2018-11-24
3981,46.0,East,58700.0,19,09/15/2020,1,46.0,East,58700.0,2020-09-15
11274,35.0,East,36700.0,23,04/04/2022,1,35.0,East,36700.0,2022-04-04
9087,35.0,East,52900.0,21,2016-09-14,1,35.0,East,52900.0,2016-09-14
383,21.0,North,53300.0,6,2023-12-19,1,21.0,North,53300.0,2023-12-19
10319,51.0,North,"$76,300",60,"May 06, 2019",0,51.0,North,76300.0,2019-05-06
6256,54.0,east,123400.0,9,16-Apr-2016,1,54.0,East,123400.0,2016-04-16
5045,18.0,North,49100.0,23,"August 28, 2017",1,18.0,North,49100.0,2017-08-28
10839,47.0,West,63200.0,85,24-Oct-2018,1,47.0,West,63200.0,2018-10-24
5801,36.0,West,61800.0,25,14-Mar-2016,0,36.0,West,61800.0,2016-03-14
8680,45.0,West,24800.0,52,05/08/2016,0,45.0,West,24800.0,2016-05-08
8471,47.0,West,41000.0,40,06-Jul-2016,1,47.0,West,41000.0,2016-07-06
3087,27.0,South,66400.0,57,"July 11, 2017",0,27.0,South,66400.0,2017-07-11
4820,24.0,South,22800.0,10,27-Dec-2021,0,24.0,South,22800.0,2021-12-27
8966,55.0,North,22900.0,5,12-Jun-2021,1,55.0,North,22900.0,2021-06-12
6529,59.0,East,46800.0,4,17-Aug-2021,0,59.0,East,46800.0,2021-08-17
2857,41.0,East,43400.0,21,2019-12-11,1,41.0,East,43400.0,2019-12-11
8358,,West,49200.0,32,07-May-2015,1,42.02803042831156,West,49200.0,2015-05-07
526,36.0,West,"$46,300",43,10-Dec-2016,1,36.0,West,46300.0,2016-12-10
5740,,east,105300.0,66,"March 25, 2020",1,42.02803042831156,East,105300.0,2020-03-25
10106,18.0,North,30600.0,15,11/29/2016,1,18.0,North,30600.0,2016-11-29
182,45.0,West,23500.0,67,06-Jan-2020,0,45.0,West,23500.0,2020-01-06
9746,,NORTH,38300.0,27,11/15/2023,1,42.02803042831156,North,38300.0,2023-11-15
5571,53.0,West,"$91,300",5,"March 04, 2020",1,53.0,West,91300.0,2020-03-04
9897,40.0,South,48400.0,37,2024-05-19,1,40.0,South,48400.0,2024-05-19
8140,62.0,East,40000.0,20,20-Mar-2020,0,62.0,East,40000.0,2020-03-20
9102,48.0,South,"$44,900",12,"May 07, 2017",1,48.0,South,44900.0,2017-05-07
312,48.0,north,59200.0,39,27-Feb-2018,1,48.0,North,59200.0,2018-02-27
3900,46.0,East,53000.0,1,08/26/2018,0,46.0,East,53000.0,2018-08-26
4302,56.0,North,80400.0,35,2015-09-15,1,56.0,North,80400.0,2015-09-15
2444,52.0,NORTH,95900.0,13,01/30/2021,1,52.0,North,95900.0,2021-01-30
4846,53.0,East,108400.0,16,12/07/2021,1,53.0,East,108400.0,2021-12-07
8649,36.0,North,45200.0,109,2021-10-20,1,36.0,North,45200.0,2021-10-20
10902,54.0,West,21600.0,7,07/07/2022,1,54.0,West,21600.0,2022-07-07
2985,25.0,East,41600.0,58,08/18/2016,1,25.0,East,41600.0,2016-08-18
4142,85.0,South,66300.0,19,22-Jul-2023,0,85.0,South,66300.0,2023-07-22
9373,39.0,East,46900.0,92,05/01/2019,0,39.0,East,46900.0,2019-05-01
9537,40.0,East,32600.0,67,"March 20, 2022",1,40.0,East,32600.0,2022-03-20
11061,28.0,SOUTH,34300.0,19,2016-03-20,1,28.0,South,34300.0,2016-03-20
5001,39.0,WEST,62000.0,66,02/07/2024,1,39.0,West,62000.0,2024-02-07
8772,54.0,East,82400.0,48,2022-01-19,0,54.0,East,82400.0,2022-01-19
6349,50.0,S.,56900.0,64,2019-09-18,1,50.0,South,56900.0,2019-09-18
3129,33.0,North,60200.0,63,09/13/2019,0,33.0,North,60200.0,2019-09-13
923,44.0,south ,29600.0,26,2020-03-13,1,44.0,South,29600.0,2020-03-13
8878,24.0,East,38300.0,29,2019-04-25,0,24.0,East,38300.0,2019-04-25
1296,53.0,West,45200.0,8,"January 07, 2024",0,53.0,West,45200.0,2024-01-07
10475,36.0, North,"$64,200",26,"January 26, 2015",0,36.0,North,64200.0,2015-01-26
9326,64.0,,44200.0,16,2020-01-26,0,64.0,Unknown,44200.0,2020-01-26
8386,46.0,East,140100.0,34,"July 12, 2019",1,46.0,East,140100.0,2019-07-12
3816,32.0,North,31300.0,33,10/10/2015,1,32.0,North,31300.0,2015-10-10
7320,38.0,North,41300.0,47,"July 08, 2020",0,38.0,North,41300.0,2020-07-08
289,38.0,East,40900.0,26,"February 16, 2017",1,38.0,East,40900.0,2017-02-16
9515,36.0,West,76400.0,2,"July 21, 2015",1,36.0,West,76400.0,2015-07-21
2121,49.0,E.,25300.0,10,07-Oct-2015,1,49.0,East,25300.0,2015-10-07
4692,,South,89800.0,37,01/14/2020,1,42.02803042831156,South,89800.0,2020-01-14
10269,,West,26900.0,2,"January 06, 2016",1,42.02803042831156,West,26900.0,2016-01-06
6266,27.0, North,"$76,300",9,30-Jan-2022,0,27.0,North,76300.0,2022-01-30
4756,34.0,North,"$28,400",40,"January 21, 2016",1,34.0,North,28400.0,2016-01-21
9451,48.0,North,30900.0,4,04/28/2022,1,48.0,North,30900.0,2022-04-28
3232,62.0,East,32100.0,44,"November 18, 2019",1,62.0,East,32100.0,2019-11-18
11483,47.0,East,61500.0,63,"January 03, 2024",1,47.0,East,61500.0,2024-01-03
11233,18.0,South,53700.0,19,01/19/2015,1,18.0,South,53700.0,2015-01-19
4907,52.0,W. ,21100.0,21,09/20/2022,0,52.0,West,21100.0,2022-09-20
4971,40.0,North,,28,06-Sep-2015,1,40.0,North,49400.0,2015-09-06
6644,28.0,North,85500.0,57,01/23/2023,1,28.0,North,85500.0,2023-01-23
6245,62.0,North,39000.0,39,04/28/2017,1,62.0,North,39000.0,2017-04-28
9857,20.0,South,22800.0,12,08/26/2022,1,20.0,South,22800.0,2022-08-26
2702,28.0,East,64500.0,12,06/11/2024,1,28.0,East,64500.0,2024-06-11
9210,36.0, East ,28800.0,72,2015-02-21,1,36.0,East,28800.0,2015-02-21
2948,47.0,East,28100.0,54,"December 22, 2016",1,47.0,East,28100.0,2016-12-22
3428,49.0,west,106400.0,60,2017-03-07,0,49.0,West,106400.0,2017-03-07
9916,29.0,South,62200.0,123,2022-09-21,1,29.0,South,62200.0,2022-09-21
2446,76.0,East,33700.0,11,03/10/2022,1,76.0,East,33700.0,2022-03-10
4491,65.0,East,"$138,400",26,2023-05-02,1,65.0,East,138400.0,2023-05-02
8754,33.0,North,114000.0,60,28-Feb-2015,1,33.0,North,114000.0,2015-02-28
5687,62.0,North,78000.0,12,2021-09-16,1,62.0,North,78000.0,2021-09-16
6371,50.0,North,"$41,000",39,"January 19, 2019",1,50.0,North,41000.0,2019-01-19
261,39.0,South,64000.0,31,2015-04-30,1,39.0,South,64000.0,2015-04-30
6776,56.0,North,147100.0,90,"March 10, 2021",1,56.0,North,147100.0,2021-03-10
4593,45.0,East,27700.0,89,2021-07-15,1,45.0,East,27700.0,2021-07-15
9148,30.0,east,61000.0,50,14-Feb-2018,1,30.0,East,61000.0,2018-02-14
5544,26.0,East,25200.0,157,01/09/2023,1,26.0,East,25200.0,2023-01-09
5528,45.0,WEST,31000.0,23,08/03/2020,1,45.0,West,31000.0,2020-08-03
11022,42.0,South,34900.0,54,2022-10-05,0,42.0,South,34900.0,2022-10-05
6749,42.0,East,111500.0,20,"June 13, 2019",0,42.0,East,111500.0,2019-06-13
8213,50.0,S.,"$22,800",61,28-Sep-2022,1,50.0,South,22800.0,2022-09-28
8049,56.0,East,,32,"September 19, 2015",1,56.0,East,49400.0,2015-09-19
9859,32.0,West,40300.0,28,2021-02-06,1,32.0,West,40300.0,2021-02-06
11879,38.0,North,33600.0,102,18-Aug-2015,1,38.0,North,33600.0,2015-08-18
349,21.0,East,"$39,300",21,06-Nov-2022,1,21.0,East,39300.0,2022-11-06
474,44.0,North,72200.0,21,06/21/2021,1,44.0,North,72200.0,2021-06-21
4533,65.0,South,43500.0,15,2016-12-02,1,65.0,South,43500.0,2016-12-02
46,45.0,N.,47600.0,47,,1,45.0,North,47600.0,
876,18.0,East,30400.0,69,2021-07-05,1,18.0,East,30400.0,2021-07-05
3401,47.0,West,97500.0,41,2023-04-27,1,47.0,West,97500.0,2023-04-27
338,46.0,NORTH,44700.0,19,02/19/2023,1,46.0,North,44700.0,2023-02-19
8989,29.0,East,59600.0,39,03-Aug-2020,1,29.0,East,59600.0,2020-08-03
6115,48.0,South,32200.0,18,2021-09-28,1,48.0,South,32200.0,2021-09-28
954,27.0,South,64100.0,3,"July 03, 2022",1,27.0,South,64100.0,2022-07-03
1623,52.0,North,"$54,100",14,17-Oct-2020,1,52.0,North,54100.0,2020-10-17
3106,43.0,East,22000.0,10,01/20/2017,1,43.0,East,22000.0,2017-01-20
11530,43.0,West,41200.0,94,24-Dec-2022,1,43.0,West,41200.0,2022-12-24
5634,54.0,East,55100.0,23,"June 06, 2022",0,54.0,East,55100.0,2022-06-06
3715,32.0,E.,50300.0,27,09-Oct-2018,1,32.0,East,50300.0,2018-10-09
6598,40.0,West,35800.0,10,"December 28, 2023",0,40.0,West,35800.0,2023-12-28
8556,29.0,N.,27900.0,91,2019-12-29,1,29.0,North,27900.0,2019-12-29
5855,31.0,WEST,49200.0,23,10/05/2021,1,31.0,West,49200.0,2021-10-05
1841,34.0,North,105800.0,52,05/08/2020,1,34.0,North,105800.0,2020-05-08
8120,52.0,SOUTH,"$15,000",27,2020-06-08,1,52.0,South,15000.0,2020-06-08
10005,53.0,West,39600.0,6,04/08/2020,1,53.0,West,39600.0,2020-04-08
1648,,North,85500.0,34,2015-01-28,0,42.02803042831156,North,85500.0,2015-01-28
2780,29.0,north,36100.0,66,05/12/2019,0,29.0,North,36100.0,2019-05-12
7690,32.0,South,"$32,200",77,2023-11-15,1,32.0,South,32200.0,2023-11-15
4909,35.0,North,"$43,700",47,2015-04-02,1,35.0,North,43700.0,2015-04-02
2658,30.0,North,43100.0,39,2021-10-03,1,30.0,North,43100.0,2021-10-03
6732,41.0,East,83900.0,14,04/17/2017,1,41.0,East,83900.0,2017-04-17
900,22.0,North,44700.0,34,07-Jan-2016,1,22.0,North,44700.0,2016-01-07
6321,24.0,North,41000.0,48,"June 26, 2018",0,24.0,North,41000.0,2018-06-26
8177,33.0,East,50300.0,11,08-Sep-2015,1,33.0,East,50300.0,2015-09-08
1525,36.0,North,39000.0,71,"May 03, 2015",1,36.0,North,39000.0,2015-05-03
1858,56.0,North,"$25,200",3,2018-12-25,1,56.0,North,25200.0,2018-12-25
7386,40.0,,47400.0,35,10-Feb-2018,0,40.0,Unknown,47400.0,2018-02-10
6030,18.0,East,40600.0,40,2021-10-05,1,18.0,East,40600.0,2021-10-05
907,39.0,West,66500.0,32,2024-04-11,0,39.0,West,66500.0,2024-04-11
7702,39.0,West,69500.0,1,2022-12-24,1,39.0,West,69500.0,2022-12-24
872,29.0,SOUTH,126300.0,18,2023-10-25,0,29.0,South,126300.0,2023-10-25
4520,19.0,,92400.0,44,2022-07-08,1,19.0,Unknown,92400.0,2022-07-08
6159,29.0,South,,80,09/25/2015,1,29.0,South,49400.0,2015-09-25
5177,70.0,SOUTH,52000.0,26,,1,70.0,South,52000.0,
9093,56.0,West,87500.0,20,"June 10, 2022",1,56.0,West,87500.0,2022-06-10
3260,38.0,NORTH,45000.0,37,2024-10-09,1,38.0,North,45000.0,2024-10-09
9358,26.0,E.,"$44,000",22,09/08/2016,1,26.0,East,44000.0,2016-09-08
5441,42.0,East,42100.0,30,28-Jul-2017,1,42.0,East,42100.0,2017-07-28
9500,28.0,N.,98500.0,48,2022-02-25,1,28.0,North,98500.0,2022-02-25
3983,37.0,South,67700.0,67,04-Jul-2023,1,37.0,South,67700.0,2023-07-04
5750,40.0,WEST,39100.0,33,2021-11-16,0,40.0,West,39100.0,2021-11-16
7573,35.0,South,49700.0,60,2017-12-30,1,35.0,South,49700.0,2017-12-30
11137,24.0,North,"$47,300",32,"December 02, 2015",1,24.0,North,47300.0,2015-12-02
1411,37.0, East ,79400.0,84,2024-10-25,1,37.0,East,79400.0,2024-10-25
5370,65.0,east,"$25,900",25,08/30/2020,1,65.0,East,25900.0,2020-08-30
4761,44.0,West,39000.0,20,2015-03-12,1,44.0,West,39000.0,2015-03-12
1104,49.0,West,49700.0,11,"March 25, 2021",1,49.0,West,49700.0,2021-03-25
10876,37.0,NORTH,48700.0,18,31-Mar-2022,0,37.0,North,48700.0,2022-03-31
11504,31.0,South,26200.0,9,07/29/2015,0,31.0,South,26200.0,2015-07-29
5960,,North,56800.0,23,12/16/2016,1,42.02803042831156,North,56800.0,2016-12-16
4196,31.0,east,"$60,000",44,09/15/2015,1,31.0,East,60000.0,2015-09-15
4710,49.0,south ,70300.0,22,18-Oct-2015,1,49.0,South,70300.0,2015-10-18
5090,68.0,South,33500.0,27,02/23/2024,1,68.0,South,33500.0,2024-02-23
8793,55.0,West,56300.0,30,04-Jul-2017,0,55.0,West,56300.0,2017-07-04
5399,19.0,NORTH,"$96,700",38,06/20/2023,1,19.0,North,96700.0,2023-06-20
7757,49.0,West,61000.0,21,02/17/2016,1,49.0,West,61000.0,2016-02-17
4061,45.0,South,22000.0,3,"February 02, 2024",1,45.0,South,22000.0,2024-02-02
5333,46.0,West,69300.0,29,"June 24, 2022",1,46.0,West,69300.0,2022-06-24
6434,62.0, North,53700.0,22,11/14/2020,1,62.0,North,53700.0,2020-11-14
4587,49.0,SOUTH,34300.0,29,"June 05, 2020",0,49.0,South,34300.0,2020-06-05
10171,41.0,NORTH,"$124,100",42,"April 08, 2017",0,41.0,North,124100.0,2017-04-08
6156,,West,"$36,300",60,13-Jul-2015,0,42.02803042831156,West,36300.0,2015-07-13
1675,39.0,South,142400.0,26,2017-09-28,1,39.0,South,142400.0,2017-09-28
9393,22.0,SOUTH,54200.0,31,,1,22.0,South,54200.0,
4521,28.0,West,145100.0,15,03/01/2015,1,28.0,West,145100.0,2015-03-01
9469,32.0,West,40700.0,81,14-Dec-2024,0,32.0,West,40700.0,2024-12-14
9125,29.0,East,55400.0,50,"September 08, 2023",1,29.0,East,55400.0,2023-09-08
3869,46.0,East,38600.0,72,11/03/2019,1,46.0,East,38600.0,2019-11-03
9588,41.0,South,"$56,400",6,20-Jan-2021,1,41.0,South,56400.0,2021-01-20
7689,45.0,NORTH,44800.0,40,2024-12-11,1,45.0,North,44800.0,2024-12-11
8357,18.0,North,"$35,800",70,2015-06-16,1,18.0,North,35800.0,2015-06-16
11201,37.0,South,36000.0,17,"May 24, 2022",0,37.0,South,36000.0,2022-05-24
9934,48.0,South,168200.0,25,21-Oct-2020,0,48.0,South,168200.0,2020-10-21
1528,40.0,WEST,115100.0,72,2016-06-30,1,40.0,West,115100.0,2016-06-30
1155,51.0,North,73300.0,42,"November 27, 2022",1,51.0,North,73300.0,2022-11-27
10132,41.0,north,45200.0,26,"February 02, 2019",1,41.0,North,45200.0,2019-02-02
11867,55.0,West,57600.0,38,"May 29, 2021",1,55.0,West,57600.0,2021-05-29
3024,32.0,South,"$44,000",85,05/20/2024,1,32.0,South,44000.0,2024-05-20
3408,64.0,SOUTH,"$54,000",80,"November 28, 2019",1,64.0,South,54000.0,2019-11-28
5462,40.0,North,56300.0,11,07/05/2024,0,40.0,North,56300.0,2024-07-05
9086,46.0,N.,95400.0,13,2023-05-27,1,46.0,North,95400.0,2023-05-27
6680,65.0,West,64000.0,17,"July 22, 2022",0,65.0,West,64000.0,2022-07-22
2864,82.0,East,,40,"August 19, 2023",1,82.0,East,49400.0,2023-08-19
10251,33.0,North,18700.0,31,"May 17, 2022",0,33.0,North,18700.0,2022-05-17
5356,53.0,North,87800.0,55,09/26/2024,1,53.0,North,87800.0,2024-09-26
5838,32.0,East,22300.0,10,2024-07-16,1,32.0,East,22300.0,2024-07-16
1126,38.0,North,52800.0,12,"March 09, 2020",1,38.0,North,52800.0,2020-03-09
2796,51.0,South,35800.0,17,"May 22, 2021",0,51.0,South,35800.0,2021-05-22
3517,48.0,West,"$45,800",72,2024-09-11,1,48.0,West,45800.0,2024-09-11
2886,46.0,North,82700.0,17,"June 19, 2022",1,46.0,North,82700.0,2022-06-19
3370,44.0,east,"$43,400",86,09/27/2024,0,44.0,East,43400.0,2024-09-27
9425,999.0,East,58300.0,17,"October 17, 2021",1,42.02803042831156,East,58300.0,2021-10-17
8168,27.0,East,"$35,000",84,02-Nov-2015,1,27.0,East,35000.0,2015-11-02
1894,18.0,North,34800.0,64,"October 28, 2016",1,18.0,North,34800.0,2016-10-28
9480,52.0,West,210900.0,28,2017-09-26,1,52.0,West,210900.0,2017-09-26
8420,48.0,East,27100.0,31,08/13/2015,0,48.0,East,27100.0,2015-08-13
11019,57.0,West,191000.0,68,09-Jun-2023,0,57.0,West,191000.0,2023-06-09
5309,60.0,South,46300.0,28,"December 26, 2019",1,60.0,South,46300.0,2019-12-26
277,32.0,South,36500.0,82,07/13/2022,1,32.0,South,36500.0,2022-07-13
3829,45.0,,65000.0,79,"March 27, 2020",1,45.0,Unknown,65000.0,2020-03-27
11888,31.0,West,"$44,100",56,11/13/2016,1,31.0,West,44100.0,2016-11-13
9845,33.0,South,34100.0,16,08-Jun-2015,1,33.0,South,34100.0,2015-06-08
6506,55.0,North,22000.0,16,2021-09-05,0,55.0,North,22000.0,2021-09-05
7900,69.0,north,"$201,000",51,01/01/2019,1,69.0,North,201000.0,2019-01-01
203,43.0,South,120500.0,17,2023-12-16,1,43.0,South,120500.0,2023-12-16
10436,33.0,West,63100.0,17,"April 09, 2019",1,33.0,West,63100.0,2019-04-09
9630,66.0,North,57800.0,59,2023-01-11,1,66.0,North,57800.0,2023-01-11
11081,48.0,E.,62800.0,65,2020-05-10,1,48.0,East,62800.0,2020-05-10
5387,26.0,South,59100.0,47,2023-03-08,1,26.0,South,59100.0,2023-03-08
5729,57.0,south ,56300.0,32,27-Oct-2016,1,57.0,South,56300.0,2016-10-27
8674,57.0,East,54400.0,5,2024-08-15,1,57.0,East,54400.0,2024-08-15
120,39.0,North,56600.0,1,"June 18, 2020",1,39.0,North,56600.0,2020-06-18
8124,32.0,South,20800.0,131,"April 04, 2023",1,32.0,South,20800.0,2023-04-04
7636,41.0,West,49300.0,12,2023-02-18,0,41.0,West,49300.0,2023-02-18
9761,55.0, North,42500.0,37,09/10/2016,1,55.0,North,42500.0,2016-09-10
3375,42.0,East,"$109,100",25,04/16/2018,1,42.0,East,109100.0,2018-04-16
2233,25.0,North,72700.0,46,"December 27, 2016",1,25.0,North,72700.0,2016-12-27
6257,27.0,South,65400.0,17,2024-01-09,1,27.0,South,65400.0,2024-01-09
6339,58.0,W. ,20500.0,7,"August 09, 2016",1,58.0,West,20500.0,2016-08-09
4511,39.0,East,,65,"October 30, 2022",0,39.0,East,49400.0,2022-10-30
8081,32.0,West,"$19,100",41,2019-03-31,1,32.0,West,19100.0,2019-03-31
4407,35.0,E.,43500.0,24,21-Oct-2024,0,35.0,East,43500.0,2024-10-21
10180,,West,"$52,000",38,02-May-2022,1,42.02803042831156,West,52000.0,2022-05-02
11865,50.0, North,64900.0,66,01/27/2019,1,50.0,North,64900.0,2019-01-27
1330,52.0,WEST,29000.0,27,05/27/2019,1,52.0,West,29000.0,2019-05-27
11502,48.0,South,45200.0,46,11-Aug-2020,1,48.0,South,45200.0,2020-08-11
8827,45.0,East,46900.0,49,29-Feb-2024,1,45.0,East,46900.0,2024-02-29
6411,65.0,East,64100.0,22,2022-10-12,1,65.0,East,64100.0,2022-10-12
10402,28.0,South,"$48,300",47,"July 28, 2024",1,28.0,South,48300.0,2024-07-28
2540,50.0,North,30200.0,43,09-Apr-2021,0,50.0,North,30200.0,2021-04-09
5396,50.0,West,50500.0,73,27-Jan-2023,1,50.0,West,50500.0,2023-01-27
2228,50.0,South,93500.0,11,2023-06-07,1,50.0,South,93500.0,2023-06-07
4494,29.0,North,21800.0,65,2024-01-05,1,29.0,North,21800.0,2024-01-05
925,40.0,East,"$36,600",18,2016-07-02,1,40.0,East,36600.0,2016-07-02
3017,34.0,South,81300.0,36,2019-07-27,1,34.0,South,81300.0,2019-07-27
5091,46.0,N.,91200.0,67,08/13/2019,1,46.0,North,91200.0,2019-08-13
6184,37.0, North,74600.0,15,03/17/2022,1,37.0,North,74600.0,2022-03-17
3918,34.0,west,55400.0,47,2023-09-21,1,34.0,West,55400.0,2023-09-21
2148,54.0,West,19800.0,38,"March 22, 2020",0,54.0,West,19800.0,2020-03-22
605,34.0,North,41400.0,17,2021-08-02,0,34.0,North,41400.0,2021-08-02
1025,18.0,West,"$46,400",29,"October 23, 2016",1,18.0,West,46400.0,2016-10-23
7527,36.0,South,20500.0,45,"August 03, 2023",0,36.0,South,20500.0,2023-08-03
4265,33.0,East,91600.0,20,"April 16, 2018",1,33.0,East,91600.0,2018-04-16
8499,61.0,South,48000.0,26,2016-09-09,1,61.0,South,48000.0,2016-09-09
6923,39.0,North,"$63,200",25,"October 26, 2022",0,39.0,North,63200.0,2022-10-26
3749,33.0,West,64300.0,106,"March 13, 2023",1,33.0,West,64300.0,2023-03-13
6181,42.0,west,37600.0,55,"August 17, 2018",1,42.0,West,37600.0,2018-08-17
3324,52.0,,91000.0,125,07/08/2024,0,52.0,Unknown,91000.0,2024-07-08
4365,18.0,South,155000.0,23,06/06/2020,0,18.0,South,155000.0,2020-06-06
1520,18.0,West,106900.0,91,10/03/2017,1,18.0,West,106900.0,2017-10-03
292,44.0,West,72800.0,48,03/13/2024,0,44.0,West,72800.0,2024-03-13
9236,42.0,North,47600.0,40,"January 21, 2021",1,42.0,North,47600.0,2021-01-21
9879,30.0,,51700.0,38,"January 13, 2016",1,30.0,Unknown,51700.0,2016-01-13
4968,28.0,West,24200.0,27,09/15/2017,1,28.0,West,24200.0,2017-09-15
3089,44.0,west,33500.0,24,04/14/2019,1,44.0,West,33500.0,2019-04-14
7953,42.0,East,75900.0,30,2016-03-12,1,42.0,East,75900.0,2016-03-12
4070,18.0,South,32900.0,89,30-Aug-2017,1,18.0,South,32900.0,2017-08-30
10686,51.0,East,45800.0,28,2023-01-05,0,51.0,East,45800.0,2023-01-05
6585,40.0,NORTH,"$33,400",59,09/03/2020,1,40.0,North,33400.0,2020-09-03
3355,38.0,North,33500.0,37,02/21/2019,0,38.0,North,33500.0,2019-02-21
2785,47.0,South,80100.0,31,29-Nov-2016,1,47.0,South,80100.0,2016-11-29
400,,West,51300.0,20,13-Apr-2020,0,42.02803042831156,West,51300.0,2020-04-13
9624,48.0,E.,76600.0,39,"February 28, 2021",1,48.0,East,76600.0,2021-02-28
9927,37.0,north,67900.0,24,2024-06-22,0,37.0,North,67900.0,2024-06-22
4848,50.0,South,30900.0,78,10/14/2020,1,50.0,South,30900.0,2020-10-14
4438,53.0,North,40300.0,89,12/14/2024,1,53.0,North,40300.0,2024-12-14
1127,65.0,WEST,52700.0,22,"September 10, 2016",1,65.0,West,52700.0,2016-09-10
7172,41.0, North,"$47,300",4,05-Jul-2018,0,41.0,North,47300.0,2018-07-05
10785,55.0,N.,"$36,400",5,21-Mar-2015,1,55.0,North,36400.0,2015-03-21
3374,34.0,North,38700.0,21,2024-04-06,1,34.0,North,38700.0,2024-04-06
9052,38.0,East,35000.0,12,"April 24, 2016",1,38.0,East,35000.0,2016-04-24
11124,33.0,West,93100.0,18,01/29/2018,0,33.0,West,93100.0,2018-01-29
9901,25.0,North,35600.0,88,"August 20, 2017",0,25.0,North,35600.0,2017-08-20
3358,35.0,West,37200.0,53,21-Jul-2016,0,35.0,West,37200.0,2016-07-21
1672,21.0,WEST,64100.0,30,"June 21, 2020",0,21.0,West,64100.0,2020-06-21
1306,18.0,North,"$55,100",7,31-Oct-2024,1,18.0,North,55100.0,2024-10-31
4545,49.0,North,"$30,400",91,06-Mar-2019,1,49.0,North,30400.0,2019-03-06
10551,30.0,East,"$38,700",15,2023-07-06,0,30.0,East,38700.0,2023-07-06
3721,43.0,South,"$61,700",27,12/28/2018,0,43.0,South,61700.0,2018-12-28
3494,45.0,SOUTH,28100.0,13,"May 14, 2020",1,45.0,South,28100.0,2020-05-14
6117,25.0,North,143100.0,94,"February 28, 2021",1,25.0,North,143100.0,2021-02-28
7405,78.0,South,32200.0,43,"February 15, 2024",0,78.0,South,32200.0,2024-02-15
6515,18.0,West,18700.0,11,2017-03-03,1,18.0,West,18700.0,2017-03-03
6687,,East,"$80,800",30,03/25/2020,1,42.02803042831156,East,80800.0,2020-03-25
9982,58.0,West,41000.0,55,02/24/2015,0,58.0,West,41000.0,2015-02-24
5602,59.0,South,68900.0,6,"June 28, 2021",0,59.0,South,68900.0,2021-06-28
9730,72.0,West,23700.0,89,16-May-2018,1,72.0,West,23700.0,2018-05-16
617,51.0,North,"$110,300",13,08/10/2017,1,51.0,North,110300.0,2017-08-10
8979,18.0, East ,61900.0,34,"August 07, 2022",0,18.0,East,61900.0,2022-08-07
7183,36.0,E.,50500.0,86,18-Feb-2017,1,36.0,East,50500.0,2017-02-18
2082,47.0,North,29900.0,17,27-Nov-2019,1,47.0,North,29900.0,2019-11-27
677,73.0,South,81900.0,37,12/29/2021,1,73.0,South,81900.0,2021-12-29
6845,38.0,East,86700.0,15,"November 27, 2018",1,38.0,East,86700.0,2018-11-27
11617,56.0,North,59600.0,19,07/28/2021,0,56.0,North,59600.0,2021-07-28
9669,50.0,West,18200.0,26,2019-05-25,1,50.0,West,18200.0,2019-05-25
5758,40.0,S.,45300.0,34,01/07/2015,1,40.0,South,45300.0,2015-01-07
5015,47.0,south ,70200.0,22,05/20/2023,1,47.0,South,70200.0,2023-05-20
11748,21.0,North,32400.0,71,"May 30, 2018",1,21.0,North,32400.0,2018-05-30
4195,59.0,North,37700.0,6,"September 27, 2023",1,59.0,North,37700.0,2023-09-27
1235,46.0,East,64500.0,38,24-Oct-2020,1,46.0,East,64500.0,2020-10-24
2810,24.0,S.,55900.0,44,12-Dec-2018,0,24.0,South,55900.0,2018-12-12
5156,31.0,South,35100.0,18,03/24/2020,1,31.0,South,35100.0,2020-03-24
7909,27.0,NORTH,187000.0,17,10-Nov-2024,0,27.0,North,187000.0,2024-11-10
7210,43.0,East,51500.0,33,01/14/2015,0,43.0,East,51500.0,2015-01-14
9333,44.0,North,67700.0,29,"September 17, 2016",1,44.0,North,67700.0,2016-09-17
1274,47.0,South,174400.0,50,03/09/2021,1,47.0,South,174400.0,2021-03-09
9974,18.0,East,46700.0,14,12/31/2018,1,18.0,East,46700.0,2018-12-31
1976,52.0,East,18500.0,14,06/13/2019,1,52.0,East,18500.0,2019-06-13
3383,66.0,W. ,58000.0,30,11/30/2021,1,66.0,West,58000.0,2021-11-30
2647,63.0,S.,43100.0,62,"February 03, 2021",1,63.0,South,43100.0,2021-02-03
5307,44.0,North,51300.0,39,03/25/2022,1,44.0,North,51300.0,2022-03-25
3957,32.0,East,"$66,900",59,19-Dec-2023,1,32.0,East,66900.0,2023-12-19
8233,45.0,West,25400.0,60,"December 20, 2023",1,45.0,West,25400.0,2023-12-20
4840,,South,23200.0,79,12/12/2023,1,42.02803042831156,South,23200.0,2023-12-12
7777,75.0,west,74400.0,43,15-Jun-2017,0,75.0,West,74400.0,2017-06-15
4112,49.0,North,57500.0,26,04/10/2015,1,49.0,North,57500.0,2015-04-10
4704,45.0,east,86600.0,43,21-Jun-2024,1,45.0,East,86600.0,2024-06-21
553,46.0,West,"$63,900",37,"August 13, 2022",0,46.0,West,63900.0,2022-08-13
4204,70.0,North,93000.0,22,"November 07, 2022",1,70.0,North,93000.0,2022-11-07
9928,59.0,South,"$48,800",24,2017-04-20,1,59.0,South,48800.0,2017-04-20
1590,36.0,North,32600.0,29,"January 06, 2022",1,36.0,North,32600.0,2022-01-06
6550,30.0,NORTH,36400.0,2,01-Mar-2015,1,30.0,North,36400.0,2015-03-01
11905,,South,79500.0,11,03-Apr-2019,0,42.02803042831156,South,79500.0,2019-04-03
567,40.0,East,23800.0,45,21-Oct-2023,0,40.0,East,23800.0,2023-10-21
407,40.0,West,48500.0,37,10-Sep-2024,1,40.0,West,48500.0,2024-09-10
5858,42.0,West,19800.0,44,2024-12-12,1,42.0,West,19800.0,2024-12-12
5024,28.0,,79300.0,33,04/08/2019,0,28.0,Unknown,79300.0,2019-04-08
11286,27.0,West,53900.0,28,2015-05-31,1,27.0,West,53900.0,2015-05-31
1105,28.0,East,64500.0,64,"June 06, 2018",1,28.0,East,64500.0,2018-06-06
11196,35.0,North,"$60,900",49,03-Jan-2018,1,35.0,North,60900.0,2018-01-03
6719,18.0,South,71400.0,41,"March 26, 2018",1,18.0,South,71400.0,2018-03-26
10143,45.0,south ,"$59,300",6,"March 22, 2021",1,45.0,South,59300.0,2021-03-22
10477,25.0,South,41200.0,49,24-Jan-2016,1,25.0,South,41200.0,2016-01-24
4985,23.0, North,33100.0,27,09/04/2022,0,23.0,North,33100.0,2022-09-04
9867,18.0,North,29800.0,22,30-Apr-2015,0,18.0,North,29800.0,2015-04-30
8317,48.0,North,38200.0,18,06/29/2015,1,48.0,North,38200.0,2015-06-29
7472,47.0,S.,31500.0,81,"January 03, 2018",0,47.0,South,31500.0,2018-01-03
11509,34.0,South,127300.0,21,2015-12-21,1,34.0,South,127300.0,2015-12-21
5032,53.0,North,45400.0,49,2021-02-15,1,53.0,North,45400.0,2021-02-15
10567,,South,74900.0,111,07/30/2015,1,42.02803042831156,South,74900.0,2015-07-30
568,34.0, East ,"$50,900",24,12/01/2015,0,34.0,East,50900.0,2015-12-01
1823,58.0,North,"$35,800",40,11/12/2024,1,58.0,North,35800.0,2024-11-12
3439,38.0,S.,44300.0,54,2024-11-20,1,38.0,South,44300.0,2024-11-20
11960,44.0,East,46200.0,4,18-Jul-2019,1,44.0,East,46200.0,2019-07-18
5288,32.0,West,60100.0,9,2023-12-10,1,32.0,West,60100.0,2023-12-10
9977,40.0,East,29300.0,27,2020-08-25,1,40.0,East,29300.0,2020-08-25
11344,43.0, East ,22900.0,18,05/15/2020,0,43.0,East,22900.0,2020-05-15
2604,45.0,South,47600.0,38,"January 15, 2018",1,45.0,South,47600.0,2018-01-15
5846,52.0,E.,126000.0,12,13-Oct-2019,1,52.0,East,126000.0,2019-10-13
2918,66.0,South,56500.0,40,"May 17, 2018",1,66.0,South,56500.0,2018-05-17
10599,48.0,North,73200.0,11,"July 18, 2015",1,48.0,North,73200.0,2015-07-18
7069,41.0,WEST,26100.0,78,"July 16, 2021",1,41.0,West,26100.0,2021-07-16
536,50.0,east,60700.0,29,"February 17, 2022",1,50.0,East,60700.0,2022-02-17
5591,43.0,East,48900.0,16,04/19/2023,1,43.0,East,48900.0,2023-04-19
5228,38.0,East,"$86,600",29,14-Jan-2019,0,38.0,East,86600.0,2019-01-14
1749,36.0,W. ,48600.0,48,07/27/2024,0,36.0,West,48600.0,2024-07-27
5143,36.0,north,25300.0,30,"April 14, 2021",1,36.0,North,25300.0,2021-04-14
2186,,East,"$108,600",3,06/27/2022,1,42.02803042831156,East,108600.0,2022-06-27
7363,36.0, North,49600.0,65,10/31/2015,1,36.0,North,49600.0,2015-10-31
186,62.0,South,66700.0,41,14-Aug-2015,0,62.0,South,66700.0,2015-08-14
9305,34.0,North,28400.0,66,08-Mar-2016,1,34.0,North,28400.0,2016-03-08
9336,18.0,East,60800.0,34,28-Mar-2019,1,18.0,East,60800.0,2019-03-28
10831,36.0,,40900.0,57,"March 01, 2015",1,36.0,Unknown,40900.0,2015-03-01
8795,44.0,W. ,"$29,600",42,12/25/2021,1,44.0,West,29600.0,2021-12-25
1186,24.0,West,37700.0,34,"October 20, 2019",0,24.0,West,37700.0,2019-10-20
8816,36.0,North,35200.0,41,"April 16, 2016",1,36.0,North,35200.0,2016-04-16
7806,53.0,West,61400.0,48,11/24/2020,0,53.0,West,61400.0,2020-11-24
1798,40.0,West,187200.0,6,31-Jan-2024,1,40.0,West,187200.0,2024-01-31
2506,54.0,East,80600.0,43,2021-09-21,0,54.0,East,80600.0,2021-09-21
7932,21.0,West,114000.0,47,06/27/2017,1,21.0,West,114000.0,2017-06-27
4317,50.0,,40600.0,25,2024-08-31,0,50.0,Unknown,40600.0,2024-08-31
6713,44.0,South,"$97,800",43,2021-07-16,0,44.0,South,97800.0,2021-07-16
7373,24.0,East,"$116,000",94,03-Jun-2018,0,24.0,East,116000.0,2018-06-03
5190,28.0,North,57800.0,24,"November 26, 2022",1,28.0,North,57800.0,2022-11-26
273,41.0,WEST,19600.0,15,03/27/2022,1,41.0,West,19600.0,2022-03-27
6129,59.0,North,"$118,700",16,2019-12-28,0,59.0,North,118700.0,2019-12-28
4773,38.0,West,96500.0,49,"February 25, 2023",1,38.0,West,96500.0,2023-02-25
1573,46.0,east,18900.0,18,28-Jul-2023,1,46.0,East,18900.0,2023-07-28
384,26.0,E.,37600.0,23,2021-08-05,1,26.0,East,37600.0,2021-08-05
7668,33.0,North,39100.0,42,09/21/2017,1,33.0,North,39100.0,2017-09-21
996,47.0,South,84300.0,24,09/03/2023,0,47.0,South,84300.0,2023-09-03
6837,47.0,North,59300.0,36,02/18/2020,1,47.0,North,59300.0,2020-02-18
1502,34.0,West,81800.0,1,02/08/2017,0,34.0,West,81800.0,2017-02-08
6856,42.0,South,30600.0,60,2023-02-03,0,42.0,South,30600.0,2023-02-03
3011,73.0,north,29300.0,59,09/08/2018,1,73.0,North,29300.0,2018-09-08
1956,29.0,East,49200.0,26,19-Apr-2018,1,29.0,East,49200.0,2018-04-19
8368,35.0,west,"$78,300",19,2019-04-21,0,35.0,West,78300.0,2019-04-21
9492,42.0,West,47300.0,101,03/13/2017,1,42.0,West,47300.0,2017-03-13
3507,40.0,East,"$90,100",56,"June 05, 2021",1,40.0,East,90100.0,2021-06-05
2507,62.0,West,61800.0,39,20-May-2018,1,62.0,West,61800.0,2018-05-20
10655,53.0,West,45900.0,17,11/05/2022,1,53.0,West,45900.0,2022-11-05
10157,59.0,South,36800.0,27,"April 26, 2022",0,59.0,South,36800.0,2022-04-26
398,45.0,South,39500.0,68,"March 17, 2024",1,45.0,South,39500.0,2024-03-17
275,62.0,SOUTH,31600.0,51,23-May-2019,0,62.0,South,31600.0,2019-05-23
11399,30.0,East,30800.0,45,2021-08-08,0,30.0,East,30800.0,2021-08-08
6839,60.0,West,37400.0,20,21-Dec-2016,0,60.0,West,37400.0,2016-12-21
9043,27.0, East ,48100.0,28,09-May-2015,0,27.0,East,48100.0,2015-05-09
8240,45.0,North,"$52,800",26,2022-03-11,1,45.0,North,52800.0,2022-03-11
257,48.0,North,37300.0,94,2024-10-09,0,48.0,North,37300.0,2024-10-09
1789,46.0,W. ,"$59,600",30,12/05/2023,0,46.0,West,59600.0,2023-12-05
297,46.0,W. ,34300.0,6,"November 10, 2022",1,46.0,West,34300.0,2022-11-10
8351,45.0, East ,,34,2017-08-23,1,45.0,East,49400.0,2017-08-23
333,33.0,east,53800.0,45,2021-06-18,0,33.0,East,53800.0,2021-06-18
6878,36.0,South,"$39,700",26,06/27/2023,0,36.0,South,39700.0,2023-06-27
6758,26.0,North,88600.0,67,17-Jul-2015,1,26.0,North,88600.0,2015-07-17
10626,63.0,North,29200.0,4,02-Mar-2020,1,63.0,North,29200.0,2020-03-02
11276,61.0,West,"$129,600",30,29-Oct-2022,1,61.0,West,129600.0,2022-10-29
4176,35.0,west,58500.0,126,"October 27, 2019",1,35.0,West,58500.0,2019-10-27
8262,45.0,South,40800.0,22,08/26/2024,1,45.0,South,40800.0,2024-08-26
9637,32.0,NORTH,103800.0,39,11/02/2017,1,32.0,North,103800.0,2017-11-02
9851,47.0,North,79400.0,42,2020-02-10,1,47.0,North,79400.0,2020-02-10
3934,56.0,East,35100.0,29,30-Jun-2016,1,56.0,East,35100.0,2016-06-30
3262,28.0,East,36900.0,13,"June 19, 2022",1,28.0,East,36900.0,2022-06-19
3833,40.0,south ,25400.0,68,2015-02-03,1,40.0,South,25400.0,2015-02-03
1114,39.0,South,"$22,700",23,2016-07-18,0,39.0,South,22700.0,2016-07-18
5776,46.0,East,"$18,900",58,2020-07-03,1,46.0,East,18900.0,2020-07-03
8520,47.0,North,36100.0,17,06/22/2016,0,47.0,North,36100.0,2016-06-22
4660,30.0,East,109700.0,71,"October 25, 2023",1,30.0,East,109700.0,2023-10-25
557,32.0,East,"$40,600",57,09/15/2015,0,32.0,East,40600.0,2015-09-15
5363,67.0,S.,43900.0,79,"September 25, 2019",0,67.0,South,43900.0,2019-09-25
11217,65.0,south ,40200.0,1,"July 24, 2019",1,65.0,South,40200.0,2019-07-24
7507,18.0,South,33200.0,49,18-Feb-2021,1,18.0,South,33200.0,2021-02-18
3145,37.0,NORTH,38500.0,47,"December 04, 2023",1,37.0,North,38500.0,2023-12-04
5330,49.0,North,39300.0,19,2020-12-03,1,49.0,North,39300.0,2020-12-03
2286,47.0,South,41900.0,5,2020-12-23,0,47.0,South,41900.0,2020-12-23
589,45.0,West,72000.0,15,"May 22, 2022",1,45.0,West,72000.0,2022-05-22
1860,24.0,South,81900.0,70,"July 17, 2019",1,24.0,South,81900.0,2019-07-17
11487,28.0,North,33300.0,56,"June 27, 2017",1,28.0,North,33300.0,2017-06-27
695,31.0,North,36700.0,8,02/04/2015,1,31.0,North,36700.0,2015-02-04
10107,44.0,Unknown,51100.0,85,08-Jul-2019,1,44.0,Unknown,51100.0,2019-07-08
5547,64.0,South,82900.0,1,03-Feb-2021,1,64.0,South,82900.0,2021-02-03
2959,44.0,North,47800.0,13,13-Aug-2018,1,44.0,North,47800.0,2018-08-13
290,41.0,North,123500.0,5,"March 31, 2017",1,41.0,North,123500.0,2017-03-31
9352,,North,113400.0,93,08-Jan-2024,1,42.02803042831156,North,113400.0,2024-01-08
11488,46.0,South,76900.0,6,"June 07, 2019",1,46.0,South,76900.0,2019-06-07
2699,47.0,East,82600.0,33,2021-06-02,1,47.0,East,82600.0,2021-06-02
11760,56.0,South,31400.0,59,16-Aug-2019,1,56.0,South,31400.0,2019-08-16
7652,22.0,SOUTH,96200.0,61,"October 17, 2021",1,22.0,South,96200.0,2021-10-17
4515,43.0,east,49500.0,28,04/04/2022,1,43.0,East,49500.0,2022-04-04
5368,66.0,East,"$31,800",48,05/29/2016,1,66.0,East,31800.0,2016-05-29
10633,39.0,SOUTH,39800.0,6,30-Jul-2021,1,39.0,South,39800.0,2021-07-30
6745,49.0,North,"$60,500",41,"August 23, 2022",0,49.0,North,60500.0,2022-08-23
1428,54.0,North,,152,11/07/2017,1,54.0,North,49400.0,2017-11-07
4303,33.0,East,23100.0,14,"July 11, 2017",0,33.0,East,23100.0,2017-07-11
3990,30.0,S.,118300.0,58,28-Jan-2018,0,30.0,South,118300.0,2018-01-28
4799,36.0,South,31600.0,5,2017-11-22,1,36.0,South,31600.0,2017-11-22
2055,47.0,N.,62300.0,50,2016-02-16,1,47.0,North,62300.0,2016-02-16
2572,50.0,South,59700.0,34,2017-05-18,0,50.0,South,59700.0,2017-05-18
8549,43.0,NORTH,35200.0,27,09/03/2020,1,43.0,North,35200.0,2020-09-03
2550,48.0,WEST,130000.0,10,2022-01-24,1,48.0,West,130000.0,2022-01-24
9192,,NORTH,39800.0,22,02/17/2019,1,42.02803042831156,North,39800.0,2019-02-17
11921,43.0,S.,107500.0,59,"December 13, 2021",0,43.0,South,107500.0,2021-12-13
5692,37.0,East,"$36,400",54,08/06/2020,0,37.0,East,36400.0,2020-08-06
2047,51.0,South,43100.0,23,03/06/2018,0,51.0,South,43100.0,2018-03-06
10512,48.0,South,50800.0,51,26-Sep-2020,0,48.0,South,50800.0,2020-09-26
2814,35.0,West,79100.0,52,"January 28, 2022",1,35.0,West,79100.0,2022-01-28
4202,18.0,N.,90100.0,31,08/01/2023,1,18.0,North,90100.0,2023-08-01
1629,47.0,S.,48500.0,83,08/01/2015,0,47.0,South,48500.0,2015-08-01
4659,34.0,South,"$58,200",28,25-Apr-2019,0,34.0,South,58200.0,2019-04-25
4536,47.0,West,25700.0,76,03/04/2019,1,47.0,West,25700.0,2019-03-04
2079,18.0, East ,"$17,100",36,31-Mar-2019,0,18.0,East,17100.0,2019-03-31
5762,49.0,South,66300.0,81,26-Feb-2023,1,49.0,South,66300.0,2023-02-26
5781,38.0,East,32700.0,47,06/12/2023,1,38.0,East,32700.0,2023-06-12
9431,31.0,North,22700.0,12,2024-06-20,1,31.0,North,22700.0,2024-06-20
5892,64.0,North,97400.0,7,11/10/2019,1,64.0,North,97400.0,2019-11-10
3545,39.0,West,46300.0,4,09/15/2015,1,39.0,West,46300.0,2015-09-15
6765,37.0,East,36400.0,67,07-Feb-2017,0,37.0,East,36400.0,2017-02-07
5364,38.0,West,66700.0,28,06/30/2019,0,38.0,West,66700.0,2019-06-30
4171,56.0,East,"$46,100",31,05/27/2016,1,56.0,East,46100.0,2016-05-27
6934,44.0,West,88000.0,7,09-Nov-2024,1,44.0,West,88000.0,2024-11-09
11296,45.0,North,31100.0,23,01-Sep-2022,0,45.0,North,31100.0,2022-09-01
3868,64.0,East,91200.0,11,09/15/2018,1,64.0,East,91200.0,2018-09-15
4245,45.0,East,170900.0,36,"August 19, 2019",1,45.0,East,170900.0,2019-08-19
8245,44.0,,81300.0,35,2023-12-03,1,44.0,Unknown,81300.0,2023-12-03
4883,34.0,South,38700.0,31,10/08/2019,0,34.0,South,38700.0,2019-10-08
10684,51.0,west,29800.0,34,2022-05-19,1,51.0,West,29800.0,2022-05-19
4234,60.0,North,"$41,000",23,"December 16, 2019",1,60.0,North,41000.0,2019-12-16
2135,32.0,West,57400.0,11,21-Oct-2019,1,32.0,West,57400.0,2019-10-21
11787,20.0,SOUTH,"$58,300",63,2024-09-30,1,20.0,South,58300.0,2024-09-30
2589,46.0,South,44700.0,14,"July 31, 2023",0,46.0,South,44700.0,2023-07-31
1006,46.0,North,81500.0,50,05-Aug-2017,1,46.0,North,81500.0,2017-08-05
3208,46.0,South,49000.0,11,17-Oct-2024,1,46.0,South,49000.0,2024-10-17
3293,36.0,SOUTH,46400.0,31,2018-12-06,1,36.0,South,46400.0,2018-12-06
5780,34.0,East,46200.0,33,05/07/2018,1,34.0,East,46200.0,2018-05-07
6014,43.0,South,24400.0,25,06/23/2024,0,43.0,South,24400.0,2024-06-23
3973,45.0,West,56300.0,72,09/28/2022,1,45.0,West,56300.0,2022-09-28
8825,52.0,West,49600.0,69,"December 05, 2018",1,52.0,West,49600.0,2018-12-05
5042,31.0,East,"$49,000",71,"February 23, 2023",1,31.0,East,49000.0,2023-02-23
44,45.0,North,58900.0,8,2024-08-08,0,45.0,North,58900.0,2024-08-08
11327,,WEST,79400.0,143,11/28/2023,1,42.02803042831156,West,79400.0,2023-11-28
4807,68.0,North,"$110,100",52,04/15/2016,1,68.0,North,110100.0,2016-04-15
8329,,West,37000.0,111,2016-07-11,1,42.02803042831156,West,37000.0,2016-07-11
4931,51.0,North,36500.0,115,10-Feb-2015,0,51.0,North,36500.0,2015-02-10
7601,45.0,South,108100.0,19,2024-10-22,1,45.0,South,108100.0,2024-10-22
3738,62.0,South,44700.0,14,10/07/2022,0,62.0,South,44700.0,2022-10-07
7473,34.0,West,82500.0,45,"October 05, 2016",0,34.0,West,82500.0,2016-10-05
9502,32.0,South,196400.0,18,"June 04, 2017",1,32.0,South,196400.0,2017-06-04
5151,63.0,E.,37900.0,33,2020-12-10,1,63.0,East,37900.0,2020-12-10
2160,32.0,E.,49500.0,11,26-Oct-2023,0,32.0,East,49500.0,2023-10-26
4882,46.0,East,56700.0,46,04/20/2021,0,46.0,East,56700.0,2021-04-20
7841,42.0,North,42300.0,10,21-May-2023,1,42.0,North,42300.0,2023-05-21
8936,56.0,East,41900.0,31,23-May-2023,1,56.0,East,41900.0,2023-05-23
7365,41.0,N.,44000.0,21,"May 19, 2015",1,41.0,North,44000.0,2015-05-19
6959,33.0,North,41900.0,27,04/09/2018,1,33.0,North,41900.0,2018-04-09
3611,50.0, East ,"$29,100",8,2020-06-08,1,50.0,East,29100.0,2020-06-08
2821,22.0,South,"$23,300",9,2023-09-28,1,22.0,South,23300.0,2023-09-28
5310,51.0,NORTH,59900.0,17,29-May-2015,1,51.0,North,59900.0,2015-05-29
7041,44.0,E.,"$188,100",106,05-Jun-2022,0,44.0,East,188100.0,2022-06-05
10102,29.0,East,"$60,300",12,"February 26, 2020",1,29.0,East,60300.0,2020-02-26
10702,,West,30600.0,23,09/10/2022,1,42.02803042831156,West,30600.0,2022-09-10
7201,53.0,East,55700.0,40,08/03/2016,1,53.0,East,55700.0,2016-08-03
10494,40.0,WEST,58600.0,57,06/13/2022,0,40.0,West,58600.0,2022-06-13
4992,41.0,N.,"$95,000",19,"November 03, 2023",1,41.0,North,95000.0,2023-11-03
6429,58.0,W. ,63600.0,57,2015-03-09,1,58.0,West,63600.0,2015-03-09
1685,34.0,North,44800.0,75,15-Sep-2023,0,34.0,North,44800.0,2023-09-15
6816,43.0,NORTH,36800.0,26,2019-08-04,0,43.0,North,36800.0,2019-08-04
3058,36.0,North,68800.0,31,2023-03-02,1,36.0,North,68800.0,2023-03-02
1508,41.0,south ,41700.0,56,24-May-2020,0,41.0,South,41700.0,2020-05-24
5949,56.0,South,21000.0,30,2017-04-21,1,56.0,South,21000.0,2017-04-21
6015,31.0,,42600.0,41,2018-06-06,0,31.0,Unknown,42600.0,2018-06-06
11856,42.0,W. ,"$55,300",42,11-Mar-2015,1,42.0,West,55300.0,2015-03-11
4153,47.0, East ,76600.0,12,11/25/2022,1,47.0,East,76600.0,2022-11-25
9144,47.0,south ,15000.0,50,2015-05-12,0,47.0,South,15000.0,2015-05-12
3476,50.0,west,26500.0,10,11-Dec-2022,1,50.0,West,26500.0,2022-12-11
8180,66.0, North,104100.0,57,08/30/2015,1,66.0,North,104100.0,2015-08-30
3672,49.0,East,33300.0,39,2023-07-18,1,49.0,East,33300.0,2023-07-18
9872,45.0,East,54900.0,33,"February 01, 2019",0,45.0,East,54900.0,2019-02-01
2249,41.0,N.,55700.0,22,31-Dec-2016,1,41.0,North,55700.0,2016-12-31
5948,,S.,,63,08-Jun-2015,1,42.02803042831156,South,49400.0,2015-06-08
444,59.0,North,69100.0,38,"November 17, 2015",0,59.0,North,69100.0,2015-11-17
8390,59.0,south ,83700.0,21,23-Aug-2024,0,59.0,South,83700.0,2024-08-23
8447,60.0,W. ,"$46,700",52,22-Mar-2024,0,60.0,West,46700.0,2024-03-22
11121,30.0,North,80400.0,28,2020-04-20,1,30.0,North,80400.0,2020-04-20
7260,,SOUTH,61200.0,56,2021-09-10,1,42.02803042831156,South,61200.0,2021-09-10
6149,18.0,south ,,74,19-May-2024,1,18.0,South,49400.0,2024-05-19
1553,34.0,North,"$77,300",39,02/19/2023,0,34.0,North,77300.0,2023-02-19
9631,52.0,South,79200.0,14,24-Apr-2020,1,52.0,South,79200.0,2020-04-24
1012,61.0,N.,57000.0,38,2021-09-06,0,61.0,North,57000.0,2021-09-06
2695,60.0,East,119500.0,23,10-Feb-2018,0,60.0,East,119500.0,2018-02-10
841,67.0,North,27200.0,10,"February 28, 2018",1,67.0,North,27200.0,2018-02-28
3837,50.0,South,51400.0,32,"October 01, 2021",1,50.0,South,51400.0,2021-10-01
1267,31.0,W. ,24400.0,58,2021-11-28,1,31.0,West,24400.0,2021-11-28
11495,53.0,North,"$87,500",62,2016-07-04,1,53.0,North,87500.0,2016-07-04
7139,85.0, North,43000.0,41,04/25/2018,1,85.0,North,43000.0,2018-04-25
8849,47.0,NORTH,30100.0,21,12/01/2018,1,47.0,North,30100.0,2018-12-01
7807,26.0,South,71000.0,106,"June 03, 2018",1,26.0,South,71000.0,2018-06-03
10855,25.0,North,56700.0,58,"March 25, 2022",1,25.0,North,56700.0,2022-03-25
1048,49.0,East,"$43,400",28,01-May-2016,1,49.0,East,43400.0,2016-05-01
10048,18.0,SOUTH,49700.0,17,"May 19, 2022",1,18.0,South,49700.0,2022-05-19
8048,29.0,East,68800.0,9,"June 11, 2020",1,29.0,East,68800.0,2020-06-11
1621,50.0,East,36200.0,46,2015-01-08,0,50.0,East,36200.0,2015-01-08
9656,18.0,South,39800.0,87,"May 01, 2016",1,18.0,South,39800.0,2016-05-01
11544,58.0,E.,53500.0,15,"September 13, 2019",0,58.0,East,53500.0,2019-09-13
2466,32.0,North,50200.0,14,18-Mar-2020,1,32.0,North,50200.0,2020-03-18
11692,50.0,west,37200.0,39,2020-10-12,0,50.0,West,37200.0,2020-10-12
334,29.0,South,64500.0,11,2019-05-31,1,29.0,South,64500.0,2019-05-31
9827,25.0,NORTH,"$26,200",5,04/08/2023,1,25.0,North,26200.0,2023-04-08
940,53.0,West,22500.0,22,2016-05-03,0,53.0,West,22500.0,2016-05-03
10429,50.0,South,35700.0,49,08/23/2024,1,50.0,South,35700.0,2024-08-23
10738,23.0,North,"$29,800",7,"March 05, 2021",1,23.0,North,29800.0,2021-03-05
7728,61.0,East,75900.0,81,03/10/2022,1,61.0,East,75900.0,2022-03-10
7110,49.0,East,60800.0,18,09/21/2017,0,49.0,East,60800.0,2017-09-21
10266,39.0,South,40000.0,18,2020-04-08,0,39.0,South,40000.0,2020-04-08
33,35.0, North,62500.0,24,2017-05-23,1,35.0,North,62500.0,2017-05-23
1511,43.0, East ,,54,"July 31, 2018",0,43.0,East,49400.0,2018-07-31
11336,21.0,East,84700.0,31,2019-06-07,1,21.0,East,84700.0,2019-06-07
2041,54.0,South,"$38,300",32,2015-06-26,1,54.0,South,38300.0,2015-06-26
1410,49.0,East,"$74,000",24,20-Apr-2023,1,49.0,East,74000.0,2023-04-20
5492,18.0,East,"$29,200",30,09/11/2023,0,18.0,East,29200.0,2023-09-11
6975,61.0,North,"$43,900",37,"January 05, 2023",1,61.0,North,43900.0,2023-01-05
6274,82.0,North,"$46,700",17,03/03/2018,1,82.0,North,46700.0,2018-03-03
5181,33.0,East,30500.0,55,2022-08-16,0,33.0,East,30500.0,2022-08-16
251,37.0,North,"$68,200",28,04-Apr-2021,1,37.0,North,68200.0,2021-04-04
9422,38.0,East,38400.0,22,05-Nov-2024,0,38.0,East,38400.0,2024-11-05
5798,45.0, East ,,23,15-Dec-2019,1,45.0,East,49400.0,2019-12-15
1756,50.0,East,15000.0,60,08-Jun-2019,1,50.0,East,15000.0,2019-06-08
2407,46.0,North,62200.0,26,09-May-2022,1,46.0,North,62200.0,2022-05-09
1620,32.0,West,89500.0,35,2020-11-12,1,32.0,West,89500.0,2020-11-12
459,46.0,east,48000.0,24,04-Jul-2020,0,46.0,East,48000.0,2020-07-04
3781,47.0,South,98400.0,50,12/07/2018,1,47.0,South,98400.0,2018-12-07
7570,49.0,North,22400.0,31,25-Nov-2016,1,49.0,North,22400.0,2016-11-25
5661,47.0,North,86400.0,18,19-Nov-2018,1,47.0,North,86400.0,2018-11-19
737,52.0,west,130000.0,7,24-Apr-2022,1,52.0,West,130000.0,2022-04-24
3212,41.0,North,44000.0,14,"January 31, 2017",0,41.0,North,44000.0,2017-01-31
3290,29.0,East,"$89,600",13,2020-08-06,0,29.0,East,89600.0,2020-08-06
3794,51.0,North,,25,24-Sep-2022,0,51.0,North,49400.0,2022-09-24
5046,60.0,East,37300.0,50,30-Sep-2021,1,60.0,East,37300.0,2021-09-30
2935,32.0,E.,33700.0,25,2015-02-07,1,32.0,East,33700.0,2015-02-07
8905,63.0,West,,19,"January 31, 2015",0,63.0,West,49400.0,2015-01-31
3708,50.0,east,44000.0,71,2022-02-14,1,50.0,East,44000.0,2022-02-14
3187,29.0,South,95100.0,15,04/09/2015,1,29.0,South,95100.0,2015-04-09
1855,48.0,East,"$59,800",45,"November 29, 2022",1,48.0,East,59800.0,2022-11-29
5811,67.0,West,"$73,200",28,07/29/2018,1,67.0,West,73200.0,2018-07-29
3043,30.0,W. ,22300.0,17,03/06/2018,1,30.0,West,22300.0,2018-03-06
7202,52.0,SOUTH,35600.0,20,2016-10-18,1,52.0,South,35600.0,2016-10-18
3822,58.0,North,26800.0,24,2016-11-02,1,58.0,North,26800.0,2016-11-02
9366,21.0,North,78100.0,36,"December 25, 2024",1,21.0,North,78100.0,2024-12-25
3707,40.0,SOUTH,49800.0,33,2015-08-11,1,40.0,South,49800.0,2015-08-11
3482,54.0,East,102200.0,29,"June 01, 2017",1,54.0,East,102200.0,2017-06-01
10063,18.0,North,45000.0,12,01/06/2018,1,18.0,North,45000.0,2018-01-06
8813,47.0,South,83300.0,53,2024-09-23,1,47.0,South,83300.0,2024-09-23
1819,48.0,West,60000.0,38,21-May-2017,0,48.0,West,60000.0,2017-05-21
11351,38.0,East,"$28,800",19,20-Mar-2021,1,38.0,East,28800.0,2021-03-20
6083,47.0,West,62000.0,27,"May 13, 2018",1,47.0,West,62000.0,2018-05-13
10898,39.0,East,"$59,900",51,2018-10-03,1,39.0,East,59900.0,2018-10-03
9189,39.0,South,"$146,200",30,"January 11, 2022",1,39.0,South,146200.0,2022-01-11
6064,48.0,North,43000.0,38,"March 10, 2015",1,48.0,North,43000.0,2015-03-10
8425,41.0,East,41700.0,20,06/06/2023,1,41.0,East,41700.0,2023-06-06
8801,52.0,south ,32100.0,33,"March 24, 2018",1,52.0,South,32100.0,2018-03-24
403,53.0,WEST,21800.0,4,"June 08, 2018",0,53.0,West,21800.0,2018-06-08
3627,43.0,West,"$55,000",40,"April 23, 2020",1,43.0,West,55000.0,2020-04-23
1169,37.0,West,"$46,600",25,"September 18, 2015",1,37.0,West,46600.0,2015-09-18
4517,53.0,East,56000.0,13,02/15/2018,0,53.0,East,56000.0,2018-02-15
9607,56.0,East,29400.0,20,"October 28, 2021",1,56.0,East,29400.0,2021-10-28
8792,62.0,South,131000.0,8,2020-10-06,1,62.0,South,131000.0,2020-10-06
6939,39.0,North,"$60,200",65,07-Aug-2024,1,39.0,North,60200.0,2024-08-07
11844,61.0,South,22200.0,7,07/09/2016,1,61.0,South,22200.0,2016-07-09
11740,45.0,North,37300.0,28,"November 26, 2017",1,45.0,North,37300.0,2017-11-26
6583,44.0,East,39700.0,10,10-May-2018,1,44.0,East,39700.0,2018-05-10
537,35.0,West,"$37,200",40,"May 29, 2015",1,35.0,West,37200.0,2015-05-29
877,42.0,South,32000.0,66,10/15/2017,1,42.0,South,32000.0,2017-10-15
7467,37.0,East,72700.0,3,"December 24, 2021",0,37.0,East,72700.0,2021-12-24
1736,54.0,South,"$54,400",36,"February 29, 2016",1,54.0,South,54400.0,2016-02-29
8721,23.0,North,60600.0,13,"August 05, 2015",1,23.0,North,60600.0,2015-08-05
37,41.0,W. ,44300.0,44,2015-08-27,1,41.0,West,44300.0,2015-08-27
10391,54.0,North,61500.0,29,05/20/2024,1,54.0,North,61500.0,2024-05-20
11643,31.0, North,57300.0,11,02/22/2020,1,31.0,North,57300.0,2020-02-22
3398,39.0,West,44000.0,44,"July 17, 2016",1,39.0,West,44000.0,2016-07-17
11875,53.0, East ,34200.0,13,2020-06-18,0,53.0,East,34200.0,2020-06-18
1496,28.0,West,17800.0,66,2015-03-19,1,28.0,West,17800.0,2015-03-19
4955,57.0, East ,"$84,800",18,2018-07-03,0,57.0,East,84800.0,2018-07-03
4147,43.0,East,19200.0,22,"January 12, 2021",1,43.0,East,19200.0,2021-01-12
6532,38.0,West,"$62,000",50,24-Dec-2017,1,38.0,West,62000.0,2017-12-24
9154,47.0,West,41800.0,59,2019-11-10,1,47.0,West,41800.0,2019-11-10
955,33.0,West,32900.0,26,"January 14, 2017",1,33.0,West,32900.0,2017-01-14
1572,39.0,WEST,37900.0,40,2019-08-28,1,39.0,West,37900.0,2019-08-28
8045,35.0,West,48100.0,85,2020-12-21,0,35.0,West,48100.0,2020-12-21
68,36.0,South,37100.0,8,23-Aug-2023,0,36.0,South,37100.0,2023-08-23
2982,62.0,West,"$58,900",2,04/01/2021,0,62.0,West,58900.0,2021-04-01
3986,34.0,south ,"$41,700",40,"April 01, 2015",1,34.0,South,41700.0,2015-04-01
5114,52.0,S.,41800.0,35,"April 29, 2017",0,52.0,South,41800.0,2017-04-29
10721,52.0,NORTH,91200.0,53,06/25/2016,1,52.0,North,91200.0,2016-06-25
4240,50.0,West,82600.0,75,2016-09-10,1,50.0,West,82600.0,2016-09-10
1874,,West,"$63,300",16,2019-07-16,1,42.02803042831156,West,63300.0,2019-07-16
559,26.0,West,60700.0,30,"July 30, 2017",1,26.0,West,60700.0,2017-07-30
10751,38.0,S.,98500.0,20,2023-09-09,1,38.0,South,98500.0,2023-09-09
4523,,North,67900.0,16,2019-02-19,0,42.02803042831156,North,67900.0,2019-02-19
5878,34.0, North,62300.0,66,"June 01, 2022",1,34.0,North,62300.0,2022-06-01
9940,23.0,East,"$47,100",32,28-Apr-2020,1,23.0,East,47100.0,2020-04-28
4578,,East,29300.0,6,08/02/2015,1,42.02803042831156,East,29300.0,2015-08-02
2791,61.0,East,43600.0,23,2021-07-20,1,61.0,East,43600.0,2021-07-20
4366,55.0, East ,48400.0,31,12-Oct-2015,1,55.0,East,48400.0,2015-10-12
4908,29.0,South,"$39,900",63,"June 27, 2024",1,29.0,South,39900.0,2024-06-27
309,50.0,East,40300.0,74,2024-02-03,1,50.0,East,40300.0,2024-02-03
6972,61.0,North,105600.0,112,26-Mar-2023,1,61.0,North,105600.0,2023-03-26
7705,43.0, East ,98000.0,4,2020-03-27,1,43.0,East,98000.0,2020-03-27
3896,21.0,North,27900.0,30,01/29/2018,1,21.0,North,27900.0,2018-01-29
7940,52.0,East,155500.0,19,,1,52.0,East,155500.0,
7719,41.0,North,43300.0,13,2023-03-26,1,41.0,North,43300.0,2023-03-26
10572,33.0,East,49900.0,43,2018-07-13,1,33.0,East,49900.0,2018-07-13
1042,55.0, North,93400.0,21,03/20/2020,1,55.0,North,93400.0,2020-03-20
10652,53.0,North,17000.0,25,09/27/2017,0,53.0,North,17000.0,2017-09-27
29,47.0,East,"$26,700",115,2015-12-22,0,47.0,East,26700.0,2015-12-22
10156,55.0,south ,93700.0,15,24-Jan-2015,1,55.0,South,93700.0,2015-01-24
4863,51.0,south ,17800.0,28,24-Feb-2016,1,51.0,South,17800.0,2016-02-24
4293,31.0,South,63100.0,20,10/24/2021,0,31.0,South,63100.0,2021-10-24
1064,57.0,WEST,38500.0,13,2019-06-22,0,57.0,West,38500.0,2019-06-22
8430,58.0,East,61800.0,3,05-Feb-2022,1,58.0,East,61800.0,2022-02-05
8778,27.0,East,38700.0,49,"February 18, 2018",1,27.0,East,38700.0,2018-02-18
4343,41.0,East,46400.0,18,11/13/2021,1,41.0,East,46400.0,2021-11-13
8932,24.0,East,41000.0,23,10-Mar-2017,1,24.0,East,41000.0,2017-03-10
5996,23.0,East,47000.0,45,2016-03-27,1,23.0,East,47000.0,2016-03-27
11227,48.0, North,"$92,200",20,2015-04-26,1,48.0,North,92200.0,2015-04-26
4983,20.0,S.,44300.0,20,2019-05-21,1,20.0,South,44300.0,2019-05-21
6155,65.0,South,22100.0,51,19-Dec-2020,0,65.0,South,22100.0,2020-12-19
8427,43.0,South,"$30,900",14,30-Sep-2015,0,43.0,South,30900.0,2015-09-30
8553,38.0,WEST,133600.0,19,2015-07-07,0,38.0,West,133600.0,2015-07-07
2673,36.0,South,31000.0,46,16-Jun-2018,1,36.0,South,31000.0,2018-06-16
4697,51.0,North,23800.0,17,2016-04-08,1,51.0,North,23800.0,2016-04-08
11093,41.0,North,51200.0,42,2017-08-05,1,41.0,North,51200.0,2017-08-05
8993,36.0,North,20500.0,64,01/18/2019,0,36.0,North,20500.0,2019-01-18
11796,52.0,West,"$15,000",49,10-Nov-2021,1,52.0,West,15000.0,2021-11-10
11943,66.0,North,40500.0,13,24-Sep-2015,1,66.0,North,40500.0,2015-09-24
631,63.0,E.,"$66,200",93,13-Jan-2019,1,63.0,East,66200.0,2019-01-13
3265,36.0, North,62300.0,13,"June 22, 2017",1,36.0,North,62300.0,2017-06-22
7005,32.0,West,57400.0,86,2019-08-09,1,32.0,West,57400.0,2019-08-09
6500,71.0,NORTH,31300.0,1,2015-07-19,0,71.0,North,31300.0,2015-07-19
7584,19.0,East,75800.0,44,2018-01-17,1,19.0,East,75800.0,2018-01-17
6570,26.0,north,"$87,900",10,09/29/2020,1,26.0,North,87900.0,2020-09-29
1665,57.0,North,81600.0,5,"October 22, 2022",1,57.0,North,81600.0,2022-10-22
1270,50.0,West,51700.0,74,"May 27, 2024",1,50.0,West,51700.0,2024-05-27
11109,52.0, East ,59000.0,84,11-Sep-2022,1,52.0,East,59000.0,2022-09-11
5572,38.0,North,33000.0,17,"April 21, 2022",0,38.0,North,33000.0,2022-04-21
3161,41.0,East,84200.0,11,2015-02-18,1,41.0,East,84200.0,2015-02-18
2083,27.0,East,64100.0,23,"August 11, 2022",1,27.0,East,64100.0,2022-08-11
930,43.0,South,66700.0,25,2017-11-26,1,43.0,South,66700.0,2017-11-26
310,65.0,South,52600.0,43,15-Sep-2023,1,65.0,South,52600.0,2023-09-15
793,49.0, East ,62000.0,66,04/01/2019,0,49.0,East,62000.0,2019-04-01
7904,35.0,North,47500.0,37,2018-03-06,1,35.0,North,47500.0,2018-03-06
11156,44.0,North,26800.0,57,10/08/2017,0,44.0,North,26800.0,2017-10-08
2054,79.0,East,49300.0,12,2022-09-07,1,79.0,East,49300.0,2022-09-07
8731,51.0,South,53900.0,17,2020-08-14,1,51.0,South,53900.0,2020-08-14
5978,35.0,North,"$58,000",11,16-Jan-2015,0,35.0,North,58000.0,2015-01-16
8070,60.0,N.,"$23,600",22,2023-01-08,1,60.0,North,23600.0,2023-01-08
6006,49.0,East,56700.0,32,"February 27, 2023",1,49.0,East,56700.0,2023-02-27
2707,47.0,south ,69000.0,63,05-Jun-2018,1,47.0,South,69000.0,2018-06-05
3407,,west,27800.0,30,"August 16, 2015",1,42.02803042831156,West,27800.0,2015-08-16
1036,42.0,South,162400.0,19,01/01/2018,1,42.0,South,162400.0,2018-01-01
2765,35.0,South,58200.0,18,04/16/2016,1,35.0,South,58200.0,2016-04-16
7436,18.0,South,31700.0,12,"October 20, 2016",1,18.0,South,31700.0,2016-10-20
7899,39.0,South,39400.0,63,12/19/2020,1,39.0,South,39400.0,2020-12-19
8031,49.0,South,102300.0,17,10/18/2018,0,49.0,South,102300.0,2018-10-18
2297,75.0,South,37600.0,6,08/28/2019,1,75.0,South,37600.0,2019-08-28
3964,36.0,West,51500.0,35,06-May-2018,1,36.0,West,51500.0,2018-05-06
9629,58.0,West,55300.0,18,"November 18, 2015",1,58.0,West,55300.0,2015-11-18
521,29.0, East ,22100.0,38,"December 08, 2024",1,29.0,East,22100.0,2024-12-08
8559,40.0,West,100600.0,70,"June 27, 2017",1,40.0,West,100600.0,2017-06-27
10158,46.0,W. ,77600.0,77,"February 18, 2022",1,46.0,West,77600.0,2022-02-18
4233,30.0,West,44600.0,11,22-Mar-2021,1,30.0,West,44600.0,2021-03-22
8209,30.0,SOUTH,18000.0,6,"December 21, 2019",0,30.0,South,18000.0,2019-12-21
5230,38.0,West,80900.0,34,"January 06, 2023",1,38.0,West,80900.0,2023-01-06
8362,38.0,North,22300.0,49,18-Nov-2022,1,38.0,North,22300.0,2022-11-18
3051,55.0,North,47300.0,38,01-Feb-2015,0,55.0,North,47300.0,2015-02-01
1391,33.0,SOUTH,45400.0,60,"April 28, 2019",0,33.0,South,45400.0,2019-04-28
10314,57.0,East,66900.0,45,2017-07-15,1,57.0,East,66900.0,2017-07-15
4432,20.0,East,145300.0,36,"December 26, 2018",1,20.0,East,145300.0,2018-12-26
35,50.0,East,17300.0,32,27-Mar-2020,1,50.0,East,17300.0,2020-03-27
6825,46.0,South,52700.0,34,2020-05-31,1,46.0,South,52700.0,2020-05-31
3717,52.0,North,73800.0,8,"March 23, 2023",1,52.0,North,73800.0,2023-03-23
8389,48.0,East,65200.0,40,04/10/2017,1,48.0,East,65200.0,2017-04-10
10813,40.0,East,"$67,400",24,04/06/2018,0,40.0,East,67400.0,2018-04-06
713,29.0, North,"$43,900",10,16-Jun-2017,1,29.0,North,43900.0,2017-06-16
11391,44.0, East ,91600.0,37,"May 10, 2020",1,44.0,East,91600.0,2020-05-10
6537,27.0,south ,102000.0,16,2015-11-27,1,27.0,South,102000.0,2015-11-27
4330,19.0,WEST,78800.0,44,07/17/2020,1,19.0,West,78800.0,2020-07-17
5745,49.0,North,145400.0,52,"April 26, 2016",0,49.0,North,145400.0,2016-04-26
4615,35.0,South,18700.0,37,09-Nov-2017,0,35.0,South,18700.0,2017-11-09
10220,44.0,East,36900.0,23,"March 17, 2020",1,44.0,East,36900.0,2020-03-17
8469,42.0,,41400.0,14,17-Feb-2024,1,42.0,Unknown,41400.0,2024-02-17
3792,62.0,north,"$28,500",28,03-Oct-2018,1,62.0,North,28500.0,2018-10-03
4975,36.0,north,42100.0,130,19-Apr-2020,1,36.0,North,42100.0,2020-04-19
3848,78.0,North,15000.0,92,"February 22, 2019",1,78.0,North,15000.0,2019-02-22
10016,33.0,North,37400.0,23,02/25/2021,0,33.0,North,37400.0,2021-02-25
2608,39.0,SOUTH,80900.0,27,"March 28, 2022",1,39.0,South,80900.0,2022-03-28
9351,,SOUTH,34400.0,27,"December 29, 2022",1,42.02803042831156,South,34400.0,2022-12-29
11551,61.0,North,,29,2020-09-08,0,61.0,North,49400.0,2020-09-08
137,46.0,West,51700.0,79,2022-03-24,1,46.0,West,51700.0,2022-03-24
7767,49.0,south ,34500.0,21,05/28/2022,1,49.0,South,34500.0,2022-05-28
2334,42.0,south ,66400.0,50,"January 12, 2024",1,42.0,South,66400.0,2024-01-12
5617,,West,41000.0,62,09-Mar-2017,0,42.02803042831156,West,41000.0,2017-03-09
325,66.0,east,"$64,800",16,"November 16, 2016",1,66.0,East,64800.0,2016-11-16
6203,44.0,North,"$96,200",32,02/25/2024,0,44.0,North,96200.0,2024-02-25
4929,61.0,West,"$45,600",77,10-Oct-2022,0,61.0,West,45600.0,2022-10-10
3519,42.0,North,"$26,100",7,"March 30, 2015",1,42.0,North,26100.0,2015-03-30
1533,55.0,North,47000.0,56,"August 09, 2021",0,55.0,North,47000.0,2021-08-09
2930,38.0,South,38300.0,21,09/08/2023,1,38.0,South,38300.0,2023-09-08
2490,42.0,E.,107100.0,40,2016-12-27,1,42.0,East,107100.0,2016-12-27
10365,26.0,East,60500.0,30,"June 05, 2022",1,26.0,East,60500.0,2022-06-05
4689,39.0,South,108500.0,57,06/22/2017,1,39.0,South,108500.0,2017-06-22
11956,23.0,West,"$30,200",20,21-Apr-2023,0,23.0,West,30200.0,2023-04-21
5467,52.0,East,"$72,900",18,2016-04-19,1,52.0,East,72900.0,2016-04-19
863,41.0,South,16900.0,25,20-Nov-2019,1,41.0,South,16900.0,2019-11-20
2197,40.0,South,50500.0,30,2023-09-26,0,40.0,South,50500.0,2023-09-26
527,61.0,East,43500.0,21,"June 22, 2016",1,61.0,East,43500.0,2016-06-22
510,48.0,East,52700.0,6,07/31/2016,1,48.0,East,52700.0,2016-07-31
1566,34.0,West,83500.0,96,"May 19, 2021",1,34.0,West,83500.0,2021-05-19
8038,24.0,South,86100.0,51,09-Jul-2022,1,24.0,South,86100.0,2022-07-09
2908,42.0,East,24500.0,10,07/02/2023,1,42.0,East,24500.0,2023-07-02
7906,52.0,North,38000.0,48,2021-04-27,1,52.0,North,38000.0,2021-04-27
1453,41.0,E.,87300.0,48,26-Feb-2022,0,41.0,East,87300.0,2022-02-26
11585,52.0, East ,72500.0,14,2021-08-14,1,52.0,East,72500.0,2021-08-14
1765,28.0,North,72400.0,44,"November 05, 2021",1,28.0,North,72400.0,2021-11-05
2577,31.0,South,57600.0,29,08/28/2018,1,31.0,South,57600.0,2018-08-28
5592,44.0,South,"$63,100",65,"June 20, 2018",1,44.0,South,63100.0,2018-06-20
7963,69.0,south ,31700.0,1,2015-11-28,1,69.0,South,31700.0,2015-11-28
17,47.0,West,58800.0,47,22-Sep-2022,0,47.0,West,58800.0,2022-09-22
11472,64.0,South,48200.0,23,2016-03-15,0,64.0,South,48200.0,2016-03-15
7733,30.0,South,70000.0,15,05/06/2018,0,30.0,South,70000.0,2018-05-06
5044,18.0,West,30700.0,17,03/25/2024,1,18.0,West,30700.0,2024-03-25
8497,,S.,"$52,700",16,12/20/2022,1,42.02803042831156,South,52700.0,2022-12-20
4270,40.0,North,39200.0,118,01-Sep-2015,0,40.0,North,39200.0,2015-09-01
11500,42.0,West,46800.0,20,08/23/2024,1,42.0,West,46800.0,2024-08-23
8423,45.0,north,"$50,000",47,2015-05-10,1,45.0,North,50000.0,2015-05-10
9329,18.0,East,63500.0,24,08/13/2018,1,18.0,East,63500.0,2018-08-13
2015,63.0,West,55200.0,11,2021-01-18,0,63.0,West,55200.0,2021-01-18
2782,33.0,East,30800.0,59,"June 02, 2020",0,33.0,East,30800.0,2020-06-02
8985,47.0,north,111300.0,24,09-Nov-2023,0,47.0,North,111300.0,2023-11-09
10159,41.0,East,87500.0,35,07/16/2019,1,41.0,East,87500.0,2019-07-16
7901,35.0,east,29900.0,37,09/17/2017,0,35.0,East,29900.0,2017-09-17
6476,,N.,55500.0,66,"June 04, 2024",1,42.02803042831156,North,55500.0,2024-06-04
7378,18.0,South,166600.0,55,10/21/2021,1,18.0,South,166600.0,2021-10-21
8535,43.0,West,70000.0,86,"October 08, 2017",1,43.0,West,70000.0,2017-10-08
4358,37.0,west,58000.0,11,2024-12-20,1,37.0,West,58000.0,2024-12-20
4674,44.0,South,15000.0,15,14-Jun-2020,1,44.0,South,15000.0,2020-06-14
7695,53.0,South,60800.0,71,"February 23, 2020",1,53.0,South,60800.0,2020-02-23
9820,28.0,,"$82,900",38,2018-09-23,0,28.0,Unknown,82900.0,2018-09-23
4550,31.0,south ,58800.0,43,01/19/2015,1,31.0,South,58800.0,2015-01-19
1638,55.0,East,82800.0,27,2018-11-20,1,55.0,East,82800.0,2018-11-20
8786,48.0,North,52500.0,20,"March 24, 2016",1,48.0,North,52500.0,2016-03-24
6566,50.0,North,46700.0,10,"November 30, 2023",0,50.0,North,46700.0,2023-11-30
8225,54.0, North,43500.0,45,31-Jan-2015,1,54.0,North,43500.0,2015-01-31
3456,31.0,West,"$76,000",4,12/05/2017,1,31.0,West,76000.0,2017-12-05
5903,40.0,South,32300.0,15,22-Dec-2021,0,40.0,South,32300.0,2021-12-22
11168,45.0,South,61600.0,1,05/16/2019,1,45.0,South,61600.0,2019-05-16
1016,29.0,North,39600.0,88,2016-01-01,1,29.0,North,39600.0,2016-01-01
11894,57.0,South,25400.0,72,2023-04-18,1,57.0,South,25400.0,2023-04-18
1718,35.0,East,66800.0,7,17-Jun-2015,1,35.0,East,66800.0,2015-06-17
4921,38.0,East,,12,24-Aug-2016,1,38.0,East,49400.0,2016-08-24
11893,56.0,W. ,54500.0,59,29-May-2020,1,56.0,West,54500.0,2020-05-29
7054,68.0,,"$31,900",11,2015-05-12,1,68.0,Unknown,31900.0,2015-05-12
7585,57.0,North,"$74,400",50,05/21/2023,1,57.0,North,74400.0,2023-05-21
7502,18.0,north,34700.0,35,01/26/2023,1,18.0,North,34700.0,2023-01-26
5794,,East,21600.0,41,"February 08, 2017",1,42.02803042831156,East,21600.0,2017-02-08
4580,52.0,South,113900.0,26,"June 21, 2016",1,52.0,South,113900.0,2016-06-21
6918,37.0,North,61200.0,83,2024-06-23,1,37.0,North,61200.0,2024-06-23
6979,68.0,NORTH,34300.0,22,2020-01-19,1,68.0,North,34300.0,2020-01-19
9785,67.0,West,56100.0,36,10-Jul-2020,1,67.0,West,56100.0,2020-07-10
4914,28.0,North,"$49,400",23,13-Mar-2016,1,28.0,North,49400.0,2016-03-13
6005,18.0,North,44200.0,34,"September 29, 2020",0,18.0,North,44200.0,2020-09-29
10950,43.0,North,67000.0,17,04/07/2015,1,43.0,North,67000.0,2015-04-07
10349,65.0,South,32900.0,27,16-Jan-2022,0,65.0,South,32900.0,2022-01-16
408,53.0,West,54300.0,35,05-May-2015,1,53.0,West,54300.0,2015-05-05
216,55.0,East,38600.0,20,2023-06-17,1,55.0,East,38600.0,2023-06-17
7339,36.0,East,52000.0,58,2019-07-01,1,36.0,East,52000.0,2019-07-01
1265,41.0,North,44300.0,121,"December 24, 2016",0,41.0,North,44300.0,2016-12-24
10310,48.0,North,37300.0,14,29-Sep-2018,1,48.0,North,37300.0,2018-09-29
6094,35.0,East,"$67,300",60,05/27/2016,1,35.0,East,67300.0,2016-05-27
7593,44.0,West,17200.0,23,02/26/2015,1,44.0,West,17200.0,2015-02-26
10070,73.0, East ,"$48,200",30,07-Aug-2024,1,73.0,East,48200.0,2024-08-07
5261,49.0,North,99400.0,52,"August 28, 2019",1,49.0,North,99400.0,2019-08-28
5205,21.0,West,59900.0,11,"August 11, 2018",1,21.0,West,59900.0,2018-08-11
2656,34.0,West,"$46,200",72,22-Jan-2024,1,34.0,West,46200.0,2024-01-22
4404,62.0,east,52200.0,10,11/08/2020,1,62.0,East,52200.0,2020-11-08
5691,66.0,North,71300.0,63,"April 30, 2023",0,66.0,North,71300.0,2023-04-30
7951,23.0,North,47200.0,66,"August 12, 2024",0,23.0,North,47200.0,2024-08-12
3168,34.0,South,20500.0,27,2020-08-04,1,34.0,South,20500.0,2020-08-04
4372,34.0,East,72500.0,51,2021-10-18,1,34.0,East,72500.0,2021-10-18
6846,50.0,North,107500.0,60,07/17/2018,1,50.0,North,107500.0,2018-07-17
458,31.0, North,67400.0,5,2015-05-05,1,31.0,North,67400.0,2015-05-05
456,44.0,SOUTH ,30100.0,47,01/03/2020,1,44.0,South,30100.0,2020-01-03
10199,41.0,West,72000.0,74,2023-10-29,0,41.0,West,72000.0,2023-10-29
5038,32.0,South,"$25,600",12,"July 03, 2023",1,32.0,South,25600.0,2023-07-03
4524,43.0,West,42900.0,41,2022-06-17,1,43.0,West,42900.0,2022-06-17
3680,43.0,south ,33000.0,47,22-Sep-2019,1,43.0,South,33000.0,2019-09-22
3649,60.0,West,43400.0,83,01/25/2024,0,60.0,West,43400.0,2024-01-25
2619,32.0,North,28300.0,12,2016-09-25,1,32.0,North,28300.0,2016-09-25
9202,30.0,East,78800.0,20,"April 11, 2020",1,30.0,East,78800.0,2020-04-11
4994,33.0,SOUTH,52100.0,63,11/10/2023,1,33.0,South,52100.0,2023-11-10
4371,22.0,,"$36,500",28,2020-03-28,1,22.0,Unknown,36500.0,2020-03-28
2683,55.0,West,55500.0,42,"October 19, 2018",1,55.0,West,55500.0,2018-10-19
9036,65.0,WEST,41200.0,14,03/16/2023,1,65.0,West,41200.0,2023-03-16
5256,26.0,West,60900.0,37,05/21/2024,0,26.0,West,60900.0,2024-05-21
7,44.0,WEST,23700.0,21,"March 28, 2016",1,44.0,West,23700.0,2016-03-28
10021,39.0,West,"$116,300",25,2020-12-30,0,39.0,West,116300.0,2020-12-30
5263,48.0,West,96400.0,25,2016-11-06,1,48.0,West,96400.0,2016-11-06
3166,46.0,WEST,37500.0,6,02/15/2019,0,46.0,West,37500.0,2019-02-15
1214,33.0,west,54400.0,17,"April 25, 2022",1,33.0,West,54400.0,2022-04-25
3702,30.0,West,24600.0,59,07-Feb-2017,1,30.0,West,24600.0,2017-02-07
332,50.0,South,"$57,200",28,2015-08-30,1,50.0,South,57200.0,2015-08-30
2019,50.0,West,38700.0,5,"January 02, 2021",0,50.0,West,38700.0,2021-01-02
7307,46.0,WEST,"$76,300",97,17-Sep-2023,1,46.0,West,76300.0,2023-09-17
9241,32.0,South,"$104,400",57,"March 14, 2018",0,32.0,South,104400.0,2018-03-14
1946,19.0,W. ,46400.0,91,"February 26, 2019",1,19.0,West,46400.0,2019-02-26
7358,37.0,East,35900.0,68,"October 25, 2017",1,37.0,East,35900.0,2017-10-25
1184,50.0,North,95200.0,51,"January 13, 2018",1,50.0,North,95200.0,2018-01-13
40,50.0,NORTH,55700.0,20,"September 07, 2021",1,50.0,North,55700.0,2021-09-07
962,44.0,North,38800.0,48,"January 17, 2022",1,44.0,North,38800.0,2022-01-17
10909,40.0,East,36300.0,31,16-May-2021,1,40.0,East,36300.0,2021-05-16
3364,30.0,West,88000.0,42,08-Jan-2023,1,30.0,West,88000.0,2023-01-08
5679,45.0,South,51600.0,18,2017-04-27,0,45.0,South,51600.0,2017-04-27
10300,39.0,West,50800.0,36,2018-02-06,0,39.0,West,50800.0,2018-02-06
2586,55.0,N.,"$31,800",132,2018-01-27,0,55.0,North,31800.0,2018-01-27
2661,29.0,South,61400.0,8,2022-02-04,1,29.0,South,61400.0,2022-02-04
10791,52.0,SOUTH,46400.0,118,03/15/2016,0,52.0,South,46400.0,2016-03-15
11334,43.0,South,18300.0,20,"March 16, 2023",1,43.0,South,18300.0,2023-03-16
11463,42.0,S.,25200.0,20,08-Jun-2022,1,42.0,South,25200.0,2022-06-08
3904,39.0,South,67600.0,38,09-Jul-2015,0,39.0,South,67600.0,2015-07-09
4661,21.0, North,55500.0,29,"June 05, 2020",1,21.0,North,55500.0,2020-06-05
577,59.0,E.,107900.0,5,2017-09-24,1,59.0,East,107900.0,2017-09-24
8522,30.0,East,81800.0,58,"January 27, 2020",0,30.0,East,81800.0,2020-01-27
5128,60.0,South,66300.0,17,2020-03-30,0,60.0,South,66300.0,2020-03-30
3955,42.0,East,38800.0,33,"September 15, 2024",1,42.0,East,38800.0,2024-09-15
8774,23.0,West,86800.0,44,14-Jul-2022,1,23.0,West,86800.0,2022-07-14
7978,34.0,West,100400.0,70,26-Feb-2018,0,34.0,West,100400.0,2018-02-26
4228,67.0,South,"$102,700",104,2018-11-04,1,67.0,South,102700.0,2018-11-04
5793,36.0,,"$35,100",63,22-Feb-2018,0,36.0,Unknown,35100.0,2018-02-22
2065,38.0,NORTH,49600.0,29,2024-02-28,1,38.0,North,49600.0,2024-02-28
11864,54.0,south ,36900.0,23,31-Jan-2020,1,54.0,South,36900.0,2020-01-31
9524,50.0,North,28600.0,66,28-Dec-2024,0,50.0,North,28600.0,2024-12-28
11260,58.0,South,21600.0,23,2021-02-16,1,58.0,South,21600.0,2021-02-16
5217,32.0,North,33200.0,58,11/23/2021,0,32.0,North,33200.0,2021-11-23
10665,34.0, East ,41900.0,71,2022-07-19,1,34.0,East,41900.0,2022-07-19
3706,39.0,West,68600.0,26,01-Apr-2022,1,39.0,West,68600.0,2022-04-01
7670,,East,18300.0,29,2017-04-30,1,42.02803042831156,East,18300.0,2017-04-30
1374,,East,"$64,200",32,09-May-2018,1,42.02803042831156,East,64200.0,2018-05-09
3425,79.0,North,36700.0,133,08/25/2017,1,79.0,North,36700.0,2017-08-25
9364,33.0,west,24400.0,13,07/15/2019,0,33.0,West,24400.0,2019-07-15
8163,27.0,South,171600.0,86,16-Feb-2019,0,27.0,South,171600.0,2019-02-16
148,40.0,West,15800.0,23,"April 27, 2020",1,40.0,West,15800.0,2020-04-27
4224,26.0,East,"$25,600",65,2018-08-18,1,26.0,East,25600.0,2018-08-18
6186,23.0,South,40400.0,23,"November 07, 2024",0,23.0,South,40400.0,2024-11-07
9603,53.0,South,53500.0,28,"December 17, 2019",1,53.0,South,53500.0,2019-12-17
9420,48.0,West,45300.0,145,"December 06, 2023",1,48.0,West,45300.0,2023-12-06
2386,34.0,South,46900.0,38,05/21/2020,1,34.0,South,46900.0,2020-05-21
5095,49.0,WEST,40400.0,10,09/05/2020,1,49.0,West,40400.0,2020-09-05
2591,31.0,North,"$130,300",101,10-Jun-2024,1,31.0,North,130300.0,2024-06-10
2858,44.0,West,80900.0,15,"August 14, 2024",1,44.0,West,80900.0,2024-08-14
8775,20.0,East,83600.0,24,15-Aug-2017,0,20.0,East,83600.0,2017-08-15
5799,32.0,South,34800.0,39,15-Jan-2024,1,32.0,South,34800.0,2024-01-15
6436,45.0,East,59300.0,19,2017-06-10,1,45.0,East,59300.0,2017-06-10
260,,East,40700.0,22,"January 30, 2015",0,42.02803042831156,East,40700.0,2015-01-30
5879,59.0,East,58200.0,17,10/27/2024,1,59.0,East,58200.0,2024-10-27
10819,56.0,east,123500.0,28,"July 26, 2024",0,56.0,East,123500.0,2024-07-26
9663,38.0,South,27600.0,28,"July 24, 2020",1,38.0,South,27600.0,2020-07-24
3887,29.0,west,29000.0,35,2019-05-03,0,29.0,West,29000.0,2019-05-03
10894,71.0,North,23700.0,34,09/04/2021,1,71.0,North,23700.0,2021-09-04
9819,38.0, North,74000.0,80,11/11/2019,1,38.0,North,74000.0,2019-11-11
3578,44.0,North,93200.0,27,09/22/2015,1,44.0,North,93200.0,2015-09-22
4039,33.0,East,,16,10/22/2017,1,33.0,East,49400.0,2017-10-22
9533,29.0,West,"$24,400",36,07/01/2021,1,29.0,West,24400.0,2021-07-01
2377,49.0,South,"$66,900",42,"April 22, 2021",1,49.0,South,66900.0,2021-04-22
8660,51.0,North,64300.0,52,"January 28, 2019",1,51.0,North,64300.0,2019-01-28
1115,43.0,SOUTH,64700.0,26,05/19/2024,1,43.0,South,64700.0,2024-05-19
9717,19.0,South,"$41,800",9,06/10/2020,1,19.0,South,41800.0,2020-06-10
6648,43.0,East,62300.0,31,"April 07, 2018",1,43.0,East,62300.0,2018-04-07
6528,47.0,north,,44,"January 06, 2016",0,47.0,North,49400.0,2016-01-06
5665,55.0,East,27500.0,54,"September 20, 2018",0,55.0,East,27500.0,2018-09-20
4910,41.0,North,69000.0,23,06-Mar-2020,1,41.0,North,69000.0,2020-03-06
7121,50.0,S.,34000.0,44,2019-09-20,1,50.0,South,34000.0,2019-09-20
1292,36.0,South,"$26,400",7,2024-06-14,0,36.0,South,26400.0,2024-06-14
1733,,East,16700.0,32,2018-06-18,1,42.02803042831156,East,16700.0,2018-06-18
1816,36.0,North,31000.0,42,28-Jul-2015,1,36.0,North,31000.0,2015-07-28
1436,41.0,North,"$20,500",26,2022-10-17,0,41.0,North,20500.0,2022-10-17
8027,54.0,South,86300.0,38,18-May-2017,1,54.0,South,86300.0,2017-05-18
10294,39.0,South,"$23,700",4,12/04/2017,1,39.0,South,23700.0,2017-12-04
41,52.0,South,"$37,000",18,21-Oct-2020,0,52.0,South,37000.0,2020-10-21
2379,43.0,West,184600.0,54,11/08/2024,1,43.0,West,184600.0,2024-11-08
11714,43.0,South,85100.0,17,2020-08-08,1,43.0,South,85100.0,2020-08-08
8509,42.0, North,47100.0,58,07/15/2021,0,42.0,North,47100.0,2021-07-15
9410,22.0,East,"$31,900",36,12/03/2020,1,22.0,East,31900.0,2020-12-03
8687,25.0,South,19600.0,10,04-Mar-2015,1,25.0,South,19600.0,2015-03-04
3371,39.0,east,73900.0,4,01/17/2020,1,39.0,East,73900.0,2020-01-17
2002,33.0,East,83700.0,12,31-Mar-2023,1,33.0,East,83700.0,2023-03-31
4748,26.0,East,90600.0,60,11/08/2017,1,26.0,East,90600.0,2017-11-08
6882,39.0,East,69900.0,8,"February 21, 2019",1,39.0,East,69900.0,2019-02-21
8475,45.0,South,66300.0,19,"July 05, 2017",1,45.0,South,66300.0,2017-07-05
3305,82.0,north,"$48,800",26,2020-11-30,0,82.0,North,48800.0,2020-11-30
5285,46.0,South,94900.0,135,2017-05-07,1,46.0,South,94900.0,2017-05-07
2513,45.0,N.,,67,"December 08, 2022",1,45.0,North,49400.0,2022-12-08
1692,22.0,north,39200.0,26,11/03/2015,1,22.0,North,39200.0,2015-11-03
5797,72.0,East,45400.0,24,2021-05-23,0,72.0,East,45400.0,2021-05-23
9659,38.0,East,53200.0,27,23-Jun-2020,1,38.0,East,53200.0,2020-06-23
905,34.0,south ,"$107,700",16,09/24/2021,1,34.0,South,107700.0,2021-09-24
7891,42.0, North,60400.0,4,02/01/2019,1,42.0,North,60400.0,2019-02-01
609,20.0,West,29300.0,25,2018-11-29,0,20.0,West,29300.0,2018-11-29
7693,27.0,East,34400.0,30,16-May-2019,1,27.0,East,34400.0,2019-05-16
3230,23.0,South,"$53,400",44,09-Mar-2018,1,23.0,South,53400.0,2018-03-09
10734,72.0,,"$66,000",20,"February 02, 2020",1,72.0,Unknown,66000.0,2020-02-02
4870,43.0,south ,79300.0,37,"December 24, 2018",1,43.0,South,79300.0,2018-12-24
999,44.0,North,44300.0,18,26-Jul-2021,1,44.0,North,44300.0,2021-07-26
8483,45.0,SOUTH,48000.0,51,"December 14, 2016",1,45.0,South,48000.0,2016-12-14
1948,30.0,S.,23900.0,51,"July 20, 2017",1,30.0,South,23900.0,2017-07-20
9522,37.0,SOUTH,36500.0,32,"October 16, 2019",0,37.0,South,36500.0,2019-10-16
10645,46.0,South,35100.0,16,"December 30, 2017",1,46.0,South,35100.0,2017-12-30
9054,48.0,east,45700.0,36,"June 06, 2024",1,48.0,East,45700.0,2024-06-06
11369,35.0,South,53300.0,56,2019-09-29,1,35.0,South,53300.0,2019-09-29
4731,40.0,North,80500.0,30,"January 20, 2016",0,40.0,North,80500.0,2016-01-20
3108,44.0,North,75300.0,90,"April 05, 2015",1,44.0,North,75300.0,2015-04-05
2180,37.0, North,63500.0,12,"April 08, 2019",1,37.0,North,63500.0,2019-04-08
9675,58.0,E.,25100.0,28,11-Apr-2017,1,58.0,East,25100.0,2017-04-11
1188,47.0,EAST,68500.0,15,2023-11-12,1,47.0,East,68500.0,2023-11-12
9743,26.0,South,24900.0,20,08/06/2024,1,26.0,South,24900.0,2024-08-06
7518,40.0,West,77500.0,46,04/07/2023,1,40.0,West,77500.0,2023-04-07
10260,32.0,South,"$31,300",54,2024-08-15,1,32.0,South,31300.0,2024-08-15
6641,49.0,E.,17500.0,36,"December 03, 2020",0,49.0,East,17500.0,2020-12-03
2218,41.0,North,46100.0,31,"December 29, 2022",0,41.0,North,46100.0,2022-12-29
9484,44.0,East,16200.0,12,12-Feb-2022,0,44.0,East,16200.0,2022-02-12
11881,39.0,North,"$124,900",20,13-Feb-2021,1,39.0,North,124900.0,2021-02-13
8759,38.0,South,"$74,800",36,2021-03-16,1,38.0,South,74800.0,2021-03-16
3997,55.0,West,101400.0,13,03/09/2022,1,55.0,West,101400.0,2022-03-09
8321,51.0,S.,81600.0,6,03/26/2024,0,51.0,South,81600.0,2024-03-26
896,56.0,South,46700.0,30,24-Jul-2018,1,56.0,South,46700.0,2018-07-24
4605,40.0,North,34500.0,25,23-May-2018,1,40.0,North,34500.0,2018-05-23
10149,44.0, East ,82900.0,49,"June 14, 2017",1,44.0,East,82900.0,2017-06-14
11712,23.0,North,86700.0,77,"October 14, 2019",1,23.0,North,86700.0,2019-10-14
9136,40.0,North,42000.0,14,2023-06-01,1,40.0,North,42000.0,2023-06-01
7193,55.0,South,34600.0,1,24-Mar-2020,1,55.0,South,34600.0,2020-03-24
6809,52.0,,36100.0,37,08/11/2020,0,52.0,Unknown,36100.0,2020-08-11
11234,38.0,North,31900.0,60,23-Aug-2021,0,38.0,North,31900.0,2021-08-23
10664,18.0,West,20700.0,68,26-Dec-2019,1,18.0,West,20700.0,2019-12-26
7023,34.0,North,43100.0,19,04-Dec-2020,1,34.0,North,43100.0,2020-12-04
4818,40.0,West,79900.0,25,06-Oct-2022,0,40.0,West,79900.0,2022-10-06
2210,36.0,E.,"$44,700",57,2022-11-10,1,36.0,East,44700.0,2022-11-10
10852,73.0,South,44600.0,102,12-Sep-2018,1,73.0,South,44600.0,2018-09-12
1905,50.0,SOUTH,25100.0,8,2017-11-21,1,50.0,South,25100.0,2017-11-21
10758,56.0,North,56500.0,49,2024-08-23,1,56.0,North,56500.0,2024-08-23
9856,37.0,South,24700.0,7,16-Nov-2015,0,37.0,South,24700.0,2015-11-16
3965,,W. ,28300.0,67,2017-07-10,1,42.02803042831156,West,28300.0,2017-07-10
6993,38.0,East,"$72,200",42,22-Oct-2018,1,38.0,East,72200.0,2018-10-22
6609,50.0,North,"$33,100",29,2018-01-05,1,50.0,North,33100.0,2018-01-05
11371,33.0,E.,59500.0,55,09/10/2016,1,33.0,East,59500.0,2016-09-10
10484,32.0, North,53800.0,29,2016-01-23,0,32.0,North,53800.0,2016-01-23
4737,32.0,West,78800.0,17,04-Jan-2016,1,32.0,West,78800.0,2016-01-04
6121,68.0,East,45200.0,47,2021-07-20,1,68.0,East,45200.0,2021-07-20
9523,48.0,East,"$42,800",26,11-Aug-2018,1,48.0,East,42800.0,2018-08-11
8688,35.0,West,94300.0,18,"July 24, 2024",1,35.0,West,94300.0,2024-07-24
6691,39.0,East,47000.0,16,"November 17, 2016",1,39.0,East,47000.0,2016-11-17
1234,43.0,East,65500.0,10,"February 16, 2015",1,43.0,East,65500.0,2015-02-16
11925,40.0,East,78500.0,38,08/09/2021,0,40.0,East,78500.0,2021-08-09
3580,25.0,north,71900.0,74,01/02/2018,1,25.0,North,71900.0,2018-01-02
6455,42.0,south ,32000.0,9,2024-05-10,1,42.0,South,32000.0,2024-05-10
9799,50.0,west,39700.0,16,"July 24, 2024",1,50.0,West,39700.0,2024-07-24
7108,46.0,N.,69200.0,56,10-Feb-2024,1,46.0,North,69200.0,2024-02-10
932,48.0,south ,35800.0,47,11/30/2015,0,48.0,South,35800.0,2015-11-30
10077,64.0,West,52300.0,21,28-Jul-2018,1,64.0,West,52300.0,2018-07-28
4644,42.0,,"$60,400",26,2018-04-18,1,42.0,Unknown,60400.0,2018-04-18
7715,33.0,North,"$85,100",46,"June 28, 2017",0,33.0,North,85100.0,2017-06-28
6314,49.0,SOUTH,28400.0,21,"May 09, 2024",1,49.0,South,28400.0,2024-05-09
4632,22.0,S.,18200.0,55,08/10/2023,1,22.0,South,18200.0,2023-08-10
9275,38.0,West,18000.0,49,15-Dec-2020,1,38.0,West,18000.0,2020-12-15
5724,83.0,West,39900.0,12,"May 27, 2019",0,83.0,West,39900.0,2019-05-27
1219,26.0,North,46700.0,22,08-Oct-2022,0,26.0,North,46700.0,2022-10-08
1280,39.0,NORTH,72600.0,18,2021-04-07,1,39.0,North,72600.0,2021-04-07
4037,71.0,North,31200.0,83,2021-11-20,1,71.0,North,31200.0,2021-11-20
8076,31.0,NORTH,"$34,200",49,"July 09, 2019",1,31.0,North,34200.0,2019-07-09
4529,33.0,south ,17700.0,23,"March 05, 2024",1,33.0,South,17700.0,2024-03-05
438,28.0,West,37000.0,29,08-Jan-2019,1,28.0,West,37000.0,2019-01-08
3788,43.0,East,39400.0,52,07/06/2022,0,43.0,East,39400.0,2022-07-06
11570,52.0,W. ,50200.0,14,"February 12, 2024",1,52.0,West,50200.0,2024-02-12
4874,26.0, North,"$56,500",9,09-Nov-2020,1,26.0,North,56500.0,2020-11-09
5856,38.0,East,97800.0,52,05/24/2021,1,38.0,East,97800.0,2021-05-24
10148,76.0,West,94900.0,13,2024-07-16,1,76.0,West,94900.0,2024-07-16
10119,71.0,East,62000.0,68,2016-02-04,1,71.0,East,62000.0,2016-02-04
9638,35.0,East,48400.0,51,2016-07-15,1,35.0,East,48400.0,2016-07-15
10330,40.0,South,44000.0,47,"March 31, 2015",1,40.0,South,44000.0,2015-03-31
11493,44.0,North,25700.0,16,29-Jan-2023,1,44.0,North,25700.0,2023-01-29
8455,38.0,N.,58000.0,11,2021-05-02,1,38.0,North,58000.0,2021-05-02
5727,20.0,WEST,"$61,700",49,29-Apr-2022,0,20.0,West,61700.0,2022-04-29
976,28.0,West,88800.0,55,2019-03-25,1,28.0,West,88800.0,2019-03-25
2706,40.0,East,22300.0,60,2022-06-08,1,40.0,East,22300.0,2022-06-08
2902,24.0,West,27600.0,37,2021-11-15,0,24.0,West,27600.0,2021-11-15
4452,39.0,North,45100.0,31,2020-01-11,1,39.0,North,45100.0,2020-01-11
7512,26.0,West,56200.0,16,"February 01, 2016",1,26.0,West,56200.0,2016-02-01
7076,18.0,North,88500.0,63,05/23/2018,1,18.0,North,88500.0,2018-05-23
5670,49.0,West,68100.0,11,30-Dec-2023,1,49.0,West,68100.0,2023-12-30
10694,62.0,east,55300.0,41,23-Jan-2020,1,62.0,East,55300.0,2020-01-23
8907,55.0,South,67300.0,37,12/17/2019,1,55.0,South,67300.0,2019-12-17
9597,63.0,WEST,"$80,100",28,05/07/2016,1,63.0,West,80100.0,2016-05-07
8540,46.0,West,68700.0,111,12-Nov-2020,1,46.0,West,68700.0,2020-11-12
1534,27.0, East ,182300.0,61,09/17/2023,1,27.0,East,182300.0,2023-09-17
2943,42.0,N.,35300.0,41,2024-09-29,0,42.0,North,35300.0,2024-09-29
9483,41.0,North,"$29,900",30,08/26/2024,0,41.0,North,29900.0,2024-08-26
1191,62.0,East,26000.0,42,2022-02-23,1,62.0,East,26000.0,2022-02-23
514,41.0,West,"$23,900",17,04/21/2020,1,41.0,West,23900.0,2020-04-21
2774,40.0,,28700.0,9,2016-12-25,1,40.0,Unknown,28700.0,2016-12-25
8745,32.0,NORTH,27900.0,76,12/31/2019,0,32.0,North,27900.0,2019-12-31
6481,39.0,South,"$15,000",21,13-Feb-2019,1,39.0,South,15000.0,2019-02-13
1171,27.0,north,"$81,200",74,14-Sep-2023,1,27.0,North,81200.0,2023-09-14
779,43.0,North,68700.0,24,18-Jul-2019,0,43.0,North,68700.0,2019-07-18
2011,26.0,West,77000.0,57,"February 08, 2023",1,26.0,West,77000.0,2023-02-08
7854,20.0,West,,50,"December 17, 2023",1,20.0,West,49400.0,2023-12-17
11781,59.0,North,33700.0,17,09/27/2024,1,59.0,North,33700.0,2024-09-27
6495,44.0,North,40900.0,36,"November 15, 2020",1,44.0,North,40900.0,2020-11-15
11783,50.0,SOUTH,46700.0,11,05/15/2015,1,50.0,South,46700.0,2015-05-15
10481,46.0,East,43600.0,10,07/01/2018,1,46.0,East,43600.0,2018-07-01
5893,68.0,West,26900.0,52,"January 21, 2016",0,68.0,West,26900.0,2016-01-21
7277,70.0,West,63000.0,46,19-Jun-2019,1,70.0,West,63000.0,2019-06-19
8516,18.0,North,24600.0,13,"September 10, 2022",0,18.0,North,24600.0,2022-09-10
1907,42.0,West,"$48,200",56,09-Sep-2023,1,42.0,West,48200.0,2023-09-09
2203,43.0,South,42400.0,43,11/17/2019,1,43.0,South,42400.0,2019-11-17
7100,47.0,South,"$33,900",61,20-Apr-2017,1,47.0,South,33900.0,2017-04-20
11229,48.0,south ,34300.0,61,2024-10-18,1,48.0,South,34300.0,2024-10-18
9921,66.0,EAST,127100.0,33,24-Oct-2019,1,66.0,East,127100.0,2019-10-24
7392,41.0,South,26700.0,69,03/19/2016,0,41.0,South,26700.0,2016-03-19
6106,44.0,West,"$35,600",65,"February 02, 2020",1,44.0,West,35600.0,2020-02-02
1495,37.0,East,41400.0,11,08/11/2015,0,37.0,East,41400.0,2015-08-11
6738,55.0,East,61600.0,6,18-Sep-2024,0,55.0,East,61600.0,2024-09-18
7446,56.0,East,25000.0,18,09/17/2024,0,56.0,East,25000.0,2024-09-17
2332,22.0,East,69700.0,31,"March 28, 2022",1,22.0,East,69700.0,2022-03-28
726,61.0,North,124800.0,46,2019-03-09,0,61.0,North,124800.0,2019-03-09
10045,37.0,South,115600.0,37,11/13/2023,1,37.0,South,115600.0,2023-11-13
2973,42.0,EAST,35800.0,77,06-Dec-2022,0,42.0,East,35800.0,2022-12-06
1763,34.0,North,42900.0,20,07/25/2021,1,34.0,North,42900.0,2021-07-25
9980,28.0,East,63800.0,66,08/09/2016,1,28.0,East,63800.0,2016-08-09
7664,,North,34700.0,45,12/23/2020,1,42.02803042831156,North,34700.0,2020-12-23
7319,30.0,East,59000.0,47,2015-08-02,1,30.0,East,59000.0,2015-08-02
1853,38.0,WEST,59100.0,20,09/06/2015,1,38.0,West,59100.0,2015-09-06
11838,44.0,East,42600.0,25,"September 16, 2024",1,44.0,East,42600.0,2024-09-16
5343,44.0,south ,"$36,200",17,14-Jul-2016,0,44.0,South,36200.0,2016-07-14
1936,63.0,North,106500.0,131,04/09/2018,0,63.0,North,106500.0,2018-04-09
9185,32.0,North,48100.0,34,"July 25, 2019",1,32.0,North,48100.0,2019-07-25
4237,45.0,South,77700.0,22,"June 12, 2015",0,45.0,South,77700.0,2015-06-12
2777,49.0,SOUTH,55400.0,13,06/21/2019,1,49.0,South,55400.0,2019-06-21
1724,67.0,S.,43500.0,29,2023-11-17,1,67.0,South,43500.0,2023-11-17
6594,58.0,East,53000.0,25,07-Jan-2017,0,58.0,East,53000.0,2017-01-07
10442,64.0,West,42500.0,62,"April 21, 2019",1,64.0,West,42500.0,2019-04-21
9740,55.0,North,64200.0,27,2015-01-06,1,55.0,North,64200.0,2015-01-06
11189,32.0,NORTH,54400.0,83,"April 17, 2023",0,32.0,North,54400.0,2023-04-17
10779,48.0,SOUTH,24800.0,9,2021-05-14,1,48.0,South,24800.0,2021-05-14
8980,34.0, North,34400.0,57,14-Jan-2023,1,34.0,North,34400.0,2023-01-14
9008,34.0,North,45100.0,30,16-Jan-2024,1,34.0,North,45100.0,2024-01-16
6861,42.0,NORTH,"$47,200",98,"February 15, 2019",0,42.0,North,47200.0,2019-02-15
9445,59.0,South,220800.0,29,2015-06-19,1,59.0,South,220800.0,2015-06-19
6021,41.0,North,95200.0,27,"November 22, 2015",0,41.0,North,95200.0,2015-11-22
6560,40.0,East,114300.0,22,14-Jan-2016,1,40.0,East,114300.0,2016-01-14
4284,36.0,East,29400.0,8,"June 20, 2015",1,36.0,East,29400.0,2015-06-20
2348,33.0, North,"$57,400",11,08/28/2019,1,33.0,North,57400.0,2019-08-28
11051,24.0,N.,72300.0,32,12/24/2020,1,24.0,North,72300.0,2020-12-24
8184,49.0,South,"$53,100",69,08/08/2024,1,49.0,South,53100.0,2024-08-08
8198,25.0,South,67800.0,25,2017-10-15,1,25.0,South,67800.0,2017-10-15
10427,32.0,South,35700.0,44,"November 10, 2019",0,32.0,South,35700.0,2019-11-10
9595,37.0,NORTH,29100.0,67,2018-09-16,1,37.0,North,29100.0,2018-09-16
10431,56.0,North,33200.0,58,03/27/2022,1,56.0,North,33200.0,2022-03-27
2913,42.0,South,79400.0,46,12/03/2022,1,42.0,South,79400.0,2022-12-03
6969,73.0,West,55500.0,13,02-Nov-2015,1,73.0,West,55500.0,2015-11-02
4895,31.0,North,69500.0,29,"November 07, 2021",0,31.0,North,69500.0,2021-11-07
4090,52.0,North,38300.0,4,"August 09, 2024",1,52.0,North,38300.0,2024-08-09
3287,24.0, East ,88900.0,37,02-Apr-2020,0,24.0,East,88900.0,2020-04-02
10952,39.0,West,51000.0,66,2023-04-13,0,39.0,West,51000.0,2023-04-13
9322,18.0,East,106000.0,11,2021-11-10,1,18.0,East,106000.0,2021-11-10
10523,47.0, East ,43700.0,9,2021-04-15,1,47.0,East,43700.0,2021-04-15
1813,46.0,North,65200.0,46,08/04/2023,1,46.0,North,65200.0,2023-08-04
8208,43.0,West,42300.0,97,08/12/2016,0,43.0,West,42300.0,2016-08-12
1917,34.0,East,30600.0,10,15-Nov-2021,1,34.0,East,30600.0,2021-11-15
11340,46.0,North,33100.0,28,21-Dec-2023,1,46.0,North,33100.0,2023-12-21
1876,18.0,East,36000.0,40,"May 20, 2016",1,18.0,East,36000.0,2016-05-20
803,46.0,North,35000.0,37,"March 09, 2021",1,46.0,North,35000.0,2021-03-09
4472,32.0,East,24600.0,39,2017-06-04,1,32.0,East,24600.0,2017-06-04
5194,49.0,North,85100.0,60,2016-01-11,1,49.0,North,85100.0,2016-01-11
7456,46.0,North,,69,"November 15, 2019",0,46.0,North,49400.0,2019-11-15
5920,38.0,South,35700.0,15,"October 12, 2022",0,38.0,South,35700.0,2022-10-12
10637,29.0,East,"$88,600",15,25-Dec-2015,0,29.0,East,88600.0,2015-12-25
5004,48.0,East,81000.0,36,16-Nov-2015,1,48.0,East,81000.0,2015-11-16
11102,40.0,South,33800.0,61,10/10/2020,1,40.0,South,33800.0,2020-10-10
7672,58.0,east,167900.0,66,10-May-2023,1,58.0,East,167900.0,2023-05-10
9448,35.0,North,37900.0,51,2020-06-20,1,35.0,North,37900.0,2020-06-20
162,33.0,south ,52400.0,40,09/19/2022,1,33.0,South,52400.0,2022-09-19
11331,51.0,North,41700.0,67,21-May-2023,1,51.0,North,41700.0,2023-05-21
9478,37.0,south ,50400.0,27,04-Jul-2019,1,37.0,South,50400.0,2019-07-04
7703,18.0,South,68200.0,127,22-Mar-2018,0,18.0,South,68200.0,2018-03-22
10788,66.0,,91300.0,33,"December 21, 2018",0,66.0,Unknown,91300.0,2018-12-21
7333,37.0, North,43700.0,36,21-Jul-2021,0,37.0,North,43700.0,2021-07-21
10743,45.0,East,"$25,700",18,2017-11-18,1,45.0,East,25700.0,2017-11-18
5817,46.0,,86000.0,27,10/10/2019,1,46.0,Unknown,86000.0,2019-10-10
8206,37.0,South,37700.0,54,08-Jan-2022,1,37.0,South,37700.0,2022-01-08
171,33.0,North,76400.0,58,"July 12, 2024",1,33.0,North,76400.0,2024-07-12
3080,56.0,E.,36600.0,44,"July 29, 2024",1,56.0,East,36600.0,2024-07-29
4138,45.0,North,82600.0,42,2019-02-12,1,45.0,North,82600.0,2019-02-12
2402,55.0,North,"$47,600",48,"June 29, 2019",0,55.0,North,47600.0,2019-06-29
10014,52.0,North,40500.0,11,23-Dec-2017,0,52.0,North,40500.0,2017-12-23
6024,50.0,East,70100.0,22,"January 12, 2018",1,50.0,East,70100.0,2018-01-12
9486,49.0,West,41100.0,18,10/11/2015,0,49.0,West,41100.0,2015-10-11
9685,32.0,South,51300.0,86,04/30/2015,1,32.0,South,51300.0,2015-04-30
4227,47.0,North,"$50,700",40,"July 19, 2020",1,47.0,North,50700.0,2020-07-19
7785,27.0,East,41600.0,24,"July 07, 2023",1,27.0,East,41600.0,2023-07-07
3485,53.0,North,44900.0,88,2018-09-18,1,53.0,North,44900.0,2018-09-18
482,61.0,East,28500.0,34,2019-12-17,1,61.0,East,28500.0,2019-12-17
9214,58.0,North,34000.0,50,28-Oct-2021,1,58.0,North,34000.0,2021-10-28
5636,18.0,East,67300.0,43,2022-01-07,0,18.0,East,67300.0,2022-01-07
1263,52.0,South,37300.0,20,04/23/2017,0,52.0,South,37300.0,2017-04-23
10191,37.0,East,19000.0,84,11-Jan-2020,1,37.0,East,19000.0,2020-01-11
1196,67.0,East,26500.0,84,2016-12-26,1,67.0,East,26500.0,2016-12-26
420,60.0,North,"$53,600",28,"April 22, 2015",1,60.0,North,53600.0,2015-04-22
2074,,East,58400.0,68,"February 29, 2024",1,42.02803042831156,East,58400.0,2024-02-29
7092,20.0,S.,33300.0,25,"May 27, 2015",1,20.0,South,33300.0,2015-05-27
977,56.0,West,59000.0,27,2020-12-21,0,56.0,West,59000.0,2020-12-21
7420,26.0,South,"$18,700",27,20-Oct-2016,0,26.0,South,18700.0,2016-10-20
10154,52.0,North,48500.0,71,2015-02-16,1,52.0,North,48500.0,2015-02-16
3500,50.0,South,69300.0,35,"March 04, 2020",1,50.0,South,69300.0,2020-03-04
628,60.0,East,95500.0,19,26-Aug-2018,0,60.0,East,95500.0,2018-08-26
1425,44.0,North,73300.0,39,11/16/2017,1,44.0,North,73300.0,2017-11-16
5294,74.0,WEST,124000.0,68,06/04/2017,0,74.0,West,124000.0,2017-06-04
5254,61.0,West,67200.0,53,"May 07, 2016",0,61.0,West,67200.0,2016-05-07
84,37.0,East,26200.0,50,01/27/2024,1,37.0,East,26200.0,2024-01-27
1918,55.0,North,107100.0,36,"November 18, 2024",0,55.0,North,107100.0,2024-11-18
7504,41.0, North,78000.0,24,19-Jan-2024,0,41.0,North,78000.0,2024-01-19
4244,32.0,North,28100.0,82,10-Jun-2018,0,32.0,North,28100.0,2018-06-10
2727,30.0,North,60500.0,52,11/03/2024,0,30.0,North,60500.0,2024-11-03
2216,42.0,East,43600.0,71,2018-07-08,1,42.0,East,43600.0,2018-07-08
9764,56.0,West,"$84,400",30,13-Jan-2023,1,56.0,West,84400.0,2023-01-13
8485,43.0,South,59700.0,60,"August 02, 2017",1,43.0,South,59700.0,2017-08-02
412,18.0,North,34500.0,38,2017-08-09,1,18.0,North,34500.0,2017-08-09
7423,49.0,W. ,"$67,600",34,"March 11, 2024",1,49.0,West,67600.0,2024-03-11
4058,51.0,north,26900.0,24,"October 03, 2017",1,51.0,North,26900.0,2017-10-03
3225,45.0,East,"$32,500",14,2021-05-25,0,45.0,East,32500.0,2021-05-25
3204,56.0,East,111200.0,21,2015-06-15,1,56.0,East,111200.0,2015-06-15
9886,,west,21600.0,52,"July 15, 2017",1,42.02803042831156,West,21600.0,2017-07-15
8677,18.0,East,42300.0,8,"December 13, 2024",0,18.0,East,42300.0,2024-12-13
5819,48.0,North,35000.0,23,10-Feb-2024,1,48.0,North,35000.0,2024-02-10
2875,,East,57900.0,58,20-Dec-2022,1,42.02803042831156,East,57900.0,2022-12-20
6452,46.0,SOUTH ,83300.0,13,02/12/2018,0,46.0,South,83300.0,2018-02-12
7913,40.0,North,123000.0,59,2023-02-20,0,40.0,North,123000.0,2023-02-20
6025,25.0,North,15000.0,33,2019-09-16,0,25.0,North,15000.0,2019-09-16
4222,49.0,East,"$39,000",45,2016-01-12,0,49.0,East,39000.0,2016-01-12
3252,41.0,North,,35,"October 04, 2024",1,41.0,North,49400.0,2024-10-04
11541,66.0,East,40200.0,63,17-Feb-2024,0,66.0,East,40200.0,2024-02-17
5967,32.0,East,34700.0,70,13-Dec-2016,1,32.0,East,34700.0,2016-12-13
10249,24.0,east,,73,"April 26, 2021",1,24.0,East,49400.0,2021-04-26
2453,49.0,East,52400.0,24,02/18/2015,1,49.0,East,52400.0,2015-02-18
4259,62.0,West,63900.0,21,20-Jul-2016,0,62.0,West,63900.0,2016-07-20
8889,65.0,South,20200.0,47,"June 12, 2018",0,65.0,South,20200.0,2018-06-12
7855,37.0, East ,35500.0,48,25-Jun-2018,1,37.0,East,35500.0,2018-06-25
4178,46.0,W. ,82300.0,34,10/24/2021,1,46.0,West,82300.0,2021-10-24
5697,45.0,NORTH,82800.0,25,05/20/2018,0,45.0,North,82800.0,2018-05-20
8142,56.0,East,33300.0,33,11/10/2020,1,56.0,East,33300.0,2020-11-10
9455,59.0,North,31500.0,34,2015-01-19,1,59.0,North,31500.0,2015-01-19
1669,46.0,East,110600.0,63,06/23/2015,1,46.0,East,110600.0,2015-06-23
10838,52.0,South,,13,2017-10-23,1,52.0,South,49400.0,2017-10-23
8578,42.0,WEST,"$41,600",57,2022-07-28,1,42.0,West,41600.0,2022-07-28
1118,37.0,North,17200.0,19,25-Dec-2019,0,37.0,North,17200.0,2019-12-25
7853,70.0,SOUTH,60400.0,54,04-Nov-2023,1,70.0,South,60400.0,2023-11-04
2693,41.0,West,74600.0,49,"May 06, 2019",1,41.0,West,74600.0,2019-05-06
9371,52.0,SOUTH,41800.0,12,"March 05, 2019",1,52.0,South,41800.0,2019-03-05
967,39.0,North,75200.0,72,"July 15, 2015",1,39.0,North,75200.0,2015-07-15
5473,48.0,West,59600.0,17,2015-10-28,1,48.0,West,59600.0,2015-10-28
11658,45.0,North,52100.0,13,"December 16, 2015",0,45.0,North,52100.0,2015-12-16
3284,59.0,East,42100.0,1,10/20/2017,1,59.0,East,42100.0,2017-10-20
11684,43.0,North,41200.0,24,"February 02, 2023",1,43.0,North,41200.0,2023-02-02
6350,42.0,North,59300.0,14,24-Mar-2024,1,42.0,North,59300.0,2024-03-24
11090,36.0,South,83200.0,43,2019-04-05,1,36.0,South,83200.0,2019-04-05
10142,53.0,East,64400.0,240,29-Apr-2020,1,53.0,East,64400.0,2020-04-29
7218,37.0,East,40100.0,7,07/18/2017,1,37.0,East,40100.0,2017-07-18
4356,32.0,East,27000.0,49,29-Dec-2019,0,32.0,East,27000.0,2019-12-29
4519,38.0,south ,29900.0,61,07/05/2015,0,38.0,South,29900.0,2015-07-05
2123,31.0,South,57300.0,61,02/09/2023,1,31.0,South,57300.0,2023-02-09
4733,71.0,West,"$15,000",46,04-Mar-2021,1,71.0,West,15000.0,2021-03-04
6827,18.0,SOUTH,148400.0,33,2016-03-31,1,18.0,South,148400.0,2016-03-31
11637,40.0,Unknown,15000.0,24,"December 05, 2016",0,40.0,Unknown,15000.0,2016-12-05
7547,46.0,south ,40300.0,71,2017-07-11,1,46.0,South,40300.0,2017-07-11
4707,47.0, East ,43000.0,79,01/28/2024,0,47.0,East,43000.0,2024-01-28
7656,35.0,West,52300.0,26,24-Jan-2016,1,35.0,West,52300.0,2016-01-24
9252,35.0,East,136400.0,27,01/01/2023,1,35.0,East,136400.0,2023-01-01
2424,36.0,S.,48000.0,3,17-Jan-2022,1,36.0,South,48000.0,2022-01-17
9873,51.0,West,39300.0,55,27-Apr-2021,0,51.0,West,39300.0,2021-04-27
8060,60.0,North,45100.0,11,07-Feb-2021,1,60.0,North,45100.0,2021-02-07
8016,57.0,East,"$71,000",47,01/05/2024,1,57.0,East,71000.0,2024-01-05
421,43.0,West,16900.0,37,24-May-2016,1,43.0,West,16900.0,2016-05-24
9306,43.0,North,60500.0,7,2019-02-03,1,43.0,North,60500.0,2019-02-03
9443,27.0,W. ,,38,2018-09-15,1,27.0,West,49400.0,2018-09-15
1985,32.0,South,"$160,100",34,"February 28, 2024",1,32.0,South,160100.0,2024-02-28
9198,63.0,West,"$61,400",28,"July 13, 2020",0,63.0,West,61400.0,2020-07-13
4559,52.0,North,30400.0,28,07-Nov-2019,1,52.0,North,30400.0,2019-11-07
9315,52.0,East,40700.0,3,"December 07, 2023",1,52.0,East,40700.0,2023-12-07
725,30.0,South,"$50,700",41,2020-02-13,1,30.0,South,50700.0,2020-02-13
10683,42.0,NORTH,80500.0,27,25-Feb-2017,1,42.0,North,80500.0,2017-02-25
9693,50.0,East,22900.0,27,2022-09-26,0,50.0,East,22900.0,2022-09-26
8106,20.0,West,159900.0,85,06/05/2015,1,20.0,West,159900.0,2015-06-05
8625,28.0,North,33600.0,52,18-Aug-2019,0,28.0,North,33600.0,2019-08-18
107,30.0,East,27100.0,13,08-Oct-2022,0,30.0,East,27100.0,2022-10-08
11791,34.0,East,"$89,300",55,07/22/2017,1,34.0,East,89300.0,2017-07-22
4414,32.0,East,43500.0,26,2016-12-15,1,32.0,East,43500.0,2016-12-15
2621,33.0,South,36000.0,24,2017-08-22,1,33.0,South,36000.0,2017-08-22
10691,58.0,south ,50900.0,54,03/14/2017,1,58.0,South,50900.0,2017-03-14
6786,28.0,South,36900.0,39,2020-08-11,0,28.0,South,36900.0,2020-08-11
9566,39.0,north,63900.0,76,09/28/2023,1,39.0,North,63900.0,2023-09-28
7168,44.0,East,100400.0,68,"December 08, 2022",1,44.0,East,100400.0,2022-12-08
5437,34.0,South,43700.0,39,2019-09-28,1,34.0,South,43700.0,2019-09-28
11208,52.0,E.,140700.0,52,"April 04, 2019",1,52.0,East,140700.0,2019-04-04
7246,48.0,South,62200.0,48,2018-02-19,1,48.0,South,62200.0,2018-02-19
10848,46.0,East,"$58,200",19,10/17/2015,1,46.0,East,58200.0,2015-10-17
1079,34.0,West,98700.0,34,"March 06, 2015",1,34.0,West,98700.0,2015-03-06
3533,59.0,East,"$95,100",2,11/20/2017,1,59.0,East,95100.0,2017-11-20
6726,18.0,South,66800.0,52,15-Nov-2019,1,18.0,South,66800.0,2019-11-15
9806,23.0,North,30700.0,14,"June 29, 2017",0,23.0,North,30700.0,2017-06-29
5323,33.0,West,39700.0,22,18-Oct-2016,1,33.0,West,39700.0,2016-10-18
11519,47.0,North,53300.0,51,,1,47.0,North,53300.0,
11884,70.0,East,59100.0,26,01-Jul-2021,0,70.0,East,59100.0,2021-07-01
1423,47.0, North,91300.0,40,2022-09-30,1,47.0,North,91300.0,2022-09-30
294,18.0,east,48700.0,40,2022-02-07,1,18.0,East,48700.0,2022-02-07
8686,45.0,South,33700.0,26,08/11/2020,1,45.0,South,33700.0,2020-08-11
596,36.0, North,16800.0,23,2021-12-07,1,36.0,North,16800.0,2021-12-07
8756,36.0,NORTH,150400.0,44,03/20/2016,1,36.0,North,150400.0,2016-03-20
6883,52.0,West,77100.0,44,17-Jan-2021,0,52.0,West,77100.0,2021-01-17
5103,56.0,North,48800.0,16,08/29/2016,1,56.0,North,48800.0,2016-08-29
7638,51.0, North,30900.0,79,31-May-2019,0,51.0,North,30900.0,2019-05-31
4600,67.0,North,30600.0,37,26-Mar-2018,1,67.0,North,30600.0,2018-03-26
3590,35.0,South,48300.0,12,01-Aug-2024,1,35.0,South,48300.0,2024-08-01
1389,46.0,South,78400.0,13,"April 09, 2017",0,46.0,South,78400.0,2017-04-09
712,51.0,North,"$34,400",27,01/31/2015,1,51.0,North,34400.0,2015-01-31
7804,24.0,South,125900.0,36,"June 26, 2024",1,24.0,South,125900.0,2024-06-26
6113,44.0,South,52300.0,52,2020-02-15,1,44.0,South,52300.0,2020-02-15
10762,44.0,WEST,47800.0,5,08/29/2021,1,44.0,West,47800.0,2021-08-29
1091,34.0,West,63800.0,66,,1,34.0,West,63800.0,
2037,36.0,North,23700.0,133,18-Feb-2016,0,36.0,North,23700.0,2016-02-18
6896,31.0,N.,80100.0,65,2017-04-24,1,31.0,North,80100.0,2017-04-24
5445,57.0,,28000.0,41,"March 25, 2024",1,57.0,Unknown,28000.0,2024-03-25
2984,45.0,West,86000.0,11,08/08/2024,0,45.0,West,86000.0,2024-08-08
9318,35.0,S.,28000.0,31,"October 10, 2023",1,35.0,South,28000.0,2023-10-10
6229,33.0,North,53700.0,48,2016-03-01,1,33.0,North,53700.0,2016-03-01
11018,40.0,South,77900.0,13,15-Jun-2023,1,40.0,South,77900.0,2023-06-15
3474,49.0,West,"$29,500",47,01/06/2023,1,49.0,West,29500.0,2023-01-06
10740,26.0,East,42500.0,19,09/25/2022,1,26.0,East,42500.0,2022-09-25
7440,57.0,South,32400.0,7,2015-12-16,1,57.0,South,32400.0,2015-12-16
4778,25.0,north,95100.0,12,01/21/2020,1,25.0,North,95100.0,2020-01-21
10603,45.0,East,45700.0,28,2021-08-30,1,45.0,East,45700.0,2021-08-30
7516,40.0,East,69200.0,57,"June 18, 2024",0,40.0,East,69200.0,2024-06-18
9183,56.0,West,69800.0,2,"February 11, 2018",0,56.0,West,69800.0,2018-02-11
4150,19.0,SOUTH,23900.0,27,2021-02-01,0,19.0,South,23900.0,2021-02-01
1305,39.0,East,29300.0,108,2021-12-15,1,39.0,East,29300.0,2021-12-15
5003,33.0, North,51800.0,45,"March 09, 2016",0,33.0,North,51800.0,2016-03-09
2977,32.0,SOUTH,56800.0,43,"October 05, 2015",1,32.0,South,56800.0,2015-10-05
7372,50.0,South,46700.0,70,27-Jul-2024,1,50.0,South,46700.0,2024-07-27
9967,49.0,W. ,78200.0,4,28-Dec-2016,0,49.0,West,78200.0,2016-12-28
3343,64.0,North,24000.0,14,05-Mar-2021,1,64.0,North,24000.0,2021-03-05
6310,23.0,west,"$70,500",15,09/19/2024,1,23.0,West,70500.0,2024-09-19
9048,85.0,East,63300.0,18,06/27/2018,0,85.0,East,63300.0,2018-06-27
139,68.0,SOUTH,44100.0,22,2022-10-03,1,68.0,South,44100.0,2022-10-03
4902,43.0,South,47400.0,29,2020-02-18,1,43.0,South,47400.0,2020-02-18
11437,49.0,SOUTH,58000.0,11,"March 09, 2019",0,49.0,South,58000.0,2019-03-09
11639,51.0,E.,45500.0,19,2024-07-21,0,51.0,East,45500.0,2024-07-21
10499,69.0,East,104400.0,50,2016-03-21,1,69.0,East,104400.0,2016-03-21
6501,58.0,north,73200.0,25,2016-12-09,1,58.0,North,73200.0,2016-12-09
4077,18.0,North,39200.0,13,07/31/2023,1,18.0,North,39200.0,2023-07-31
7566,23.0,east,33000.0,16,2021-07-07,1,23.0,East,33000.0,2021-07-07
6938,,North,42100.0,19,04-Apr-2023,1,42.02803042831156,North,42100.0,2023-04-04
9968,39.0,West,22300.0,9,2024-03-20,1,39.0,West,22300.0,2024-03-20
11138,38.0, East ,44800.0,4,2024-01-02,1,38.0,East,44800.0,2024-01-02
6718,,East,82300.0,9,"October 28, 2024",1,42.02803042831156,East,82300.0,2024-10-28
3725,41.0,East,37700.0,61,"March 22, 2021",0,41.0,East,37700.0,2021-03-22
975,29.0,West,22700.0,21,07/24/2024,1,29.0,West,22700.0,2024-07-24
11452,31.0,North,20900.0,94,01/21/2023,0,31.0,North,20900.0,2023-01-21
3530,41.0,East,"$44,700",32,2019-11-05,1,41.0,East,44700.0,2019-11-05
10012,39.0,south ,19300.0,24,2023-01-25,1,39.0,South,19300.0,2023-01-25
4884,38.0,West,42200.0,29,26-Apr-2015,0,38.0,West,42200.0,2015-04-26
5778,44.0,South,55500.0,30,25-Jun-2023,1,44.0,South,55500.0,2023-06-25
2871,18.0,North,18900.0,10,04/07/2020,1,18.0,North,18900.0,2020-04-07
3797,,North,30900.0,20,"March 22, 2017",0,42.02803042831156,North,30900.0,2017-03-22
11858,44.0,North,42400.0,14,2018-11-29,1,44.0,North,42400.0,2018-11-29
5551,51.0,North,75200.0,48,2022-08-05,1,51.0,North,75200.0,2022-08-05
3831,29.0,E.,46600.0,34,22-Mar-2023,0,29.0,East,46600.0,2023-03-22
2625,35.0,South,"$51,800",36,"May 12, 2016",1,35.0,South,51800.0,2016-05-12
6382,30.0,North,"$29,900",15,"October 01, 2021",1,30.0,North,29900.0,2021-10-01
3613,34.0,East,39500.0,48,04-Dec-2024,1,34.0,East,39500.0,2024-12-04
7532,34.0,East,"$66,300",24,21-Mar-2019,0,34.0,East,66300.0,2019-03-21
888,36.0,East,34300.0,35,07-May-2024,1,36.0,East,34300.0,2024-05-07
5336,28.0,West,40500.0,102,15-Oct-2015,1,28.0,West,40500.0,2015-10-15
2942,58.0,West,"$29,300",67,"June 11, 2016",1,58.0,West,29300.0,2016-06-11
4486,34.0,S.,37600.0,21,"December 21, 2024",1,34.0,South,37600.0,2024-12-21
8843,35.0,N.,78700.0,31,2023-11-01,1,35.0,North,78700.0,2023-11-01
90,48.0,North,22000.0,24,08/09/2023,1,48.0,North,22000.0,2023-08-09
10293,55.0,W. ,59200.0,47,"March 23, 2023",1,55.0,West,59200.0,2023-03-23
6445,42.0,West,95700.0,9,01/02/2018,1,42.0,West,95700.0,2018-01-02
8791,22.0,WEST,"$40,000",35,02/13/2019,1,22.0,West,40000.0,2019-02-13
7751,33.0,north,80100.0,11,2015-09-22,1,33.0,North,80100.0,2015-09-22
3732,51.0,South,53900.0,22,2017-09-13,1,51.0,South,53900.0,2017-09-13
8663,44.0,North,28800.0,15,13-Sep-2022,1,44.0,North,28800.0,2022-09-13
10047,56.0,East,83500.0,17,2015-12-31,0,56.0,East,83500.0,2015-12-31
10311,40.0,East,41100.0,6,2017-10-26,1,40.0,East,41100.0,2017-10-26
1173,40.0,South,33500.0,43,11-Jan-2021,0,40.0,South,33500.0,2021-01-11
1164,22.0,South,54300.0,38,2023-05-10,1,22.0,South,54300.0,2023-05-10
2230,46.0,North,39400.0,67,2016-01-23,0,46.0,North,39400.0,2016-01-23
8748,47.0,North,93400.0,35,11/08/2023,1,47.0,North,93400.0,2023-11-08
386,32.0,North,66200.0,15,05-May-2018,0,32.0,North,66200.0,2018-05-05
2551,20.0,North,40500.0,69,2016-03-20,0,20.0,North,40500.0,2016-03-20
5872,74.0,south ,51300.0,37,19-Nov-2017,0,74.0,South,51300.0,2017-11-19
10713,55.0,North,59300.0,6,"December 02, 2016",0,55.0,North,59300.0,2016-12-02
11958,36.0,N.,81000.0,20,"October 22, 2020",0,36.0,North,81000.0,2020-10-22
6527,54.0,East,69700.0,20,"September 07, 2019",0,54.0,East,69700.0,2019-09-07
1757,64.0,North,61100.0,34,2019-07-05,0,64.0,North,61100.0,2019-07-05
6911,50.0,south ,176200.0,33,2023-01-27,1,50.0,South,176200.0,2023-01-27
10271,36.0,South,40700.0,89,03/05/2015,1,36.0,South,40700.0,2015-03-05
4121,34.0,East,19900.0,47,"August 30, 2017",1,34.0,East,19900.0,2017-08-30
5813,49.0,North,"$52,400",66,10-Dec-2020,0,49.0,North,52400.0,2020-12-10
1397,50.0,east,16100.0,39,01/30/2020,1,50.0,East,16100.0,2020-01-30
2898,43.0,North,29000.0,17,09-Dec-2016,1,43.0,North,29000.0,2016-12-09
10113,40.0,North,48200.0,55,"July 14, 2022",1,40.0,North,48200.0,2022-07-14
3830,27.0,NORTH,61800.0,47,14-Dec-2017,1,27.0,North,61800.0,2017-12-14
1926,26.0,East,63300.0,45,30-May-2015,1,26.0,East,63300.0,2015-05-30
9091,26.0,East,40200.0,25,16-May-2020,1,26.0,East,40200.0,2020-05-16
8214,29.0,East,34200.0,30,"October 09, 2024",0,29.0,East,34200.0,2024-10-09
9372,40.0,North,47900.0,29,2023-12-17,1,40.0,North,47900.0,2023-12-17
2134,46.0,East,105100.0,5,"July 12, 2019",0,46.0,East,105100.0,2019-07-12
10929,42.0,North,27500.0,22,"August 29, 2020",0,42.0,North,27500.0,2020-08-29
952,48.0,East,39800.0,24,19-Sep-2023,1,48.0,East,39800.0,2023-09-19
10297,37.0,north,60400.0,18,"December 15, 2024",0,37.0,North,60400.0,2024-12-15
7680,32.0,north,26100.0,34,"January 28, 2022",0,32.0,North,26100.0,2022-01-28
3834,32.0,S.,34000.0,22,2017-11-25,0,32.0,South,34000.0,2017-11-25
1038,35.0,E.,32600.0,12,,1,35.0,East,32600.0,
3741,21.0,West,37000.0,27,10/28/2015,1,21.0,West,37000.0,2015-10-28
1577,,South,37100.0,69,29-Dec-2016,1,42.02803042831156,South,37100.0,2016-12-29
8834,61.0,NORTH,"$73,900",55,"June 24, 2015",1,61.0,North,73900.0,2015-06-24
10635,42.0,West,15000.0,71,10-Aug-2023,1,42.0,West,15000.0,2023-08-10
2979,34.0, East ,58100.0,10,11-Jul-2017,1,34.0,East,58100.0,2017-07-11
7556,44.0,North,48800.0,45,03/05/2018,0,44.0,North,48800.0,2018-03-05
2607,29.0,West,,15,"August 13, 2018",0,29.0,West,49400.0,2018-08-13
11335,39.0,South,"$61,200",11,03-Dec-2024,1,39.0,South,61200.0,2024-12-03
1751,32.0,South,"$56,700",22,08/16/2020,0,32.0,South,56700.0,2020-08-16
3002,51.0,South,79300.0,48,2022-09-02,1,51.0,South,79300.0,2022-09-02
2371,28.0,W. ,22900.0,33,14-Apr-2019,1,28.0,West,22900.0,2019-04-14
7697,34.0,West,35600.0,36,14-Sep-2020,1,34.0,West,35600.0,2020-09-14
8061,37.0,South,51600.0,11,01/01/2022,1,37.0,South,51600.0,2022-01-01
7131,42.0,East,15000.0,41,09/26/2024,1,42.0,East,15000.0,2024-09-26
4326,36.0,West,39900.0,53,"May 14, 2015",1,36.0,West,39900.0,2015-05-14
8175,48.0,north,74500.0,7,12/05/2016,1,48.0,North,74500.0,2016-12-05
8033,49.0,South,25400.0,20,"June 30, 2021",1,49.0,South,25400.0,2021-06-30
8633,32.0,West,83100.0,75,2021-07-27,1,32.0,West,83100.0,2021-07-27
2152,52.0,East,15000.0,14,01/28/2021,1,52.0,East,15000.0,2021-01-28
1516,45.0,north,16000.0,36,2019-02-20,1,45.0,North,16000.0,2019-02-20
5293,46.0,North,121500.0,44,12-Jul-2015,1,46.0,North,121500.0,2015-07-12
5932,,W. ,62600.0,20,"January 24, 2022",1,42.02803042831156,West,62600.0,2022-01-24
5757,31.0,East,64000.0,92,06-Apr-2017,1,31.0,East,64000.0,2017-04-06
6730,20.0,East,95700.0,32,08/30/2019,0,20.0,East,95700.0,2019-08-30
103,37.0,North,25400.0,23,08/13/2016,1,37.0,North,25400.0,2016-08-13
6955,39.0,W. ,74200.0,62,17-Feb-2018,1,39.0,West,74200.0,2018-02-17
1653,49.0,East,37600.0,37,2017-02-24,1,49.0,East,37600.0,2017-02-24
7244,18.0,South,59200.0,42,"June 05, 2017",0,18.0,South,59200.0,2017-06-05
405,49.0,East,51800.0,17,"November 20, 2015",1,49.0,East,51800.0,2015-11-20
7024,52.0,West,73100.0,23,"October 11, 2022",1,52.0,West,73100.0,2022-10-11
11210,55.0,W. ,41900.0,4,"November 02, 2016",0,55.0,West,41900.0,2016-11-02
2657,45.0,East,123300.0,6,"January 28, 2024",0,45.0,East,123300.0,2024-01-28
6054,68.0,east,44900.0,2,08/25/2017,1,68.0,East,44900.0,2017-08-25
9169,57.0,SOUTH,30800.0,50,09-Oct-2022,1,57.0,South,30800.0,2022-10-09
10206,32.0,North,40500.0,13,03-Dec-2024,1,32.0,North,40500.0,2024-12-03
9547,55.0,SOUTH,127100.0,6,23-Sep-2022,1,55.0,South,127100.0,2022-09-23
651,66.0,East,47800.0,23,"January 13, 2019",1,66.0,East,47800.0,2019-01-13
9380,45.0,East,40100.0,53,20-Mar-2018,1,45.0,East,40100.0,2018-03-20
3392,20.0,South,81600.0,20,06/25/2019,1,20.0,South,81600.0,2019-06-25
7506,33.0,West,55100.0,83,07/03/2022,1,33.0,West,55100.0,2022-07-03
9651,63.0,E.,76700.0,45,2019-06-23,1,63.0,East,76700.0,2019-06-23
11886,56.0,N.,65300.0,17,"March 30, 2022",1,56.0,North,65300.0,2022-03-30
572,41.0,South,60400.0,35,25-Aug-2021,0,41.0,South,60400.0,2021-08-25
5469,47.0,E.,"$117,300",8,12/19/2017,0,47.0,East,117300.0,2017-12-19
9569,50.0,East,20200.0,15,"October 06, 2016",1,50.0,East,20200.0,2016-10-06
2628,61.0,E.,142400.0,40,2024-05-31,1,61.0,East,142400.0,2024-05-31
2914,18.0,West,81300.0,51,25-Jun-2023,1,18.0,West,81300.0,2023-06-25
222,,North,"$83,600",33,08/24/2016,1,42.02803042831156,North,83600.0,2016-08-24
10851,56.0,East,47600.0,56,07/08/2022,1,56.0,East,47600.0,2022-07-08
2008,28.0,south ,71900.0,22,16-Apr-2016,1,28.0,South,71900.0,2016-04-16
3912,73.0,North,"$69,300",87,2016-12-14,0,73.0,North,69300.0,2016-12-14
3929,23.0,north,39600.0,21,29-Oct-2015,1,23.0,North,39600.0,2015-10-29
1300,29.0, East ,37200.0,11,13-Feb-2024,1,29.0,East,37200.0,2024-02-13
3675,24.0,,29600.0,35,2023-12-11,1,24.0,Unknown,29600.0,2023-12-11
3189,37.0,East,96900.0,41,2017-05-18,1,37.0,East,96900.0,2017-05-18
7240,38.0,North,95400.0,6,11/15/2024,1,38.0,North,95400.0,2024-11-15
9248,40.0,North,"$65,000",58,2023-11-18,0,40.0,North,65000.0,2023-11-18
8877,45.0,North,86200.0,44,12/27/2015,1,45.0,North,86200.0,2015-12-27
8836,21.0,West,74700.0,28,2015-10-13,0,21.0,West,74700.0,2015-10-13
9661,41.0,East,170800.0,12,"December 08, 2023",1,41.0,East,170800.0,2023-12-08
4274,66.0,South,52000.0,60,2017-05-01,1,66.0,South,52000.0,2017-05-01
8461,35.0,North,39100.0,68,2020-04-16,1,35.0,North,39100.0,2020-04-16
5503,28.0,East,101100.0,19,"February 10, 2024",1,28.0,East,101100.0,2024-02-10
9344,33.0,North,,80,2021-11-16,1,33.0,North,49400.0,2021-11-16
445,38.0,West,"$25,200",75,2020-05-27,1,38.0,West,25200.0,2020-05-27
4853,68.0,East,,19,2018-02-06,1,68.0,East,49400.0,2018-02-06
3670,44.0,South,69600.0,30,"December 25, 2023",1,44.0,South,69600.0,2023-12-25
9359,47.0,South,66300.0,79,2021-12-29,1,47.0,South,66300.0,2021-12-29
7089,53.0,E.,"$28,100",88,2016-09-10,1,53.0,East,28100.0,2016-09-10
9733,26.0,North,109100.0,65,"January 25, 2021",1,26.0,North,109100.0,2021-01-25
9416,29.0,SOUTH,97000.0,19,"February 19, 2018",0,29.0,South,97000.0,2018-02-19
2672,61.0,East,29900.0,2,08-Jun-2023,1,61.0,East,29900.0,2023-06-08
2654,31.0,North,33400.0,67,2023-08-02,1,31.0,North,33400.0,2023-08-02
6638,45.0,West,57500.0,42,"June 03, 2021",0,45.0,West,57500.0,2021-06-03
4229,33.0,North,42200.0,10,"July 17, 2016",1,33.0,North,42200.0,2016-07-17
1381,58.0,South,54100.0,51,2017-09-12,1,58.0,South,54100.0,2017-09-12
8481,39.0,West,27100.0,30,"July 01, 2021",0,39.0,West,27100.0,2021-07-01
4062,56.0,west,75300.0,20,09-Apr-2020,0,56.0,West,75300.0,2020-04-09
10396,35.0,West,35600.0,87,09/18/2015,1,35.0,West,35600.0,2015-09-18
1133,33.0,South,69400.0,29,"November 11, 2024",0,33.0,South,69400.0,2024-11-11
8454,49.0,North,57400.0,45,"April 26, 2017",1,49.0,North,57400.0,2017-04-26
2828,67.0,South,"$37,600",24,2023-02-11,0,67.0,South,37600.0,2023-02-11
3281,65.0,W. ,35500.0,71,2024-05-12,1,65.0,West,35500.0,2024-05-12
9235,48.0,South,31100.0,29,"May 08, 2015",1,48.0,South,31100.0,2015-05-08
1911,32.0,West,64300.0,53,31-Jul-2015,0,32.0,West,64300.0,2015-07-31
11141,37.0,North,"$31,600",35,"October 20, 2021",1,37.0,North,31600.0,2021-10-20
6278,63.0,NORTH,30400.0,37,2020-02-13,1,63.0,North,30400.0,2020-02-13
2360,62.0,SOUTH,145800.0,23,"March 17, 2021",1,62.0,South,145800.0,2021-03-17
7486,46.0,East,77400.0,83,02/03/2021,1,46.0,East,77400.0,2021-02-03
8436,53.0,North,38700.0,32,07-Aug-2016,1,53.0,North,38700.0,2016-08-07
9662,44.0,South,66000.0,17,11-Feb-2019,1,44.0,South,66000.0,2019-02-11
387,48.0,East,88600.0,34,06/06/2024,1,48.0,East,88600.0,2024-06-06
3691,51.0,South,"$31,100",12,21-Jan-2019,1,51.0,South,31100.0,2019-01-21
10004,38.0,South,36400.0,45,01/26/2024,1,38.0,South,36400.0,2024-01-26
7304,40.0,North,"$64,900",34,2020-12-24,1,40.0,North,64900.0,2020-12-24
10182,41.0,,26600.0,83,01/26/2021,1,41.0,Unknown,26600.0,2021-01-26
6059,39.0,East,21500.0,3,11/05/2017,0,39.0,East,21500.0,2017-11-05
5656,40.0,South,39100.0,41,09/05/2021,0,40.0,South,39100.0,2021-09-05
3470,54.0,W. ,43300.0,50,"September 15, 2020",0,54.0,West,43300.0,2020-09-15
10421,50.0,West,63000.0,22,2023-07-02,0,50.0,West,63000.0,2023-07-02
4745,40.0,west,25700.0,29,"April 24, 2022",1,40.0,West,25700.0,2022-04-24
9671,27.0,North,35000.0,66,10/08/2019,1,27.0,North,35000.0,2019-10-08
614,48.0,North,46900.0,38,02/10/2022,0,48.0,North,46900.0,2022-02-10
9071,53.0,North,103200.0,5,"January 04, 2023",1,53.0,North,103200.0,2023-01-04
3245,48.0,North,44100.0,39,10-Mar-2020,0,48.0,North,44100.0,2020-03-10
10749,23.0,North,"$42,400",19,18-Jul-2015,1,23.0,North,42400.0,2015-07-18
6681,50.0,SOUTH,52700.0,46,2020-09-19,0,50.0,South,52700.0,2020-09-19
2781,62.0,West,21500.0,6,18-May-2020,0,62.0,West,21500.0,2020-05-18
9570,39.0,E.,"$30,000",61,14-Oct-2015,1,39.0,East,30000.0,2015-10-14
8855,67.0,South,46500.0,32,15-Feb-2022,1,67.0,South,46500.0,2022-02-15
3086,52.0,North,59500.0,79,15-May-2021,1,52.0,North,59500.0,2021-05-15
9683,42.0,East,72200.0,23,07/26/2020,0,42.0,East,72200.0,2020-07-26
5955,39.0,East,"$219,200",80,"August 09, 2023",1,39.0,East,219200.0,2023-08-09
9215,24.0,WEST,66100.0,49,2020-06-26,1,24.0,West,66100.0,2020-06-26
8523,42.0,east,58400.0,112,"November 11, 2021",0,42.0,East,58400.0,2021-11-11
9970,55.0,West,65600.0,115,04/17/2020,1,55.0,West,65600.0,2020-04-17
759,50.0,South,70300.0,34,2018-01-14,1,50.0,South,70300.0,2018-01-14
5584,28.0, East ,94600.0,54,"August 28, 2021",0,28.0,East,94600.0,2021-08-28
1760,43.0,East,66500.0,12,03/10/2024,0,43.0,East,66500.0,2024-03-10
58,61.0,South,44700.0,70,"June 07, 2017",0,61.0,South,44700.0,2017-06-07
11077,73.0,East,56600.0,56,18-Aug-2024,0,73.0,East,56600.0,2024-08-18
7770,41.0,West,89300.0,64,2015-10-25,1,41.0,West,89300.0,2015-10-25
163,70.0,South,36600.0,8,"September 19, 2019",1,70.0,South,36600.0,2019-09-19
4586,48.0,East,30300.0,45,02/25/2021,1,48.0,East,30300.0,2021-02-25
11885,59.0,East,43900.0,3,18-Oct-2017,0,59.0,East,43900.0,2017-10-18
2584,46.0,south ,81000.0,12,2019-12-17,1,46.0,South,81000.0,2019-12-17
7428,38.0,West,28400.0,69,"May 28, 2021",0,38.0,West,28400.0,2021-05-28
198,37.0,East,39500.0,57,31-Dec-2018,0,37.0,East,39500.0,2018-12-31
1297,,South,36100.0,41,"May 28, 2021",1,42.02803042831156,South,36100.0,2021-05-28
268,47.0,South,31200.0,8,06/18/2017,1,47.0,South,31200.0,2017-06-18
11269,,South,60400.0,44,29-Sep-2015,0,42.02803042831156,South,60400.0,2015-09-29
5715,22.0,East,86100.0,30,"November 01, 2023",1,22.0,East,86100.0,2023-11-01
7628,20.0,East,35300.0,51,28-May-2020,1,20.0,East,35300.0,2020-05-28
10834,36.0,West,70100.0,19,"September 19, 2023",1,36.0,West,70100.0,2023-09-19
742,57.0,WEST,93100.0,17,2023-09-15,0,57.0,West,93100.0,2023-09-15
25,36.0,East,61700.0,6,2023-05-27,1,36.0,East,61700.0,2023-05-27
1684,58.0,North,"$61,700",9,2021-02-17,1,58.0,North,61700.0,2021-02-17
4495,46.0,North,36000.0,36,05-Feb-2021,1,46.0,North,36000.0,2021-02-05
7401,44.0,North,41100.0,15,08-Sep-2022,0,44.0,North,41100.0,2022-09-08
2750,52.0,WEST,19900.0,51,04-Oct-2020,1,52.0,West,19900.0,2020-10-04
8724,38.0,North,87900.0,74,2016-05-29,0,38.0,North,87900.0,2016-05-29
10765,49.0,East,32500.0,43,2018-12-11,1,49.0,East,32500.0,2018-12-11
1228,35.0,North,81100.0,59,16-Jun-2017,1,35.0,North,81100.0,2017-06-16
2040,46.0, East ,34600.0,10,27-May-2020,0,46.0,East,34600.0,2020-05-27
2952,52.0,North,29900.0,37,2018-09-25,1,52.0,North,29900.0,2018-09-25
1609,39.0,South,107200.0,22,"March 06, 2023",1,39.0,South,107200.0,2023-03-06
2681,58.0,South,28800.0,57,25-Dec-2016,0,58.0,South,28800.0,2016-12-25
4078,36.0,West,19900.0,69,17-Jun-2021,1,36.0,West,19900.0,2021-06-17
9594,42.0,SOUTH,38200.0,22,07/01/2016,1,42.0,South,38200.0,2016-07-01
1051,26.0,west,21300.0,63,26-Dec-2023,1,26.0,West,21300.0,2023-12-26
1884,43.0,east,24000.0,15,2016-04-11,1,43.0,East,24000.0,2016-04-11
5626,58.0,South,22200.0,31,12/24/2015,1,58.0,South,22200.0,2015-12-24
3771,36.0,West,24500.0,23,25-Oct-2016,1,36.0,West,24500.0,2016-10-25
1322,35.0,West,"$128,700",7,2020-11-16,1,35.0,West,128700.0,2020-11-16
4406,59.0,East,"$113,500",31,2022-02-07,1,59.0,East,113500.0,2022-02-07
8995,42.0,west,50600.0,67,09/24/2018,0,42.0,West,50600.0,2018-09-24
3112,58.0,West,91700.0,35,"September 26, 2020",1,58.0,West,91700.0,2020-09-26
3898,65.0,North,33400.0,10,2023-11-07,1,65.0,North,33400.0,2023-11-07
2124,43.0,East,44300.0,7,"June 18, 2016",1,43.0,East,44300.0,2016-06-18
10643,31.0,south ,42500.0,52,15-Feb-2017,1,31.0,South,42500.0,2017-02-15
4238,45.0,North,60000.0,28,2024-03-20,1,45.0,North,60000.0,2024-03-20
7873,42.0,south ,29600.0,70,2018-01-01,1,42.0,South,29600.0,2018-01-01
4031,26.0,South,83700.0,17,10/21/2016,1,26.0,South,83700.0,2016-10-21
8636,45.0,South,"$63,100",31,12-Dec-2018,1,45.0,South,63100.0,2018-12-12
422,31.0,WEST,61000.0,61,04/08/2024,1,31.0,West,61000.0,2024-04-08
5744,50.0,North,34500.0,36,2024-04-18,1,50.0,North,34500.0,2024-04-18
698,29.0,S.,41600.0,20,10/29/2019,1,29.0,South,41600.0,2019-10-29
2794,35.0, North,47600.0,37,"March 05, 2018",1,35.0,North,47600.0,2018-03-05
7828,40.0,East,17600.0,70,2021-04-13,1,40.0,East,17600.0,2021-04-13
11080,56.0,North,108300.0,79,22-Oct-2020,0,56.0,North,108300.0,2020-10-22
6942,18.0,North,21900.0,25,01/29/2015,0,18.0,North,21900.0,2015-01-29
8398,48.0,North,48800.0,35,2021-04-27,1,48.0,North,48800.0,2021-04-27
6867,34.0,East,58500.0,129,19-Aug-2017,1,34.0,East,58500.0,2017-08-19
1769,30.0,West,81700.0,32,20-Oct-2020,0,30.0,West,81700.0,2020-10-20
11040,42.0,West,40000.0,63,12/03/2017,1,42.0,West,40000.0,2017-12-03
7553,44.0,North,40800.0,46,27-Feb-2021,1,44.0,North,40800.0,2021-02-27
10571,56.0, North,30600.0,60,22-Aug-2017,1,56.0,North,30600.0,2017-08-22
11158,36.0,N.,58400.0,32,10-Jun-2022,1,36.0,North,58400.0,2022-06-10
8689,37.0,East,125000.0,55,2017-08-26,1,37.0,East,125000.0,2017-08-26
2685,23.0,north,55400.0,39,"February 13, 2023",1,23.0,North,55400.0,2023-02-13
2114,45.0,East,36600.0,42,06-Oct-2015,1,45.0,East,36600.0,2015-10-06
5286,47.0,SOUTH,44700.0,21,2024-08-01,0,47.0,South,44700.0,2024-08-01
10688,36.0,East,41700.0,114,2023-08-29,0,36.0,East,41700.0,2023-08-29
7224,40.0,east,54800.0,6,2023-01-24,1,40.0,East,54800.0,2023-01-24
10232,43.0,West,,17,12/14/2018,1,43.0,West,49400.0,2018-12-14
10482,46.0,North,"$99,100",19,"December 15, 2023",1,46.0,North,99100.0,2023-12-15
4134,41.0,North,"$23,700",17,02/13/2022,0,41.0,North,23700.0,2022-02-13
10605,41.0,WEST,77100.0,42,13-Jul-2023,1,41.0,West,77100.0,2023-07-13
2349,62.0,North,70800.0,29,"April 14, 2022",0,62.0,North,70800.0,2022-04-14
1149,55.0,West,"$36,100",23,10/22/2024,1,55.0,West,36100.0,2024-10-22
7127,37.0,West,20100.0,24,"March 11, 2016",0,37.0,West,20100.0,2016-03-11
9972,56.0,West,76700.0,86,"November 17, 2023",0,56.0,West,76700.0,2023-11-17
6399,29.0,West,18200.0,18,"February 08, 2024",0,29.0,West,18200.0,2024-02-08
7049,46.0,West,49200.0,71,11-Sep-2022,1,46.0,West,49200.0,2022-09-11
9059,40.0,W. ,60000.0,69,"October 20, 2020",1,40.0,West,60000.0,2020-10-20
344,47.0,South,24100.0,116,06-Apr-2020,1,47.0,South,24100.0,2020-04-06
1625,45.0,W. ,75000.0,16,28-Oct-2022,1,45.0,West,75000.0,2022-10-28
8415,51.0,West,34300.0,57,"September 04, 2018",0,51.0,West,34300.0,2018-09-04
963,29.0,East,57100.0,21,10/03/2015,0,29.0,East,57100.0,2015-10-03
8150,50.0,WEST,130700.0,39,"May 04, 2021",1,50.0,West,130700.0,2021-05-04
7775,41.0,WEST,"$78,400",10,03/05/2024,0,41.0,West,78400.0,2024-03-05
1257,52.0,East,"$71,300",24,11/27/2018,1,52.0,East,71300.0,2018-11-27
9775,39.0,South,49100.0,29,07/12/2024,1,39.0,South,49100.0,2024-07-12
5702,57.0,East,137000.0,28,11/02/2016,1,57.0,East,137000.0,2016-11-02
2856,62.0,EAST,55000.0,19,10/19/2016,0,62.0,East,55000.0,2016-10-19
8627,35.0,North,50500.0,88,11/02/2021,1,35.0,North,50500.0,2021-11-02
7223,49.0,North,54600.0,19,2017-01-14,0,49.0,North,54600.0,2017-01-14
9089,20.0,West,"$19,200",36,27-May-2022,0,20.0,West,19200.0,2022-05-27
10525,,NORTH,43800.0,7,2016-07-11,1,42.02803042831156,North,43800.0,2016-07-11
4646,31.0,W. ,35700.0,26,05/09/2015,0,31.0,West,35700.0,2015-05-09
3813,35.0,S.,123600.0,9,"January 11, 2020",1,35.0,South,123600.0,2020-01-11
11705,49.0,North,60600.0,56,06/01/2024,1,49.0,North,60600.0,2024-06-01
6313,43.0,,"$135,500",37,"November 16, 2016",1,43.0,Unknown,135500.0,2016-11-16
6741,24.0,South,44100.0,34,"November 24, 2017",0,24.0,South,44100.0,2017-11-24
193,37.0, East ,32500.0,13,2015-11-19,1,37.0,East,32500.0,2015-11-19
748,49.0,North,"$51,700",76,11/20/2017,1,49.0,North,51700.0,2017-11-20
5690,30.0,North,58600.0,56,2016-08-11,1,30.0,North,58600.0,2016-08-11
4022,47.0,South,37100.0,32,25-Aug-2024,1,47.0,South,37100.0,2024-08-25
1994,55.0,West,29600.0,35,2020-12-23,1,55.0,West,29600.0,2020-12-23
9983,29.0,West,72200.0,90,16-Jan-2017,1,29.0,West,72200.0,2017-01-16
399,49.0,West,"$40,200",22,03/29/2020,1,49.0,West,40200.0,2020-03-29
6332,44.0,East,29600.0,17,2020-12-19,0,44.0,East,29600.0,2020-12-19
1268,51.0,West,64500.0,30,2016-03-02,0,51.0,West,64500.0,2016-03-02
4014,64.0, North,59700.0,29,20-Feb-2019,1,64.0,North,59700.0,2019-02-20
1065,34.0,East,32900.0,33,24-May-2024,1,34.0,East,32900.0,2024-05-24
7667,,NORTH,32200.0,52,2024-08-08,1,42.02803042831156,North,32200.0,2024-08-08
3093,54.0,North,34500.0,58,21-Oct-2016,1,54.0,North,34500.0,2016-10-21
2140,58.0,South,35400.0,3,2017-05-13,1,58.0,South,35400.0,2017-05-13
4469,74.0,S.,96300.0,63,2020-08-12,1,74.0,South,96300.0,2020-08-12
7542,37.0,West,89300.0,8,02-Jun-2018,1,37.0,West,89300.0,2018-06-02
5120,51.0,West,34500.0,61,03-Jul-2021,0,51.0,West,34500.0,2021-07-03
1596,48.0,East,51900.0,35,2019-10-15,1,48.0,East,51900.0,2019-10-15
6600,58.0,South,71700.0,35,02/21/2023,1,58.0,South,71700.0,2023-02-21
8901,69.0,SOUTH,55200.0,67,"November 24, 2018",1,69.0,South,55200.0,2018-11-24
11159,71.0,East,"$69,600",34,"April 01, 2018",1,71.0,East,69600.0,2018-04-01
6231,42.0,East,20900.0,106,"January 17, 2022",1,42.0,East,20900.0,2022-01-17
11285,40.0,South,"$35,900",14,"February 19, 2018",1,40.0,South,35900.0,2018-02-19
7493,26.0,SOUTH,61100.0,19,2021-04-23,0,26.0,South,61100.0,2021-04-23
4964,36.0,N.,35500.0,9,2015-08-04,1,36.0,North,35500.0,2015-08-04
7894,34.0,East,36200.0,10,"November 06, 2022",1,34.0,East,36200.0,2022-11-06
5253,64.0,north,28600.0,29,18-Aug-2017,1,64.0,North,28600.0,2017-08-18
618,45.0,East,34600.0,81,15-Oct-2017,1,45.0,East,34600.0,2017-10-15
6546,41.0, North,42000.0,36,09/08/2017,1,41.0,North,42000.0,2017-09-08
2205,56.0,NORTH,23500.0,25,"March 31, 2017",1,56.0,North,23500.0,2017-03-31
5616,37.0,East,24200.0,186,02-May-2016,1,37.0,East,24200.0,2016-05-02
8375,40.0,West,108900.0,15,2024-01-29,1,40.0,West,108900.0,2024-01-29
6215,52.0,North,"$56,100",58,2022-12-22,1,52.0,North,56100.0,2022-12-22
3628,30.0,West,"$50,300",63,17-Dec-2017,0,30.0,West,50300.0,2017-12-17
314,48.0,west,35100.0,35,"September 19, 2022",1,48.0,West,35100.0,2022-09-19
7273,23.0,South,43100.0,71,2020-08-07,1,23.0,South,43100.0,2020-08-07
8449,25.0,North,82800.0,12,03/21/2017,0,25.0,North,82800.0,2017-03-21
2483,45.0,North,33800.0,19,2017-05-16,1,45.0,North,33800.0,2017-05-16
11320,73.0,North,60300.0,68,"February 25, 2021",1,73.0,North,60300.0,2021-02-25
6087,52.0,North,104500.0,46,14-Jun-2016,0,52.0,North,104500.0,2016-06-14
2546,36.0,South,24200.0,25,2024-05-18,0,36.0,South,24200.0,2024-05-18
1146,51.0,east,"$84,000",87,24-Feb-2024,1,51.0,East,84000.0,2024-02-24
2431,22.0,South,73600.0,24,09/17/2024,0,22.0,South,73600.0,2024-09-17
5304,57.0,North,"$34,200",47,"July 25, 2018",1,57.0,North,34200.0,2018-07-25
6067,50.0,East,88700.0,47,01/02/2023,1,50.0,East,88700.0,2023-01-02
8530,49.0,S.,42800.0,8,2015-08-28,1,49.0,South,42800.0,2015-08-28
2650,73.0,East,55400.0,5,09/22/2019,1,73.0,East,55400.0,2019-09-22
4331,66.0,East,111600.0,20,2023-05-02,1,66.0,East,111600.0,2023-05-02
11385,24.0,South,86300.0,9,05-Apr-2018,1,24.0,South,86300.0,2018-04-05
7161,41.0,S.,41900.0,34,26-Jul-2016,0,41.0,South,41900.0,2016-07-26
11468,18.0,S.,66700.0,69,"July 06, 2017",1,18.0,South,66700.0,2017-07-06
4800,36.0,North,52500.0,65,05/12/2019,0,36.0,North,52500.0,2019-05-12
7460,41.0,East,90300.0,37,27-Aug-2023,1,41.0,East,90300.0,2023-08-27
7880,52.0, East ,64300.0,8,2021-03-06,1,52.0,East,64300.0,2021-03-06
5911,63.0,W. ,27600.0,9,"September 16, 2020",0,63.0,West,27600.0,2020-09-16
10489,60.0,North,53900.0,30,"January 19, 2023",1,60.0,North,53900.0,2023-01-19
5412,59.0, East ,101400.0,8,2019-09-11,1,59.0,East,101400.0,2019-09-11
2742,50.0,WEST,28500.0,50,31-Jan-2019,0,50.0,West,28500.0,2019-01-31
1198,30.0,East,"$33,500",68,2018-04-20,1,30.0,East,33500.0,2018-04-20
7508,,North,44400.0,12,10/23/2017,0,42.02803042831156,North,44400.0,2017-10-23
9759,68.0, North,86200.0,66,10/03/2020,1,68.0,North,86200.0,2020-10-03
5563,48.0,South,61100.0,29,01/19/2024,1,48.0,South,61100.0,2024-01-19
3339,28.0,West,"$15,000",32,07-Feb-2021,1,28.0,West,15000.0,2021-02-07
247,28.0,South,"$39,600",44,10/11/2017,0,28.0,South,39600.0,2017-10-11
545,39.0,WEST,"$113,500",26,12/12/2021,0,39.0,West,113500.0,2021-12-12
2912,67.0,East,33000.0,26,"December 04, 2024",1,67.0,East,33000.0,2024-12-04
2974,34.0,S.,63000.0,73,2016-06-05,1,34.0,South,63000.0,2016-06-05
1947,32.0,north,41500.0,38,04/26/2018,1,32.0,North,41500.0,2018-04-26
9609,62.0,South,66600.0,18,"July 30, 2022",1,62.0,South,66600.0,2022-07-30
3629,58.0,west,70200.0,22,10/24/2020,1,58.0,West,70200.0,2020-10-24
73,30.0,south ,36600.0,45,2024-06-07,1,30.0,South,36600.0,2024-06-07
5066,47.0,South,59800.0,22,09/23/2021,0,47.0,South,59800.0,2021-09-23
11063,81.0,N.,21300.0,63,"February 13, 2016",1,81.0,North,21300.0,2016-02-13
6010,47.0,North,"$59,800",61,2022-08-26,1,47.0,North,59800.0,2022-08-26
7760,18.0,EAST,40200.0,4,01/18/2017,1,18.0,East,40200.0,2017-01-18
4953,41.0,East,61900.0,69,22-Nov-2023,1,41.0,East,61900.0,2023-11-22
10843,61.0,East,63200.0,4,19-Dec-2024,1,61.0,East,63200.0,2024-12-19
117,45.0,West,"$20,800",68,2021-06-20,1,45.0,West,20800.0,2021-06-20
2168,20.0,N.,41400.0,17,2023-06-26,1,20.0,North,41400.0,2023-06-26
2166,58.0,South,41200.0,21,2021-05-25,1,58.0,South,41200.0,2021-05-25
9206,38.0,West,66200.0,25,09/24/2023,0,38.0,West,66200.0,2023-09-24
1359,37.0,South,53800.0,17,29-Dec-2022,1,37.0,South,53800.0,2022-12-29
11537,43.0,South,42700.0,13,10/01/2024,1,43.0,South,42700.0,2024-10-01
5824,39.0,East,57600.0,11,02-Jul-2024,1,39.0,East,57600.0,2024-07-02
51,46.0,East,25900.0,33,"May 09, 2020",1,46.0,East,25900.0,2020-05-09
9046,40.0,West,75400.0,26,11-Sep-2017,0,40.0,West,75400.0,2017-09-11
7537,83.0,west,47400.0,54,03-Jun-2015,1,83.0,West,47400.0,2015-06-03
7658,37.0,North,86900.0,31,2015-05-02,1,37.0,North,86900.0,2015-05-02
5303,55.0,east,44400.0,33,04/15/2023,1,55.0,East,44400.0,2023-04-15
1222,59.0,North,"$102,300",21,2017-04-17,1,59.0,North,102300.0,2017-04-17
9146,50.0,East,36000.0,13,07/14/2015,1,50.0,East,36000.0,2015-07-14
5153,43.0,West,67100.0,81,"July 25, 2019",1,43.0,West,67100.0,2019-07-25
6467,51.0,W. ,70300.0,47,"September 30, 2020",1,51.0,West,70300.0,2020-09-30
9223,45.0,South,38600.0,48,"February 18, 2021",1,45.0,South,38600.0,2021-02-18
439,33.0,NORTH,36900.0,45,06-Oct-2015,0,33.0,North,36900.0,2015-10-06
7875,42.0,West,30600.0,55,10/25/2017,1,42.0,West,30600.0,2017-10-25
4485,43.0,East,20700.0,13,"December 27, 2016",0,43.0,East,20700.0,2016-12-27
4614,33.0,West,15700.0,116,02-May-2023,1,33.0,West,15700.0,2023-05-02
11389,55.0, East ,90000.0,17,10/24/2018,1,55.0,East,90000.0,2018-10-24
9360,35.0,South,"$41,200",21,"March 07, 2022",0,35.0,South,41200.0,2022-03-07
8651,41.0,East,20000.0,47,"September 01, 2024",1,41.0,East,20000.0,2024-09-01
7750,27.0,South,41200.0,46,05/18/2022,1,27.0,South,41200.0,2022-05-18
5227,43.0,west,53900.0,66,"August 10, 2015",0,43.0,West,53900.0,2015-08-10
11338,58.0,north,67800.0,61,2016-01-16,1,58.0,North,67800.0,2016-01-16
11578,37.0,North,46900.0,35,01-Dec-2018,1,37.0,North,46900.0,2018-12-01
143,18.0,East,29800.0,67,,0,18.0,East,29800.0,
960,47.0,,"$69,300",38,07-Mar-2018,1,47.0,Unknown,69300.0,2018-03-07
666,20.0,North,149800.0,18,06/24/2017,0,20.0,North,149800.0,2017-06-24
9481,39.0,NORTH,46000.0,62,2020-01-06,0,39.0,North,46000.0,2020-01-06
8487,40.0,South,94900.0,26,"June 29, 2024",1,40.0,South,94900.0,2024-06-29
4399,29.0,West,87900.0,5,"June 30, 2015",1,29.0,West,87900.0,2015-06-30
8099,42.0,North,69200.0,82,"August 09, 2018",1,42.0,North,69200.0,2018-08-09
5490,33.0,West,"$98,800",22,2021-12-27,1,33.0,West,98800.0,2021-12-27
4332,27.0,east,63600.0,18,10/07/2022,1,27.0,East,63600.0,2022-10-07
7255,43.0,S.,"$38,900",4,"March 06, 2024",1,43.0,South,38900.0,2024-03-06
8221,26.0,East,72800.0,72,2021-06-23,1,26.0,East,72800.0,2021-06-23
10718,48.0,East,28300.0,30,16-Aug-2018,1,48.0,East,28300.0,2018-08-16
9232,44.0,North,48400.0,59,01/31/2019,0,44.0,North,48400.0,2019-01-31
7496,62.0,South,24000.0,1,12-Nov-2024,1,62.0,South,24000.0,2024-11-12
9572,18.0,South,54700.0,16,"May 21, 2015",1,18.0,South,54700.0,2015-05-21
10583,35.0, East ,"$72,500",32,05/08/2022,0,35.0,East,72500.0,2022-05-08
8751,18.0,East,35700.0,12,"December 26, 2015",1,18.0,East,35700.0,2015-12-26
8443,61.0,West,43900.0,79,02-Oct-2024,0,61.0,West,43900.0,2024-10-02
9627,18.0,South,49900.0,52,11/07/2020,1,18.0,South,49900.0,2020-11-07
1647,40.0,East,44800.0,14,01/11/2020,1,40.0,East,44800.0,2020-01-11
9436,32.0,East,30900.0,23,10/04/2021,1,32.0,East,30900.0,2021-10-04
508,48.0,North,,11,2015-11-07,1,48.0,North,49400.0,2015-11-07
9470,21.0,East,47300.0,47,17-Aug-2024,1,21.0,East,47300.0,2024-08-17
5543,50.0, North,62400.0,10,2017-06-20,1,50.0,North,62400.0,2017-06-20
3036,48.0,North,27100.0,31,2017-02-21,1,48.0,North,27100.0,2017-02-21
2125,42.0,E.,61400.0,115,01/30/2018,1,42.0,East,61400.0,2018-01-30
613,23.0,East,33000.0,56,2023-09-04,1,23.0,East,33000.0,2023-09-04
3730,45.0,East,51700.0,19,21-Feb-2016,1,45.0,East,51700.0,2016-02-21
7065,63.0,South,28500.0,17,19-Jun-2017,1,63.0,South,28500.0,2017-06-19
7617,, East ,29500.0,17,18-Oct-2023,0,42.02803042831156,East,29500.0,2023-10-18
2460,18.0,South,52200.0,37,2023-09-16,1,18.0,South,52200.0,2023-09-16
2837,49.0,East,39900.0,44,18-Feb-2020,1,49.0,East,39900.0,2020-02-18
11306,48.0,Unknown,48600.0,7,"August 02, 2017",0,48.0,Unknown,48600.0,2017-08-02
1601,41.0,West,33500.0,59,2023-06-29,0,41.0,West,33500.0,2023-06-29
2415,56.0,North,29600.0,7,03/04/2018,1,56.0,North,29600.0,2018-03-04
2563,59.0,North,19900.0,62,"March 14, 2017",1,59.0,North,19900.0,2017-03-14
8453,29.0,West,29300.0,11,12/18/2021,0,29.0,West,29300.0,2021-12-18
4248,49.0,Unknown,26700.0,45,22-Nov-2018,1,49.0,Unknown,26700.0,2018-11-22
6033,61.0,North,28500.0,18,11/14/2022,1,61.0,North,28500.0,2022-11-14
11264,57.0,East,24400.0,59,16-Sep-2020,0,57.0,East,24400.0,2020-09-16
5501,,N.,37700.0,26,"October 13, 2020",1,42.02803042831156,North,37700.0,2020-10-13
11696,32.0,South,"$18,100",22,10/22/2022,1,32.0,South,18100.0,2022-10-22
1505,39.0,South,45700.0,40,03/18/2024,0,39.0,South,45700.0,2024-03-18
5936,27.0,East,33300.0,28,2020-04-18,0,27.0,East,33300.0,2020-04-18
6103,35.0, East ,103800.0,15,2018-03-09,1,35.0,East,103800.0,2018-03-09
7149,55.0, East ,66000.0,93,"March 20, 2023",1,55.0,East,66000.0,2023-03-20
4662,37.0,WEST,30700.0,7,"October 21, 2016",1,37.0,West,30700.0,2016-10-21
1400,24.0,,29800.0,35,2021-10-10,0,24.0,Unknown,29800.0,2021-10-10
1243,64.0,North,34000.0,31,2016-12-13,1,64.0,North,34000.0,2016-12-13
3074,52.0,East,52700.0,99,"September 26, 2020",1,52.0,East,52700.0,2020-09-26
7215,30.0,East,84000.0,41,"December 10, 2015",1,30.0,East,84000.0,2015-12-10
7768,23.0,East,"$68,500",64,09/19/2020,1,23.0,East,68500.0,2020-09-19
11247,51.0,N.,"$43,000",79,2015-06-27,1,51.0,North,43000.0,2015-06-27
10372,32.0, North,42600.0,52,"January 31, 2020",1,32.0,North,42600.0,2020-01-31
8831,20.0,South,34300.0,30,04-Mar-2020,0,20.0,South,34300.0,2020-03-04
11728,41.0,North,54200.0,32,2016-11-04,1,41.0,North,54200.0,2016-11-04
1466,43.0,North,69700.0,19,2018-05-31,1,43.0,North,69700.0,2018-05-31
3947,59.0,West,15000.0,97,"July 26, 2016",1,59.0,West,15000.0,2016-07-26
6702,65.0,West,86900.0,13,12/09/2023,1,65.0,West,86900.0,2023-12-09
10135,18.0,South,37500.0,25,2016-12-04,1,18.0,South,37500.0,2016-12-04
8851,58.0,North,40200.0,59,"October 19, 2018",1,58.0,North,40200.0,2018-10-19
3464,24.0,South,61000.0,31,14-Dec-2024,1,24.0,South,61000.0,2024-12-14
2876,18.0,North,35900.0,45,20-Aug-2019,1,18.0,North,35900.0,2019-08-20
11788,61.0,north,55400.0,10,2017-12-01,0,61.0,North,55400.0,2017-12-01
2939,37.0,NORTH,"$31,400",26,07-Feb-2016,1,37.0,North,31400.0,2016-02-07
1221,41.0,East,23100.0,32,12/22/2021,1,41.0,East,23100.0,2021-12-22
7292,31.0,,41900.0,8,13-Mar-2023,0,31.0,Unknown,41900.0,2023-03-13
1448,62.0,South,60900.0,13,2024-01-22,1,62.0,South,60900.0,2024-01-22
6756,48.0,North,23400.0,53,17-Aug-2020,1,48.0,North,23400.0,2020-08-17
6463,38.0,North,,61,16-Aug-2016,1,38.0,North,49400.0,2016-08-16
304,38.0,East,109400.0,50,11/26/2020,1,38.0,East,109400.0,2020-11-26
104,52.0,East,53300.0,40,17-Oct-2018,1,52.0,East,53300.0,2018-10-17
10782,49.0, East ,49200.0,9,10/03/2019,0,49.0,East,49200.0,2019-10-03
11067,35.0,East,98500.0,61,"July 27, 2015",1,35.0,East,98500.0,2015-07-27
6625,33.0,WEST,18100.0,30,12/28/2017,0,33.0,West,18100.0,2017-12-28
1122,42.0,North,60300.0,18,2021-11-29,1,42.0,North,60300.0,2021-11-29
9461,47.0, East ,43700.0,71,23-Sep-2017,0,47.0,East,43700.0,2017-09-23
9914,48.0,WEST,32500.0,6,"January 11, 2016",1,48.0,West,32500.0,2016-01-11
7233,27.0,North,58700.0,24,"August 19, 2015",1,27.0,North,58700.0,2015-08-19
11125,43.0,South,71000.0,21,2021-01-14,1,43.0,South,71000.0,2021-01-14
5761,73.0,South,68000.0,23,08/10/2017,1,73.0,South,68000.0,2017-08-10
4091,72.0,East,81400.0,42,03/21/2020,0,72.0,East,81400.0,2020-03-21
5486,52.0,West,48700.0,41,05/09/2016,0,52.0,West,48700.0,2016-05-09
8679,24.0,East,51800.0,17,06-Dec-2016,0,24.0,East,51800.0,2016-12-06
8394,27.0,East,112400.0,5,"December 11, 2020",1,27.0,East,112400.0,2020-12-11
8458,35.0,West,96500.0,6,08-Feb-2020,1,35.0,West,96500.0,2020-02-08
10750,50.0,South,49400.0,22,01/12/2016,1,50.0,South,49400.0,2016-01-12
10068,29.0,West,44500.0,60,"August 14, 2015",0,29.0,West,44500.0,2015-08-14
5809,35.0,East,37300.0,32,2019-03-12,1,35.0,East,37300.0,2019-03-12
4676,,E.,31300.0,32,"October 12, 2017",1,42.02803042831156,East,31300.0,2017-10-12
11183,46.0,North,25700.0,27,"March 11, 2022",0,46.0,North,25700.0,2022-03-11
6171,59.0,North,102800.0,45,"April 11, 2018",1,59.0,North,102800.0,2018-04-11
8382,41.0,East,39200.0,11,25-Sep-2019,0,41.0,East,39200.0,2019-09-25
3584,41.0,South,34400.0,28,03/03/2016,1,41.0,South,34400.0,2016-03-03
2931,32.0,West,119500.0,36,"August 11, 2018",1,32.0,West,119500.0,2018-08-11
2408,37.0,West,69300.0,22,10/28/2021,1,37.0,West,69300.0,2021-10-28
9976,32.0,South,"$62,300",57,10/28/2020,0,32.0,South,62300.0,2020-10-28
9509,42.0,North,162000.0,17,"November 01, 2024",0,42.0,North,162000.0,2024-11-01
9778,50.0,East,"$61,100",57,"October 30, 2015",0,50.0,East,61100.0,2015-10-30
3029,31.0,E.,"$40,300",6,2018-08-03,1,31.0,East,40300.0,2018-08-03
5582,48.0,North,92400.0,117,09/13/2019,1,48.0,North,92400.0,2019-09-13
122,44.0,North,54600.0,40,06/22/2019,1,44.0,North,54600.0,2019-06-22
1541,39.0,South,52700.0,14,"February 15, 2016",1,39.0,South,52700.0,2016-02-15
8345,18.0,south ,18100.0,110,2021-06-05,1,18.0,South,18100.0,2021-06-05
10284,37.0,South,"$57,900",70,10/08/2021,1,37.0,South,57900.0,2021-10-08
11240,44.0,E.,89000.0,47,02/23/2015,0,44.0,East,89000.0,2015-02-23
5232,21.0,SOUTH,24600.0,18,05/04/2022,1,21.0,South,24600.0,2022-05-04
1478,23.0,East,33400.0,48,01/31/2023,1,23.0,East,33400.0,2023-01-31
11270,52.0,,"$51,400",45,"September 26, 2016",1,52.0,Unknown,51400.0,2016-09-26
4649,, East ,59400.0,19,2017-02-05,1,42.02803042831156,East,59400.0,2017-02-05
7410,45.0,West,26600.0,55,2024-07-21,0,45.0,West,26600.0,2024-07-21
9271,41.0,south ,"$37,800",53,08-Feb-2015,1,41.0,South,37800.0,2015-02-08
8154,56.0,,96600.0,39,05/27/2017,1,56.0,Unknown,96600.0,2017-05-27
10003,23.0,North,53700.0,22,2018-06-01,0,23.0,North,53700.0,2018-06-01
10592,48.0,North,85600.0,29,,1,48.0,North,85600.0,
1974,64.0,South,40600.0,21,07/22/2017,1,64.0,South,40600.0,2017-07-22
6131,40.0,North,76600.0,6,06/30/2016,1,40.0,North,76600.0,2016-06-30
2158,31.0,West,46500.0,49,"October 22, 2023",1,31.0,West,46500.0,2023-10-22
3348,44.0,East,56100.0,92,"November 04, 2024",1,44.0,East,56100.0,2024-11-04
7986,44.0,WEST,30000.0,19,10-Dec-2017,1,44.0,West,30000.0,2017-12-10
4258,57.0,east,43500.0,13,06/13/2020,0,57.0,East,43500.0,2020-06-13
2295,57.0,West,52500.0,47,05/06/2020,1,57.0,West,52500.0,2020-05-06
7708,27.0,South,25200.0,22,04/23/2021,0,27.0,South,25200.0,2021-04-23
11126,47.0,E.,49700.0,10,28-Jan-2016,1,47.0,East,49700.0,2016-01-28
3923,28.0,West,27300.0,15,06/01/2019,0,28.0,West,27300.0,2019-06-01
560,30.0,west,35300.0,27,2015-04-09,0,30.0,West,35300.0,2015-04-09
2329,44.0,North,50100.0,18,2020-04-01,0,44.0,North,50100.0,2020-04-01
4287,33.0,north,75300.0,22,"March 17, 2023",0,33.0,North,75300.0,2023-03-17
1459,65.0, North,51300.0,64,"January 04, 2024",1,65.0,North,51300.0,2024-01-04
151,40.0,W. ,37100.0,16,10/25/2016,1,40.0,West,37100.0,2016-10-25
5391,63.0,East,"$40,900",15,2017-06-14,0,63.0,East,40900.0,2017-06-14
4355,29.0,E.,35200.0,70,2017-05-31,1,29.0,East,35200.0,2017-05-31
1334,46.0,West,108300.0,83,2021-10-06,0,46.0,West,108300.0,2021-10-06
3818,44.0,SOUTH,51400.0,26,"July 22, 2021",0,44.0,South,51400.0,2021-07-22
4942,35.0,north,79200.0,81,"June 20, 2021",1,35.0,North,79200.0,2021-06-20
685,36.0,East,"$93,700",53,"April 28, 2023",1,36.0,East,93700.0,2023-04-28
9000,43.0,SOUTH,"$51,300",28,2024-05-11,0,43.0,South,51300.0,2024-05-11
902,43.0,,39300.0,30,2018-01-03,1,43.0,Unknown,39300.0,2018-01-03
7549,52.0,East,28300.0,30,"May 05, 2017",1,52.0,East,28300.0,2017-05-05
9138,41.0,south ,41900.0,50,"October 26, 2024",1,41.0,South,41900.0,2024-10-26
3113,63.0,S.,58000.0,8,07-Aug-2019,1,63.0,South,58000.0,2019-08-07
10008,22.0,east,42000.0,40,2021-07-10,0,22.0,East,42000.0,2021-07-10
2038,55.0,East,64100.0,45,14-Oct-2019,1,55.0,East,64100.0,2019-10-14
5924,26.0,South,45400.0,36,"July 14, 2019",1,26.0,South,45400.0,2019-07-14
2347,40.0,East,28200.0,16,"November 11, 2023",1,40.0,East,28200.0,2023-11-11
6636,40.0,North,20900.0,27,21-Aug-2021,0,40.0,North,20900.0,2021-08-21
390,,East,34400.0,56,2024-08-29,1,42.02803042831156,East,34400.0,2024-08-29
5409,28.0,east,61000.0,23,2016-10-11,0,28.0,East,61000.0,2016-10-11
8164,51.0,West,41400.0,18,07/01/2017,1,51.0,West,41400.0,2017-07-01
4477,45.0,,83700.0,26,2018-11-29,1,45.0,Unknown,83700.0,2018-11-29
7704,38.0,East,26200.0,37,05/22/2023,0,38.0,East,26200.0,2023-05-22
1109,59.0,North,"$19,800",24,01/03/2020,0,59.0,North,19800.0,2020-01-03
1655,39.0,South,30000.0,11,"February 11, 2020",0,39.0,South,30000.0,2020-02-11
9902,45.0,West,89500.0,49,2023-03-24,0,45.0,West,89500.0,2023-03-24
1925,41.0,north,47600.0,8,01-May-2024,1,41.0,North,47600.0,2024-05-01
3419,44.0,West,41800.0,88,02/24/2022,1,44.0,West,41800.0,2022-02-24
1438,18.0,south ,54500.0,23,"January 30, 2022",1,18.0,South,54500.0,2022-01-30
2336,43.0,West,36000.0,29,06/24/2018,1,43.0,West,36000.0,2018-06-24
7911,50.0,east,63400.0,23,22-Feb-2020,0,50.0,East,63400.0,2020-02-22
4313,43.0,North,"$29,000",36,2015-07-08,1,43.0,North,29000.0,2015-07-08
646,40.0,East,41700.0,38,07-May-2023,0,40.0,East,41700.0,2023-05-07
6693,26.0,South,119600.0,83,28-Dec-2017,1,26.0,South,119600.0,2017-12-28
5308,38.0,East,61600.0,66,24-Jun-2016,1,38.0,East,61600.0,2016-06-24
4699,56.0,South,17000.0,12,2019-07-23,1,56.0,South,17000.0,2019-07-23
2345,53.0,West,39200.0,15,12/30/2015,1,53.0,West,39200.0,2015-12-30
6531,38.0,South,37800.0,35,2020-04-30,1,38.0,South,37800.0,2020-04-30
6860,48.0, North,93000.0,35,2022-08-21,1,48.0,North,93000.0,2022-08-21
9896,67.0,East,18600.0,34,2024-05-26,1,67.0,East,18600.0,2024-05-26
3825,38.0,South,61800.0,17,2021-02-01,1,38.0,South,61800.0,2021-02-01
8219,53.0,East,58800.0,34,2023-09-30,1,53.0,East,58800.0,2023-09-30
8047,18.0,South,47700.0,31,09/24/2021,1,18.0,South,47700.0,2021-09-24
5650,43.0,South,24200.0,15,07/18/2019,1,43.0,South,24200.0,2019-07-18
2640,34.0,W. ,100100.0,114,2016-11-24,1,34.0,West,100100.0,2016-11-24
5262,54.0,North,59100.0,22,14-Jun-2019,1,54.0,North,59100.0,2019-06-14
3979,52.0,East,42100.0,33,2024-02-02,1,52.0,East,42100.0,2024-02-02
7396,42.0,South,23500.0,55,2019-11-04,0,42.0,South,23500.0,2019-11-04
3405,22.0,east,"$66,900",55,24-Mar-2018,1,22.0,East,66900.0,2018-03-24
11999,30.0,South,"$18,300",29,2021-03-02,1,30.0,South,18300.0,2021-03-02
1380,61.0,South,182500.0,27,29-Jan-2021,0,61.0,South,182500.0,2021-01-29
2838,45.0,SOUTH,40200.0,14,03/06/2021,1,45.0,South,40200.0,2021-03-06
3991,46.0, East ,16200.0,53,2021-01-08,1,46.0,East,16200.0,2021-01-08
6559,36.0,N.,34700.0,27,15-Apr-2016,1,36.0,North,34700.0,2016-04-15
8997,21.0,North,48300.0,46,"December 22, 2016",1,21.0,North,48300.0,2016-12-22
4816,18.0,East,31600.0,18,03-Aug-2018,1,18.0,East,31600.0,2018-08-03
7642,53.0,South,,124,2016-10-02,1,53.0,South,49400.0,2016-10-02
2845,33.0,west,43100.0,10,2023-04-04,1,33.0,West,43100.0,2023-04-04
1642,49.0,North,53800.0,4,"August 19, 2017",1,49.0,North,53800.0,2017-08-19
6555,33.0,East,32800.0,21,2016-01-04,1,33.0,East,32800.0,2016-01-04
8919,39.0,east,83300.0,9,05/22/2019,1,39.0,East,83300.0,2019-05-22
1099,55.0,west,36900.0,36,"October 23, 2021",1,55.0,West,36900.0,2021-10-23
6799,22.0,West,62300.0,46,02/25/2021,1,22.0,West,62300.0,2021-02-25
1304,52.0,East,"$71,300",16,09/12/2022,1,52.0,East,71300.0,2022-09-12
11315,25.0,West,150700.0,16,19-Nov-2021,1,25.0,West,150700.0,2021-11-19
9158,64.0,east,"$78,100",42,07/25/2017,1,64.0,East,78100.0,2017-07-25
2653,59.0,North,44900.0,14,25-Sep-2020,1,59.0,North,44900.0,2020-09-25
10085,35.0,East,75200.0,80,06-Jul-2020,0,35.0,East,75200.0,2020-07-06
4531,54.0,North,73200.0,3,23-Mar-2015,0,54.0,North,73200.0,2015-03-23
4370,,South,,88,01/11/2024,1,42.02803042831156,South,49400.0,2024-01-11
2834,29.0,North,27300.0,29,"November 17, 2024",1,29.0,North,27300.0,2024-11-17
8284,40.0,east,75700.0,68,2018-11-06,0,40.0,East,75700.0,2018-11-06
4670,32.0,East,59500.0,65,"November 09, 2017",1,32.0,East,59500.0,2017-11-09
3206,38.0,South,"$36,600",2,17-Oct-2017,1,38.0,South,36600.0,2017-10-17
3910,23.0,North,90500.0,11,20-Nov-2015,1,23.0,North,90500.0,2015-11-20
5034,41.0,North,32400.0,21,12/06/2020,1,41.0,North,32400.0,2020-12-06
3068,48.0,East,42800.0,25,"October 16, 2016",1,48.0,East,42800.0,2016-10-16
3656,47.0,South,52500.0,8,24-Jun-2024,0,47.0,South,52500.0,2024-06-24
10790,43.0,South,"$66,900",27,2015-11-30,1,43.0,South,66900.0,2015-11-30
10705,57.0,South,57000.0,44,2016-02-08,1,57.0,South,57000.0,2016-02-08
8806,64.0,South,"$147,700",16,2021-05-16,0,64.0,South,147700.0,2021-05-16
10763,47.0,N.,68800.0,38,2016-06-05,1,47.0,North,68800.0,2016-06-05
10222,42.0,East,48900.0,70,01/26/2023,1,42.0,East,48900.0,2023-01-26
4937,45.0,S.,51400.0,61,2023-10-25,0,45.0,South,51400.0,2023-10-25
7331,43.0,North,119400.0,31,2020-06-27,0,43.0,North,119400.0,2020-06-27
9300,49.0,South,83500.0,48,2022-04-10,1,49.0,South,83500.0,2022-04-10
5361,35.0,South,25300.0,33,"December 25, 2020",0,35.0,South,25300.0,2020-12-25
10647,46.0,SOUTH,91200.0,27,2020-05-06,1,46.0,South,91200.0,2020-05-06
10915,57.0,West,23800.0,9,05-Feb-2022,1,57.0,West,23800.0,2022-02-05
10348,36.0,West,70100.0,35,19-Apr-2024,1,36.0,West,70100.0,2024-04-19
4835,21.0,North,41700.0,26,05/04/2018,1,21.0,North,41700.0,2018-05-04
7934,33.0,North,43400.0,34,2020-05-25,0,33.0,North,43400.0,2020-05-25
4772,18.0,South,"$22,400",17,08/03/2021,1,18.0,South,22400.0,2021-08-03
7285,22.0,North,84700.0,35,17-Nov-2022,1,22.0,North,84700.0,2022-11-17
4281,60.0,North,45800.0,10,25-Jun-2021,1,60.0,North,45800.0,2021-06-25
10211,26.0,North,"$89,600",42,2020-08-07,1,26.0,North,89600.0,2020-08-07
11193,27.0,South,82200.0,8,"August 21, 2020",1,27.0,South,82200.0,2020-08-21
6709,52.0,S.,51000.0,2,2018-07-10,1,52.0,South,51000.0,2018-07-10
10505,51.0,East,83100.0,10,2022-08-14,0,51.0,East,83100.0,2022-08-14
1009,52.0,West,70000.0,38,06-Oct-2022,1,52.0,West,70000.0,2022-10-06
7850,50.0,North,98300.0,52,07/15/2024,1,50.0,North,98300.0,2024-07-15
6823,72.0,NORTH,137400.0,34,04-Oct-2022,1,72.0,North,137400.0,2022-10-04
2043,67.0,North,62500.0,8,"August 04, 2017",1,67.0,North,62500.0,2017-08-04
11593,49.0,W. ,30500.0,51,10/26/2022,1,49.0,West,30500.0,2022-10-26
707,30.0,North,137800.0,55,2015-09-20,1,30.0,North,137800.0,2015-09-20
1981,44.0,E.,39900.0,13,2017-03-27,1,44.0,East,39900.0,2017-03-27
3763,46.0,South,149800.0,127,2021-05-12,1,46.0,South,149800.0,2021-05-12
8090,37.0,North,35400.0,60,03/20/2023,0,37.0,North,35400.0,2023-03-20
7290,56.0,South,100000.0,9,2021-07-18,1,56.0,South,100000.0,2021-07-18
8216,47.0,West,89400.0,11,08-Dec-2023,1,47.0,West,89400.0,2023-12-08
3889,39.0,north,88600.0,25,"October 26, 2020",0,39.0,North,88600.0,2020-10-26
5030,18.0,South,88900.0,76,09/04/2016,0,18.0,South,88900.0,2016-09-04
7917,33.0,East,64800.0,65,"June 30, 2021",1,33.0,East,64800.0,2021-06-30
3847,41.0,North,25800.0,31,28-Jan-2019,0,41.0,North,25800.0,2019-01-28
3345,23.0,West,31300.0,50,2022-07-02,1,23.0,West,31300.0,2022-07-02
8673,62.0,West,29400.0,28,2017-07-21,1,62.0,West,29400.0,2017-07-21
9229,27.0,West,39200.0,23,"February 06, 2015",1,27.0,West,39200.0,2015-02-06
6771,49.0,E.,63400.0,8,"April 01, 2018",0,49.0,East,63400.0,2018-04-01
10118,36.0,West,37700.0,34,"October 28, 2017",0,36.0,West,37700.0,2017-10-28
5507,35.0,East,37900.0,41,"July 30, 2018",1,35.0,East,37900.0,2018-07-30
10491,48.0,East,21200.0,26,"November 23, 2024",1,48.0,East,21200.0,2024-11-23
187,44.0,N.,56900.0,34,"May 30, 2019",1,44.0,North,56900.0,2019-05-30
11284,29.0,East,,32,03/02/2019,0,29.0,East,49400.0,2019-03-02
4093,32.0,West,93700.0,12,07/12/2022,0,32.0,West,93700.0,2022-07-12
5394,31.0,South,57800.0,15,2015-01-30,1,31.0,South,57800.0,2015-01-30
22,33.0,North,48500.0,28,19-Apr-2023,1,33.0,North,48500.0,2023-04-19
7684,18.0, East ,49400.0,6,21-May-2022,0,18.0,East,49400.0,2022-05-21
7491,25.0,North,39300.0,10,2019-03-23,1,25.0,North,39300.0,2019-03-23
1973,43.0,West,"$58,900",79,11/29/2022,1,43.0,West,58900.0,2022-11-29
10970,67.0,North,118300.0,18,2017-07-28,1,67.0,North,118300.0,2017-07-28
8508,23.0,North,27500.0,34,"May 31, 2021",0,23.0,North,27500.0,2021-05-31
2024,41.0,West,46800.0,3,"January 10, 2019",1,41.0,West,46800.0,2019-01-10
7329,29.0,North,81500.0,7,28-Mar-2018,1,29.0,North,81500.0,2018-03-28
8308,50.0,WEST,"$30,300",24,17-Jul-2015,1,50.0,West,30300.0,2015-07-17
11678,44.0,south ,48000.0,89,2016-05-11,0,44.0,South,48000.0,2016-05-11
3522,43.0,East,49300.0,14,"May 01, 2015",0,43.0,East,49300.0,2015-05-01
4428,24.0,East,38100.0,26,"September 10, 2017",1,24.0,East,38100.0,2017-09-10
1080,61.0,South,"$53,300",36,22-Oct-2020,1,61.0,South,53300.0,2020-10-22
7009,,SOUTH,116100.0,11,05-May-2022,1,42.02803042831156,South,116100.0,2022-05-05
4825,52.0,West,46100.0,9,2023-06-23,0,52.0,West,46100.0,2023-06-23
6480,39.0,W. ,50000.0,76,01/22/2018,1,39.0,West,50000.0,2018-01-22
926,66.0,East,38900.0,22,2023-05-02,0,66.0,East,38900.0,2023-05-02
8191,50.0,North,81300.0,8,2017-04-27,1,50.0,North,81300.0,2017-04-27
10329,32.0,North,52200.0,21,2015-03-08,0,32.0,North,52200.0,2015-03-08
8941,18.0,East,66500.0,25,09/03/2024,1,18.0,East,66500.0,2024-09-03
9626,54.0,North,34200.0,41,,1,54.0,North,34200.0,
2755,56.0,WEST,"$31,000",7,"December 08, 2017",1,56.0,West,31000.0,2017-12-08
6778,41.0,west,36400.0,68,11/23/2017,1,41.0,West,36400.0,2017-11-23
7528,47.0,West,136000.0,15,"December 10, 2023",1,47.0,West,136000.0,2023-12-10
6040,52.0,East,"$53,600",14,09/11/2015,0,52.0,East,53600.0,2015-09-11
1393,35.0,east,40900.0,12,19-Dec-2019,1,35.0,East,40900.0,2019-12-19
3791,36.0,North,"$23,400",11,"August 23, 2022",1,36.0,North,23400.0,2022-08-23
5064,39.0,South,"$15,100",54,27-Sep-2024,0,39.0,South,15100.0,2024-09-27
3534,,West,19100.0,57,22-Jun-2015,1,42.02803042831156,West,19100.0,2015-06-22
10472,49.0,East,61200.0,17,11/17/2023,1,49.0,East,61200.0,2023-11-17
3908,28.0,north,46100.0,30,2023-11-03,1,28.0,North,46100.0,2023-11-03
5478,50.0,South,111700.0,78,"February 15, 2019",1,50.0,South,111700.0,2019-02-15
9805,,North,"$29,300",71,"October 24, 2021",1,42.02803042831156,North,29300.0,2021-10-24
4570,,West,38400.0,40,03/31/2020,1,42.02803042831156,West,38400.0,2020-03-31
1883,36.0,West,42100.0,11,"October 09, 2020",1,36.0,West,42100.0,2020-10-09
7268,50.0,South,36900.0,50,03-Aug-2017,1,50.0,South,36900.0,2017-08-03
11839,24.0,east,20700.0,29,09/28/2015,1,24.0,East,20700.0,2015-09-28
8135,50.0, East ,91600.0,34,17-Aug-2020,1,50.0,East,91600.0,2020-08-17
3179,50.0,,15000.0,37,2022-02-04,1,50.0,Unknown,15000.0,2022-02-04
3436,49.0,South,70200.0,63,"December 03, 2019",1,49.0,South,70200.0,2019-12-03
11540,61.0,E.,38200.0,29,01/09/2020,1,61.0,East,38200.0,2020-01-09
3572,,NORTH,45100.0,29,27-Nov-2024,0,42.02803042831156,North,45100.0,2024-11-27
10774,,North,"$49,600",66,2017-09-03,1,42.02803042831156,North,49600.0,2017-09-03
5559,34.0,South,"$123,500",84,"December 27, 2019",0,34.0,South,123500.0,2019-12-27
5919,48.0,South,93700.0,96,11-Apr-2023,0,48.0,South,93700.0,2023-04-11
1203,47.0,North,40400.0,42,2021-10-04,0,47.0,North,40400.0,2021-10-04
6727,56.0,West,33300.0,73,04/28/2020,1,56.0,West,33300.0,2020-04-28
9907,41.0,East,121800.0,26,"October 25, 2022",1,41.0,East,121800.0,2022-10-25
565,54.0,West,27000.0,10,2019-07-29,1,54.0,West,27000.0,2019-07-29
11775,31.0,East,62500.0,25,"March 21, 2020",1,31.0,East,62500.0,2020-03-21
10815,70.0,West,34900.0,10,"August 08, 2018",0,70.0,West,34900.0,2018-08-08
6535,23.0,East,38600.0,61,"July 06, 2019",1,23.0,East,38600.0,2019-07-06
959,42.0,W. ,45500.0,23,"December 18, 2020",1,42.0,West,45500.0,2020-12-18
4500,35.0,west,23800.0,114,03/16/2015,1,35.0,West,23800.0,2015-03-16
8838,37.0,S.,60100.0,39,2018-12-07,1,37.0,South,60100.0,2018-12-07
11745,18.0,West,30900.0,45,"February 19, 2022",1,18.0,West,30900.0,2022-02-19
6996,56.0,S.,22500.0,26,"April 07, 2022",1,56.0,South,22500.0,2022-04-07
1170,37.0,West,107600.0,6,2021-04-07,1,37.0,West,107600.0,2021-04-07
7548,39.0,West,146000.0,54,06-Mar-2016,1,39.0,West,146000.0,2016-03-06
4220,37.0,North,47500.0,91,12-Jun-2022,1,37.0,North,47500.0,2022-06-12
4839,58.0,East,126900.0,13,"September 02, 2016",0,58.0,East,126900.0,2016-09-02
6491,55.0,West,36200.0,54,2017-05-10,0,55.0,West,36200.0,2017-05-10
4896,41.0,North,79900.0,85,21-Jan-2023,1,41.0,North,79900.0,2023-01-21
8064,49.0,West,"$56,000",49,"August 06, 2019",1,49.0,West,56000.0,2019-08-06
752,38.0,South,69700.0,70,2016-03-26,0,38.0,South,69700.0,2016-03-26
7035,36.0,South,27100.0,35,2017-11-08,1,36.0,South,27100.0,2017-11-08
6360,31.0,North,16500.0,23,"March 13, 2016",1,31.0,North,16500.0,2016-03-13
413,33.0,West,29300.0,67,01/30/2017,1,33.0,West,29300.0,2017-01-30
3726,60.0,North,27100.0,32,,1,60.0,North,27100.0,
3415,28.0,S.,49600.0,20,05-Jan-2016,0,28.0,South,49600.0,2016-01-05
9987,52.0,SOUTH,20600.0,40,2021-10-05,1,52.0,South,20600.0,2021-10-05
7282,36.0,NORTH,54100.0,105,2022-08-15,1,36.0,North,54100.0,2022-08-15
5646,18.0,West,29400.0,82,2018-03-04,1,18.0,West,29400.0,2018-03-04
7468,53.0,East,38100.0,69,04/06/2020,0,53.0,East,38100.0,2020-04-06
6175,64.0,NORTH,21900.0,84,"December 29, 2015",1,64.0,North,21900.0,2015-12-29
792,26.0,south ,33100.0,30,05-Sep-2016,0,26.0,South,33100.0,2016-09-05
7481,54.0,South,31900.0,9,2019-09-17,1,54.0,South,31900.0,2019-09-17
5133,42.0,west,54200.0,15,2019-11-27,1,42.0,West,54200.0,2019-11-27
3819,62.0, North,49100.0,17,01/24/2015,1,62.0,North,49100.0,2015-01-24
1037,,South,20700.0,49,05-Feb-2022,1,42.02803042831156,South,20700.0,2022-02-05
7946,23.0,North,48000.0,14,"August 22, 2019",1,23.0,North,48000.0,2019-08-22
1774,64.0, North,84900.0,23,05/11/2022,1,64.0,North,84900.0,2022-05-11
7025,43.0,East,"$31,600",15,2017-01-13,1,43.0,East,31600.0,2017-01-13
4007,38.0,East,60100.0,31,2024-11-02,1,38.0,East,60100.0,2024-11-02
3434,43.0,,57700.0,85,02/09/2023,1,43.0,Unknown,57700.0,2023-02-09
1163,39.0,W. ,"$43,900",32,03-Mar-2020,1,39.0,West,43900.0,2020-03-03
5981,32.0,South,24900.0,27,06-Feb-2023,1,32.0,South,24900.0,2023-02-06
11114,31.0,North,41500.0,93,2021-06-20,1,31.0,North,41500.0,2021-06-20
9332,31.0,E.,42500.0,35,2022-05-14,1,31.0,East,42500.0,2022-05-14
2305,47.0,South,20200.0,26,2019-08-12,0,47.0,South,20200.0,2019-08-12
6873,39.0,North,41300.0,33,2018-03-19,1,39.0,North,41300.0,2018-03-19
7232,56.0,North,"$85,400",94,"October 01, 2016",0,56.0,North,85400.0,2016-10-01
2494,32.0,West,17400.0,12,13-Apr-2019,1,32.0,West,17400.0,2019-04-13
7306,36.0,South,34800.0,52,06/28/2015,1,36.0,South,34800.0,2015-06-28
11194,58.0,East,33900.0,51,"May 02, 2017",1,58.0,East,33900.0,2017-05-02
4802,49.0,E.,27300.0,14,2016-06-19,1,49.0,East,27300.0,2016-06-19
2206,38.0,South,"$68,700",40,14-Nov-2021,1,38.0,South,68700.0,2021-11-14
1880,21.0,North,"$99,500",16,07/17/2024,0,21.0,North,99500.0,2024-07-17
5991,18.0,North,81300.0,103,2024-07-31,1,18.0,North,81300.0,2024-07-31
9821,36.0,North,75900.0,1,04/18/2016,0,36.0,North,75900.0,2016-04-18
2099,18.0,West,37100.0,35,07/03/2020,1,18.0,West,37100.0,2020-07-03
4143,46.0,South,45500.0,31,"June 28, 2022",1,46.0,South,45500.0,2022-06-28
6493,28.0,South,45700.0,27,2024-08-20,1,28.0,South,45700.0,2024-08-20
326,52.0,east,32500.0,15,02-Feb-2019,1,52.0,East,32500.0,2019-02-02
8945,31.0,WEST,105900.0,55,"May 12, 2021",0,31.0,West,105900.0,2021-05-12
1387,58.0,South,36400.0,10,"February 02, 2016",0,58.0,South,36400.0,2016-02-02
4622,41.0,West,98000.0,70,2024-12-24,1,41.0,West,98000.0,2024-12-24
8675,40.0,East,47700.0,3,2021-04-21,1,40.0,East,47700.0,2021-04-21
3733,79.0,East,43100.0,18,"December 09, 2019",1,79.0,East,43100.0,2019-12-09
2315,48.0,East,"$43,600",15,2018-02-19,1,48.0,East,43600.0,2018-02-19
1303,50.0,East,140500.0,102,"March 31, 2022",1,50.0,East,140500.0,2022-03-31
2243,24.0,North,44300.0,9,2019-09-30,1,24.0,North,44300.0,2019-09-30
3389,22.0,East,49200.0,25,"September 25, 2015",0,22.0,East,49200.0,2015-09-25
6810,37.0,E.,75600.0,19,2018-11-27,0,37.0,East,75600.0,2018-11-27
11577,49.0,East,"$37,500",51,"April 26, 2019",1,49.0,East,37500.0,2019-04-26
2340,53.0,SOUTH,101600.0,33,2020-03-26,1,53.0,South,101600.0,2020-03-26
10897,34.0,South,39200.0,14,27-Jan-2020,1,34.0,South,39200.0,2020-01-27
8227,49.0,West,21400.0,62,08-Mar-2018,1,49.0,West,21400.0,2018-03-08
497,18.0,East,39200.0,80,08/30/2019,1,18.0,East,39200.0,2019-08-30
2009,57.0,South,61100.0,34,20-Sep-2020,1,57.0,South,61100.0,2020-09-20
6909,43.0,South,"$34,300",25,"March 29, 2018",1,43.0,South,34300.0,2018-03-29
11374,56.0,North,50500.0,50,16-Feb-2018,1,56.0,North,50500.0,2018-02-16
9959,32.0,South,44700.0,46,30-Dec-2019,1,32.0,South,44700.0,2019-12-30
3762,52.0,East,49200.0,88,09-Sep-2016,1,52.0,East,49200.0,2016-09-09
112,45.0,North,27200.0,56,"January 06, 2024",0,45.0,North,27200.0,2024-01-06
4398,36.0,West,69700.0,40,01/12/2015,1,36.0,West,69700.0,2015-01-12
375,49.0,East,"$30,800",5,2019-07-20,1,49.0,East,30800.0,2019-07-20
8807,32.0,East,90200.0,30,2016-06-06,0,32.0,East,90200.0,2016-06-06
11622,41.0,East,53800.0,15,2018-07-07,1,41.0,East,53800.0,2018-07-07
1343,48.0,West,"$59,400",89,"February 16, 2021",0,48.0,West,59400.0,2021-02-16
10306,52.0,East,69000.0,72,06-Aug-2023,0,52.0,East,69000.0,2023-08-06
10534,18.0,West,23300.0,35,13-Dec-2024,1,18.0,West,23300.0,2024-12-13
4010,57.0,West,36700.0,12,25-Nov-2017,0,57.0,West,36700.0,2017-11-25
3811,45.0,East,41800.0,24,09/14/2015,1,45.0,East,41800.0,2015-09-14
603,59.0,South,64700.0,23,12-Sep-2015,1,59.0,South,64700.0,2015-09-12
11366,39.0,South,20600.0,9,19-Jun-2019,1,39.0,South,20600.0,2019-06-19
6041,70.0,N.,67600.0,40,"April 01, 2018",1,70.0,North,67600.0,2018-04-01
9670,56.0,North,29400.0,63,2015-02-04,1,56.0,North,29400.0,2015-02-04
91,51.0,South,"$54,400",32,02-Jan-2019,0,51.0,South,54400.0,2019-01-02
7012,34.0,east,231900.0,17,10/07/2015,1,34.0,East,231900.0,2015-10-07
8699,58.0,North,28100.0,74,2017-04-25,1,58.0,North,28100.0,2017-04-25
7040,25.0,WEST,33100.0,48,"September 01, 2023",1,25.0,West,33100.0,2023-09-01
6507,35.0,North,36400.0,10,05-Dec-2023,1,35.0,North,36400.0,2023-12-05
10046,21.0,East,55700.0,31,"November 11, 2019",1,21.0,East,55700.0,2019-11-11
284,48.0,West,116500.0,16,07-Apr-2018,1,48.0,West,116500.0,2018-04-07
6795,43.0,East,82100.0,90,12-Jul-2024,0,43.0,East,82100.0,2024-07-12
8630,60.0,S.,77300.0,40,"July 05, 2023",1,60.0,South,77300.0,2023-07-05
4020,42.0,,79100.0,24,"June 27, 2022",0,42.0,Unknown,79100.0,2022-06-27
4146,18.0,North,15300.0,10,,1,18.0,North,15300.0,
10356,39.0,West,85200.0,54,13-Jun-2024,1,39.0,West,85200.0,2024-06-13
3397,30.0,East,45400.0,55,2018-01-31,1,30.0,East,45400.0,2018-01-31
9718,41.0,East,"$51,900",27,20-Oct-2017,1,41.0,East,51900.0,2017-10-20
170,41.0,North,46800.0,47,28-Jun-2019,1,41.0,North,46800.0,2019-06-28
6347,47.0,West,65500.0,128,"October 04, 2020",1,47.0,West,65500.0,2020-10-04
5240,40.0,North,83900.0,19,2023-04-06,1,40.0,North,83900.0,2023-04-06
11734,41.0,East,65500.0,37,09-Jan-2021,1,41.0,East,65500.0,2021-01-09
7006,51.0,North,34200.0,52,"April 01, 2018",0,51.0,North,34200.0,2018-04-01
679,47.0,WEST,27700.0,78,2018-05-23,1,47.0,West,27700.0,2018-05-23
11068,30.0,WEST,30600.0,56,21-Mar-2021,1,30.0,West,30600.0,2021-03-21
5377,42.0,W. ,74900.0,16,13-Apr-2018,1,42.0,West,74900.0,2018-04-13
5369,42.0,East,65200.0,26,06/27/2018,1,42.0,East,65200.0,2018-06-27
5604,47.0,West,81500.0,23,"January 27, 2022",1,47.0,West,81500.0,2022-01-27
9442,23.0,South,16300.0,19,24-Nov-2024,1,23.0,South,16300.0,2024-11-24
4844,27.0,east,136200.0,40,17-Dec-2024,0,27.0,East,136200.0,2024-12-17
434,18.0,West,26600.0,62,27-May-2017,1,18.0,West,26600.0,2017-05-27
8498,68.0,East,58200.0,11,2023-04-09,1,68.0,East,58200.0,2023-04-09
10179,47.0,East,105200.0,27,06/10/2017,1,47.0,East,105200.0,2017-06-10
1484,46.0,WEST,28900.0,8,27-Jan-2019,1,46.0,West,28900.0,2019-01-27
6829,37.0,West,54600.0,16,"October 24, 2020",0,37.0,West,54600.0,2020-10-24
4567,18.0,South,"$51,300",22,07/23/2017,1,18.0,South,51300.0,2017-07-23
7503,35.0,East,72400.0,48,26-Nov-2021,1,35.0,East,72400.0,2021-11-26
5865,,East,25200.0,42,26-Dec-2021,1,42.02803042831156,East,25200.0,2021-12-26
9777,27.0,South,36200.0,18,2017-10-05,1,27.0,South,36200.0,2017-10-05
9342,44.0,South,"$67,800",20,2024-11-16,1,44.0,South,67800.0,2024-11-16
3000,38.0,North,35400.0,70,"April 19, 2020",1,38.0,North,35400.0,2020-04-19
5976,42.0,East,53100.0,24,"July 09, 2021",1,42.0,East,53100.0,2021-07-09
2127,71.0,West,35100.0,40,05-Jul-2022,1,71.0,West,35100.0,2022-07-05
1424,60.0,North,75900.0,35,07/14/2018,1,60.0,North,75900.0,2018-07-14
4437,37.0,East,46000.0,86,04-Sep-2019,1,37.0,East,46000.0,2019-09-04
10666,42.0,West,70400.0,46,2020-09-20,1,42.0,West,70400.0,2020-09-20
1691,35.0, East ,47600.0,44,"June 15, 2018",1,35.0,East,47600.0,2018-06-15
7129,32.0,East,80600.0,9,09/26/2023,1,32.0,East,80600.0,2023-09-26
10092,40.0,West,45800.0,14,08/08/2015,1,40.0,West,45800.0,2015-08-08
4269,57.0,NORTH,"$20,900",18,08/22/2024,1,57.0,North,20900.0,2024-08-22
3514,56.0,South,89000.0,19,2022-04-03,0,56.0,South,89000.0,2022-04-03
2395,30.0,east,"$66,000",27,"January 30, 2018",1,30.0,East,66000.0,2018-01-30
7498,45.0,South,51100.0,71,12/30/2015,1,45.0,South,51100.0,2015-12-30
9985,54.0,East,95000.0,53,03-Nov-2017,1,54.0,East,95000.0,2017-11-03
6922,24.0,NORTH,44000.0,9,03/14/2017,1,24.0,North,44000.0,2017-03-14
11606,24.0,North,60300.0,17,2016-01-03,1,24.0,North,60300.0,2016-01-03
6378,51.0,East,29700.0,19,2017-08-17,1,51.0,East,29700.0,2017-08-17
2689,59.0,South,87800.0,15,2017-09-13,1,59.0,South,87800.0,2017-09-13
2823,51.0,WEST,41900.0,49,2018-02-24,0,51.0,West,41900.0,2018-02-24
7340,29.0,West,65600.0,33,17-Aug-2021,1,29.0,West,65600.0,2021-08-17
2169,32.0,North,90700.0,22,2017-04-20,1,32.0,North,90700.0,2017-04-20
811,39.0,North,,49,"July 19, 2019",0,39.0,North,49400.0,2019-07-19
11589,60.0,North,33400.0,32,"June 07, 2015",1,60.0,North,33400.0,2015-06-07
1996,47.0,West,63200.0,43,"November 22, 2018",0,47.0,West,63200.0,2018-11-22
6072,25.0, North,52800.0,48,03-May-2023,1,25.0,North,52800.0,2023-05-03
1384,40.0,South,34200.0,69,2015-04-28,1,40.0,South,34200.0,2015-04-28
11810,42.0, East ,96100.0,60,"January 27, 2017",1,42.0,East,96100.0,2017-01-27
2262,32.0,South,92400.0,63,12/25/2015,1,32.0,South,92400.0,2015-12-25
4251,39.0,West,152500.0,54,"September 14, 2024",1,39.0,West,152500.0,2024-09-14
6613,41.0,east,52700.0,28,"March 16, 2017",1,41.0,East,52700.0,2017-03-16
8176,26.0,W. ,"$28,300",39,03/02/2018,1,26.0,West,28300.0,2018-03-02
1150,55.0,South,115900.0,62,"March 13, 2019",1,55.0,South,115900.0,2019-03-13
9076,36.0,East,35000.0,5,08/16/2016,1,36.0,East,35000.0,2016-08-16
6869,23.0,West,43800.0,15,05-Nov-2015,1,23.0,West,43800.0,2015-11-05
9729,26.0,WEST,20600.0,54,"February 08, 2020",1,26.0,West,20600.0,2020-02-08
102,59.0, North,,30,2024-12-02,1,59.0,North,49400.0,2024-12-02
3360,44.0,South,"$27,400",31,"March 08, 2018",1,44.0,South,27400.0,2018-03-08
7639,37.0,South,61200.0,37,10/20/2022,1,37.0,South,61200.0,2022-10-20
299,19.0,South,50500.0,19,10/24/2024,1,19.0,South,50500.0,2024-10-24
10968,29.0,West,"$28,600",20,06/12/2022,0,29.0,West,28600.0,2022-06-12
2568,48.0,East,65600.0,10,06-Apr-2022,1,48.0,East,65600.0,2022-04-06
11823,23.0,north,53600.0,37,"July 31, 2019",1,23.0,North,53600.0,2019-07-31
5835,40.0,East,,57,01-Aug-2015,1,40.0,East,49400.0,2015-08-01
6269,41.0,W. ,34000.0,93,"June 26, 2021",1,41.0,West,34000.0,2021-06-26
10060,47.0,West,76900.0,58,18-Jun-2020,1,47.0,West,76900.0,2020-06-18
4497,36.0,W. ,53400.0,105,11/24/2016,1,36.0,West,53400.0,2016-11-24
8331,27.0,South,"$145,400",18,2017-04-10,1,27.0,South,145400.0,2017-04-10
2775,36.0,North,40200.0,25,01-Apr-2019,1,36.0,North,40200.0,2019-04-01
9686,20.0,East,32800.0,38,11/20/2022,1,20.0,East,32800.0,2022-11-20
4447,48.0,South,61700.0,66,06/13/2018,1,48.0,South,61700.0,2018-06-13
7992,34.0,East,47800.0,16,2020-04-14,1,34.0,East,47800.0,2020-04-14
7801,49.0,West,65700.0,35,"September 10, 2018",1,49.0,West,65700.0,2018-09-10
9710,38.0,East,,69,,1,38.0,East,49400.0,
9676,35.0,West,49200.0,114,"December 11, 2016",1,35.0,West,49200.0,2016-12-11
4577,30.0,East,60500.0,27,18-Sep-2017,1,30.0,East,60500.0,2017-09-18
166,,S.,35900.0,7,2022-08-21,1,42.02803042831156,South,35900.0,2022-08-21
26,37.0,SOUTH,75400.0,24,2018-11-04,1,37.0,South,75400.0,2018-11-04
4250,61.0,West,79800.0,36,"October 12, 2024",1,61.0,West,79800.0,2024-10-12
6417,60.0,West,76800.0,27,07-Jan-2017,0,60.0,West,76800.0,2017-01-07
11343,24.0,S.,35700.0,11,"April 25, 2016",0,24.0,South,35700.0,2016-04-25
824,18.0,East,24600.0,5,10-Dec-2020,1,18.0,East,24600.0,2020-12-10
6395,67.0,East,103100.0,33,03-Jul-2015,1,67.0,East,103100.0,2015-07-03
1746,32.0,West,"$39,100",147,01/05/2024,1,32.0,West,39100.0,2024-01-05
7710,30.0, East ,44700.0,49,"March 24, 2022",0,30.0,East,44700.0,2022-03-24
7968,50.0,N.,53800.0,15,"April 11, 2018",1,50.0,North,53800.0,2018-04-11
10134,27.0,east,15000.0,63,"August 01, 2020",0,27.0,East,15000.0,2020-08-01
5016,37.0, North,23200.0,25,2021-04-18,0,37.0,North,23200.0,2021-04-18
4328,48.0,south ,,6,07-Dec-2022,1,48.0,South,49400.0,2022-12-07
8424,58.0, East ,50700.0,44,2016-09-20,0,58.0,East,50700.0,2016-09-20
4136,34.0,West,35600.0,30,"April 28, 2015",1,34.0,West,35600.0,2015-04-28
2585,48.0,East,59000.0,17,"January 20, 2017",0,48.0,East,59000.0,2017-01-20
9943,25.0,East,,8,06/22/2016,0,25.0,East,49400.0,2016-06-22
7782,40.0,North,"$61,200",15,05/01/2017,1,40.0,North,61200.0,2017-05-01
3491,26.0,East,37500.0,26,06/18/2015,1,26.0,East,37500.0,2015-06-18
1156,43.0,North,68300.0,69,2020-07-31,1,43.0,North,68300.0,2020-07-31
10590,43.0,South,"$90,800",27,08/07/2023,1,43.0,South,90800.0,2023-08-07
8635,34.0,West,39100.0,40,"July 25, 2023",1,34.0,West,39100.0,2023-07-25
7279,32.0, East ,140300.0,42,2017-08-21,1,32.0,East,140300.0,2017-08-21
2571,72.0,East,98300.0,23,2023-02-18,1,72.0,East,98300.0,2023-02-18
6764,60.0,North,"$28,700",14,14-Oct-2021,1,60.0,North,28700.0,2021-10-14
727,46.0,SOUTH,130500.0,20,2015-11-18,1,46.0,South,130500.0,2015-11-18
47,53.0,W. ,"$44,800",8,2022-07-09,1,53.0,West,44800.0,2022-07-09
4934,49.0,S.,57700.0,13,22-Jan-2020,0,49.0,South,57700.0,2020-01-22
11773,34.0,South,41300.0,46,27-Jan-2017,1,34.0,South,41300.0,2017-01-27
6572,,East,"$47,200",4,30-Nov-2023,0,42.02803042831156,East,47200.0,2023-11-30
11191,18.0,West,81700.0,108,"January 31, 2019",1,18.0,West,81700.0,2019-01-31
2616,33.0,East,"$39,400",5,"July 02, 2023",1,33.0,East,39400.0,2023-07-02
11900,32.0,South,22400.0,22,12/01/2020,1,32.0,South,22400.0,2020-12-01
2934,56.0,East,45200.0,10,12/02/2022,1,56.0,East,45200.0,2022-12-02
8606,28.0,South,31100.0,64,,1,28.0,South,31100.0,
4957,43.0,East,71100.0,26,02/03/2021,1,43.0,East,71100.0,2021-02-03
11165,22.0,South,40700.0,112,2018-02-11,1,22.0,South,40700.0,2018-02-11
6773,42.0,West,"$32,300",53,11/29/2018,1,42.0,West,32300.0,2018-11-29
9362,35.0,West,80500.0,87,20-Nov-2019,0,35.0,West,80500.0,2019-11-20
3369,46.0,East,40300.0,31,07/05/2019,0,46.0,East,40300.0,2019-07-05
11065,31.0,EAST,48000.0,43,"June 02, 2024",1,31.0,East,48000.0,2024-06-02
10874,53.0,West,53400.0,48,2019-05-26,1,53.0,West,53400.0,2019-05-26
3709,40.0,east,89100.0,74,07-Jan-2024,1,40.0,East,89100.0,2024-01-07
8131,31.0,North,"$27,200",22,29-Oct-2020,1,31.0,North,27200.0,2020-10-29
9794,19.0,West,38900.0,86,2019-04-23,1,19.0,West,38900.0,2019-04-23
11492,47.0, East ,"$77,200",50,11/11/2021,1,47.0,East,77200.0,2021-11-11
4539,28.0,North,22700.0,17,04-Dec-2022,0,28.0,North,22700.0,2022-12-04
1323,42.0,W. ,"$54,700",18,2016-05-21,1,42.0,West,54700.0,2016-05-21
9648,54.0,,47600.0,10,11-Aug-2020,1,54.0,Unknown,47600.0,2020-08-11
8157,39.0,North,39400.0,70,30-Aug-2022,1,39.0,North,39400.0,2022-08-30
3555,54.0,East,84500.0,17,2015-05-26,1,54.0,East,84500.0,2015-05-26
7919,50.0,North,29800.0,38,"December 10, 2016",1,50.0,North,29800.0,2016-12-10
10039,29.0,East,28300.0,21,"November 29, 2017",0,29.0,East,28300.0,2017-11-29
5148,32.0,East,77200.0,16,2015-12-01,1,32.0,East,77200.0,2015-12-01
6026,48.0,east,47200.0,15,02/25/2018,1,48.0,East,47200.0,2018-02-25
1794,38.0,West,70600.0,23,2024-10-30,1,38.0,West,70600.0,2024-10-30
11115,33.0,East,93500.0,51,30-Oct-2017,0,33.0,East,93500.0,2017-10-30
5161,41.0,East,58400.0,53,15-Jan-2020,1,41.0,East,58400.0,2020-01-15
8025,30.0,West,59500.0,17,"June 18, 2020",1,30.0,West,59500.0,2020-06-18
4187,47.0,South,20300.0,98,"July 02, 2017",0,47.0,South,20300.0,2017-07-02
7437,56.0, East ,"$15,000",57,22-Nov-2018,1,56.0,East,15000.0,2018-11-22
9367,52.0,West,26100.0,58,2022-02-25,1,52.0,West,26100.0,2022-02-25
11486,24.0,East,134200.0,42,04/30/2018,1,24.0,East,134200.0,2018-04-30
1396,66.0,North,28800.0,43,2023-12-05,1,66.0,North,28800.0,2023-12-05
8250,,North,38700.0,33,03/03/2017,1,42.02803042831156,North,38700.0,2017-03-03
11529,36.0,East,46500.0,31,"March 02, 2017",1,36.0,East,46500.0,2017-03-02
7475,58.0,WEST,23700.0,52,04/18/2022,0,58.0,West,23700.0,2022-04-18
11878,24.0,North,64300.0,79,21-Nov-2023,0,24.0,North,64300.0,2023-11-21
1930,52.0,East,"$27,100",48,"July 31, 2016",0,52.0,East,27100.0,2016-07-31
5013,24.0,West,81200.0,15,2015-07-22,1,24.0,West,81200.0,2015-07-22
6754,50.0, East ,23800.0,92,10/03/2016,1,50.0,East,23800.0,2016-10-03
10025,58.0,West,69100.0,25,"January 03, 2020",1,58.0,West,69100.0,2020-01-03
3748,54.0,North,,38,10-Aug-2023,1,54.0,North,49400.0,2023-08-10
7720,24.0,N.,40000.0,26,27-Feb-2018,1,24.0,North,40000.0,2018-02-27
2721,44.0,West,-1000,64,"May 24, 2017",1,44.0,West,49400.0,2017-05-24
3723,54.0,East,31000.0,125,12/18/2019,1,54.0,East,31000.0,2019-12-18
7774,56.0,South,"$49,400",62,"April 23, 2020",1,56.0,South,49400.0,2020-04-23
8204,31.0,,75900.0,52,"November 11, 2021",1,31.0,Unknown,75900.0,2021-11-11
3331,42.0,North,90300.0,19,2024-02-18,1,42.0,North,90300.0,2024-02-18
1567,27.0,WEST,57000.0,9,04/13/2017,1,27.0,West,57000.0,2017-04-13
6991,35.0,West,44100.0,23,10/22/2020,1,35.0,West,44100.0,2020-10-22
801,31.0,West,102700.0,67,2022-08-14,1,31.0,West,102700.0,2022-08-14
3776,30.0,SOUTH,15000.0,10,18-Jan-2022,0,30.0,South,15000.0,2022-01-18
11157,26.0,North,37000.0,13,2015-05-23,1,26.0,North,37000.0,2015-05-23
11303,47.0,North,"$57,700",51,"December 18, 2016",1,47.0,North,57700.0,2016-12-18
8306,49.0,North,19800.0,38,2019-11-27,1,49.0,North,19800.0,2019-11-27
10241,36.0,West,56400.0,52,"November 29, 2020",0,36.0,West,56400.0,2020-11-29
2238,41.0,East,41600.0,37,"August 02, 2017",1,41.0,East,41600.0,2017-08-02
11386,30.0,East,35500.0,17,04/14/2019,0,30.0,East,35500.0,2019-04-14
687,52.0,North,"$70,800",9,11-Nov-2017,1,52.0,North,70800.0,2017-11-11
11769,32.0,South,113200.0,36,2020-07-30,0,32.0,South,113200.0,2020-07-30
7510,32.0,south ,64900.0,31,03-Mar-2019,1,32.0,South,64900.0,2019-03-03
11806,42.0,North,51800.0,15,2019-06-28,1,42.0,North,51800.0,2019-06-28
7597,42.0,North,"$20,300",20,10/31/2015,1,42.0,North,20300.0,2015-10-31
6477,41.0,East,76900.0,42,"May 06, 2024",0,41.0,East,76900.0,2024-05-06
9142,55.0,East,"$48,400",59,16-Mar-2015,1,55.0,East,48400.0,2015-03-16
6272,18.0,Unknown,57200.0,63,2020-11-07,1,18.0,Unknown,57200.0,2020-11-07
1318,47.0,N.,46700.0,10,02/12/2022,1,47.0,North,46700.0,2022-02-12
5168,28.0,North,65900.0,29,"May 06, 2021",1,28.0,North,65900.0,2021-05-06
10744,51.0,South,37700.0,16,2017-07-03,1,51.0,South,37700.0,2017-07-03
7419,38.0,SOUTH,132800.0,18,11-Aug-2017,0,38.0,South,132800.0,2017-08-11
2264,39.0,North,56200.0,53,11/14/2023,1,39.0,North,56200.0,2023-11-14
8127,58.0,North,49500.0,31,"February 13, 2017",1,58.0,North,49500.0,2017-02-13
11840,38.0,West,75300.0,34,07-Dec-2015,0,38.0,West,75300.0,2015-12-07
7155,65.0,North,"$23,900",46,04/21/2022,1,65.0,North,23900.0,2022-04-21
9762,18.0,North,"$42,900",53,2023-02-02,1,18.0,North,42900.0,2023-02-02
7579,59.0,North,76200.0,31,01/10/2021,0,59.0,North,76200.0,2021-01-10
2046,29.0,East,58300.0,4,01/20/2023,0,29.0,East,58300.0,2023-01-20
2442,49.0,West,84800.0,19,2024-05-15,1,49.0,West,84800.0,2024-05-15
4775,39.0,West,38900.0,11,15-Nov-2017,1,39.0,West,38900.0,2017-11-15
5123,38.0,WEST,55500.0,62,2017-10-26,1,38.0,West,55500.0,2017-10-26
11976,31.0,North,41400.0,8,"November 26, 2021",1,31.0,North,41400.0,2021-11-26
8484,57.0,North,97700.0,34,2021-03-11,1,57.0,North,97700.0,2021-03-11
7883,,North,39500.0,14,03/11/2015,0,42.02803042831156,North,39500.0,2015-03-11
9027,49.0,east,39500.0,30,10/23/2022,1,49.0,East,39500.0,2022-10-23
2773,39.0,North,37100.0,21,07/17/2019,1,39.0,North,37100.0,2019-07-17
3836,46.0,West,,3,2015-01-14,1,46.0,West,49400.0,2015-01-14
9853,35.0,S.,57100.0,48,"January 01, 2021",0,35.0,South,57100.0,2021-01-01
9801,42.0,East,"$48,700",30,"January 12, 2015",1,42.0,East,48700.0,2015-01-12
11133,37.0,North,15500.0,28,"July 22, 2022",1,37.0,North,15500.0,2022-07-22
1383,38.0,E.,59300.0,18,2016-08-14,1,38.0,East,59300.0,2016-08-14
10674,51.0,West,76700.0,13,2022-12-21,1,51.0,West,76700.0,2022-12-21
7511,55.0,west,57500.0,4,2024-06-04,1,55.0,West,57500.0,2024-06-04
9265,73.0,North,"$62,400",62,2021-07-14,1,73.0,North,62400.0,2021-07-14
3556,39.0,North,56400.0,25,06-Jan-2023,1,39.0,North,56400.0,2023-01-06
11087,34.0,North,109700.0,35,08/13/2020,1,34.0,North,109700.0,2020-08-13
2652,18.0,South,32600.0,41,"November 14, 2015",0,18.0,South,32600.0,2015-11-14
4465,55.0,East,33700.0,31,02-Jan-2019,0,55.0,East,33700.0,2019-01-02
10298,27.0,North,68500.0,18,12/26/2021,1,27.0,North,68500.0,2021-12-26
10696,55.0,West,84500.0,77,2018-05-07,0,55.0,West,84500.0,2018-05-07
719,,East,80700.0,25,"March 14, 2015",1,42.02803042831156,East,80700.0,2015-03-14
1220,59.0,East,42100.0,37,2024-05-24,1,59.0,East,42100.0,2024-05-24
8554,54.0,West,"$39,200",81,2019-02-03,1,54.0,West,39200.0,2019-02-03
9216,69.0,West,45900.0,68,2023-10-20,1,69.0,West,45900.0,2023-10-20
9398,29.0, East ,33200.0,31,2020-12-29,1,29.0,East,33200.0,2020-12-29
10522,60.0,East,86300.0,13,15-May-2023,0,60.0,East,86300.0,2023-05-15
4637,18.0,NORTH,42800.0,10,05-Nov-2023,0,18.0,North,42800.0,2023-11-05
9267,18.0,east,"$56,700",69,"June 05, 2020",0,18.0,East,56700.0,2020-06-05
6261,35.0,East,"$54,400",37,"April 26, 2022",1,35.0,East,54400.0,2022-04-26
6851,58.0, North,74500.0,78,"September 15, 2023",0,58.0,North,74500.0,2023-09-15
1717,34.0,East,60500.0,45,04-Jan-2017,1,34.0,East,60500.0,2017-01-04
4981,50.0,West,134700.0,38,23-Jul-2019,1,50.0,West,134700.0,2019-07-23
11693,57.0,west,68100.0,26,"December 23, 2023",1,57.0,West,68100.0,2023-12-23
5497,,West,62900.0,16,24-Sep-2016,1,42.02803042831156,West,62900.0,2016-09-24
10810,44.0,S.,29800.0,59,09-Feb-2016,1,44.0,South,29800.0,2016-02-09
7918,44.0,East,74900.0,47,10/24/2015,1,44.0,East,74900.0,2015-10-24
7802,55.0,west,54200.0,15,2023-12-12,1,55.0,West,54200.0,2023-12-12
8883,29.0,East,63500.0,48,2020-10-28,1,29.0,East,63500.0,2020-10-28
3064,44.0,South,"$92,800",30,17-Nov-2020,0,44.0,South,92800.0,2020-11-17
4759,29.0,East,158400.0,12,"August 16, 2015",1,29.0,East,158400.0,2015-08-16
1447,72.0,,54300.0,12,11-Jun-2015,0,72.0,Unknown,54300.0,2015-06-11
10731,18.0,North,19200.0,32,"November 29, 2019",1,18.0,North,19200.0,2019-11-29
6262,48.0,East,49600.0,59,29-Nov-2016,1,48.0,East,49600.0,2016-11-29
4190,70.0,North,169000.0,14,08/27/2020,1,70.0,North,169000.0,2020-08-27
7554,51.0,South,73100.0,28,02/22/2017,1,51.0,South,73100.0,2017-02-22
9319,50.0,East,76700.0,72,2016-01-06,1,50.0,East,76700.0,2016-01-06
5907,43.0, North,20100.0,80,06-Jun-2015,1,43.0,North,20100.0,2015-06-06
11347,,East,26900.0,52,11/27/2021,0,42.02803042831156,East,26900.0,2021-11-27
958,71.0,West,44800.0,76,06-Jul-2018,1,71.0,West,44800.0,2018-07-06
3671,48.0,W. ,48100.0,33,06/03/2019,1,48.0,West,48100.0,2019-06-03
5170,71.0,south ,42800.0,12,01-Feb-2015,0,71.0,South,42800.0,2015-02-01
4363,37.0,South,69400.0,15,24-Apr-2024,1,37.0,South,69400.0,2024-04-24
4145,,North,126600.0,57,"September 20, 2021",1,42.02803042831156,North,126600.0,2021-09-20
2614,37.0,South,"$30,600",12,01/08/2022,1,37.0,South,30600.0,2022-01-08
49,51.0,South,"$80,400",7,"January 01, 2019",1,51.0,South,80400.0,2019-01-01
741,55.0,EAST,22400.0,24,01-Jul-2023,1,55.0,East,22400.0,2023-07-01
6910,72.0,North,36600.0,10,06/02/2018,1,72.0,North,36600.0,2018-06-02
10302,58.0,North,27200.0,64,11/12/2023,1,58.0,North,27200.0,2023-11-12
4526,,West,60000.0,29,06-Jul-2016,1,42.02803042831156,West,60000.0,2016-07-06
5600,38.0,,44500.0,55,2015-07-31,1,38.0,Unknown,44500.0,2015-07-31
2576,47.0,East,119400.0,33,"July 27, 2021",1,47.0,East,119400.0,2021-07-27
5421,,South,"$27,200",66,11/07/2024,1,42.02803042831156,South,27200.0,2024-11-07
8144,55.0,West,29100.0,29,2016-03-06,1,55.0,West,29100.0,2016-03-06
11122,48.0,South,"$61,700",22,24-Jun-2023,1,48.0,South,61700.0,2023-06-24
6341,39.0,East,"$30,000",29,03/17/2021,1,39.0,East,30000.0,2021-03-17
7618,53.0,east,41700.0,89,09/13/2016,1,53.0,East,41700.0,2016-09-13
1955,45.0,West,67700.0,22,"April 18, 2018",1,45.0,West,67700.0,2018-04-18
11027,61.0,west,"$77,000",62,2021-10-22,0,61.0,West,77000.0,2021-10-22
11180,39.0,East,"$38,300",3,2017-05-14,1,39.0,East,38300.0,2017-05-14
3006,36.0,West,56300.0,34,2024-10-27,1,36.0,West,56300.0,2024-10-27
4688,22.0,North,139300.0,33,08/29/2018,1,22.0,North,139300.0,2018-08-29
8249,59.0,east,53000.0,14,2016-06-13,1,59.0,East,53000.0,2016-06-13
756,57.0,West,36100.0,10,2019-08-01,1,57.0,West,36100.0,2019-08-01
9186,30.0,East,61400.0,25,13-Aug-2018,1,30.0,East,61400.0,2018-08-13
2488,53.0,West,64400.0,5,2021-06-18,1,53.0,West,64400.0,2021-06-18
5158,48.0,East,83900.0,19,07-Oct-2024,0,48.0,East,83900.0,2024-10-07
3270,31.0,North,39700.0,15,07/23/2016,0,31.0,North,39700.0,2016-07-23
8028,54.0,West,64200.0,45,"July 23, 2024",1,54.0,West,64200.0,2024-07-23
1066,41.0,N.,43400.0,40,31-Mar-2021,0,41.0,North,43400.0,2021-03-31
9800,26.0,East,15000.0,44,05/29/2019,1,26.0,East,15000.0,2019-05-29
7156,53.0,East,49900.0,62,2022-09-07,0,53.0,East,49900.0,2022-09-07
6879,42.0,South,22400.0,58,28-Jul-2017,1,42.0,South,22400.0,2017-07-28
3950,,South,76800.0,130,28-Jan-2020,0,42.02803042831156,South,76800.0,2020-01-28
7094,35.0,South,"$34,500",25,02-Apr-2022,1,35.0,South,34500.0,2022-04-02
3269,38.0,South,99300.0,48,10/04/2020,0,38.0,South,99300.0,2020-10-04
9971,58.0,West,33700.0,14,20-Sep-2015,1,58.0,West,33700.0,2015-09-20
8954,53.0,east,"$146,200",113,"July 25, 2018",1,53.0,East,146200.0,2018-07-25
10879,48.0,South,63700.0,24,01/26/2024,1,48.0,South,63700.0,2024-01-26
4690,34.0,East,54600.0,30,2018-11-04,0,34.0,East,54600.0,2018-11-04
2776,76.0,east,"$85,000",13,"December 27, 2018",0,76.0,East,85000.0,2018-12-27
2452,37.0,East,35500.0,17,"December 31, 2015",1,37.0,East,35500.0,2015-12-31
10032,,W. ,62300.0,66,02/25/2023,0,42.02803042831156,West,62300.0,2023-02-25
2993,41.0,West,66000.0,20,10-Sep-2024,1,41.0,West,66000.0,2024-09-10
943,48.0,North,46900.0,32,06/05/2017,1,48.0,North,46900.0,2017-06-05
1945,37.0,East,25600.0,42,22-Mar-2023,1,37.0,East,25600.0,2023-03-22
5305,62.0,south ,80300.0,18,21-Jul-2016,1,62.0,South,80300.0,2016-07-21
11913,18.0,East,93100.0,19,01-Jul-2017,1,18.0,East,93100.0,2017-07-01
394,48.0,West,42800.0,19,"February 15, 2021",1,48.0,West,42800.0,2021-02-15
2569,18.0,South,31400.0,44,19-Jun-2016,1,18.0,South,31400.0,2016-06-19
11967,50.0,North,42700.0,29,"April 05, 2023",1,50.0,North,42700.0,2023-04-05
9935,45.0,East,56400.0,67,2024-01-09,0,45.0,East,56400.0,2024-01-09
8360,43.0,East,29600.0,39,"July 12, 2021",1,43.0,East,29600.0,2021-07-12
4053,47.0,North,109800.0,100,2019-11-08,1,47.0,North,109800.0,2019-11-08
7261,43.0,West,50900.0,12,2021-01-12,1,43.0,West,50900.0,2021-01-12
9613,52.0,North,38300.0,3,2020-10-02,1,52.0,North,38300.0,2020-10-02
11197,41.0,north,30300.0,124,2016-07-12,1,41.0,North,30300.0,2016-07-12
8291,40.0, East ,53600.0,59,2017-05-06,1,40.0,East,53600.0,2017-05-06
6927,24.0,West,51200.0,71,2023-10-12,0,24.0,West,51200.0,2023-10-12
7300,43.0,North,48200.0,56,2019-08-11,1,43.0,North,48200.0,2019-08-11
7817,50.0,South,91400.0,83,,1,50.0,South,91400.0,
1910,48.0,East,51700.0,46,09/02/2018,1,48.0,East,51700.0,2018-09-02
3802,32.0,East,,72,25-Mar-2022,0,32.0,East,49400.0,2022-03-25
10272,36.0,South,35100.0,3,"July 18, 2023",0,36.0,South,35100.0,2023-07-18
6195,36.0, North,41100.0,2,02/08/2020,0,36.0,North,41100.0,2020-02-08
788,39.0,North,47200.0,62,"September 18, 2020",1,39.0,North,47200.0,2020-09-18
2531,57.0,North,76600.0,94,03-Apr-2018,1,57.0,North,76600.0,2018-04-03
5700,18.0, East ,35800.0,22,04/01/2020,1,18.0,East,35800.0,2020-04-01
7177,48.0,South,37700.0,33,13-Jun-2022,1,48.0,South,37700.0,2022-06-13
7489,39.0,East,88900.0,83,"June 18, 2016",1,39.0,East,88900.0,2016-06-18
11827,58.0,East,"$258,800",28,"April 01, 2015",1,58.0,East,258800.0,2015-04-01
6442,,East,33000.0,18,05-Jan-2016,0,42.02803042831156,East,33000.0,2016-01-05
4838,29.0,N.,51100.0,41,10/19/2021,0,29.0,North,51100.0,2021-10-19
6058,28.0,North,86900.0,19,31-Oct-2022,1,28.0,North,86900.0,2022-10-31
694,18.0,South,25800.0,22,"June 05, 2024",1,18.0,South,25800.0,2024-06-05
5906,39.0,North,59900.0,59,2018-10-09,1,39.0,North,59900.0,2018-10-09
11242,24.0,E.,64000.0,48,2024-08-11,0,24.0,East,64000.0,2024-08-11
7602,23.0,South,51100.0,32,2015-11-17,1,23.0,South,51100.0,2015-11-17
10509,58.0,east,28400.0,26,2022-11-12,1,58.0,East,28400.0,2022-11-12
6580,48.0,SOUTH,38200.0,53,2024-09-14,0,48.0,South,38200.0,2024-09-14
11059,23.0,West,109700.0,68,"February 03, 2016",1,23.0,West,109700.0,2016-02-03
4885,48.0,West,55500.0,46,16-Aug-2021,1,48.0,West,55500.0,2021-08-16
8222,34.0,N.,29600.0,6,03/28/2018,0,34.0,North,29600.0,2018-03-28
8655,26.0,north,74300.0,6,2019-10-26,1,26.0,North,74300.0,2019-10-26
1256,34.0,East,29000.0,23,12/10/2022,0,34.0,East,29000.0,2022-12-10
7755,46.0,North,"$150,000",14,09/02/2019,1,46.0,North,150000.0,2019-09-02
9355,29.0, East ,17600.0,29,"July 09, 2021",0,29.0,East,17600.0,2021-07-09
7227,26.0,North,83400.0,63,07-Sep-2023,1,26.0,North,83400.0,2023-09-07
9060,50.0,North,51500.0,30,2015-04-04,1,50.0,North,51500.0,2015-04-04
7441,31.0,W. ,44100.0,32,2019-09-10,1,31.0,West,44100.0,2019-09-10
9401,31.0,north,55400.0,60,"February 01, 2017",1,31.0,North,55400.0,2017-02-01
3472,38.0,North,59900.0,51,"December 14, 2021",1,38.0,North,59900.0,2021-12-14
4299,64.0,east,39900.0,103,07/31/2021,0,64.0,East,39900.0,2021-07-31
9589,43.0,East,59400.0,24,"October 14, 2023",1,43.0,East,59400.0,2023-10-14
4034,50.0,North,134600.0,70,07-May-2023,1,50.0,North,134600.0,2023-05-07
7379,24.0,N.,72600.0,46,28-Dec-2015,1,24.0,North,72600.0,2015-12-28
597,35.0,South,"$44,800",48,05/14/2017,1,35.0,South,44800.0,2017-05-14
11448,33.0,East,43100.0,16,2019-01-24,1,33.0,East,43100.0,2019-01-24
11435,41.0,North,"$45,200",27,"August 04, 2017",1,41.0,North,45200.0,2017-08-04
9456,51.0,NORTH,35100.0,6,"November 21, 2020",1,51.0,North,35100.0,2020-11-21
10408,44.0,West,40600.0,14,30-Oct-2019,1,44.0,West,40600.0,2019-10-30
1759,29.0,North,"$48,200",37,"January 20, 2015",0,29.0,North,48200.0,2015-01-20
300,46.0,West,58900.0,89,"December 28, 2023",1,46.0,West,58900.0,2023-12-28
11215,28.0,West,33000.0,12,06/07/2022,1,28.0,West,33000.0,2022-06-07
2199,39.0,south ,66000.0,42,"October 28, 2019",1,39.0,South,66000.0,2019-10-28
6444,41.0,South,40900.0,56,22-Feb-2017,1,41.0,South,40900.0,2017-02-22
11633,23.0,West,44200.0,21,10/12/2023,0,23.0,West,44200.0,2023-10-12
11258,38.0,East,45300.0,24,2015-06-08,1,38.0,East,45300.0,2015-06-08
1826,51.0,East,84000.0,28,01/19/2016,1,51.0,East,84000.0,2016-01-19
9745,18.0,East,42600.0,67,2015-03-25,0,18.0,East,42600.0,2015-03-25
2583,41.0,South,56400.0,15,2017-08-19,1,41.0,South,56400.0,2017-08-19
7794,37.0,West,31200.0,31,2015-11-04,0,37.0,West,31200.0,2015-11-04
11904,46.0,North,64100.0,24,2020-01-29,1,46.0,North,64100.0,2020-01-29
4668,52.0,North,56000.0,121,11-Apr-2020,0,52.0,North,56000.0,2020-04-11
2301,36.0,South,31300.0,30,01-Feb-2021,1,36.0,South,31300.0,2021-02-01
1279,47.0,North,83600.0,37,2021-02-01,0,47.0,North,83600.0,2021-02-01
10027,,W. ,19600.0,33,"December 09, 2021",1,42.02803042831156,West,19600.0,2021-12-09
2370,52.0,,28300.0,25,2018-12-18,0,52.0,Unknown,28300.0,2018-12-18
4210,,South,"$39,300",34,"October 04, 2024",1,42.02803042831156,South,39300.0,2024-10-04
9015,61.0,East,76300.0,22,07/01/2019,1,61.0,East,76300.0,2019-07-01
8692,38.0,N.,50800.0,8,"June 24, 2018",1,38.0,North,50800.0,2018-06-24
6415,21.0,South,"$47,800",39,2020-09-03,0,21.0,South,47800.0,2020-09-03
3859,37.0,North,88500.0,93,"April 28, 2015",1,37.0,North,88500.0,2015-04-28
3693,18.0,South,35000.0,27,05/20/2021,1,18.0,South,35000.0,2021-05-20
8817,41.0,North,66900.0,48,06/13/2021,1,41.0,North,66900.0,2021-06-13
11754,30.0,North,62000.0,3,04/11/2020,0,30.0,North,62000.0,2020-04-11
3097,59.0,North,47300.0,7,06/26/2015,1,59.0,North,47300.0,2015-06-26
10223,30.0,North,63100.0,21,2021-06-28,1,30.0,North,63100.0,2021-06-28
5773,41.0,East,35200.0,166,28-Oct-2020,0,41.0,East,35200.0,2020-10-28
4478,35.0,South,76700.0,46,05/19/2016,1,35.0,South,76700.0,2016-05-19
9716,53.0,East,31000.0,18,"November 28, 2020",0,53.0,East,31000.0,2020-11-28
1729,43.0,South,84000.0,36,"November 18, 2016",1,43.0,South,84000.0,2016-11-18
11969,42.0,E.,63400.0,25,"January 24, 2022",1,42.0,East,63400.0,2022-01-24
8826,27.0,East,47800.0,133,21-May-2019,1,27.0,East,47800.0,2019-05-21
4290,47.0,North,29100.0,20,"February 07, 2016",1,47.0,North,29100.0,2016-02-07
11990,38.0,South,15000.0,14,01-Dec-2019,1,38.0,South,15000.0,2019-12-01
2528,37.0,WEST,61500.0,72,03/20/2020,1,37.0,West,61500.0,2020-03-20
63,44.0,N.,"$88,800",1,04/28/2020,1,44.0,North,88800.0,2020-04-28
8082,29.0,East,62200.0,20,09/22/2024,1,29.0,East,62200.0,2024-09-22
7865,26.0,East,38900.0,14,24-Sep-2022,1,26.0,East,38900.0,2022-09-24
5076,43.0,WEST,39600.0,95,2023-10-18,1,43.0,West,39600.0,2023-10-18
3124,49.0,East,98600.0,84,"October 07, 2019",0,49.0,East,98600.0,2019-10-07
1659,52.0,East,45400.0,40,2016-05-25,1,52.0,East,45400.0,2016-05-25
5685,29.0,North,46800.0,55,12-Nov-2017,0,29.0,North,46800.0,2017-11-12
2889,37.0,North,"$30,700",34,03/23/2019,1,37.0,North,30700.0,2019-03-23
3203,,,21600.0,46,"February 13, 2015",1,42.02803042831156,Unknown,21600.0,2015-02-13
7266,47.0,North,65200.0,60,"February 16, 2022",1,47.0,North,65200.0,2022-02-16
3144,45.0,North,94200.0,138,01/29/2022,0,45.0,North,94200.0,2022-01-29
9811,,West,25900.0,75,2017-04-21,0,42.02803042831156,West,25900.0,2017-04-21
964,41.0,South,22700.0,27,"February 25, 2017",0,41.0,South,22700.0,2017-02-25
7447,,West,103100.0,12,2024-04-23,1,42.02803042831156,West,103100.0,2024-04-23
7594,37.0,west,"$30,900",5,15-Nov-2020,1,37.0,West,30900.0,2020-11-15
9343,39.0,South,64100.0,19,"January 12, 2019",1,39.0,South,64100.0,2019-01-12
1654,37.0,West,77800.0,18,2021-02-17,1,37.0,West,77800.0,2021-02-17
7102,25.0,South,"$131,400",50,06/18/2022,0,25.0,South,131400.0,2022-06-18
7610,,East,92800.0,32,2015-03-21,1,42.02803042831156,East,92800.0,2015-03-21
11,53.0,W. ,49700.0,31,10/24/2016,0,53.0,West,49700.0,2016-10-24
4401,41.0,East,73300.0,36,29-Sep-2016,1,41.0,East,73300.0,2016-09-29
8269,38.0,South,145200.0,34,12/07/2019,1,38.0,South,145200.0,2019-12-07
2958,43.0,North,27600.0,20,"May 06, 2020",1,43.0,North,27600.0,2020-05-06
5043,47.0,East,41000.0,13,07/23/2018,1,47.0,East,41000.0,2018-07-23
9946,41.0,West,52800.0,36,"January 31, 2018",1,41.0,West,52800.0,2018-01-31
7761,44.0,E.,47500.0,55,"May 27, 2017",0,44.0,East,47500.0,2017-05-27
2151,41.0,north,56500.0,60,2015-06-06,1,41.0,North,56500.0,2015-06-06
1822,52.0,North,128300.0,13,11/15/2021,1,52.0,North,128300.0,2021-11-15
9098,56.0,East,34100.0,35,01/11/2021,1,56.0,East,34100.0,2021-01-11
3783,30.0,East,81900.0,5,24-Dec-2021,0,30.0,East,81900.0,2021-12-24
7771,58.0,West,58500.0,3,2023-10-12,1,58.0,West,58500.0,2023-10-12
1670,33.0,South,29000.0,30,02/17/2022,1,33.0,South,29000.0,2022-02-17
5774,56.0,S.,52400.0,74,"June 28, 2024",1,56.0,South,52400.0,2024-06-28
6632,37.0,N.,29300.0,50,03/10/2021,0,37.0,North,29300.0,2021-03-10
4253,48.0,East,58300.0,39,03/11/2023,1,48.0,East,58300.0,2023-03-11
2362,29.0,S.,"$34,100",14,"March 21, 2019",1,29.0,South,34100.0,2019-03-21
8861,62.0,South,62800.0,66,01/02/2024,1,62.0,South,62800.0,2024-01-02
5019,27.0,North,61000.0,68,"September 09, 2020",1,27.0,North,61000.0,2020-09-09
11936,19.0,North,76300.0,18,06-Jun-2020,1,19.0,North,76300.0,2020-06-06
11753,44.0,South,36200.0,63,"April 08, 2023",0,44.0,South,36200.0,2023-04-08
1139,41.0,north,52200.0,40,06/29/2022,1,41.0,North,52200.0,2022-06-29
10784,21.0,East,37100.0,22,03/08/2020,1,21.0,East,37100.0,2020-03-08
665,41.0,South,42500.0,19,"March 01, 2018",1,41.0,South,42500.0,2018-03-01
6406,53.0,Unknown,75100.0,51,05-Dec-2018,1,53.0,Unknown,75100.0,2018-12-05
8784,18.0,West,47200.0,11,"October 25, 2018",1,18.0,West,47200.0,2018-10-25
5726,45.0,North,79200.0,57,04-Sep-2023,1,45.0,North,79200.0,2023-09-04
6258,42.0,East,44600.0,15,09-Aug-2019,1,42.0,East,44600.0,2019-08-09
1458,43.0,North,65400.0,39,05/05/2018,1,43.0,North,65400.0,2018-05-05
5311,29.0,east,70500.0,43,02/10/2016,1,29.0,East,70500.0,2016-02-10
1485,52.0,North,93600.0,52,2022-11-15,1,52.0,North,93600.0,2022-11-15
11442,18.0,West,"$34,100",19,07/17/2020,0,18.0,West,34100.0,2020-07-17
4017,62.0,West,44300.0,18,12/26/2018,1,62.0,West,44300.0,2018-12-26
9925,53.0,South,48300.0,20,2020-10-21,1,53.0,South,48300.0,2020-10-21
7160,26.0,W. ,"$143,900",46,2020-12-06,1,26.0,West,143900.0,2020-12-06
10188,26.0,West,84800.0,32,"September 11, 2017",1,26.0,West,84800.0,2017-09-11
264,35.0,North,45100.0,78,"September 25, 2015",0,35.0,North,45100.0,2015-09-25
4504,52.0,North,46000.0,50,12-May-2019,1,52.0,North,46000.0,2019-05-12
4900,36.0,north,72400.0,57,14-Dec-2016,1,36.0,North,72400.0,2016-12-14
4097,49.0,East,40400.0,52,"January 15, 2023",1,49.0,East,40400.0,2023-01-15
730,27.0,South,36600.0,17,07/14/2023,1,27.0,South,36600.0,2023-07-14
3696,32.0,North,34400.0,31,10-Aug-2017,1,32.0,North,34400.0,2017-08-10
1005,42.0,West,76300.0,12,"September 14, 2017",1,42.0,West,76300.0,2017-09-14
3978,39.0, East ,76300.0,55,06/29/2020,1,39.0,East,76300.0,2020-06-29
3224,18.0,West,24100.0,33,"June 04, 2021",0,18.0,West,24100.0,2021-06-04
5847,55.0,NORTH,39800.0,107,29-Jun-2021,1,55.0,North,39800.0,2021-06-29
10209,40.0,North,"$57,000",33,17-Aug-2015,1,40.0,North,57000.0,2015-08-17
4815,44.0,North,71000.0,66,04/18/2016,1,44.0,North,71000.0,2016-04-18
11959,79.0,east,57200.0,16,10/13/2015,1,79.0,East,57200.0,2015-10-13
10824,51.0,East,91000.0,33,"April 28, 2018",1,51.0,East,91000.0,2018-04-28
1814,42.0,South,44400.0,24,"May 01, 2017",1,42.0,South,44400.0,2017-05-01
9165,64.0,South,95500.0,34,2023-10-27,1,64.0,South,95500.0,2023-10-27
2250,57.0,North,20000.0,19,16-Jul-2021,1,57.0,North,20000.0,2021-07-16
6561,42.0,west,96600.0,20,15-Sep-2023,1,42.0,West,96600.0,2023-09-15
1177,32.0, East ,51900.0,8,04/27/2022,1,32.0,East,51900.0,2022-04-27
7488,55.0,North,96100.0,10,2024-07-06,1,55.0,North,96100.0,2024-07-06
7624,46.0,WEST,,32,03-Aug-2020,1,46.0,West,49400.0,2020-08-03
2916,67.0,West,36100.0,55,"September 17, 2015",0,67.0,West,36100.0,2015-09-17
5357,18.0,West,45600.0,57,2017-12-09,1,18.0,West,45600.0,2017-12-09
5306,65.0, North,62800.0,73,16-Oct-2017,1,65.0,North,62800.0,2017-10-16
7478,44.0,East,24300.0,38,23-Feb-2023,1,44.0,East,24300.0,2023-02-23
7393,,West,41000.0,47,"July 18, 2016",1,42.02803042831156,West,41000.0,2016-07-18
1467,25.0,North,"$36,700",67,02/23/2021,1,25.0,North,36700.0,2021-02-23
3633,34.0,N.,103900.0,24,"August 06, 2024",0,34.0,North,103900.0,2024-08-06
8411,,W. ,32400.0,27,18-Jan-2024,1,42.02803042831156,West,32400.0,2024-01-18
3377,50.0,West,"$40,300",55,2019-10-20,0,50.0,West,40300.0,2019-10-20
4762,79.0,North,26000.0,13,2016-07-08,1,79.0,North,26000.0,2016-07-08
2254,18.0,WEST,28000.0,45,06/30/2022,1,18.0,West,28000.0,2022-06-30
9924,,West,"$123,700",27,12/20/2024,0,42.02803042831156,West,123700.0,2024-12-20
2150,44.0,North,30100.0,3,01/11/2023,0,44.0,North,30100.0,2023-01-11
3060,38.0,West,51500.0,8,07/14/2021,0,38.0,West,51500.0,2021-07-14
11616,43.0,North,39300.0,19,2017-02-19,1,43.0,North,39300.0,2017-02-19
1535,68.0,south ,37800.0,60,08/04/2018,1,68.0,South,37800.0,2018-08-04
804,47.0,East,49300.0,48,2023-11-10,0,47.0,East,49300.0,2023-11-10
321,,NORTH,"$40,900",48,16-Oct-2020,1,42.02803042831156,North,40900.0,2020-10-16
5488,33.0,West,34900.0,14,28-Jul-2016,0,33.0,West,34900.0,2016-07-28
4837,18.0,East,100300.0,46,08/19/2015,1,18.0,East,100300.0,2015-08-19
8744,25.0,West,45900.0,22,03/29/2021,1,25.0,West,45900.0,2021-03-29
4573,46.0,west,65200.0,47,,1,46.0,West,65200.0,
7357,44.0,west,51100.0,53,13-Jul-2023,1,44.0,West,51100.0,2023-07-13
9253,50.0,North,37100.0,87,08/13/2019,0,50.0,North,37100.0,2019-08-13
61,20.0,West,64600.0,36,07/03/2018,1,20.0,West,64600.0,2018-07-03
2558,53.0,North,124900.0,40,2022-11-25,1,53.0,North,124900.0,2022-11-25
558,29.0,East,51700.0,34,"April 20, 2022",1,29.0,East,51700.0,2022-04-20
2456,43.0,East,"$121,200",28,2016-01-10,0,43.0,East,121200.0,2016-01-10
652,40.0,N.,27700.0,15,09/04/2019,1,40.0,North,27700.0,2019-09-04
9272,39.0,North,38800.0,13,2015-09-09,1,39.0,North,38800.0,2015-09-09
6994,42.0,South,95100.0,55,02/02/2016,1,42.0,South,95100.0,2016-02-02
11178,50.0,North,"$56,800",56,2020-09-03,0,50.0,North,56800.0,2020-09-03
11821,36.0,East,104000.0,55,14-Nov-2018,1,36.0,East,104000.0,2018-11-14
2089,34.0,West,89500.0,55,26-Sep-2022,0,34.0,West,89500.0,2022-09-26
2986,36.0,West,"$36,000",39,"January 20, 2017",0,36.0,West,36000.0,2017-01-20
4239,41.0,N.,84000.0,57,26-Apr-2019,0,41.0,North,84000.0,2019-04-26
119,63.0,East,70400.0,47,04/13/2018,1,63.0,East,70400.0,2018-04-13
306,28.0,South,114400.0,35,"December 11, 2019",1,28.0,South,114400.0,2019-12-11
2606,30.0,East,35200.0,22,06/09/2019,1,30.0,East,35200.0,2019-06-09
11280,59.0,West,59500.0,44,2021-11-06,0,59.0,West,59500.0,2021-11-06
4583,44.0,North,30600.0,13,2021-11-02,1,44.0,North,30600.0,2021-11-02
5506,30.0,South,"$49,800",17,30-Nov-2022,1,30.0,South,49800.0,2022-11-30
11475,49.0,north,40200.0,32,"November 30, 2017",1,49.0,North,40200.0,2017-11-30
5249,46.0,WEST,74800.0,12,26-Jun-2017,0,46.0,West,74800.0,2017-06-26
4641,62.0,North,44100.0,57,2023-01-07,1,62.0,North,44100.0,2023-01-07
3985,32.0,North,62000.0,20,"August 01, 2020",1,32.0,North,62000.0,2020-08-01
2574,44.0,South,,66,07/16/2015,1,44.0,South,49400.0,2015-07-16
6168,18.0,East,44500.0,78,05-May-2021,1,18.0,East,44500.0,2021-05-05
3999,34.0,W. ,41400.0,65,2021-10-17,1,34.0,West,41400.0,2021-10-17
11568,43.0,north,"$128,900",42,21-Jun-2017,0,43.0,North,128900.0,2017-06-21
6593,52.0,East,49000.0,68,01/18/2022,1,52.0,East,49000.0,2022-01-18
2080,30.0,West,22100.0,89,06/18/2016,1,30.0,West,22100.0,2016-06-18
8975,27.0,East,82200.0,111,2020-08-10,0,27.0,East,82200.0,2020-08-10
3949,,NORTH,84600.0,42,"September 23, 2020",1,42.02803042831156,North,84600.0,2020-09-23
2904,35.0,East,46800.0,33,08/17/2020,0,35.0,East,46800.0,2020-08-17
7225,32.0,West,"$29,300",37,2020-06-23,1,32.0,West,29300.0,2020-06-23
2641,50.0,north,118400.0,42,2022-01-08,1,50.0,North,118400.0,2022-01-08
984,52.0,WEST,"$44,700",17,2018-10-31,1,52.0,West,44700.0,2018-10-31
8937,21.0,East,25300.0,6,2020-01-19,1,21.0,East,25300.0,2020-01-19
6177,32.0,NORTH,68600.0,30,13-Nov-2024,1,32.0,North,68600.0,2024-11-13
1838,39.0,East,"$21,700",34,"May 06, 2015",1,39.0,East,21700.0,2015-05-06
9126,47.0,North,43300.0,23,"September 16, 2022",0,47.0,North,43300.0,2022-09-16
2587,43.0,West,38200.0,30,"August 21, 2016",1,43.0,West,38200.0,2016-08-21
5703,50.0,South,29700.0,35,"October 06, 2024",1,50.0,South,29700.0,2024-10-06
7886,23.0,West,64100.0,20,26-Jul-2021,1,23.0,West,64100.0,2021-07-26
10447,39.0,South,50800.0,18,"July 24, 2023",1,39.0,South,50800.0,2023-07-24
4286,64.0,East,,60,2019-10-24,0,64.0,East,49400.0,2019-10-24
5939,45.0,North,22800.0,50,"October 02, 2016",1,45.0,North,22800.0,2016-10-02
10281,38.0,South,71800.0,27,"September 30, 2017",0,38.0,South,71800.0,2017-09-30
10609,48.0,East,"$63,000",27,"February 11, 2024",1,48.0,East,63000.0,2024-02-11
2879,31.0,South,70600.0,118,07-Dec-2023,1,31.0,South,70600.0,2023-12-07
6628,39.0,North,91700.0,18,2022-04-19,1,39.0,North,91700.0,2022-04-19
7370,50.0,east,133900.0,35,2019-11-26,0,50.0,East,133900.0,2019-11-26
2352,50.0,East,47200.0,19,18-May-2022,1,50.0,East,47200.0,2022-05-18
1656,22.0,,48500.0,30,04-Oct-2019,1,22.0,Unknown,48500.0,2019-10-04
5339,46.0,West,"$51,900",7,06/22/2018,1,46.0,West,51900.0,2018-06-22
6663,18.0,East,48600.0,13,,0,18.0,East,48600.0,
6604,45.0,North,70500.0,27,11/23/2018,1,45.0,North,70500.0,2018-11-23
3598,35.0,East,63200.0,5,2024-06-28,0,35.0,East,63200.0,2024-06-28
6219,54.0,,44100.0,67,,1,54.0,Unknown,44100.0,
5631,18.0,West,26600.0,37,2023-09-09,1,18.0,West,26600.0,2023-09-09
5150,25.0,South,147000.0,34,01/01/2016,1,25.0,South,147000.0,2016-01-01
6464,,South,57000.0,23,07/26/2024,1,42.02803042831156,South,57000.0,2024-07-26
7352,41.0,east,30300.0,46,02/10/2018,1,41.0,East,30300.0,2018-02-10
5477,,East,18500.0,25,2016-10-28,0,42.02803042831156,East,18500.0,2016-10-28
8401,36.0,South,"$48,100",31,2018-09-09,1,36.0,South,48100.0,2018-09-09
3938,48.0,East,47100.0,29,"January 28, 2020",1,48.0,East,47100.0,2020-01-28
5313,48.0,West,"$56,700",8,01/03/2019,1,48.0,West,56700.0,2019-01-03
5651,47.0,East,42800.0,22,2016-04-15,1,47.0,East,42800.0,2016-04-15
9047,53.0,South,57500.0,19,11-Oct-2017,1,53.0,South,57500.0,2017-10-11
3596,74.0,E.,"$83,200",13,2015-07-07,1,74.0,East,83200.0,2015-07-07
5610,48.0, North,76700.0,17,2023-03-18,1,48.0,North,76700.0,2023-03-18
10020,39.0,South,"$47,900",25,2020-09-09,1,39.0,South,47900.0,2020-09-09
3170,27.0,East,132000.0,120,06/12/2021,1,27.0,East,132000.0,2021-06-12
11307,37.0,West,66100.0,17,08/02/2021,1,37.0,West,66100.0,2021-08-02
9962,38.0,South,56000.0,27,17-Dec-2016,0,38.0,South,56000.0,2016-12-17
4323,23.0,South,51800.0,17,2017-04-15,1,23.0,South,51800.0,2017-04-15
9559,37.0,West,34100.0,6,28-Mar-2015,0,37.0,West,34100.0,2015-03-28
7996,35.0,south ,118500.0,9,31-Oct-2022,1,35.0,South,118500.0,2022-10-31
3994,33.0,West,88700.0,4,2021-06-25,1,33.0,West,88700.0,2021-06-25
7346,18.0,east,24100.0,105,"June 02, 2021",1,18.0,East,24100.0,2021-06-02
2905,37.0,SOUTH,30800.0,41,"May 01, 2023",1,37.0,South,30800.0,2023-05-01
2189,68.0,South,34200.0,27,2016-09-19,1,68.0,South,34200.0,2016-09-19
513,43.0,E.,31800.0,42,11/26/2018,0,43.0,East,31800.0,2018-11-26
2795,56.0,South,45800.0,64,2016-09-02,0,56.0,South,45800.0,2016-09-02
4866,43.0,east,"$32,400",31,"October 18, 2020",1,43.0,East,32400.0,2020-10-18
8670,42.0,E.,31100.0,11,2024-07-02,1,42.0,East,31100.0,2024-07-02
8472,35.0,NORTH,"$105,100",38,"May 25, 2016",1,35.0,North,105100.0,2016-05-25
10497,38.0,North,92000.0,47,10-May-2018,1,38.0,North,92000.0,2018-05-10
9391,38.0,West,"$44,300",18,"March 20, 2020",1,38.0,West,44300.0,2020-03-20
10146,34.0,East,36400.0,64,05/23/2022,1,34.0,East,36400.0,2022-05-23
8533,46.0,South,"$23,400",6,11/16/2019,0,46.0,South,23400.0,2019-11-16
8768,44.0,South,83000.0,36,17-Feb-2019,1,44.0,South,83000.0,2019-02-17
3643,41.0,South,25300.0,19,09/27/2024,1,41.0,South,25300.0,2024-09-27
635,38.0,North,59400.0,22,08-Apr-2017,1,38.0,North,59400.0,2017-04-08
3553,55.0,North,38200.0,21,2019-09-10,0,55.0,North,38200.0,2019-09-10
7990,37.0, North,73000.0,58,29-Sep-2015,1,37.0,North,73000.0,2015-09-29
5654,50.0,South,51200.0,14,2023-07-27,1,50.0,South,51200.0,2023-07-27
956,60.0,North,28300.0,26,12-Feb-2017,1,60.0,North,28300.0,2017-02-12
3681,34.0,West,59200.0,36,"September 09, 2021",1,34.0,West,59200.0,2021-09-09
6345,29.0,South,32300.0,49,08-Sep-2021,1,29.0,South,32300.0,2021-09-08
8002,58.0,South,76500.0,25,2016-04-20,1,58.0,South,76500.0,2016-04-20
8823,38.0,North,70100.0,34,02-Oct-2019,1,38.0,North,70100.0,2019-10-02
3586,68.0,South,36900.0,23,03/17/2019,1,68.0,South,36900.0,2019-03-17
4990,53.0,North,"$23,900",31,04/16/2017,1,53.0,North,23900.0,2017-04-16
6640,51.0,East,30900.0,5,2019-11-21,1,51.0,East,30900.0,2019-11-21
593,66.0,South,100100.0,17,"December 06, 2019",0,66.0,South,100100.0,2019-12-06
607,52.0,North,"$56,300",35,2017-08-19,1,52.0,North,56300.0,2017-08-19
220,33.0,West,"$28,800",49,,1,33.0,West,28800.0,
2473,46.0,SOUTH,44200.0,34,10-Apr-2023,1,46.0,South,44200.0,2023-04-10
10468,46.0,South,"$24,500",40,13-May-2021,1,46.0,South,24500.0,2021-05-13
11778,40.0,West,75800.0,73,2022-08-12,1,40.0,West,75800.0,2022-08-12
9563,59.0,West,28000.0,63,"July 15, 2021",1,59.0,West,28000.0,2021-07-15
9995,34.0,east,42100.0,63,16-Jan-2023,0,34.0,East,42100.0,2023-01-16
8782,48.0,East,50200.0,25,2022-11-25,1,48.0,East,50200.0,2022-11-25
11330,33.0,South,78400.0,27,16-Apr-2023,0,33.0,South,78400.0,2023-04-16
3070,31.0,West,117100.0,12,2024-07-20,1,31.0,West,117100.0,2024-07-20
10661,45.0,West,,24,"January 28, 2017",1,45.0,West,49400.0,2017-01-28
10846,27.0,East,46000.0,27,10/03/2019,1,27.0,East,46000.0,2019-10-03
5055,42.0,SOUTH,42500.0,8,10/13/2020,1,42.0,South,42500.0,2020-10-13
8012,20.0,West,25900.0,6,2021-06-17,1,20.0,West,25900.0,2021-06-17
7858,42.0,NORTH,43700.0,32,"August 01, 2023",1,42.0,North,43700.0,2023-08-01
10492,43.0,North,73300.0,19,06/11/2018,0,43.0,North,73300.0,2018-06-11
5359,36.0,North,42300.0,107,2019-02-04,1,36.0,North,42300.0,2019-02-04
7832,70.0,East,"$43,300",29,2020-09-09,1,70.0,East,43300.0,2020-09-09
8609,38.0,East,23000.0,50,12-Mar-2020,1,38.0,East,23000.0,2020-03-12
9528,35.0,West,65400.0,1,"February 18, 2021",1,35.0,West,65400.0,2021-02-18
5532,50.0,South,55300.0,3,"August 01, 2021",1,50.0,South,55300.0,2021-08-01
6639,52.0,North,44200.0,23,07/27/2021,1,52.0,North,44200.0,2021-07-27
3101,29.0,N.,64700.0,147,05-Apr-2018,1,29.0,North,64700.0,2018-04-05
10833,30.0,East,41300.0,8,10/27/2022,0,30.0,East,41300.0,2022-10-27
11365,23.0,East,62700.0,59,2017-12-17,1,23.0,East,62700.0,2017-12-17
3634,40.0,east,,48,06-Sep-2019,0,40.0,East,49400.0,2019-09-06
11914,37.0,North,"$66,400",106,04/19/2020,1,37.0,North,66400.0,2020-04-19
10578,49.0,East,72600.0,33,"July 22, 2022",1,49.0,East,72600.0,2022-07-22
8474,62.0,South,164400.0,39,"October 05, 2022",1,62.0,South,164400.0,2022-10-05
1003,,South,76000.0,18,2015-02-25,1,42.02803042831156,South,76000.0,2015-02-25
7081,58.0,West,"$42,300",9,08/14/2016,0,58.0,West,42300.0,2016-08-14
389,46.0,North,120200.0,57,2020-10-07,1,46.0,North,120200.0,2020-10-07
9143,19.0,West,26900.0,76,"May 27, 2023",0,19.0,West,26900.0,2023-05-27
8381,18.0,North,78700.0,81,2022-12-22,1,18.0,North,78700.0,2022-12-22
10508,56.0,North,48000.0,11,"October 09, 2020",0,56.0,North,48000.0,2020-10-09
10308,36.0,South,115500.0,16,24-May-2024,0,36.0,South,115500.0,2024-05-24
711,42.0,East,"$26,200",14,05-Oct-2023,0,42.0,East,26200.0,2023-10-05
8376,54.0,South,23100.0,24,"May 27, 2015",1,54.0,South,23100.0,2015-05-27
7884,62.0,north,72700.0,2,2023-08-25,1,62.0,North,72700.0,2023-08-25
441,40.0,South,24200.0,14,12/08/2021,1,40.0,South,24200.0,2021-12-08
8846,56.0,E.,41700.0,137,04-May-2021,0,56.0,East,41700.0,2021-05-04
9772,57.0, North,54700.0,33,2023-11-09,1,57.0,North,54700.0,2023-11-09
8182,21.0,WEST,57900.0,27,08/22/2017,1,21.0,West,57900.0,2017-08-22
6701,32.0,East,60200.0,43,08/19/2021,1,32.0,East,60200.0,2021-08-19
2436,30.0,North,47800.0,85,2023-07-04,1,30.0,North,47800.0,2023-07-04
3770,52.0,West,59500.0,120,2021-02-14,1,52.0,West,59500.0,2021-02-14
5637,48.0,West,35500.0,32,06/16/2021,1,48.0,West,35500.0,2021-06-16
4997,38.0,East,60500.0,57,03/11/2024,1,38.0,East,60500.0,2024-03-11
8232,41.0, East ,"$60,600",45,10/31/2024,1,41.0,East,60600.0,2024-10-31
3314,44.0,North,42800.0,20,08-Jun-2015,0,44.0,North,42800.0,2015-06-08
10236,31.0,North,43800.0,9,"September 04, 2022",1,31.0,North,43800.0,2022-09-04
7838,58.0,East,44300.0,22,10/25/2023,1,58.0,East,44300.0,2023-10-25
4307,45.0,NORTH,29100.0,19,12/23/2015,1,45.0,North,29100.0,2015-12-23
10355,34.0,South,51100.0,25,2022-04-09,1,34.0,South,51100.0,2022-04-09
1517,33.0,NORTH,61600.0,24,02/26/2016,1,33.0,North,61600.0,2016-02-26
5115,63.0,south ,43700.0,42,2021-06-17,1,63.0,South,43700.0,2021-06-17
5164,44.0,SOUTH,15000.0,10,2019-06-21,1,44.0,South,15000.0,2019-06-21
10030,49.0,S.,"$51,900",25,2017-09-12,1,49.0,South,51900.0,2017-09-12
2708,18.0,South,"$54,400",29,09-Mar-2021,1,18.0,South,54400.0,2021-03-09
10935,43.0,North,64400.0,21,12/24/2015,1,43.0,North,64400.0,2015-12-24
7756,38.0,West,81300.0,24,2024-08-11,1,38.0,West,81300.0,2024-08-11
1856,33.0,South,51600.0,84,10/31/2016,1,33.0,South,51600.0,2016-10-31
8746,18.0,North,68700.0,40,2023-07-02,0,18.0,North,68700.0,2023-07-02
4810,41.0,South,82200.0,70,06/30/2019,1,41.0,South,82200.0,2019-06-30
7171,40.0, North,31900.0,23,"July 31, 2016",0,40.0,North,31900.0,2016-07-31
5593,54.0,South,50100.0,23,27-May-2024,1,54.0,South,50100.0,2024-05-27
9073,48.0,East,"$17,000",13,2016-02-17,1,48.0,East,17000.0,2016-02-17
5680,53.0,East,"$64,500",46,"November 21, 2016",1,53.0,East,64500.0,2016-11-21
4564,,South,56200.0,33,"April 30, 2018",1,42.02803042831156,South,56200.0,2018-04-30
8103,26.0,South,"$62,600",53,"December 25, 2016",1,26.0,South,62600.0,2016-12-25
4275,47.0,N.,81700.0,57,"August 31, 2020",1,47.0,North,81700.0,2020-08-31
8480,42.0,East,67700.0,22,2020-04-20,0,42.0,East,67700.0,2020-04-20
9029,47.0,NORTH,55200.0,35,"May 01, 2018",1,47.0,North,55200.0,2018-05-01
6078,30.0,South,90800.0,48,07/14/2020,0,30.0,South,90800.0,2020-07-14
6096,55.0,East,67100.0,17,28-Jun-2015,1,55.0,East,67100.0,2015-06-28
2884,57.0, North,"$74,900",47,2022-04-06,1,57.0,North,74900.0,2022-04-06
5259,23.0,South,88200.0,11,"June 12, 2024",1,23.0,South,88200.0,2024-06-12
8268,27.0,South,39200.0,37,2019-06-08,1,27.0,South,39200.0,2019-06-08
10395,49.0,North,56000.0,78,2017-07-02,1,49.0,North,56000.0,2017-07-02
10433,55.0,South,39800.0,78,03/30/2016,1,55.0,South,39800.0,2016-03-30
6276,40.0,North,52500.0,29,2023-04-12,1,40.0,North,52500.0,2023-04-12
9885,48.0,North,113200.0,7,06/21/2015,1,48.0,North,113200.0,2015-06-21
4392,59.0,East,65500.0,58,"August 10, 2016",1,59.0,East,65500.0,2016-08-10
5432,46.0,North,68900.0,60,2020-01-22,1,46.0,North,68900.0,2020-01-22
11004,51.0,South,"$113,400",28,2020-05-19,1,51.0,South,113400.0,2020-05-19
11261,35.0,East,42800.0,47,28-Aug-2017,1,35.0,East,42800.0,2017-08-28
8429,64.0,Unknown,88500.0,17,2022-12-17,1,64.0,Unknown,88500.0,2022-12-17
10589,38.0,Unknown,22400.0,33,"February 05, 2018",1,38.0,Unknown,22400.0,2018-02-05
554,68.0,East,135300.0,38,25-Jun-2022,0,68.0,East,135300.0,2022-06-25
7675,42.0,East,94700.0,87,"March 23, 2019",1,42.0,East,94700.0,2019-03-23
6791,52.0,West,49700.0,93,04/12/2020,1,52.0,West,49700.0,2020-04-12
486,40.0,South,43800.0,50,05-Jul-2015,0,40.0,South,43800.0,2015-07-05
5716,39.0,North,"$73,200",29,05-Mar-2021,0,39.0,North,73200.0,2021-03-05
10932,52.0,South,"$26,900",11,2023-01-01,1,52.0,South,26900.0,2023-01-01
10725,31.0,South,93000.0,19,"November 07, 2015",1,31.0,South,93000.0,2015-11-07
4652,55.0,West,83600.0,18,2015-02-05,1,55.0,West,83600.0,2015-02-05
3879,25.0,S.,117600.0,96,23-May-2015,1,25.0,South,117600.0,2015-05-23
10261,,West,,36,2019-01-05,1,42.02803042831156,West,49400.0,2019-01-05
5733,60.0,North,32400.0,9,"December 17, 2022",0,60.0,North,32400.0,2022-12-17
4628,52.0,West,"$48,000",42,11-Sep-2021,1,52.0,West,48000.0,2021-09-11
9828,40.0,South,35800.0,35,"April 16, 2024",1,40.0,South,35800.0,2024-04-16
3336,38.0,West,33000.0,64,11/11/2024,1,38.0,West,33000.0,2024-11-11
3843,46.0,East,"$72,100",37,"July 10, 2020",1,46.0,East,72100.0,2020-07-10
9741,66.0,East,"$130,500",73,"February 09, 2015",0,66.0,East,130500.0,2015-02-09
6696,28.0,North,40500.0,32,2021-12-22,1,28.0,North,40500.0,2021-12-22
3605,43.0,East,32200.0,19,22-Apr-2020,1,43.0,East,32200.0,2020-04-22
5693,39.0,N.,35700.0,8,"February 25, 2024",0,39.0,North,35700.0,2024-02-25
3351,43.0,East,63100.0,13,"December 05, 2015",1,43.0,East,63100.0,2015-12-05
2050,27.0,West,58900.0,44,"July 04, 2019",0,27.0,West,58900.0,2019-07-04
2090,48.0,West,125300.0,49,"April 29, 2016",0,48.0,West,125300.0,2016-04-29
5812,48.0,North,63700.0,8,05/02/2024,0,48.0,North,63700.0,2024-05-02
1952,45.0,WEST,134100.0,35,2021-06-06,0,45.0,West,134100.0,2021-06-06
2144,47.0,North,45300.0,13,02/03/2017,1,47.0,North,45300.0,2017-02-03
6488,42.0,West,27200.0,12,"September 15, 2017",1,42.0,West,27200.0,2017-09-15
2720,28.0, East ,64800.0,39,12/17/2018,0,28.0,East,64800.0,2018-12-17
5901,43.0,West,36000.0,43,2015-05-14,1,43.0,West,36000.0,2015-05-14
1557,33.0,NORTH,49700.0,58,"April 09, 2021",1,33.0,North,49700.0,2021-04-09
8626,52.0,North,15900.0,67,09/01/2018,1,52.0,North,15900.0,2018-09-01
10443,20.0,South,54300.0,50,10-Apr-2018,1,20.0,South,54300.0,2018-04-10
2947,63.0, North,30800.0,29,21-Nov-2022,1,63.0,North,30800.0,2022-11-21
9507,38.0,South,43300.0,49,"October 15, 2021",1,38.0,South,43300.0,2021-10-15
4216,60.0,North,39500.0,74,"March 02, 2015",0,60.0,North,39500.0,2015-03-02
2338,53.0,West,85600.0,59,06-Nov-2015,1,53.0,West,85600.0,2015-11-06
3509,49.0, North,31100.0,15,24-Nov-2019,1,49.0,North,31100.0,2019-11-24
4658,43.0,West,41500.0,16,2015-08-18,1,43.0,West,41500.0,2015-08-18
10150,48.0,West,"$44,800",20,"June 21, 2016",1,48.0,West,44800.0,2016-06-21
9299,30.0,South,82000.0,115,"December 13, 2018",0,30.0,South,82000.0,2018-12-13
2198,42.0,S.,60000.0,17,"May 06, 2017",0,42.0,South,60000.0,2017-05-06
5500,,East,"$163,800",86,19-Jun-2015,1,42.02803042831156,East,163800.0,2015-06-19
11707,31.0,south ,75700.0,21,07/22/2015,1,31.0,South,75700.0,2015-07-22
9001,43.0,North,"$44,400",22,21-Aug-2022,1,43.0,North,44400.0,2022-08-21
6637,38.0,North,65100.0,35,"December 03, 2018",0,38.0,North,65100.0,2018-12-03
11937,36.0,SOUTH,59100.0,32,2021-08-11,1,36.0,South,59100.0,2021-08-11
5708,48.0,South,133300.0,10,13-Jan-2018,1,48.0,South,133300.0,2018-01-13
11987,46.0,South,70700.0,22,22-Nov-2015,1,46.0,South,70700.0,2015-11-22
6028,34.0,South,"$32,400",13,12/05/2015,1,34.0,South,32400.0,2015-12-05
6509,34.0,West,63600.0,56,2022-03-10,1,34.0,West,63600.0,2022-03-10
3477,18.0,South,21200.0,48,,1,18.0,South,21200.0,
6208,32.0,E.,37500.0,18,2020-07-01,1,32.0,East,37500.0,2020-07-01
3266,47.0,East,45400.0,33,2019-03-15,1,47.0,East,45400.0,2019-03-15
2285,48.0,South,37900.0,38,2022-07-04,1,48.0,South,37900.0,2022-07-04
10753,41.0,South,"$112,200",55,2017-06-13,1,41.0,South,112200.0,2017-06-13
4114,49.0,W. ,71800.0,2,07-Mar-2023,1,49.0,West,71800.0,2023-03-07
843,65.0,WEST,53500.0,21,06/03/2024,1,65.0,West,53500.0,2024-06-03
11379,32.0,South,40200.0,32,2017-09-07,1,32.0,South,40200.0,2017-09-07
11961,34.0,South,141900.0,82,17-Apr-2017,1,34.0,South,141900.0,2017-04-17
1029,42.0,South,40000.0,50,30-Dec-2018,0,42.0,South,40000.0,2018-12-30
4962,50.0,South,66500.0,43,04-Aug-2017,1,50.0,South,66500.0,2017-08-04
10374,34.0,West,"$55,800",24,"March 01, 2022",1,34.0,West,55800.0,2022-03-01
7654,41.0,East,"$19,400",9,03/24/2021,0,41.0,East,19400.0,2021-03-24
7305,41.0,South,34200.0,40,2018-05-11,1,41.0,South,34200.0,2018-05-11
11797,59.0,North,56200.0,31,19-May-2015,0,59.0,North,56200.0,2015-05-19
1687,35.0,East,55500.0,21,2017-08-16,1,35.0,East,55500.0,2017-08-16
1978,45.0,South,92900.0,21,02/05/2019,1,45.0,South,92900.0,2019-02-05
10466,46.0,West,"$37,700",32,05-Nov-2016,1,46.0,West,37700.0,2016-11-05
5815,52.0,South,28900.0,10,"February 25, 2017",1,52.0,South,28900.0,2017-02-25
6190,39.0,SOUTH,"$15,000",25,2023-07-08,0,39.0,South,15000.0,2023-07-08
7206,31.0,North,89700.0,72,10/18/2016,1,31.0,North,89700.0,2016-10-18
10540,33.0,North,23400.0,10,16-Jun-2023,1,33.0,North,23400.0,2023-06-16
4272,28.0,North,"$56,900",21,2021-07-13,0,28.0,North,56900.0,2021-07-13
4498,18.0,West,51700.0,12,2018-06-27,1,18.0,West,51700.0,2018-06-27
6435,46.0,SOUTH,15000.0,39,09/23/2016,1,46.0,South,15000.0,2016-09-23
8158,19.0,North,75700.0,20,2017-06-26,1,19.0,North,75700.0,2017-06-26
3280,37.0,East,"$42,900",30,"August 17, 2018",0,37.0,East,42900.0,2018-08-17
7107,47.0,North,15000.0,44,,0,47.0,North,15000.0,
3744,50.0,WEST,60100.0,40,"May 13, 2019",1,50.0,West,60100.0,2019-05-13
9190,53.0, East ,25100.0,64,"August 05, 2023",1,53.0,East,25100.0,2023-08-05
5466,48.0,East,50400.0,50,2023-01-23,1,48.0,East,50400.0,2023-01-23
7348,37.0,West,32400.0,65,07/17/2016,0,37.0,West,32400.0,2016-07-17
8414,30.0,WEST,"$44,900",8,07/27/2024,1,30.0,West,44900.0,2024-07-27
1649,40.0,South,23000.0,114,12/25/2022,0,40.0,South,23000.0,2022-12-25
1737,24.0,East,26300.0,4,01/09/2018,1,24.0,East,26300.0,2018-01-09
3146,47.0,South,48100.0,25,"August 03, 2015",1,47.0,South,48100.0,2015-08-03
1895,39.0,South,92600.0,31,16-Dec-2023,1,39.0,South,92600.0,2023-12-16
5124,41.0,East,45400.0,21,"April 12, 2015",1,41.0,East,45400.0,2015-04-12
7857,44.0,South,30900.0,63,"July 10, 2017",1,44.0,South,30900.0,2017-07-10
7004,39.0,North,44800.0,70,"March 26, 2017",1,39.0,North,44800.0,2017-03-26
985,47.0,East,"$50,500",9,07/21/2018,1,47.0,East,50500.0,2018-07-21
4683,34.0,East,75800.0,28,01-Apr-2016,1,34.0,East,75800.0,2016-04-01
4826,34.0,E.,63300.0,23,06/06/2021,1,34.0,East,63300.0,2021-06-06
1761,27.0,East,"$55,800",40,"March 06, 2016",1,27.0,East,55800.0,2016-03-06
5946,18.0,North,28500.0,9,"November 28, 2019",1,18.0,North,28500.0,2019-11-28
5560,25.0,West,17400.0,30,"April 14, 2023",1,25.0,West,17400.0,2023-04-14
11432,46.0,W. ,32500.0,90,"December 09, 2023",1,46.0,West,32500.0,2023-12-09
11710,37.0,east,29400.0,58,12/08/2020,0,37.0,East,29400.0,2020-12-08
3109,25.0,North,"$69,600",13,08/27/2019,1,25.0,North,69600.0,2019-08-27
3198,39.0,North,"$59,900",76,03-Jan-2021,0,39.0,North,59900.0,2021-01-03
5476,28.0,N.,17000.0,42,2019-09-24,1,28.0,North,17000.0,2019-09-24
6137,28.0,West,31600.0,49,04/17/2023,1,28.0,West,31600.0,2023-04-17
10526,51.0,North,63800.0,5,03/16/2017,1,51.0,North,63800.0,2017-03-16
9947,18.0,West,"$106,500",20,"December 18, 2022",0,18.0,West,106500.0,2022-12-18
4601,52.0,West,65500.0,55,24-Oct-2018,1,52.0,West,65500.0,2018-10-24
9958,74.0,South,"$64,300",20,2021-08-20,1,74.0,South,64300.0,2021-08-20
1598,45.0,East,61100.0,26,2024-02-25,1,45.0,East,61100.0,2024-02-25
8354,26.0,North,41200.0,38,2022-06-13,1,26.0,North,41200.0,2022-06-13
1677,55.0,SOUTH,37900.0,47,06-Oct-2024,1,55.0,South,37900.0,2024-10-06
1854,51.0,North,"$42,700",20,14-Dec-2022,0,51.0,North,42700.0,2022-12-14
8114,31.0,West,27900.0,13,2015-08-07,1,31.0,West,27900.0,2015-08-07
10486,64.0,West,34700.0,7,29-Mar-2019,1,64.0,West,34700.0,2019-03-29
3385,41.0,East,89500.0,26,"May 09, 2024",1,41.0,East,89500.0,2024-05-09
2184,29.0,West,58200.0,53,07/08/2023,0,29.0,West,58200.0,2023-07-08
10700,66.0,North,19700.0,14,"February 21, 2024",1,66.0,North,19700.0,2024-02-21
11043,54.0,West,"$70,300",65,2022-11-25,0,54.0,West,70300.0,2022-11-25
10121,29.0,east,63300.0,48,19-Nov-2017,0,29.0,East,63300.0,2017-11-19
706,29.0,East,110400.0,32,2015-12-26,1,29.0,East,110400.0,2015-12-26
5040,27.0,West,18600.0,6,12/19/2020,1,27.0,West,18600.0,2020-12-19
8547,36.0,SOUTH,65600.0,56,2018-07-21,1,36.0,South,65600.0,2018-07-21
9692,56.0,North,"$32,500",118,"July 12, 2023",1,56.0,North,32500.0,2023-07-12
3220,55.0,west,119200.0,36,09/14/2015,0,55.0,West,119200.0,2015-09-14
2496,-5.0,north,79700.0,49,02-Dec-2022,1,42.02803042831156,North,79700.0,2022-12-02
6944,47.0,East,"$49,500",57,03-Sep-2017,1,47.0,East,49500.0,2017-09-03
10437,32.0,East,46500.0,40,31-Oct-2023,0,32.0,East,46500.0,2023-10-31
11245,36.0,North,56200.0,38,2015-08-13,0,36.0,North,56200.0,2015-08-13
11770,41.0,east,54900.0,20,"August 17, 2024",1,41.0,East,54900.0,2024-08-17
6249,66.0,West,57700.0,9,"November 24, 2015",1,66.0,West,57700.0,2015-11-24
1108,32.0,EAST,31100.0,34,"February 01, 2018",1,32.0,East,31100.0,2018-02-01
11450,35.0,S.,100800.0,65,07/17/2017,1,35.0,South,100800.0,2017-07-17
7682,49.0,South,"$58,700",55,"February 15, 2016",1,49.0,South,58700.0,2016-02-15
3841,24.0,East,26600.0,27,"May 03, 2020",1,24.0,East,26600.0,2020-05-03
5300,47.0,,15000.0,22,10/27/2020,0,47.0,Unknown,15000.0,2020-10-27
9294,21.0,North,74500.0,10,"September 03, 2015",1,21.0,North,74500.0,2015-09-03
6589,34.0,East,76700.0,48,14-Oct-2017,1,34.0,East,76700.0,2017-10-14
123,45.0,North,60000.0,32,10/27/2023,1,45.0,North,60000.0,2023-10-27
10515,22.0,west,69200.0,39,"October 29, 2018",1,22.0,West,69200.0,2018-10-29
8407,43.0,,28600.0,24,05-Apr-2020,0,43.0,Unknown,28600.0,2020-04-05
9446,49.0,West,43500.0,69,07-Jan-2021,1,49.0,West,43500.0,2021-01-07
4906,58.0,West,20700.0,50,05/09/2020,1,58.0,West,20700.0,2020-05-09
6284,27.0,west,51000.0,42,17-Mar-2023,1,27.0,West,51000.0,2023-03-17
7637,65.0,West,195300.0,108,"July 02, 2018",1,65.0,West,195300.0,2018-07-02
1607,49.0,East,78300.0,65,"July 13, 2024",1,49.0,East,78300.0,2024-07-13
2240,38.0,South,35600.0,22,09/20/2018,1,38.0,South,35600.0,2018-09-20
5474,37.0, North,49800.0,22,"November 28, 2020",0,37.0,North,49800.0,2020-11-28
2749,40.0,East,106400.0,132,2016-02-13,1,40.0,East,106400.0,2016-02-13
11677,43.0,East,,36,"April 10, 2024",1,43.0,East,49400.0,2024-04-10
9965,41.0,North,58900.0,87,2015-12-09,0,41.0,North,58900.0,2015-12-09
5216,33.0,,34100.0,20,09/30/2018,0,33.0,Unknown,34100.0,2018-09-30
1251,55.0,North,77200.0,101,"October 16, 2024",1,55.0,North,77200.0,2024-10-16
2547,38.0,NORTH,72900.0,57,2015-11-03,1,38.0,North,72900.0,2015-11-03
2032,36.0,East,41200.0,31,23-Apr-2021,1,36.0,East,41200.0,2021-04-23
5351,,South,"$39,500",43,09/03/2018,1,42.02803042831156,South,39500.0,2018-09-03
2359,58.0,South,"$71,700",35,2016-02-25,1,58.0,South,71700.0,2016-02-25
7534,,North,22400.0,28,2023-02-20,1,42.02803042831156,North,22400.0,2023-02-20
11015,62.0,South,48500.0,20,2023-10-14,1,62.0,South,48500.0,2023-10-14
837,38.0,South,37500.0,58,2020-07-04,0,38.0,South,37500.0,2020-07-04
7271,49.0,South,22600.0,29,"September 21, 2022",1,49.0,South,22600.0,2022-09-21
3810,47.0, East ,30400.0,40,08/04/2019,1,47.0,East,30400.0,2019-08-04
1271,62.0,East,56100.0,35,03/29/2023,1,62.0,East,56100.0,2023-03-29
9680,60.0,West,32600.0,17,09-Sep-2019,1,60.0,West,32600.0,2019-09-09
9078,35.0, East ,66600.0,63,16-Nov-2022,1,35.0,East,66600.0,2022-11-16
3127,41.0,West,31500.0,60,"September 23, 2018",1,41.0,West,31500.0,2018-09-23
8968,38.0,West,"$65,600",9,09/09/2022,1,38.0,West,65600.0,2022-09-09
3297,48.0,east,30300.0,37,"April 30, 2021",0,48.0,East,30300.0,2021-04-30
8366,42.0,North,"$28,000",43,"November 17, 2016",1,42.0,North,28000.0,2016-11-17
11170,38.0,N.,160400.0,43,05/22/2020,1,38.0,North,160400.0,2020-05-22
2719,56.0,South,82000.0,77,04/26/2016,1,56.0,South,82000.0,2016-04-26
4685,,east,"$56,400",58,11/02/2023,1,42.02803042831156,East,56400.0,2023-11-02
661,20.0,SOUTH,103700.0,39,06/09/2024,1,20.0,South,103700.0,2024-06-09
6376,44.0,West,29700.0,53,"November 03, 2018",0,44.0,West,29700.0,2018-11-03
9567,18.0,North,27700.0,84,06/04/2018,1,18.0,North,27700.0,2018-06-04
3728,50.0,East,"$39,700",64,2023-01-26,1,50.0,East,39700.0,2023-01-26
5748,22.0,South,42500.0,30,2019-10-09,1,22.0,South,42500.0,2019-10-09
3689,76.0,South,16600.0,15,08-May-2019,1,76.0,South,16600.0,2019-05-08
4881,35.0,West,61500.0,71,2016-10-19,1,35.0,West,61500.0,2016-10-19
1310,37.0,West,73700.0,44,"November 23, 2015",0,37.0,West,73700.0,2015-11-23
9238,51.0,East,55000.0,29,2020-02-11,1,51.0,East,55000.0,2020-02-11
6511,34.0,South,77200.0,40,07-Jun-2022,1,34.0,South,77200.0,2022-06-07
8893,26.0,South,52400.0,33,2018-10-05,1,26.0,South,52400.0,2018-10-05
2327,150.0,West,34300.0,47,04/29/2015,1,42.02803042831156,West,34300.0,2015-04-29
5037,51.0,East,"$117,900",26,05/17/2019,1,51.0,East,117900.0,2019-05-17
2462,25.0,North,55500.0,13,17-Jul-2022,0,25.0,North,55500.0,2022-07-17
1513,54.0,south ,"$37,900",100,"December 09, 2018",1,54.0,South,37900.0,2018-12-09
9991,48.0,North,22800.0,40,"April 11, 2018",1,48.0,North,22800.0,2018-04-11
6409,27.0,West,48400.0,47,2021-01-20,0,27.0,West,48400.0,2021-01-20
6889,42.0,West,"$62,800",42,07/07/2022,1,42.0,West,62800.0,2022-07-07
3354,32.0,East,37200.0,45,12/01/2017,1,32.0,East,37200.0,2017-12-01
983,45.0,South,106200.0,59,"March 30, 2022",1,45.0,South,106200.0,2022-03-30
9793,18.0,West,82200.0,57,12/04/2021,1,18.0,West,82200.0,2021-12-04
4297,39.0,S.,38500.0,9,"March 19, 2017",1,39.0,South,38500.0,2017-03-19
10043,49.0,North,33900.0,51,02/17/2024,0,49.0,North,33900.0,2024-02-17
6151,34.0,East,33500.0,70,10/16/2018,1,34.0,East,33500.0,2018-10-16
5443,51.0,East,50000.0,52,24-May-2021,0,51.0,East,50000.0,2021-05-24
3229,50.0,West,116400.0,17,"January 14, 2019",0,50.0,West,116400.0,2019-01-14
8172,33.0,N.,64400.0,12,26-Jul-2018,1,33.0,North,64400.0,2018-07-26
1225,30.0,North,94100.0,41,"January 29, 2016",1,30.0,North,94100.0,2016-01-29
8664,50.0,North,27800.0,50,2018-07-09,1,50.0,North,27800.0,2018-07-09
11942,49.0,East,42900.0,5,2018-03-28,1,49.0,East,42900.0,2018-03-28
5568,,N.,"$78,300",31,05-May-2015,1,42.02803042831156,North,78300.0,2015-05-05
4042,40.0,South,64500.0,21,04/14/2017,0,40.0,South,64500.0,2017-04-14
6893,24.0,S.,55000.0,15,"January 03, 2023",1,24.0,South,55000.0,2023-01-03
2890,38.0,west,59000.0,91,06/29/2023,1,38.0,West,59000.0,2023-06-29
10895,42.0,West,37100.0,27,"July 29, 2023",1,42.0,West,37100.0,2023-07-29
6475,19.0,north,47900.0,8,"August 12, 2019",1,19.0,North,47900.0,2019-08-12
4036,44.0,West,49500.0,140,31-Aug-2017,1,44.0,West,49500.0,2017-08-31
3352,47.0,S.,45600.0,18,23-Jun-2018,1,47.0,South,45600.0,2018-06-23
3851,50.0,West,51500.0,15,01/07/2015,0,50.0,West,51500.0,2015-01-07
4657,31.0,West,48100.0,34,10/27/2018,1,31.0,West,48100.0,2018-10-27
8173,38.0,West,90800.0,20,"December 24, 2022",1,38.0,West,90800.0,2022-12-24
8039,46.0,East,26500.0,28,"October 25, 2018",1,46.0,East,26500.0,2018-10-25
9493,18.0,East,35200.0,22,12/03/2017,1,18.0,East,35200.0,2017-12-03
55,36.0,West,15000.0,24,30-May-2022,0,36.0,West,15000.0,2022-05-30
6238,25.0,East,40100.0,85,2022-06-13,1,25.0,East,40100.0,2022-06-13
8066,34.0,East,135500.0,69,2024-01-06,1,34.0,East,135500.0,2024-01-06
1087,24.0,E.,32900.0,19,07/25/2022,0,24.0,East,32900.0,2022-07-25
3840,40.0,North,"$43,600",44,"September 04, 2018",0,40.0,North,43600.0,2018-09-04
10548,51.0,West,39200.0,40,12/26/2019,0,51.0,West,39200.0,2019-12-26
9061,54.0,West,45000.0,30,11/12/2015,1,54.0,West,45000.0,2015-11-12
3019,47.0,north,100700.0,96,31-Dec-2015,1,47.0,North,100700.0,2015-12-31
1250,22.0,East,90200.0,14,2016-08-21,1,22.0,East,90200.0,2016-08-21
1628,63.0,South,43700.0,19,2021-07-25,0,63.0,South,43700.0,2021-07-25
5711,53.0,North,109600.0,45,05/20/2019,0,53.0,North,109600.0,2019-05-20
7349,49.0,NORTH,66500.0,45,2023-05-22,1,49.0,North,66500.0,2023-05-22
4936,33.0,N.,59900.0,27,30-Nov-2016,0,33.0,North,59900.0,2016-11-30
11548,52.0,East,36900.0,47,,1,52.0,East,36900.0,
9786,44.0,North,59700.0,59,05/28/2018,1,44.0,North,59700.0,2018-05-28
904,63.0,East,20200.0,3,03-Aug-2021,1,63.0,East,20200.0,2021-08-03
7982,45.0, East ,25300.0,54,"February 19, 2017",0,45.0,East,25300.0,2017-02-19
1462,33.0,East,"$84,500",40,2016-04-15,0,33.0,East,84500.0,2016-04-15
667,21.0,East,38000.0,48,2015-03-21,1,21.0,East,38000.0,2015-03-21
2403,46.0,South,26700.0,69,05/31/2020,1,46.0,South,26700.0,2020-05-31
9074,56.0,east,29200.0,60,15-Jan-2015,1,56.0,East,29200.0,2015-01-15
9525,39.0,West,"$38,600",37,"June 01, 2024",1,39.0,West,38600.0,2024-06-01
3018,56.0,South,63100.0,97,28-Mar-2023,0,56.0,South,63100.0,2023-03-28
3278,18.0,West,60200.0,48,03-Jul-2019,0,18.0,West,60200.0,2019-07-03
7852,58.0,East,47900.0,59,2022-07-21,1,58.0,East,47900.0,2022-07-21
9754,50.0,North,39300.0,31,"May 26, 2021",0,50.0,North,39300.0,2021-05-26
9606,52.0,East,69000.0,23,2019-12-30,1,52.0,East,69000.0,2019-12-30
7133,40.0,East,25900.0,42,11/18/2024,0,40.0,East,25900.0,2024-11-18
1777,24.0,West,"$17,100",52,05/10/2020,1,24.0,West,17100.0,2020-05-10
1052,39.0,North,50300.0,76,"December 21, 2024",0,39.0,North,50300.0,2024-12-21
7299,43.0,North,43100.0,70,08/01/2023,1,43.0,North,43100.0,2023-08-01
4715,34.0,East,109500.0,51,03/19/2023,1,34.0,East,109500.0,2023-03-19
1600,28.0,S.,"$112,600",18,"February 12, 2017",0,28.0,South,112600.0,2017-02-12
812,34.0,West,71300.0,18,05-Oct-2017,0,34.0,West,71300.0,2017-10-05
7176,60.0,East,"$48,900",23,2023-01-03,0,60.0,East,48900.0,2023-01-03
2346,29.0,East,105400.0,8,"January 29, 2019",0,29.0,East,105400.0,2019-01-29
594,21.0,South,28500.0,23,03-May-2021,0,21.0,South,28500.0,2021-05-03
3188,33.0,South,110400.0,38,2018-09-30,1,33.0,South,110400.0,2018-09-30
3122,44.0,North,21800.0,75,"August 03, 2021",1,44.0,North,21800.0,2021-08-03
2696,54.0,North,32900.0,43,2015-09-19,1,54.0,North,32900.0,2015-09-19
10869,51.0,South,41300.0,16,2020-05-13,1,51.0,South,41300.0,2020-05-13
4314,45.0, North,56000.0,46,2015-06-30,0,45.0,North,56000.0,2015-06-30
6521,56.0,West,55700.0,88,2017-11-07,1,56.0,West,55700.0,2017-11-07
8785,38.0,East,67800.0,18,2021-03-16,1,38.0,East,67800.0,2021-03-16
4345,35.0,East,34300.0,51,04-Aug-2023,0,35.0,East,34300.0,2023-08-04
10516,18.0,North,34300.0,30,2024-09-22,1,18.0,North,34300.0,2024-09-22
9321,52.0,North,88500.0,66,04/12/2016,1,52.0,North,88500.0,2016-04-12
7735,62.0,S.,26900.0,49,2021-07-07,1,62.0,South,26900.0,2021-07-07
10326,27.0,south ,34300.0,32,2022-08-02,1,27.0,South,34300.0,2022-08-02
8507,38.0,South,72000.0,50,2023-05-16,1,38.0,South,72000.0,2023-05-16
10827,56.0, North,56000.0,79,06-Apr-2022,1,56.0,North,56000.0,2022-04-06
10687,23.0,South,56800.0,17,"February 14, 2019",0,23.0,South,56800.0,2019-02-14
8138,51.0,North,80400.0,21,09-May-2018,1,51.0,North,80400.0,2018-05-09
9545,35.0,north,53100.0,53,13-Mar-2015,1,35.0,North,53100.0,2015-03-13
10920,55.0,,47700.0,14,2022-04-16,1,55.0,Unknown,47700.0,2022-04-16
4267,32.0,east,55900.0,5,03/08/2019,1,32.0,East,55900.0,2019-03-08
11890,69.0,North,68900.0,60,2018-05-20,1,69.0,North,68900.0,2018-05-20
8953,24.0,South,34500.0,16,"August 04, 2018",1,24.0,South,34500.0,2018-08-04
5970,62.0, East ,40700.0,20,26-Jan-2015,1,62.0,East,40700.0,2015-01-26
1432,30.0,West,61500.0,61,"February 26, 2021",1,30.0,West,61500.0,2021-02-26
1832,43.0,W. ,"$44,000",33,28-Nov-2016,1,43.0,West,44000.0,2016-11-28
3205,48.0,North,"$18,900",8,"June 21, 2015",1,48.0,North,18900.0,2015-06-21
7822,55.0,East,60700.0,32,30-Oct-2017,1,55.0,East,60700.0,2017-10-30
8211,42.0,West,,37,23-Jun-2019,0,42.0,West,49400.0,2019-06-23
5747,18.0,East,51900.0,69,"January 11, 2019",1,18.0,East,51900.0,2019-01-11
3823,41.0,East,49300.0,49,2018-04-24,0,41.0,East,49300.0,2018-04-24
6888,29.0,East,84900.0,38,2018-12-08,0,29.0,East,84900.0,2018-12-08
11454,29.0,East,"$59,500",63,16-Jul-2018,0,29.0,East,59500.0,2018-07-16
3296,50.0,West,63100.0,163,04-Mar-2021,1,50.0,West,63100.0,2021-03-04
1565,30.0,East,46100.0,56,01-Dec-2020,1,30.0,East,46100.0,2020-12-01
941,45.0,west,"$50,500",30,2021-06-23,1,45.0,West,50500.0,2021-06-23
2578,29.0,West,36400.0,8,06/20/2022,0,29.0,West,36400.0,2022-06-20
6387,,East,25500.0,24,09/27/2023,1,42.02803042831156,East,25500.0,2023-09-27
2624,45.0,West,"$70,100",57,"May 11, 2019",1,45.0,West,70100.0,2019-05-11
455,43.0,East,30700.0,33,2019-05-15,1,43.0,East,30700.0,2019-05-15
11016,40.0,South,160900.0,9,"May 12, 2019",1,40.0,South,160900.0,2019-05-12
1715,29.0,N.,33500.0,24,07/05/2024,1,29.0,North,33500.0,2024-07-05
4918,41.0,NORTH,57000.0,63,"August 03, 2015",1,41.0,North,57000.0,2015-08-03
4858,34.0,East,100000.0,14,01/31/2022,1,34.0,East,100000.0,2022-01-31
7692,36.0,South,"$55,900",100,2021-11-21,1,36.0,South,55900.0,2021-11-21
6946,58.0,East,33200.0,25,2023-04-23,0,58.0,East,33200.0,2023-04-23
8073,24.0,East,29600.0,44,26-Jul-2024,1,24.0,East,29600.0,2024-07-26
4912,49.0,N.,74700.0,36,22-Jun-2020,1,49.0,North,74700.0,2020-06-22
2229,70.0,East,84300.0,10,2018-08-16,1,70.0,East,84300.0,2018-08-16
5541,44.0,north,37200.0,2,21-Jul-2017,1,44.0,North,37200.0,2017-07-21
1951,43.0,South,88500.0,11,02/08/2016,1,43.0,South,88500.0,2016-02-08
2120,52.0,North,59800.0,23,04/30/2020,1,52.0,North,59800.0,2020-04-30
11624,58.0,East,"$57,900",86,2021-04-16,1,58.0,East,57900.0,2021-04-16
11263,45.0,North,71700.0,10,2017-04-11,1,45.0,North,71700.0,2017-04-11
11948,42.0,South,42700.0,13,03-Jun-2024,1,42.0,South,42700.0,2024-06-03
8108,55.0,East,"$36,900",55,2020-09-18,1,55.0,East,36900.0,2020-09-18
3418,54.0,North,28700.0,18,2024-03-20,1,54.0,North,28700.0,2024-03-20
1288,42.0,South,79500.0,47,07/01/2022,1,42.0,South,79500.0,2022-07-01
3832,70.0,North,54600.0,32,14-Feb-2023,0,70.0,North,54600.0,2023-02-14
2763,35.0,west,39500.0,63,2019-05-03,1,35.0,West,39500.0,2019-05-03
10993,22.0,South,"$29,700",39,13-Feb-2019,1,22.0,South,29700.0,2019-02-13
463,21.0,E.,56800.0,133,09/15/2016,1,21.0,East,56800.0,2016-09-15
1172,18.0,West,56700.0,109,"October 10, 2015",1,18.0,West,56700.0,2015-10-10
10383,67.0,North,76300.0,26,"June 23, 2021",0,67.0,North,76300.0,2021-06-23
8162,63.0,North,45900.0,22,2018-08-15,1,63.0,North,45900.0,2018-08-15
6090,33.0, North,65900.0,5,04-Oct-2022,1,33.0,North,65900.0,2022-10-04
5438,41.0,North,39100.0,48,"July 20, 2020",1,41.0,North,39100.0,2020-07-20
11569,45.0,west,71400.0,44,04/10/2015,1,45.0,West,71400.0,2015-04-10
11862,47.0,North,"$97,300",40,"October 11, 2021",1,47.0,North,97300.0,2021-10-11
5398,57.0,North,41300.0,66,2022-07-13,1,57.0,North,41300.0,2022-07-13
8962,47.0,N.,32600.0,19,,1,47.0,North,32600.0,
7660,45.0,north,44300.0,23,03/03/2017,1,45.0,North,44300.0,2017-03-03
5929,50.0,west,58900.0,76,2020-05-12,0,50.0,West,58900.0,2020-05-12
10252,37.0,E.,31000.0,22,17-Feb-2018,1,37.0,East,31000.0,2018-02-17
4898,58.0,South,46800.0,73,08/01/2022,1,58.0,South,46800.0,2022-08-01
10230,45.0,SOUTH,37100.0,9,02-Nov-2024,1,45.0,South,37100.0,2024-11-02
1415,60.0,West,46700.0,32,2015-03-03,0,60.0,West,46700.0,2015-03-03
3497,,West,54700.0,39,15-Mar-2024,0,42.02803042831156,West,54700.0,2024-03-15
875,18.0,North,"$27,600",12,01/04/2022,1,18.0,North,27600.0,2022-01-04
9123,34.0,West,32600.0,19,"March 30, 2021",0,34.0,West,32600.0,2021-03-30
11720,46.0,South,"$55,700",44,2022-11-12,0,46.0,South,55700.0,2022-11-12
10052,40.0,W. ,"$54,700",22,"September 06, 2024",1,40.0,West,54700.0,2024-09-06
6558,39.0,East,68300.0,39,"July 06, 2017",1,39.0,East,68300.0,2017-07-06
10736,29.0,south ,47600.0,29,07-Dec-2015,1,29.0,South,47600.0,2015-12-07
9551,50.0,South,39600.0,38,11-Nov-2020,1,50.0,South,39600.0,2020-11-11
1972,38.0, East ,109200.0,81,2022-02-22,1,38.0,East,109200.0,2022-02-22
7362,37.0,South,"$98,200",12,03/05/2015,0,37.0,South,98200.0,2015-03-05
7820,60.0,East,25100.0,53,17-Mar-2016,1,60.0,East,25100.0,2016-03-17
1703,44.0,West,"$95,400",24,12-Nov-2019,1,44.0,West,95400.0,2019-11-12
11564,27.0,South,118600.0,36,07-Dec-2022,1,27.0,South,118600.0,2022-12-07
966,24.0,East,33600.0,21,10/08/2015,1,24.0,East,33600.0,2015-10-08
7888,24.0,East,33100.0,17,05/14/2024,1,24.0,East,33100.0,2024-05-14
4168,29.0,North,65300.0,46,07/25/2021,1,29.0,North,65300.0,2021-07-25
6520,45.0,South,66200.0,95,"January 27, 2024",1,45.0,South,66200.0,2024-01-27
2109,32.0,North,41500.0,61,"March 31, 2015",1,32.0,North,41500.0,2015-03-31
4963,45.0,North,92000.0,50,2023-01-02,0,45.0,North,92000.0,2023-01-02
3193,43.0,East,49400.0,26,2018-06-26,0,43.0,East,49400.0,2018-06-26
1512,49.0, East ,38800.0,19,21-Jan-2021,1,49.0,East,38800.0,2021-01-21
3772,25.0,East,15000.0,19,,1,25.0,East,15000.0,
6902,60.0, East ,81200.0,55,"November 29, 2021",1,60.0,East,81200.0,2021-11-29
1103,50.0,South,43900.0,11,27-Sep-2022,0,50.0,South,43900.0,2022-09-27
5298,41.0,South,61100.0,40,05/24/2016,1,41.0,South,61100.0,2016-05-24
4382,46.0,west,47200.0,39,31-Oct-2020,1,46.0,West,47200.0,2020-10-31
7815,34.0,SOUTH,"$77,500",28,28-Jul-2023,0,34.0,South,77500.0,2023-07-28
5271,53.0,W. ,34800.0,51,"January 14, 2018",0,53.0,West,34800.0,2018-01-14
2409,18.0,North,49900.0,21,07-May-2018,0,18.0,North,49900.0,2018-05-07
6088,51.0,South,123600.0,50,2022-10-31,1,51.0,South,123600.0,2022-10-31
4201,31.0,North,65800.0,35,03/01/2022,1,31.0,North,65800.0,2022-03-01
5141,40.0,north,68400.0,13,"November 15, 2023",1,40.0,North,68400.0,2023-11-15
9918,45.0,North,"$79,800",20,10-Jun-2024,1,45.0,North,79800.0,2024-06-10
2646,,WEST,"$58,000",80,14-Jul-2016,1,42.02803042831156,West,58000.0,2016-07-14
9714,39.0,east,16400.0,16,2020-08-21,1,39.0,East,16400.0,2020-08-21
2848,34.0,S.,"$42,900",30,2024-01-02,1,34.0,South,42900.0,2024-01-02
6396,39.0,South,43000.0,33,"June 19, 2020",0,39.0,South,43000.0,2020-06-19
2806,43.0,West,47500.0,100,2018-01-28,1,43.0,West,47500.0,2018-01-28
1041,30.0,West,"$120,500",29,"July 05, 2017",1,30.0,West,120500.0,2017-07-05
6499,48.0,East,53400.0,47,21-Nov-2022,1,48.0,East,53400.0,2022-11-21
140,80.0,North,"$18,000",17,2017-03-04,1,80.0,North,18000.0,2017-03-04
4418,46.0,W. ,"$42,400",51,"November 21, 2023",1,46.0,West,42400.0,2023-11-21
11136,64.0,North,27900.0,45,12/22/2019,1,64.0,North,27900.0,2019-12-22
6055,41.0,South,98600.0,28,,0,41.0,South,98600.0,
1818,54.0,West,"$57,100",25,2020-03-03,1,54.0,West,57100.0,2020-03-03
1076,45.0,East,98600.0,53,07/17/2021,1,45.0,East,98600.0,2021-07-17
3760,19.0,West,63900.0,19,02-Aug-2017,1,19.0,West,63900.0,2017-08-02
146,37.0,South,82700.0,32,2023-12-05,1,37.0,South,82700.0,2023-12-05
10376,50.0,North,24200.0,78,,1,50.0,North,24200.0,
4656,41.0,West,,8,12/28/2018,1,41.0,West,49400.0,2018-12-28
2910,49.0,East,78900.0,32,"October 13, 2018",1,49.0,East,78900.0,2018-10-13
6692,48.0,East,45100.0,37,07/11/2023,1,48.0,East,45100.0,2023-07-11
518,33.0,S.,64300.0,5,08/01/2020,1,33.0,South,64300.0,2020-08-01
9814,44.0,west,21500.0,56,"March 05, 2021",1,44.0,West,21500.0,2021-03-05
10296,50.0,S.,36000.0,115,03/30/2019,0,50.0,South,36000.0,2019-03-30
5869,48.0,West,29600.0,33,13-Dec-2024,1,48.0,West,29600.0,2024-12-13
6158,37.0,South,41300.0,48,09/24/2018,1,37.0,South,41300.0,2018-09-24
2057,36.0,South,111200.0,56,04/23/2023,0,36.0,South,111200.0,2023-04-23
2919,29.0,South,25400.0,2,"October 29, 2020",1,29.0,South,25400.0,2020-10-29
8685,72.0,East,29300.0,67,02-Mar-2016,1,72.0,East,29300.0,2016-03-02
8641,53.0,North,"$79,100",30,03/10/2018,1,53.0,North,79100.0,2018-03-10
6425,41.0,West,26600.0,49,2017-03-03,0,41.0,West,26600.0,2017-03-03
871,46.0,South,49100.0,58,2016-11-09,0,46.0,South,49100.0,2016-11-09
9735,40.0, North,29900.0,31,08/10/2023,1,40.0,North,29900.0,2023-08-10
7613,57.0,West,34100.0,11,04/12/2021,1,57.0,West,34100.0,2021-04-12
7452,28.0,North,78100.0,67,2024-07-09,0,28.0,North,78100.0,2024-07-09
10473,57.0,North,30000.0,13,2021-07-21,1,57.0,North,30000.0,2021-07-21
6448,42.0,South,32400.0,43,"October 13, 2024",1,42.0,South,32400.0,2024-10-13
274,69.0,North,92600.0,50,"April 17, 2015",0,69.0,North,92600.0,2015-04-17
9035,52.0,South,69800.0,33,"December 31, 2018",1,52.0,South,69800.0,2018-12-31
9085,37.0, East ,51400.0,36,2022-11-14,1,37.0,East,51400.0,2022-11-14
11176,32.0,East,68400.0,92,02/02/2022,1,32.0,East,68400.0,2022-02-02
1790,55.0,S.,29800.0,106,"March 28, 2019",1,55.0,South,29800.0,2019-03-28
9846,52.0,North,68100.0,25,16-Oct-2024,0,52.0,North,68100.0,2024-10-16
2084,44.0,W. ,79100.0,7,"November 12, 2022",1,44.0,West,79100.0,2022-11-12
7509,32.0,South,52700.0,67,"May 06, 2015",1,32.0,South,52700.0,2015-05-06
1920,23.0,E.,37300.0,3,10/31/2024,1,23.0,East,37300.0,2024-10-31
8218,28.0,East,28600.0,64,2016-05-15,1,28.0,East,28600.0,2016-05-15
8538,68.0,West,61900.0,55,12/03/2021,1,68.0,West,61900.0,2021-12-03
2,28.0,East,50500.0,24,2024-08-16,1,28.0,East,50500.0,2024-08-16
6858,63.0,South,30600.0,15,"February 03, 2018",1,63.0,South,30600.0,2018-02-03
6552,28.0,East,63500.0,9,16-Jul-2019,0,28.0,East,63500.0,2019-07-16
7859,39.0,south ,129300.0,26,"July 21, 2022",1,39.0,South,129300.0,2022-07-21
11874,68.0,East,104500.0,39,12/25/2017,1,68.0,East,104500.0,2017-12-25
11575,38.0,SOUTH,57200.0,24,02-Sep-2015,0,38.0,South,57200.0,2015-09-02
1786,58.0,North,41600.0,24,31-Jul-2018,1,58.0,North,41600.0,2018-07-31
11398,36.0,East,64300.0,48,2017-02-09,1,36.0,East,64300.0,2017-02-09
6352,31.0,south ,"$33,500",38,07/18/2022,1,31.0,South,33500.0,2022-07-18
466,36.0,West,46800.0,33,11-Jun-2022,0,36.0,West,46800.0,2022-06-11
10461,48.0,West,48200.0,37,06/13/2019,0,48.0,West,48200.0,2019-06-13
1636,56.0,South,"$128,600",32,08/01/2023,1,56.0,South,128600.0,2023-08-01
11403,41.0,east,"$19,600",29,04-Jul-2015,0,41.0,East,19600.0,2015-07-04
10282,31.0,West,,46,2015-05-21,1,31.0,West,49400.0,2015-05-21
7124,47.0,North,42100.0,28,12/26/2017,1,47.0,North,42100.0,2017-12-26
9203,38.0, North,50400.0,19,"December 02, 2017",1,38.0,North,50400.0,2017-12-02
4508,29.0,North,124500.0,5,22-Nov-2021,1,29.0,North,124500.0,2021-11-22
9540,47.0,West,33200.0,28,2018-08-22,1,47.0,West,33200.0,2018-08-22
1460,47.0,SOUTH,29400.0,89,07/19/2021,1,47.0,South,29400.0,2021-07-19
457,56.0,South,27800.0,14,15-Aug-2023,0,56.0,South,27800.0,2023-08-15
9737,79.0,West,23300.0,27,02-Jul-2021,1,79.0,West,23300.0,2021-07-02
5852,56.0,North,"$91,900",18,2019-02-18,1,56.0,North,91900.0,2019-02-18
9866,44.0,West,63000.0,75,2024-09-09,1,44.0,West,63000.0,2024-09-09
11143,48.0,West,155000.0,19,02/25/2022,1,48.0,West,155000.0,2022-02-25
10279,18.0,West,35500.0,53,"January 25, 2020",1,18.0,West,35500.0,2020-01-25
11104,42.0,South,123000.0,37,09/27/2023,1,42.0,South,123000.0,2023-09-27
1414,58.0,South,33600.0,117,2017-03-26,1,58.0,South,33600.0,2017-03-26
6392,24.0,East,"$89,400",5,08/05/2016,1,24.0,East,89400.0,2016-08-05
8000,45.0,North,88200.0,125,2022-05-10,1,45.0,North,88200.0,2022-05-10
8210,58.0,South,61100.0,46,20-Jun-2021,1,58.0,South,61100.0,2021-06-20
4696,47.0, North,149200.0,23,03/23/2019,1,47.0,North,149200.0,2019-03-23
1830,39.0,NORTH,"$47,400",50,23-Feb-2021,1,39.0,North,47400.0,2021-02-23
9081,32.0,N.,76300.0,41,,1,32.0,North,76300.0,
3356,18.0,SOUTH ,33100.0,12,08-Aug-2019,1,18.0,South,33100.0,2019-08-08
3557,39.0,west,64900.0,64,2016-04-19,1,39.0,West,64900.0,2016-04-19
5647,22.0,West,43900.0,44,"July 12, 2019",1,22.0,West,43900.0,2019-07-12
10858,50.0,South,32700.0,53,2023-01-17,0,50.0,South,32700.0,2023-01-17
6003,53.0,East,35100.0,87,05/06/2017,1,53.0,East,35100.0,2017-05-06
11179,60.0, East ,"$42,300",27,30-Oct-2020,1,60.0,East,42300.0,2020-10-30
7565,36.0,West,25300.0,35,2016-03-17,0,36.0,West,25300.0,2016-03-17
4425,29.0,North,44800.0,54,2022-01-28,0,29.0,North,44800.0,2022-01-28
2521,39.0,West,144000.0,71,,0,39.0,West,144000.0,
7779,41.0,West,26400.0,143,"October 22, 2018",1,41.0,West,26400.0,2018-10-22
4054,35.0,South,48800.0,36,09-Feb-2022,1,35.0,South,48800.0,2022-02-09
2175,46.0,South,35400.0,34,03/18/2022,0,46.0,South,35400.0,2022-03-18
7942,49.0,West,63600.0,29,02/22/2022,1,49.0,West,63600.0,2022-02-22
7943,52.0,north,49100.0,12,11/07/2022,1,52.0,North,49100.0,2022-11-07
2234,63.0,West,39700.0,88,02-Jan-2015,1,63.0,West,39700.0,2015-01-02
9274,48.0,SOUTH,38100.0,49,2017-07-21,1,48.0,South,38100.0,2017-07-21
11353,30.0,West,82300.0,8,03-Jul-2017,1,30.0,West,82300.0,2017-07-03
4920,55.0,East,72500.0,53,06/30/2016,1,55.0,East,72500.0,2016-06-30
158,55.0,NORTH,34000.0,27,2024-01-31,0,55.0,North,34000.0,2024-01-31
2730,26.0,West,102600.0,36,14-Jul-2017,0,26.0,West,102600.0,2017-07-14
7971,43.0,North,56500.0,40,11/04/2017,1,43.0,North,56500.0,2017-11-04
362,47.0,East,55200.0,8,2023-03-01,1,47.0,East,55200.0,2023-03-01
3807,31.0,West,"$47,600",38,08/29/2020,1,31.0,West,47600.0,2020-08-29
1264,36.0, North,"$53,100",5,2018-12-27,0,36.0,North,53100.0,2018-12-27
11974,56.0,W. ,30500.0,24,,1,56.0,West,30500.0,
5933,39.0,East,28900.0,24,"August 20, 2022",1,39.0,East,28900.0,2022-08-20
5514,34.0,West,28900.0,21,2015-11-17,1,34.0,West,28900.0,2015-11-17
5782,22.0,NORTH,39100.0,28,"October 14, 2017",1,22.0,North,39100.0,2017-10-14
9440,45.0,East,17900.0,13,"October 26, 2015",1,45.0,East,17900.0,2015-10-26
2530,35.0,North,65800.0,31,08/29/2017,1,35.0,North,65800.0,2017-08-29
6916,31.0,South,38600.0,31,08/03/2023,1,31.0,South,38600.0,2023-08-03
2816,35.0,SOUTH,37500.0,11,31-Jan-2016,1,35.0,South,37500.0,2016-01-31
9498,66.0,south ,"$53,700",24,2017-09-09,0,66.0,South,53700.0,2017-09-09
7084,53.0,North,106500.0,8,27-Nov-2017,1,53.0,North,106500.0,2017-11-27
1067,28.0,South,124900.0,42,31-Mar-2019,1,28.0,South,124900.0,2019-03-31
327,22.0,SOUTH,58900.0,14,"January 12, 2021",0,22.0,South,58900.0,2021-01-12
10354,35.0,W. ,49800.0,27,2020-02-11,1,35.0,West,49800.0,2020-02-11
227,75.0,SOUTH,45700.0,19,08/07/2024,1,75.0,South,45700.0,2024-08-07
4069,41.0,South,61200.0,37,2015-04-27,0,41.0,South,61200.0,2015-04-27
6808,32.0,North,137100.0,66,04/30/2017,0,32.0,North,137100.0,2017-04-30
7823,44.0,E.,86000.0,62,02/23/2022,1,44.0,East,86000.0,2022-02-23
5319,18.0,S.,40200.0,34,"February 17, 2020",1,18.0,South,40200.0,2020-02-17
3511,49.0,,"$41,500",18,12/26/2021,1,49.0,Unknown,41500.0,2021-12-26
253,64.0,North,74000.0,31,"October 28, 2015",1,64.0,North,74000.0,2015-10-28
3861,26.0,West,27100.0,20,11/09/2016,1,26.0,West,27100.0,2016-11-09
9855,48.0, East ,74100.0,14,2018-04-15,0,48.0,East,74100.0,2018-04-15
8171,33.0,South,111600.0,42,"October 30, 2020",1,33.0,South,111600.0,2020-10-30
6236,39.0,West,38200.0,72,12/26/2024,0,39.0,West,38200.0,2024-12-26
9849,29.0,SOUTH,69300.0,15,"January 23, 2023",1,29.0,South,69300.0,2023-01-23
9544,34.0,NORTH,62800.0,5,03/21/2017,1,34.0,North,62800.0,2017-03-21
4852,39.0,WEST,108300.0,4,06/20/2022,1,39.0,West,108300.0,2022-06-20
3033,26.0,south ,"$18,100",18,"May 11, 2016",1,26.0,South,18100.0,2016-05-11
1551,22.0,West,"$38,900",13,"May 07, 2017",1,22.0,West,38900.0,2017-05-07
4198,21.0,South,"$15,500",29,"June 19, 2015",1,21.0,South,15500.0,2015-06-19
1706,67.0,East,140400.0,34,05/09/2024,1,67.0,East,140400.0,2024-05-09
3976,46.0,North,57900.0,32,04/27/2024,1,46.0,North,57900.0,2024-04-27
7626,42.0,North,66600.0,45,"October 24, 2024",1,42.0,North,66600.0,2024-10-24
8909,36.0,East,73700.0,26,"July 10, 2020",1,36.0,East,73700.0,2020-07-10
11978,52.0,SOUTH,85500.0,25,"July 14, 2018",1,52.0,South,85500.0,2018-07-14
5837,54.0,S.,"$109,300",23,"December 12, 2019",0,54.0,South,109300.0,2019-12-12
4669,66.0,South,"$29,900",46,01-Apr-2023,1,66.0,South,29900.0,2023-04-01
9408,22.0,south ,43800.0,19,2023-11-10,1,22.0,South,43800.0,2023-11-10
9644,49.0, North,49400.0,31,"April 19, 2017",0,49.0,North,49400.0,2017-04-19
3207,48.0,North,79700.0,46,"February 03, 2019",0,48.0,North,79700.0,2019-02-03
6230,40.0,North,58600.0,27,"November 12, 2020",1,40.0,North,58600.0,2020-11-12
9195,18.0,north,30800.0,41,04/27/2018,0,18.0,North,30800.0,2018-04-27
9067,54.0,North,"$105,600",18,2020-02-01,1,54.0,North,105600.0,2020-02-01
5681,35.0,South,46300.0,55,2023-07-14,1,35.0,South,46300.0,2023-07-14
11195,36.0,East,"$24,500",67,"February 06, 2019",1,36.0,East,24500.0,2019-02-06
8880,32.0,W. ,56400.0,85,25-May-2015,1,32.0,West,56400.0,2015-05-25
1922,55.0,E.,98000.0,81,09-Mar-2018,1,55.0,East,98000.0,2018-03-09
1078,79.0,North,42300.0,27,10/03/2020,1,79.0,North,42300.0,2020-10-03
2253,51.0,S.,32900.0,24,03/18/2020,1,51.0,South,32900.0,2020-03-18
4638,28.0,east,34400.0,36,2020-04-20,1,28.0,East,34400.0,2020-04-20
9063,48.0,South,84100.0,11,2016-09-17,1,48.0,South,84100.0,2016-09-17
5995,29.0,E.,27200.0,16,"April 22, 2024",1,29.0,East,27200.0,2024-04-22
4522,46.0,East,129500.0,47,"July 07, 2021",0,46.0,East,129500.0,2021-07-07
8874,49.0,,"$62,900",51,"September 13, 2021",1,49.0,Unknown,62900.0,2021-09-13
2704,57.0,East,48500.0,57,09/08/2021,0,57.0,East,48500.0,2021-09-08
10358,41.0,North,87900.0,11,31-Oct-2016,1,41.0,North,87900.0,2016-10-31
7687,45.0,West,85800.0,57,06-Sep-2023,0,45.0,West,85800.0,2023-09-06
5077,47.0, East ,125100.0,22,09/01/2022,1,47.0,East,125100.0,2022-09-01
10131,49.0,East,"$28,600",35,07/04/2016,1,49.0,East,28600.0,2016-07-04
5479,54.0,,36600.0,18,"November 14, 2021",0,54.0,Unknown,36600.0,2021-11-14
8977,43.0,East,35000.0,46,"November 06, 2015",1,43.0,East,35000.0,2015-11-06
8946,65.0,North,37800.0,31,2015-11-22,1,65.0,North,37800.0,2015-11-22
544,40.0,North,15000.0,35,09-Apr-2024,1,40.0,North,15000.0,2024-04-09
2705,45.0,West,43300.0,32,21-Jun-2016,0,45.0,West,43300.0,2016-06-21
1587,18.0,North,36500.0,41,06/18/2023,1,18.0,North,36500.0,2023-06-18
2962,42.0,W. ,47400.0,34,21-Dec-2017,0,42.0,West,47400.0,2017-12-21
2137,,WEST,30700.0,22,05/04/2017,1,42.02803042831156,West,30700.0,2017-05-04
6246,58.0,WEST,33500.0,52,"July 13, 2019",1,58.0,West,33500.0,2019-07-13
8238,45.0, East ,107300.0,21,09/10/2016,1,45.0,East,107300.0,2016-09-10
3515,47.0,South,24500.0,84,"March 18, 2015",1,47.0,South,24500.0,2015-03-18
10613,59.0,West,52700.0,63,2024-09-30,0,59.0,West,52700.0,2024-09-30
6097,55.0,South,76800.0,34,21-Feb-2021,1,55.0,South,76800.0,2021-02-21
7997,69.0,,32700.0,105,"January 29, 2018",1,69.0,Unknown,32700.0,2018-01-29
4325,30.0,W. ,62800.0,24,"November 05, 2023",1,30.0,West,62800.0,2023-11-05
5728,35.0,North,50500.0,41,18-Jan-2018,1,35.0,North,50500.0,2018-01-18
6697,38.0,South,19300.0,13,2022-04-02,1,38.0,South,19300.0,2022-04-02
1762,32.0,South,68800.0,46,08/03/2021,1,32.0,South,68800.0,2021-08-03
9647,25.0,South,34900.0,49,2020-11-03,1,25.0,South,34900.0,2020-11-03
4939,51.0,NORTH,60600.0,32,"May 11, 2023",1,51.0,North,60600.0,2023-05-11
4468,38.0,East,"$65,300",73,23-Jul-2020,1,38.0,East,65300.0,2020-07-23
7077,50.0,South,33900.0,56,03/29/2024,0,50.0,South,33900.0,2024-03-29
7414,54.0,North,"$53,700",38,29-Dec-2023,1,54.0,North,53700.0,2023-12-29
7415,19.0,north,65300.0,54,30-Nov-2021,1,19.0,North,65300.0,2021-11-30
8930,33.0,West,34300.0,9,03/15/2017,1,33.0,West,34300.0,2017-03-15
6295,27.0,North,"$98,800",83,2024-08-14,1,27.0,North,98800.0,2024-08-14
9307,40.0,East,41400.0,30,2016-01-27,1,40.0,East,41400.0,2016-01-27
388,49.0,South,59800.0,57,2017-07-15,0,49.0,South,59800.0,2017-07-15
851,37.0,south ,42300.0,7,"April 10, 2017",1,37.0,South,42300.0,2017-04-10
9284,19.0,West,72500.0,20,"October 28, 2020",1,19.0,West,72500.0,2020-10-28
10078,62.0,West,17500.0,23,"February 04, 2020",1,62.0,West,17500.0,2020-02-04
9702,60.0,South,65700.0,51,"September 28, 2021",1,60.0,South,65700.0,2021-09-28
2872,33.0,West,74200.0,30,09/10/2021,1,33.0,West,74200.0,2021-09-10
10513,,North,15000.0,9,08/08/2016,1,42.02803042831156,North,15000.0,2016-08-08
5895,42.0,North,59500.0,88,27-Jan-2024,1,42.0,North,59500.0,2024-01-27
7887,34.0, East ,"$48,400",38,24-Apr-2016,1,34.0,East,48400.0,2016-04-24
6118,27.0,East,38200.0,74,"August 04, 2016",1,27.0,East,38200.0,2016-08-04
4821,36.0,East,91000.0,37,2018-10-15,1,36.0,East,91000.0,2018-10-15
367,32.0,South,25800.0,40,10/27/2023,1,32.0,South,25800.0,2023-10-27
8353,53.0,North,"$47,600",53,08-Jan-2022,1,53.0,North,47600.0,2022-01-08
11609,50.0,W. ,57600.0,43,,1,50.0,West,57600.0,
2342,40.0,North,38400.0,33,"February 18, 2015",1,40.0,North,38400.0,2015-02-18
4300,40.0, East ,73700.0,19,"September 17, 2016",1,40.0,East,73700.0,2016-09-17
5737,48.0,North,62500.0,8,2022-06-20,1,48.0,North,62500.0,2022-06-20
347,34.0,NORTH,53100.0,16,2020-09-05,0,34.0,North,53100.0,2020-09-05
8542,31.0,NORTH,"$41,900",7,2017-08-24,1,31.0,North,41900.0,2017-08-24
9561,44.0,WEST,30200.0,48,04-Jul-2016,0,44.0,West,30200.0,2016-07-04
2394,46.0,East,"$63,600",75,06/08/2022,1,46.0,East,63600.0,2022-06-08
638,28.0,East,43800.0,9,01-Nov-2024,1,28.0,East,43800.0,2024-11-01
3181,,West,78800.0,36,"April 29, 2022",1,42.02803042831156,West,78800.0,2022-04-29
9738,36.0,East,22800.0,18,05/21/2020,0,36.0,East,22800.0,2020-05-21
928,47.0,South,21700.0,59,09/30/2020,1,47.0,South,21700.0,2020-09-30
196,30.0,North,44000.0,36,"November 16, 2015",0,30.0,North,44000.0,2015-11-16
7163,37.0,NORTH,159200.0,111,01/08/2024,1,37.0,North,159200.0,2024-01-08
11219,30.0,south ,45400.0,21,2022-07-14,1,30.0,South,45400.0,2022-07-14
10595,33.0,South,42000.0,16,"December 26, 2017",1,33.0,South,42000.0,2017-12-26
8192,64.0,West,81800.0,21,2016-02-24,1,64.0,West,81800.0,2016-02-24
11629,27.0,South,51600.0,79,"December 16, 2015",1,27.0,South,51600.0,2015-12-16
1311,27.0,west,66100.0,40,"September 20, 2016",1,27.0,West,66100.0,2016-09-20
6198,49.0,N.,"$33,300",13,"January 07, 2022",1,49.0,North,33300.0,2022-01-07
6018,22.0,E.,"$82,800",43,01-Mar-2022,1,22.0,East,82800.0,2022-03-01
1752,34.0,East,46700.0,6,02/23/2015,0,34.0,East,46700.0,2015-02-23
11767,40.0,south ,"$129,400",14,2020-08-10,0,40.0,South,129400.0,2020-08-10
95,20.0,South,59500.0,54,"January 12, 2018",1,20.0,South,59500.0,2018-01-12
10500,18.0,South,31400.0,18,2019-01-17,0,18.0,South,31400.0,2019-01-17
1828,62.0,South,79900.0,37,22-Sep-2018,1,62.0,South,79900.0,2018-09-22
10538,40.0,North,"$80,900",13,"November 08, 2022",0,40.0,North,80900.0,2022-11-08
8648,49.0,West,39000.0,51,"July 22, 2019",1,49.0,West,39000.0,2019-07-22
8766,46.0,South,46700.0,22,,0,46.0,South,46700.0,
1317,39.0,North,"$53,300",161,2016-11-20,0,39.0,North,53300.0,2016-11-20
2850,55.0,South,48900.0,45,2019-11-14,1,55.0,South,48900.0,2019-11-14
7293,39.0,west,15400.0,3,13-May-2017,1,39.0,West,15400.0,2017-05-13
6806,36.0,North,91800.0,35,07/06/2024,1,36.0,North,91800.0,2024-07-06
4197,46.0,West,51200.0,17,"March 17, 2023",1,46.0,West,51200.0,2023-03-17
11444,60.0,North,66700.0,43,"March 23, 2022",0,60.0,North,66700.0,2022-03-23
3860,47.0,East,67200.0,50,"April 21, 2021",0,47.0,East,67200.0,2021-04-21
8101,58.0,South,36900.0,20,2018-01-29,0,58.0,South,36900.0,2018-01-29
7360,51.0,E.,"$46,400",104,2022-07-15,1,51.0,East,46400.0,2022-07-15
1382,18.0,Unknown,16400.0,18,2019-01-03,0,18.0,Unknown,16400.0,2019-01-03
10246,18.0,East,38700.0,12,04/30/2021,1,18.0,East,38700.0,2021-04-30
11120,45.0,WEST,62500.0,38,05-Sep-2015,1,45.0,West,62500.0,2015-09-05
6517,27.0,South,"$28,700",56,12-Jul-2017,1,27.0,South,28700.0,2017-07-12
4193,49.0, East ,52200.0,40,02-Jun-2018,1,49.0,East,52200.0,2018-06-02
10469,41.0,North,32000.0,27,"May 09, 2023",0,41.0,North,32000.0,2023-05-09
1658,19.0,East,"$19,200",39,07-Jun-2017,1,19.0,East,19200.0,2017-06-07
11294,34.0,N.,17300.0,22,2015-05-17,1,34.0,North,17300.0,2015-05-17
4830,18.0,East,105000.0,29,29-Nov-2017,1,18.0,East,105000.0,2017-11-29
6372,70.0,North,28600.0,8,09/11/2023,1,70.0,North,28600.0,2023-09-11
10617,26.0,South,,8,05/11/2020,1,26.0,South,49400.0,2020-05-11
10133,52.0,West,61300.0,42,03/16/2022,1,52.0,West,61300.0,2022-03-16
3941,43.0,North,60700.0,25,2020-08-15,1,43.0,North,60700.0,2020-08-15
1702,36.0,West,24600.0,61,20-Feb-2024,0,36.0,West,24600.0,2024-02-20
9147,37.0,North,"$19,300",59,"July 16, 2024",1,37.0,North,19300.0,2024-07-16
471,47.0,East,"$38,800",25,19-Mar-2016,1,47.0,East,38800.0,2016-03-19
2380,41.0,South,19400.0,26,2016-02-15,0,41.0,South,19400.0,2016-02-15
1578,55.0,SOUTH,58400.0,70,2024-05-09,1,55.0,South,58400.0,2024-05-09
6584,47.0,S.,31900.0,15,10/28/2024,1,47.0,South,31900.0,2024-10-28
1249,40.0,North,45900.0,18,07/29/2023,1,40.0,North,45900.0,2023-07-29
10359,55.0,north,"$25,900",58,28-Jul-2020,1,55.0,North,25900.0,2020-07-28
1639,42.0,West,29100.0,15,2020-03-22,1,42.0,West,29100.0,2020-03-22
7083,40.0,NORTH,87700.0,86,2019-04-18,1,40.0,North,87700.0,2019-04-18
11825,38.0,East,76200.0,31,2017-02-15,1,38.0,East,76200.0,2017-02-15
4347,30.0,North,"$24,500",109,2018-08-27,0,30.0,North,24500.0,2018-08-27
10363,31.0,South,110500.0,20,"March 10, 2023",1,31.0,South,110500.0,2023-03-10
3238,52.0,North,48900.0,39,2015-04-26,1,52.0,North,48900.0,2015-04-26
10911,37.0,W. ,41900.0,35,08/19/2018,1,37.0,West,41900.0,2018-08-19
3731,32.0, East ,64700.0,14,11-Dec-2017,1,32.0,East,64700.0,2017-12-11
2906,43.0,SOUTH,38800.0,34,"September 04, 2023",1,43.0,South,38800.0,2023-09-04
8747,60.0,East,100500.0,41,"September 12, 2022",0,60.0,East,100500.0,2022-09-12
6828,18.0,South,16400.0,9,08/09/2023,0,18.0,South,16400.0,2023-08-09
10673,25.0,North,15000.0,12,04-Sep-2015,0,25.0,North,15000.0,2015-09-04
8323,18.0,North,52200.0,5,11/02/2019,1,18.0,North,52200.0,2019-11-02
10207,39.0,East,"$40,900",41,"April 17, 2015",0,39.0,East,40900.0,2015-04-17
9246,36.0,North,49200.0,18,2024-04-20,1,36.0,North,49200.0,2024-04-20
1395,18.0,East,49900.0,6,02/23/2018,0,18.0,East,49900.0,2018-02-23
1870,45.0,south ,40500.0,41,23-Jan-2016,1,45.0,South,40500.0,2016-01-23
7842,18.0,N.,23700.0,60,16-Sep-2019,0,18.0,North,23700.0,2019-09-16
8621,56.0,West,35500.0,16,2019-04-17,0,56.0,West,35500.0,2019-04-17
728,52.0,NORTH,48100.0,18,2024-03-19,0,52.0,North,48100.0,2024-03-19
2609,53.0,North,57900.0,29,12-Apr-2017,1,53.0,North,57900.0,2017-04-12
10722,57.0,West,36000.0,55,2018-05-09,0,57.0,West,36000.0,2018-05-09
377,39.0,West,"$78,700",25,23-Jul-2022,1,39.0,West,78700.0,2022-07-23
6439,52.0, East ,"$59,700",20,25-Jan-2019,1,52.0,East,59700.0,2019-01-25
4096,19.0,west,17700.0,84,2016-05-03,1,19.0,West,17700.0,2016-05-03
11804,38.0,West,30200.0,76,22-May-2020,1,38.0,West,30200.0,2020-05-22
8500,52.0,South,18100.0,60,"December 04, 2019",1,52.0,South,18100.0,2019-12-04
3272,38.0,North,"$46,900",26,"October 22, 2021",1,38.0,North,46900.0,2021-10-22
3158,39.0,East,39400.0,27,2016-04-21,1,39.0,East,39400.0,2016-04-21
10244,41.0,north,50600.0,62,"October 16, 2022",1,41.0,North,50600.0,2022-10-16
547,45.0,North,32500.0,49,2021-04-19,0,45.0,North,32500.0,2021-04-19
2665,37.0,South,129200.0,2,04/04/2020,0,37.0,South,129200.0,2020-04-04
4607,28.0,North,76900.0,19,09/20/2021,1,28.0,North,76900.0,2021-09-20
4231,57.0, East ,193500.0,18,,0,57.0,East,193500.0,
6671,40.0,East,"$89,000",50,06-Feb-2016,0,40.0,East,89000.0,2016-02-06
8802,53.0,South,67800.0,43,04/26/2020,1,53.0,South,67800.0,2020-04-26
7531,38.0,North,55100.0,16,08-Aug-2020,1,38.0,North,55100.0,2020-08-08
4241,42.0,N.,54400.0,25,2018-06-04,1,42.0,North,54400.0,2018-06-04
7840,39.0,North,66200.0,4,2017-08-24,0,39.0,North,66200.0,2017-08-24
1112,38.0,East,75600.0,81,10/06/2016,1,38.0,East,75600.0,2016-10-06
10110,50.0,East,44200.0,58,12/02/2022,1,50.0,East,44200.0,2022-12-02
5337,52.0,West,104200.0,46,16-Mar-2018,1,52.0,West,104200.0,2018-03-16
6961,18.0,south ,50700.0,19,2022-11-03,1,18.0,South,50700.0,2022-11-03
3865,20.0,East,56400.0,44,11-Jan-2019,0,20.0,East,56400.0,2019-01-11
1262,43.0,East,37600.0,7,19-Nov-2016,1,43.0,East,37600.0,2016-11-19
1162,37.0,North,65300.0,6,"May 16, 2020",1,37.0,North,65300.0,2020-05-16
1693,24.0,WEST,21100.0,29,"May 01, 2023",0,24.0,West,21100.0,2023-05-01
3376,34.0,North,65800.0,87,"June 22, 2022",0,34.0,North,65800.0,2022-06-22
7893,37.0,South,65000.0,52,02/13/2023,1,37.0,South,65000.0,2023-02-13
2590,50.0,East,120300.0,19,2020-01-04,0,50.0,East,120300.0,2020-01-04
3660,42.0,North,43900.0,47,"November 26, 2017",0,42.0,North,43900.0,2017-11-26
2435,,South,45800.0,12,2022-09-06,0,42.02803042831156,South,45800.0,2022-09-06
10906,31.0,West,30700.0,46,01/18/2023,1,31.0,West,30700.0,2023-01-18
5373,41.0,South,49400.0,39,15-Oct-2021,1,41.0,South,49400.0,2021-10-15
8110,31.0,South,60800.0,40,2021-06-26,0,31.0,South,60800.0,2021-06-26
8435,46.0,West,41700.0,119,2017-08-26,0,46.0,West,41700.0,2017-08-26
4285,37.0,North,23700.0,38,"June 30, 2022",1,37.0,North,23700.0,2022-06-30
11005,45.0,West,62400.0,19,"September 26, 2017",0,45.0,West,62400.0,2017-09-26
6085,28.0,South,103500.0,47,2024-04-28,1,28.0,South,103500.0,2024-04-28
10789,38.0,North,16200.0,3,02-Feb-2023,0,38.0,North,16200.0,2023-02-02
2735,42.0,North,113500.0,65,06/02/2016,0,42.0,North,113500.0,2016-06-02
11524,32.0,W. ,28500.0,92,"September 18, 2021",1,32.0,West,28500.0,2021-09-18
6949,60.0,South,"$60,900",29,"July 24, 2019",1,60.0,South,60900.0,2019-07-24
6964,48.0,North,138800.0,25,08/03/2019,1,48.0,North,138800.0,2019-08-03
3888,37.0,North,32800.0,17,"February 25, 2024",0,37.0,North,32800.0,2024-02-25
6966,46.0,N.,74400.0,125,09/16/2022,1,46.0,North,74400.0,2022-09-16
4535,42.0,East,104700.0,25,"October 16, 2020",1,42.0,East,104700.0,2020-10-16
2969,,North,39100.0,84,2020-01-22,1,42.02803042831156,North,39100.0,2020-01-22
4429,40.0,north,50200.0,64,19-Jan-2019,1,40.0,North,50200.0,2019-01-19
4499,45.0,East,54900.0,23,26-Aug-2024,1,45.0,East,54900.0,2024-08-26
11175,23.0,West,39000.0,62,27-Mar-2017,0,23.0,West,39000.0,2017-03-27
11910,39.0,East,57500.0,81,29-Apr-2023,1,39.0,East,57500.0,2023-04-29
7747,53.0, East ,38200.0,73,03/02/2015,1,53.0,East,38200.0,2015-03-02
6338,24.0,East,"$51,900",67,"December 07, 2016",0,24.0,East,51900.0,2016-12-07
7043,18.0,North,56400.0,62,"March 26, 2020",0,18.0,North,56400.0,2020-03-26
9605,54.0,East,"$25,300",58,17-Sep-2018,1,54.0,East,25300.0,2018-09-17
9535,40.0,North,101300.0,15,"April 21, 2024",1,40.0,North,101300.0,2024-04-21
2594,51.0,South,24800.0,46,2022-03-01,1,51.0,South,24800.0,2022-03-01
11203,29.0,East,55900.0,29,27-Jan-2015,1,29.0,East,55900.0,2015-01-27
10615,49.0,West,45700.0,165,"December 15, 2017",1,49.0,West,45700.0,2017-12-15
9871,32.0,East,83500.0,27,09-Apr-2024,1,32.0,East,83500.0,2024-04-09
539,18.0, East ,63000.0,48,19-Jul-2019,0,18.0,East,63000.0,2019-07-19
8054,49.0,South,102300.0,12,11/10/2018,1,49.0,South,102300.0,2018-11-10
7375,39.0,North,45800.0,35,12/05/2018,1,39.0,North,45800.0,2018-12-05
1605,38.0,East,46800.0,83,"September 29, 2024",1,38.0,East,46800.0,2024-09-29
4165,39.0,South,63400.0,60,03/04/2021,1,39.0,South,63400.0,2021-03-04
10871,35.0,North,30600.0,11,"April 07, 2017",1,35.0,North,30600.0,2017-04-07
3286,55.0,S.,41300.0,38,2017-02-21,1,55.0,South,41300.0,2017-02-21
6128,,North,29000.0,23,03/06/2022,1,42.02803042831156,North,29000.0,2022-03-06
2389,57.0,SOUTH,"$24,500",10,03-Dec-2023,1,57.0,South,24500.0,2023-12-03
9688,18.0,East,73300.0,21,08/07/2024,0,18.0,East,73300.0,2024-08-07
4790,50.0,East,46400.0,24,2021-03-29,0,50.0,East,46400.0,2021-03-29
8952,54.0,Unknown,"$20,500",133,"July 26, 2017",1,54.0,Unknown,20500.0,2017-07-26
11355,27.0,North,100800.0,29,"September 23, 2023",0,27.0,North,100800.0,2023-09-23
4849,32.0,east,21400.0,14,27-Jan-2017,1,32.0,East,21400.0,2017-01-27
6928,39.0,West,"$16,700",31,"June 07, 2015",1,39.0,West,16700.0,2015-06-07
2917,62.0,E.,39000.0,25,"December 05, 2023",1,62.0,East,39000.0,2023-12-05
10019,27.0,West,35800.0,14,"July 24, 2019",1,27.0,West,35800.0,2019-07-24
988,46.0,North,53600.0,25,01/20/2015,1,46.0,North,53600.0,2015-01-20
2271,47.0,West,83400.0,10,03/26/2020,1,47.0,West,83400.0,2020-03-26
9701,35.0,East,35600.0,22,"October 26, 2017",1,35.0,East,35600.0,2017-10-26
8418,40.0,North,62000.0,24,11-Apr-2018,0,40.0,North,62000.0,2018-04-11
127,61.0,West,117200.0,32,"July 07, 2019",1,61.0,West,117200.0,2019-07-07
2257,46.0,E.,97000.0,68,19-Nov-2021,1,46.0,East,97000.0,2021-11-19
3041,58.0,East,75300.0,10,"August 13, 2022",0,58.0,East,75300.0,2022-08-13
8710,35.0,North,41800.0,50,12/20/2015,1,35.0,North,41800.0,2015-12-20
9817,50.0,South,"$24,200",51,"September 06, 2020",1,50.0,South,24200.0,2020-09-06
10832,,W. ,23600.0,59,03/05/2018,1,42.02803042831156,West,23600.0,2018-03-05
7706,37.0,East,39900.0,75,"April 26, 2018",1,37.0,East,39900.0,2018-04-26
9835,36.0,S.,23800.0,46,10-Nov-2019,1,36.0,South,23800.0,2019-11-10
11607,35.0,South,82000.0,50,09-Sep-2017,1,35.0,South,82000.0,2017-09-09
790,40.0,North,37400.0,9,12/25/2017,1,40.0,North,37400.0,2017-12-25
11691,61.0,N.,48000.0,121,"March 13, 2016",1,61.0,North,48000.0,2016-03-13
4029,40.0, North,"$109,700",4,2024-10-15,1,40.0,North,109700.0,2024-10-15
3226,34.0,SOUTH,57400.0,54,01/18/2021,1,34.0,South,57400.0,2021-01-18
11553,38.0,North,116900.0,59,12/03/2019,1,38.0,North,116900.0,2019-12-03
286,36.0,south ,59200.0,7,09-Mar-2021,0,36.0,South,59200.0,2021-03-09
315,53.0,East,32500.0,47,02-Apr-2022,1,53.0,East,32500.0,2022-04-02
3328,43.0,South,82900.0,45,2020-06-16,0,43.0,South,82900.0,2020-06-16
1722,24.0,North,54600.0,52,01-Jun-2021,1,24.0,North,54600.0,2021-06-01
5065,38.0,West,28200.0,41,2017-12-16,1,38.0,West,28200.0,2017-12-16
4555,65.0,North,63600.0,79,05-Jan-2016,1,65.0,North,63600.0,2016-01-05
681,53.0,SOUTH,96300.0,55,"June 12, 2023",1,53.0,South,96300.0,2023-06-12
2480,38.0,E.,86600.0,149,27-Sep-2022,1,38.0,East,86600.0,2022-09-27
978,37.0,East,41100.0,46,"September 03, 2015",0,37.0,East,41100.0,2015-09-03
1961,44.0,North,73300.0,23,"August 28, 2017",0,44.0,North,73300.0,2017-08-28
1526,56.0,South,15000.0,17,02/02/2020,1,56.0,South,15000.0,2020-02-02
2724,44.0,North,54000.0,157,03/15/2018,1,44.0,North,54000.0,2018-03-15
8742,42.0,East,56500.0,15,2020-03-29,0,42.0,East,56500.0,2020-03-29
3884,58.0,North,39400.0,50,10/29/2017,0,58.0,North,39400.0,2017-10-29
5934,42.0,East,28400.0,93,2023-10-31,1,42.0,East,28400.0,2023-10-31
4155,33.0,North,111300.0,3,2023-07-13,1,33.0,North,111300.0,2023-07-13
1682,29.0,South,71000.0,18,"May 29, 2024",1,29.0,South,71000.0,2024-05-29
11221,38.0,east,56300.0,31,12/28/2024,1,38.0,East,56300.0,2024-12-28
3692,41.0,E.,"$56,000",70,12/01/2022,1,41.0,East,56000.0,2022-12-01
1892,32.0,north,80400.0,64,01-Jun-2019,1,32.0,North,80400.0,2019-06-01
10280,56.0, East ,26800.0,26,07/21/2020,1,56.0,East,26800.0,2020-07-21
4959,50.0,North,66700.0,31,04/02/2018,1,50.0,North,66700.0,2018-04-02
6667,37.0,NORTH,43900.0,12,"December 05, 2022",0,37.0,North,43900.0,2022-12-05
780,25.0,North,"$85,500",31,12/10/2015,1,25.0,North,85500.0,2015-12-10
2426,57.0,E.,"$16,900",76,06/04/2015,0,57.0,East,16900.0,2015-06-04
4913,47.0,East,50100.0,6,"July 19, 2016",0,47.0,East,50100.0,2016-07-19
8178,40.0,west,97300.0,54,2024-01-06,1,40.0,West,97300.0,2024-01-06
9205,36.0,east,62500.0,21,10-Apr-2024,1,36.0,East,62500.0,2024-04-10
6470,, North,"$48,700",25,02/03/2020,1,42.02803042831156,North,48700.0,2020-02-03
7276,34.0,East,"$49,700",78,"May 10, 2023",0,34.0,East,49700.0,2023-05-10
5423,40.0,East,54100.0,46,"December 11, 2016",1,40.0,East,54100.0,2016-12-11
4943,39.0,West,34100.0,31,31-Mar-2024,1,39.0,West,34100.0,2024-03-31
6410,34.0,West,43400.0,33,"November 20, 2020",1,34.0,West,43400.0,2020-11-20
6485,51.0,North,35900.0,30,03/23/2018,1,51.0,North,35900.0,2018-03-23
2635,57.0,East,65200.0,11,"November 01, 2018",1,57.0,East,65200.0,2018-11-01
6672,49.0,North,"$44,200",74,08-Nov-2017,0,49.0,North,44200.0,2017-11-08
11506,41.0,West,87900.0,56,"January 04, 2023",1,41.0,West,87900.0,2023-01-04
4552,33.0,North,59900.0,14,2017-07-16,1,33.0,North,59900.0,2017-07-16
2479,52.0,W. ,45300.0,26,2024-07-07,0,52.0,West,45300.0,2024-07-07
5365,46.0, East ,56600.0,26,"August 06, 2020",0,46.0,East,56600.0,2020-08-06
6768,41.0,North,29600.0,43,09-Jan-2022,0,41.0,North,29600.0,2022-01-09
6983,36.0,North,25100.0,15,"May 25, 2019",1,36.0,North,25100.0,2019-05-25
9261,49.0,South,85400.0,46,2017-01-01,0,49.0,South,85400.0,2017-01-01
1549,49.0,West,36500.0,6,08/28/2020,0,49.0,West,36500.0,2020-08-28
608,48.0,West,25000.0,48,"December 06, 2020",1,48.0,West,25000.0,2020-12-06
717,22.0,East,31300.0,57,20-Feb-2016,1,22.0,East,31300.0,2016-02-20
5823,44.0,North,31800.0,43,2015-12-25,1,44.0,North,31800.0,2015-12-25
365,40.0,North,52800.0,36,07-May-2018,1,40.0,North,52800.0,2018-05-07
8410,41.0,NORTH,0,66,29-Apr-2020,1,41.0,North,49400.0,2020-04-29
1248,18.0,S.,38900.0,4,,0,18.0,South,38900.0,
8341,57.0,North,51500.0,29,07/26/2020,1,57.0,North,51500.0,2020-07-26
6271,47.0,SOUTH,26500.0,89,25-Nov-2015,0,47.0,South,26500.0,2015-11-25
5882,37.0,WEST,28100.0,12,07-Jan-2015,1,37.0,West,28100.0,2015-01-07
4547,18.0,South,"$125,200",35,16-Oct-2022,1,18.0,South,125200.0,2022-10-16
301,64.0,West,52400.0,56,05-Dec-2017,1,64.0,West,52400.0,2017-12-05
5447,21.0,North,66500.0,45,,1,21.0,North,66500.0,
2005,24.0,North,48900.0,11,08/23/2018,0,24.0,North,48900.0,2018-08-23
2068,42.0,E.,"$40,800",25,28-Mar-2023,0,42.0,East,40800.0,2023-03-28
3197,25.0,Unknown,50900.0,1,30-Mar-2022,1,25.0,Unknown,50900.0,2022-03-30
3559,50.0,East,"$49,300",32,26-Oct-2017,1,50.0,East,49300.0,2017-10-26
6004,50.0,SOUTH,37300.0,20,2023-02-26,0,50.0,South,37300.0,2023-02-26
11795,25.0,South,55300.0,20,2021-02-19,1,25.0,South,55300.0,2021-02-19
5947,53.0,North,45300.0,15,19-Aug-2022,0,53.0,North,45300.0,2022-08-19
6796,67.0,North,45500.0,87,23-Feb-2022,1,67.0,North,45500.0,2022-02-23
6841,65.0,North,95600.0,24,13-Jun-2019,0,65.0,North,95600.0,2019-06-13
7137,32.0,East,26900.0,10,19-Jul-2024,1,32.0,East,26900.0,2024-07-19
4516,54.0,South,27500.0,9,22-Nov-2021,1,54.0,South,27500.0,2021-11-22
8896,59.0,,55100.0,1,07/10/2020,1,59.0,Unknown,55100.0,2020-07-10
8708,49.0,N.,16900.0,51,05/15/2017,1,49.0,North,16900.0,2017-05-15
10422,34.0,WEST,"$42,100",32,,1,34.0,West,42100.0,
1090,38.0,West,66100.0,27,16-Jul-2024,1,38.0,West,66100.0,2024-07-16
6974,38.0,Unknown,"$43,400",29,10/02/2019,0,38.0,Unknown,43400.0,2019-10-02
9457,37.0,South,39900.0,49,07/30/2020,1,37.0,South,39900.0,2020-07-30
8501,42.0,,112600.0,82,"March 18, 2015",1,42.0,Unknown,112600.0,2015-03-18
4723,41.0,West,33900.0,29,22-Nov-2019,0,41.0,West,33900.0,2019-11-22
1795,18.0,East,64600.0,29,"May 01, 2015",1,18.0,East,64600.0,2015-05-01
3695,59.0,East,52200.0,52,"August 31, 2021",0,59.0,East,52200.0,2021-08-31
2743,31.0,North,60100.0,41,"July 30, 2021",1,31.0,North,60100.0,2021-07-30
5925,26.0,North,39400.0,53,05/04/2016,0,26.0,North,39400.0,2016-05-04
7480,35.0,north,"$77,000",40,"October 05, 2017",1,35.0,North,77000.0,2017-10-05
4273,47.0,East,27900.0,1,"October 31, 2020",0,47.0,East,27900.0,2020-10-31
10242,39.0,East,35400.0,67,2021-11-05,1,39.0,East,35400.0,2021-11-05
8767,48.0,East,32500.0,9,,1,48.0,East,32500.0,
1110,53.0,N.,69100.0,17,05/09/2024,1,53.0,North,69100.0,2024-05-09
8254,59.0, North,46400.0,12,2019-12-17,1,59.0,North,46400.0,2019-12-17
9719,48.0,West,,11,"March 18, 2017",1,48.0,West,49400.0,2017-03-18
4397,43.0,West,84600.0,7,08/09/2024,1,43.0,West,84600.0,2024-08-09
1504,46.0,West,53200.0,63,22-Sep-2019,1,46.0,West,53200.0,2019-09-22
11433,37.0,S.,39300.0,22,"August 25, 2017",1,37.0,South,39300.0,2017-08-25
5439,46.0,West,145200.0,39,"October 25, 2016",1,46.0,West,145200.0,2016-10-25
4817,,South,42800.0,56,07-Jan-2022,1,42.02803042831156,South,42800.0,2022-01-07
11438,40.0,West,77000.0,59,10/02/2017,0,40.0,West,77000.0,2017-10-02
2441,43.0,East,31300.0,37,05/24/2016,1,43.0,East,31300.0,2016-05-24
2492,33.0,east,112400.0,49,2021-10-28,0,33.0,East,112400.0,2021-10-28
11387,57.0,North,75000.0,69,18-Jul-2017,0,57.0,North,75000.0,2017-07-18
2555,47.0,south ,148900.0,72,04/03/2015,1,47.0,South,148900.0,2015-04-03
9064,56.0,East,105600.0,7,"October 18, 2019",1,56.0,East,105600.0,2019-10-18
7659,42.0,west,135700.0,14,"August 11, 2024",0,42.0,West,135700.0,2024-08-11
1560,40.0,South,43500.0,3,"February 16, 2024",0,40.0,South,43500.0,2024-02-16
3311,35.0,South,100000.0,36,03-Feb-2017,1,35.0,South,100000.0,2017-02-03
979,24.0,West,31100.0,25,03/23/2016,0,24.0,West,31100.0,2016-03-23
5353,55.0,West,91800.0,13,12/14/2021,1,55.0,West,91800.0,2021-12-14
1555,24.0,West,"$135,700",11,2017-07-31,1,24.0,West,135700.0,2017-07-31
5731,18.0,South,21100.0,18,03/30/2020,1,18.0,South,21100.0,2020-03-30
2736,37.0,South,32900.0,35,04-Dec-2021,0,37.0,South,32900.0,2021-12-04
9124,48.0,West,"$52,600",41,2023-12-22,1,48.0,West,52600.0,2023-12-22
11511,46.0,South,61100.0,7,"October 21, 2015",1,46.0,South,61100.0,2015-10-21
7915,28.0,West,44700.0,26,2022-09-15,1,28.0,West,44700.0,2022-09-15
1233,27.0,South,74900.0,7,05/31/2018,0,27.0,South,74900.0,2018-05-31
10006,43.0,East,41000.0,57,"June 26, 2024",1,43.0,East,41000.0,2024-06-26
11409,56.0,North,31000.0,43,2021-06-15,1,56.0,North,31000.0,2021-06-15
4558,48.0,North,,75,"April 06, 2016",1,48.0,North,49400.0,2016-04-06
3942,38.0,East,"$81,700",29,18-May-2024,1,38.0,East,81700.0,2024-05-18
1785,51.0,North,42100.0,18,01/28/2017,1,51.0,North,42100.0,2017-01-28
2193,29.0,West,80200.0,26,09/29/2020,1,29.0,West,80200.0,2020-09-29
5145,20.0,East,"$39,600",55,19-Jan-2020,1,20.0,East,39600.0,2020-01-19
10835,18.0,West,36700.0,24,"April 20, 2024",1,18.0,West,36700.0,2024-04-20
1571,42.0,W. ,53400.0,9,13-Sep-2016,1,42.0,West,53400.0,2016-09-13
7380,39.0,WEST,94200.0,33,12/03/2023,1,39.0,West,94200.0,2023-12-03
8720,43.0,South,"$56,300",30,31-Mar-2021,1,43.0,South,56300.0,2021-03-31
6575,36.0,WEST,27200.0,33,05/28/2020,1,36.0,West,27200.0,2020-05-28
6333,39.0,East,75900.0,39,"February 14, 2021",1,39.0,East,75900.0,2021-02-14
2300,38.0,SOUTH ,57300.0,8,12/22/2015,1,38.0,South,57300.0,2015-12-22
2501,49.0,West,30900.0,41,04/01/2019,1,49.0,West,30900.0,2019-04-01
11837,21.0,South,45200.0,18,27-Jun-2024,1,21.0,South,45200.0,2024-06-27
1010,47.0,W. ,31400.0,10,20-Jan-2022,0,47.0,West,31400.0,2022-01-20
10823,42.0,East,103200.0,14,2021-10-02,1,42.0,East,103200.0,2021-10-02
7589,27.0,West,67900.0,80,02-Jul-2019,1,27.0,West,67900.0,2019-07-02
6502,61.0,North,"$65,900",19,10/14/2015,1,61.0,North,65900.0,2015-10-14
1728,35.0,East,"$53,000",41,"June 02, 2015",1,35.0,East,53000.0,2015-06-02
4464,34.0,West,27400.0,29,"December 05, 2022",1,34.0,West,27400.0,2022-12-05
3939,43.0,West,123900.0,38,2019-01-04,1,43.0,West,123900.0,2019-01-04
731,48.0,West,42500.0,59,"May 15, 2021",1,48.0,West,42500.0,2021-05-15
7514,44.0,West,59500.0,30,"January 08, 2015",1,44.0,West,59500.0,2015-01-08
7382,32.0,South,49100.0,37,13-Dec-2019,0,32.0,South,49100.0,2019-12-13
10115,31.0,SOUTH,52200.0,1,28-Jan-2019,1,31.0,South,52200.0,2019-01-28
2888,44.0,SOUTH,55200.0,5,05/14/2018,0,44.0,South,55200.0,2018-05-14
10938,35.0,East,"$95,500",14,2017-05-16,1,35.0,East,95500.0,2017-05-16
2069,49.0,East,20900.0,10,02-Apr-2022,1,49.0,East,20900.0,2022-04-02
10624,54.0,Unknown,121100.0,55,2022-02-02,1,54.0,Unknown,121100.0,2022-02-02
5402,52.0,South,,30,2020-06-18,0,52.0,South,49400.0,2020-06-18
1348,32.0,S.,"$48,400",54,22-Sep-2015,0,32.0,South,48400.0,2015-09-22
6857,29.0,South,25200.0,46,16-Feb-2018,0,29.0,South,25200.0,2018-02-16
7122,44.0,north,42300.0,60,08/16/2022,1,44.0,North,42300.0,2022-08-16
5495,,north,58100.0,33,09/11/2021,0,42.02803042831156,North,58100.0,2021-09-11
1939,33.0,South,101300.0,14,29-Mar-2015,1,33.0,South,101300.0,2015-03-29
6548,64.0,West,27000.0,17,"August 10, 2020",1,64.0,West,27000.0,2020-08-10
11427,31.0,West,29200.0,29,05/19/2022,0,31.0,West,29200.0,2022-05-19
11627,,North,43200.0,19,"September 19, 2021",1,42.02803042831156,North,43200.0,2021-09-19
8399,27.0,South,57000.0,37,"April 10, 2024",1,27.0,South,57000.0,2024-04-10
10669,66.0,South,"$64,000",31,09-Oct-2022,1,66.0,South,64000.0,2022-10-09
8109,18.0,West,44300.0,50,03-Feb-2016,1,18.0,West,44300.0,2016-02-03
11223,25.0,East,49600.0,12,03/11/2021,1,25.0,East,49600.0,2021-03-11
10562,55.0,West,63600.0,43,02/12/2021,1,55.0,West,63600.0,2021-02-12
2722,59.0,E.,75500.0,24,,1,59.0,East,75500.0,
4033,50.0,North,58900.0,24,12/26/2018,1,50.0,North,58900.0,2018-12-26
5059,43.0,East,33000.0,38,04-Aug-2020,1,43.0,East,33000.0,2020-08-04
8165,70.0,East,80400.0,55,2018-04-01,1,70.0,East,80400.0,2018-04-01
8034,45.0,South,40800.0,8,10/31/2016,1,45.0,South,40800.0,2016-10-31
1419,55.0,north,165200.0,27,07/30/2019,1,55.0,North,165200.0,2019-07-30
4718,37.0,West,68800.0,144,07/27/2015,0,37.0,West,68800.0,2015-07-27
3283,35.0,North,41600.0,62,11/04/2018,1,35.0,North,41600.0,2018-11-04
9487,30.0,East,75900.0,14,24-Aug-2022,1,30.0,East,75900.0,2022-08-24
10816,999.0,east,"$61,800",55,20-Jun-2020,0,42.02803042831156,East,61800.0,2020-06-20
6864,43.0,East,27000.0,40,"May 17, 2023",1,43.0,East,27000.0,2023-05-17
195,28.0,East,150400.0,39,07/04/2017,1,28.0,East,150400.0,2017-07-04
9107,49.0,West,43200.0,7,02-Sep-2017,1,49.0,West,43200.0,2017-09-02
6800,62.0,South,90800.0,16,20-Jun-2019,1,62.0,South,90800.0,2019-06-20
3202,57.0,West,97300.0,49,26-Oct-2016,1,57.0,West,97300.0,2016-10-26
2515,44.0,East,34100.0,67,2021-05-25,1,44.0,East,34100.0,2021-05-25
3554,20.0,North,67600.0,16,2018-12-03,1,20.0,North,67600.0,2018-12-03
7297,39.0,South,34800.0,76,07/13/2023,1,39.0,South,34800.0,2023-07-13
8510,38.0,South,"$93,700",56,"September 22, 2022",0,38.0,South,93700.0,2022-09-22
423,,South,51400.0,23,20-May-2023,1,42.02803042831156,South,51400.0,2023-05-20
11610,51.0,South,55100.0,29,04/19/2018,1,51.0,South,55100.0,2018-04-19
1096,58.0,South,64200.0,52,21-Apr-2023,1,58.0,South,64200.0,2023-04-21
2310,45.0,North,49300.0,22,"March 31, 2016",1,45.0,North,49300.0,2016-03-31
9723,18.0,West,121100.0,33,07-Jul-2021,1,18.0,West,121100.0,2021-07-07
252,46.0,South,31700.0,4,2018-07-30,1,46.0,South,31700.0,2018-07-30
7910,18.0,W. ,83700.0,38,07-Jul-2020,0,18.0,West,83700.0,2020-07-07
9473,44.0,West,99000.0,32,10/27/2022,1,44.0,West,99000.0,2022-10-27
1615,33.0,South,28300.0,9,13-Jan-2023,1,33.0,South,28300.0,2023-01-13
7723,49.0,West,"$39,000",81,19-Sep-2024,0,49.0,West,39000.0,2024-09-19
5513,22.0, North,40500.0,29,2022-12-11,1,22.0,North,40500.0,2022-12-11
10057,31.0,West,58600.0,53,05/27/2023,1,31.0,West,58600.0,2023-05-27
4608,59.0,South,85200.0,57,29-Jul-2023,1,59.0,South,85200.0,2023-07-29
3246,46.0,South,17500.0,47,2018-08-16,1,46.0,South,17500.0,2018-08-16
8741,48.0,East,44300.0,15,13-Aug-2023,1,48.0,East,44300.0,2023-08-13
2644,30.0,West,118900.0,65,06-May-2016,1,30.0,West,118900.0,2016-05-06
3172,51.0,East,"$30,500",25,2023-06-24,0,51.0,East,30500.0,2023-06-24
3047,48.0,South,36900.0,33,11/24/2016,1,48.0,South,36900.0,2016-11-24
4131,55.0,North,45600.0,76,2024-07-02,1,55.0,North,45600.0,2024-07-02
1331,18.0,East,50800.0,33,2023-03-19,1,18.0,East,50800.0,2023-03-19
1252,62.0,North,27700.0,35,12/18/2021,1,62.0,North,27700.0,2021-12-18
2044,32.0,West,32800.0,11,2024-10-03,1,32.0,West,32800.0,2024-10-03
4449,60.0,East,73000.0,29,05/01/2020,1,60.0,East,73000.0,2020-05-01
2829,20.0,north,48700.0,6,2022-05-12,0,20.0,North,48700.0,2022-05-12
4268,46.0,West,89200.0,49,2018-09-15,0,46.0,West,89200.0,2018-09-15
5554,34.0,East,23200.0,94,12-Jul-2017,1,34.0,East,23200.0,2017-07-12
8181,45.0,West,47400.0,62,04/03/2024,1,45.0,West,47400.0,2024-04-03
11579,42.0, North,50300.0,45,07/12/2022,0,42.0,North,50300.0,2022-07-12
5594,,South,16700.0,29,15-Feb-2015,1,42.02803042831156,South,16700.0,2015-02-15
2335,36.0,West,17600.0,19,"March 31, 2021",0,36.0,West,17600.0,2021-03-31
3302,69.0, East ,68500.0,14,08/19/2023,1,69.0,East,68500.0,2023-08-19
4590,36.0,West,"$50,800",28,"July 20, 2020",1,36.0,West,50800.0,2020-07-20
5796,47.0,South,35100.0,35,24-Aug-2021,0,47.0,South,35100.0,2021-08-24
11383,55.0,E.,28100.0,37,17-Jul-2017,0,55.0,East,28100.0,2017-07-17
7033,43.0,East,50400.0,196,10/26/2021,0,43.0,East,50400.0,2021-10-26
280,45.0,North,124000.0,30,04-Sep-2021,1,45.0,North,124000.0,2021-09-04
1212,36.0,South,39100.0,32,29-Aug-2017,1,36.0,South,39100.0,2017-08-29
7111,29.0,South,"$43,700",12,"March 28, 2022",0,29.0,South,43700.0,2022-03-28
5140,48.0,west,53400.0,52,19-Nov-2016,1,48.0,West,53400.0,2016-11-19
1332,28.0,north,83500.0,24,2019-02-16,1,28.0,North,83500.0,2019-02-16
5449,59.0,West,49600.0,6,23-Aug-2018,1,59.0,West,49600.0,2018-08-23
1028,42.0,east,"$87,000",27,2018-11-26,1,42.0,East,87000.0,2018-11-26
5014,64.0,south ,72200.0,86,2015-03-22,1,64.0,South,72200.0,2015-03-22
11683,25.0,North,29400.0,39,04/05/2016,0,25.0,North,29400.0,2016-04-05
11172,35.0,East,45700.0,9,05/26/2020,1,35.0,East,45700.0,2020-05-26
4946,67.0,South,61600.0,22,2023-03-05,1,67.0,South,61600.0,2023-03-05
7871,56.0,South,36900.0,50,"February 07, 2021",0,56.0,South,36900.0,2021-02-07
11528,47.0,SOUTH,29200.0,65,02/24/2022,1,47.0,South,29200.0,2022-02-24
11295,59.0,N.,63400.0,19,01/14/2015,1,59.0,North,63400.0,2015-01-14
3422,41.0,North,"$29,800",45,"November 11, 2023",1,41.0,North,29800.0,2023-11-11
8303,49.0,south ,51700.0,29,23-Dec-2016,0,49.0,South,51700.0,2016-12-23
6951,64.0,West,67400.0,12,2020-12-02,0,64.0,West,67400.0,2020-12-02
8212,40.0,West,"$57,800",23,"November 20, 2023",0,40.0,West,57800.0,2023-11-20
4709,,,"$58,900",233,01-Feb-2019,0,42.02803042831156,Unknown,58900.0,2019-02-01
2406,21.0,South,"$45,500",25,15-May-2016,1,21.0,South,45500.0,2016-05-15
6679,49.0,West,34500.0,125,01/27/2016,0,49.0,West,34500.0,2016-01-27
2077,42.0,East,30600.0,62,2021-09-07,0,42.0,East,30600.0,2021-09-07
4230,,North,"$34,700",50,,1,42.02803042831156,North,34700.0,
2957,49.0,E.,"$82,900",55,2023-06-18,0,49.0,East,82900.0,2023-06-18
11312,49.0,N.,69400.0,19,"February 14, 2024",1,49.0,North,69400.0,2024-02-14
11962,24.0,West,48700.0,45,23-Dec-2015,0,24.0,West,48700.0,2015-12-23
8470,49.0,North,64400.0,56,2017-03-15,1,49.0,North,64400.0,2017-03-15
6492,37.0,South,52600.0,40,2018-02-10,1,37.0,South,52600.0,2018-02-10
3927,52.0,S.,31200.0,35,08/15/2020,1,52.0,South,31200.0,2020-08-15
238,40.0,WEST,52700.0,60,16-Jan-2017,1,40.0,West,52700.0,2017-01-16
4050,43.0,North,29000.0,21,2016-03-20,1,43.0,North,29000.0,2016-03-20
11866,39.0,East,73200.0,8,2017-01-19,1,39.0,East,73200.0,2017-01-19
6248,36.0,South,66800.0,17,27-Aug-2015,1,36.0,South,66800.0,2015-08-27
4651,30.0,North,"$56,300",21,,1,30.0,North,56300.0,
8620,42.0,S.,46000.0,73,2019-10-05,1,42.0,South,46000.0,2019-10-05
5087,29.0,East,75600.0,68,"May 24, 2021",0,29.0,East,75600.0,2021-05-24
9771,57.0,East,116900.0,29,"March 15, 2019",1,57.0,East,116900.0,2019-03-15
9174,35.0,East,54800.0,15,2021-07-15,1,35.0,East,54800.0,2021-07-15
9818,42.0,South,59300.0,50,03/03/2020,0,42.0,South,59300.0,2020-03-03
1575,23.0,South,38800.0,34,"May 30, 2023",1,23.0,South,38800.0,2023-05-30
853,54.0,South,52100.0,22,"October 10, 2024",1,54.0,South,52100.0,2024-10-10
3579,49.0,West,112100.0,19,04/23/2020,1,49.0,West,112100.0,2020-04-23
202,60.0,South,"$50,100",31,2024-02-27,0,60.0,South,50100.0,2024-02-27
7641,37.0,East,83500.0,55,10/24/2019,1,37.0,East,83500.0,2019-10-24
1102,50.0,South,16900.0,15,03-Aug-2015,1,50.0,South,16900.0,2015-08-03
11599,55.0,East,46000.0,16,02/17/2017,0,55.0,East,46000.0,2017-02-17
5212,52.0,East,46600.0,30,2016-04-23,1,52.0,East,46600.0,2016-04-23
7521,18.0,West,42700.0,41,"December 29, 2017",1,18.0,West,42700.0,2017-12-29
2350,52.0,South,41900.0,69,01/30/2019,0,52.0,South,41900.0,2019-01-30
3528,25.0,North,52800.0,48,08/30/2017,0,25.0,North,52800.0,2017-08-30
7540,39.0,West,26300.0,53,07/05/2015,1,39.0,West,26300.0,2015-07-05
10847,23.0,south ,"$57,600",42,"September 04, 2022",0,23.0,South,57600.0,2022-09-04
2058,18.0,East,69700.0,33,10/12/2017,1,18.0,East,69700.0,2017-10-12
3651,61.0,South,31700.0,19,08/17/2019,1,61.0,South,31700.0,2019-08-17
3815,57.0,South,38500.0,19,03/16/2024,1,57.0,South,38500.0,2024-03-16
746,54.0,East,31200.0,75,12-Oct-2016,0,54.0,East,31200.0,2016-10-12
11590,85.0,North,16100.0,59,09-Nov-2022,1,85.0,North,16100.0,2022-11-09
7167,51.0,East,"$62,300",18,2020-10-22,1,51.0,East,62300.0,2020-10-22
2797,49.0,East,15100.0,21,01/13/2018,0,49.0,East,15100.0,2018-01-13
8330,53.0,South,21200.0,63,2019-08-22,1,53.0,South,21200.0,2019-08-22
5648,31.0,NORTH,61000.0,41,2024-02-24,1,31.0,North,61000.0,2024-02-24
9187,,North,"$46,900",39,24-Aug-2024,1,42.02803042831156,North,46900.0,2024-08-24
2339,56.0,South,54200.0,25,"April 09, 2023",1,56.0,South,54200.0,2023-04-09
3459,39.0,E.,61600.0,28,"November 26, 2015",1,39.0,East,61600.0,2015-11-26
142,29.0,South,52100.0,70,2022-03-20,1,29.0,South,52100.0,2022-03-20
1314,47.0, East ,47200.0,71,2019-08-18,1,47.0,East,47200.0,2019-08-18
8872,61.0,South,"$135,600",35,2021-11-23,1,61.0,South,135600.0,2021-11-23
8998,21.0, East ,32400.0,13,08-Jun-2015,0,21.0,East,32400.0,2015-06-08
7461,47.0,North,30400.0,28,2019-01-18,0,47.0,North,30400.0,2019-01-18
348,50.0,South,62100.0,26,01/06/2022,1,50.0,South,62100.0,2022-01-06
11776,27.0,South,20200.0,28,28-Sep-2018,1,27.0,South,20200.0,2018-09-28
11979,19.0,West,21700.0,26,"April 09, 2022",1,19.0,West,21700.0,2022-04-09
11457,34.0,East,121500.0,23,"April 12, 2017",1,34.0,East,121500.0,2017-04-12
6981,63.0,South,48200.0,39,2015-05-20,1,63.0,South,48200.0,2015-05-20
6538,27.0,North,26100.0,76,06/14/2016,1,27.0,North,26100.0,2016-06-14
11212,50.0,East,41500.0,60,2023-03-31,1,50.0,East,41500.0,2023-03-31
2304,36.0,,20000.0,50,18-Mar-2015,1,36.0,Unknown,20000.0,2015-03-18
710,50.0,W. ,"$34,900",47,"July 21, 2018",1,50.0,West,34900.0,2018-07-21
11323,45.0,North,18300.0,52,2016-02-20,1,45.0,North,18300.0,2016-02-20
7315,36.0,South,,8,"January 04, 2017",1,36.0,South,49400.0,2017-01-04
11017,42.0,West,75700.0,16,"July 31, 2022",1,42.0,West,75700.0,2022-07-31
10601,56.0,North,47300.0,59,30-Mar-2018,1,56.0,North,47300.0,2018-03-30
9197,24.0,N.,24600.0,97,2017-07-27,0,24.0,North,24600.0,2017-07-27
4094,27.0,South,48400.0,101,22-Mar-2020,1,27.0,South,48400.0,2020-03-22
5192,49.0,East,"$17,400",20,2022-10-14,0,49.0,East,17400.0,2022-10-14
3248,24.0,West,76600.0,8,"March 15, 2018",1,24.0,West,76600.0,2018-03-15
8555,60.0, East ,31900.0,22,"December 17, 2018",1,60.0,East,31900.0,2018-12-17
2128,35.0,South,64300.0,15,"January 26, 2019",0,35.0,South,64300.0,2019-01-26
2326,49.0,,"$75,800",33,07/03/2023,1,49.0,Unknown,75800.0,2023-07-03
2711,41.0,South,53000.0,75,"February 21, 2022",1,41.0,South,53000.0,2022-02-21
5676,35.0,South,52700.0,27,11/28/2023,0,35.0,South,52700.0,2023-11-28
1771,36.0,South,80400.0,12,06/03/2017,1,36.0,South,80400.0,2017-06-03
5736,18.0,North,47200.0,83,"October 08, 2022",1,18.0,North,47200.0,2022-10-08
6547,42.0,South,40500.0,70,05-Nov-2024,1,42.0,South,40500.0,2024-11-05
6134,23.0,East,28300.0,84,13-Jan-2017,1,23.0,East,28300.0,2017-01-13
5463,28.0,east,47400.0,56,01-Dec-2020,1,28.0,East,47400.0,2020-12-01
8714,43.0,W. ,43500.0,20,04/07/2022,1,43.0,West,43500.0,2022-04-07
6840,41.0,east,124700.0,42,"August 22, 2019",1,41.0,East,124700.0,2019-08-22
6100,41.0,South,74300.0,33,"August 29, 2020",1,41.0,South,74300.0,2020-08-29
3448,55.0,West,"$102,700",14,2021-12-11,1,55.0,West,102700.0,2021-12-11
10172,41.0,South,36900.0,81,"December 25, 2017",0,41.0,South,36900.0,2017-12-25
8374,60.0,North,26200.0,44,"June 07, 2024",1,60.0,North,26200.0,2024-06-07
9428,42.0,East,34200.0,17,2017-10-18,0,42.0,East,34200.0,2017-10-18
11123,38.0,West,35700.0,16,"March 10, 2022",1,38.0,West,35700.0,2022-03-10
6075,43.0,NORTH,58700.0,78,"July 07, 2019",1,43.0,North,58700.0,2019-07-07
11975,43.0,West,37500.0,22,12/02/2023,1,43.0,West,37500.0,2023-12-02
1474,18.0,West,"$58,800",51,2019-07-21,1,18.0,West,58800.0,2019-07-21
8292,62.0,West,,26,13-Nov-2015,1,62.0,West,49400.0,2015-11-13
9019,34.0,East,21900.0,2,2024-12-17,0,34.0,East,21900.0,2024-12-17
3288,56.0,SOUTH,26700.0,37,"June 10, 2024",1,56.0,South,26700.0,2024-06-10
5614,61.0,west,22300.0,33,,1,61.0,West,22300.0,
7325,59.0,South,28700.0,9,25-Feb-2021,1,59.0,South,28700.0,2021-02-25
11420,63.0,East,56900.0,19,"October 19, 2024",1,63.0,East,56900.0,2024-10-19
1914,18.0,North,179100.0,49,17-Dec-2024,1,18.0,North,179100.0,2024-12-17
1652,59.0,East,44700.0,16,"April 23, 2020",1,59.0,East,44700.0,2020-04-23
2177,48.0,North,"$38,400",42,"January 17, 2020",1,48.0,North,38400.0,2020-01-17
7999,48.0,south ,63900.0,36,2023-09-20,1,48.0,South,63900.0,2023-09-20
4191,55.0,North,35100.0,31,"September 07, 2021",1,55.0,North,35100.0,2021-09-07
10216,36.0,South,40500.0,35,15-Sep-2017,1,36.0,South,40500.0,2017-09-15
1611,46.0,SOUTH,46500.0,23,"October 11, 2021",1,46.0,South,46500.0,2021-10-11
11372,30.0,South,84400.0,14,24-Jul-2023,1,30.0,South,84400.0,2023-07-24
10949,18.0,West,23000.0,20,12/02/2018,1,18.0,West,23000.0,2018-12-02
9904,47.0,N.,"$64,500",15,03-Jun-2017,1,47.0,North,64500.0,2017-06-03
7896,32.0,West,97600.0,46,"February 17, 2017",1,32.0,West,97600.0,2017-02-17
8561,,North,22700.0,1,04-Dec-2016,1,42.02803042831156,North,22700.0,2016-12-04
2960,67.0,North,36800.0,49,10/05/2022,1,67.0,North,36800.0,2022-10-05
167,54.0, East ,49200.0,24,2017-04-15,1,54.0,East,49200.0,2017-04-15
2725,34.0,South,43200.0,24,01/10/2023,1,34.0,South,43200.0,2023-01-10
2701,53.0,East,26100.0,16,"September 30, 2020",1,53.0,East,26100.0,2020-09-30
189,24.0,North,62700.0,58,03/13/2019,0,24.0,North,62700.0,2019-03-13
3609,52.0,North,38800.0,96,,1,52.0,North,38800.0,
11473,39.0,East,48500.0,42,2023-10-26,1,39.0,East,48500.0,2023-10-26
10453,46.0,North,"$53,900",36,"August 28, 2023",1,46.0,North,53900.0,2023-08-28
11135,37.0,West,118000.0,7,10-Aug-2024,0,37.0,West,118000.0,2024-08-10
705,56.0,West,32400.0,5,2023-07-05,1,56.0,West,32400.0,2023-07-05
34,31.0,East,68700.0,46,2015-09-01,1,31.0,East,68700.0,2015-09-01
10701,34.0,south ,15700.0,31,10/01/2020,1,34.0,South,15700.0,2020-10-01
6571,33.0,East,59900.0,43,2016-06-08,0,33.0,East,59900.0,2016-06-08
2709,46.0,East,30900.0,14,"September 18, 2016",0,46.0,East,30900.0,2016-09-18
6194,39.0,West,46400.0,16,07/31/2019,1,39.0,West,46400.0,2019-07-31
11520,59.0,North,15500.0,74,2018-11-07,1,59.0,North,15500.0,2018-11-07
9574,36.0,East,105000.0,14,09-Aug-2019,1,36.0,East,105000.0,2019-08-09
5104,40.0,South,39600.0,11,,1,40.0,South,39600.0,
3077,42.0,south ,48500.0,59,2022-04-01,1,42.0,South,48500.0,2022-04-01
7924,20.0,,108800.0,48,2019-03-12,1,20.0,Unknown,108800.0,2019-03-12
8697,57.0,S.,"$30,300",26,13-Apr-2023,1,57.0,South,30300.0,2023-04-13
2733,64.0,East,163200.0,17,2023-07-05,1,64.0,East,163200.0,2023-07-05
4763,46.0,South,122300.0,25,"October 13, 2023",1,46.0,South,122300.0,2023-10-13
1923,18.0,West,58700.0,36,2018-11-07,1,18.0,West,58700.0,2018-11-07
2853,60.0,West,54900.0,28,01/31/2022,1,60.0,West,54900.0,2022-01-31
2364,48.0,North,"$37,100",13,2017-01-22,0,48.0,North,37100.0,2017-01-22
8565,26.0,North,64800.0,38,11-Aug-2017,0,26.0,North,64800.0,2017-08-11
6367,64.0,East,62400.0,27,01/12/2024,1,64.0,East,62400.0,2024-01-12
4742,41.0,West,97700.0,32,"August 27, 2016",1,41.0,West,97700.0,2016-08-27
4532,46.0,North,"$32,100",63,"February 12, 2018",1,46.0,North,32100.0,2018-02-12
4700,42.0,East,48000.0,65,12-Sep-2016,1,42.0,East,48000.0,2016-09-12
10452,31.0,East,44500.0,28,30-Oct-2021,1,31.0,East,44500.0,2021-10-30
12,52.0,East,56800.0,56,"October 09, 2024",1,52.0,East,56800.0,2024-10-09
2320,38.0,North,"$188,000",70,2017-08-09,1,38.0,North,188000.0,2017-08-09
9178,57.0,South,19800.0,41,12/02/2023,0,57.0,South,19800.0,2023-12-02
1683,35.0, North,21000.0,29,2016-09-23,0,35.0,North,21000.0,2016-09-23
4073,40.0,West,90800.0,155,"November 30, 2016",1,40.0,West,90800.0,2016-11-30
10862,44.0,East,58800.0,31,2019-11-06,1,44.0,East,58800.0,2019-11-06
5202,36.0,South,40000.0,26,12/22/2022,0,36.0,South,40000.0,2022-12-22
10194,48.0,North,30300.0,33,06/08/2016,1,48.0,North,30300.0,2016-06-08
7707,65.0,West,114700.0,6,,1,65.0,West,114700.0,
1236,32.0,West,33000.0,7,20-Mar-2019,1,32.0,West,33000.0,2019-03-20
5335,56.0,SOUTH,74000.0,33,"September 01, 2017",1,56.0,South,74000.0,2017-09-01
4496,24.0,North,"$82,900",13,2024-01-15,1,24.0,North,82900.0,2024-01-15
6098,31.0,South,72600.0,73,"March 12, 2016",1,31.0,South,72600.0,2016-03-12
770,64.0,,18800.0,49,05/22/2024,1,64.0,Unknown,18800.0,2024-05-22
10924,29.0,North,46500.0,92,2018-09-02,0,29.0,North,46500.0,2018-09-02
1836,43.0,North,40400.0,21,12/12/2022,1,43.0,North,40400.0,2022-12-12
3466,69.0,North,26800.0,22,02/14/2021,1,69.0,North,26800.0,2021-02-14
8970,27.0,West,"$51,900",9,"April 12, 2017",0,27.0,West,51900.0,2017-04-12
5800,47.0,South,65100.0,33,"February 27, 2018",1,47.0,South,65100.0,2018-02-27
2922,45.0,South,43600.0,32,2015-06-11,1,45.0,South,43600.0,2015-06-11
3544,47.0,E.,61700.0,42,"June 20, 2024",0,47.0,East,61700.0,2024-06-20
7398,54.0,North,26900.0,55,2022-10-08,1,54.0,North,26900.0,2022-10-08
4996,56.0,N.,46300.0,14,2018-08-06,1,56.0,North,46300.0,2018-08-06
3075,58.0,E.,104100.0,37,"November 22, 2015",1,58.0,East,104100.0,2015-11-22
11991,40.0,West,18700.0,5,2018-07-05,1,40.0,West,18700.0,2018-07-05
10079,47.0,South,44000.0,29,09/28/2015,1,47.0,South,44000.0,2015-09-28
9258,53.0,North,"$36,800",13,18-Nov-2016,1,53.0,North,36800.0,2016-11-18
10797,37.0,South,52300.0,26,"December 28, 2017",1,37.0,South,52300.0,2017-12-28
10276,60.0,N.,"$56,300",45,02/08/2018,1,60.0,North,56300.0,2018-02-08
1231,35.0,North,54300.0,44,15-Dec-2018,1,35.0,North,54300.0,2018-12-15
9221,37.0,North,122100.0,34,"October 29, 2015",1,37.0,North,122100.0,2015-10-29
9282,24.0,east,58500.0,10,,1,24.0,East,58500.0,
5452,31.0,East,38100.0,70,2023-08-13,0,31.0,East,38100.0,2023-08-13
1499,51.0,north,72300.0,30,01/07/2022,1,51.0,North,72300.0,2022-01-07
8839,22.0,South,70900.0,19,2018-10-01,1,22.0,South,70900.0,2018-10-01
5360,40.0,West,33100.0,46,2017-12-15,1,40.0,West,33100.0,2017-12-15
10237,45.0,East,46500.0,44,"January 02, 2016",0,45.0,East,46500.0,2016-01-02
2868,62.0,West,119600.0,101,10/09/2018,0,62.0,West,119600.0,2018-10-09
4771,45.0,east,67300.0,32,07/25/2019,1,45.0,East,67300.0,2019-07-25
4436,53.0,West,86800.0,58,"September 05, 2016",1,53.0,West,86800.0,2016-09-05
10921,52.0,South,32000.0,31,"April 04, 2024",0,52.0,South,32000.0,2024-04-04
4352,27.0,W. ,42800.0,87,2024-03-15,1,27.0,West,42800.0,2024-03-15
6652,36.0,North,15000.0,46,"October 01, 2023",1,36.0,North,15000.0,2023-10-01
834,37.0,EAST,69300.0,105,2021-01-30,1,37.0,East,69300.0,2021-01-30
5431,22.0,W. ,42200.0,88,11-Oct-2020,1,22.0,West,42200.0,2020-10-11
4949,42.0,North,43600.0,44,2024-09-06,0,42.0,North,43600.0,2024-09-06
4576,47.0,South,70700.0,64,28-Feb-2016,0,47.0,South,70700.0,2016-02-28
4556,63.0,S.,64300.0,19,20-Aug-2016,1,63.0,South,64300.0,2016-08-20
4024,22.0,North,"$85,200",22,10/27/2017,0,22.0,North,85200.0,2017-10-27
1744,25.0,South,"$46,200",19,06/20/2021,1,25.0,South,46200.0,2021-06-20
950,18.0,West,62100.0,38,"November 02, 2016",1,18.0,West,62100.0,2016-11-02
7026,61.0,North,58400.0,8,10/01/2018,1,61.0,North,58400.0,2018-10-01
7324,53.0,NORTH,65600.0,45,10/25/2022,1,53.0,North,65600.0,2022-10-25
8916,40.0,E.,28000.0,56,29-Jan-2021,1,40.0,East,28000.0,2021-01-29
2690,18.0,North,99400.0,50,"December 23, 2019",1,18.0,North,99400.0,2019-12-23
1503,59.0,N.,"$54,300",39,11-Aug-2020,0,59.0,North,54300.0,2020-08-11
10844,31.0,East,53200.0,85,08/21/2022,0,31.0,East,53200.0,2022-08-21
10075,27.0,S.,85300.0,16,2018-01-07,1,27.0,South,85300.0,2018-01-07
5213,35.0,South,44400.0,9,07/26/2019,1,35.0,South,44400.0,2019-07-26
3040,41.0,west,52400.0,75,26-Aug-2020,1,41.0,West,52400.0,2020-08-26
10361,18.0,West,20800.0,41,16-Jul-2019,1,18.0,West,20800.0,2019-07-16
1404,36.0,East,43900.0,6,2021-03-17,0,36.0,East,43900.0,2021-03-17
11918,41.0,SOUTH,43700.0,41,2020-04-21,1,41.0,South,43700.0,2020-04-21
9010,20.0,N.,30600.0,31,2023-07-20,1,20.0,North,30600.0,2023-07-20
5999,45.0,North,20800.0,39,2017-09-02,1,45.0,North,20800.0,2017-09-02
10693,51.0,SOUTH,70700.0,44,12/22/2016,1,51.0,South,70700.0,2016-12-22
3350,30.0,North,179800.0,48,2015-04-08,1,30.0,North,179800.0,2015-04-08
10519,27.0,West,89400.0,93,2017-10-01,1,27.0,West,89400.0,2017-10-01
4639,,North,"$23,700",26,2024-07-06,0,42.02803042831156,North,23700.0,2024-07-06
8029,45.0,SOUTH,31900.0,76,2019-09-22,1,45.0,South,31900.0,2019-09-22
5984,51.0,North,98000.0,21,"October 16, 2024",1,51.0,North,98000.0,2024-10-16
2142,38.0,East,59500.0,36,"September 29, 2022",1,38.0,East,59500.0,2022-09-29
5972,44.0,West,"$45,100",64,14-Aug-2024,1,44.0,West,45100.0,2024-08-14
9617,50.0,East,92800.0,20,2019-06-20,1,50.0,East,92800.0,2019-06-20
8052,53.0,South,43000.0,18,2018-11-21,1,53.0,South,43000.0,2018-11-21
2529,56.0,North,74800.0,66,"April 11, 2019",0,56.0,North,74800.0,2019-04-11
3757,39.0,West,"$31,600",45,2017-06-20,1,39.0,West,31600.0,2017-06-20
7188,51.0,South,32500.0,12,11/21/2019,1,51.0,South,32500.0,2019-11-21
9166,48.0,South,27200.0,11,"July 08, 2023",0,48.0,South,27200.0,2023-07-08
9780,18.0,South,36700.0,29,"August 16, 2024",1,18.0,South,36700.0,2024-08-16
10483,40.0,East,77800.0,1,29-Feb-2020,0,40.0,East,77800.0,2020-02-29
1136,59.0,south ,40600.0,7,30-Sep-2023,1,59.0,South,40600.0,2023-09-30
845,44.0,South,80500.0,84,05-Aug-2019,1,44.0,South,80500.0,2019-08-05
2915,47.0,North,57900.0,28,05/22/2021,0,47.0,North,57900.0,2021-05-22
126,47.0,North,51100.0,30,03-Feb-2023,0,47.0,North,51100.0,2023-02-03
7861,28.0,west,57200.0,75,2023-04-07,1,28.0,West,57200.0,2023-04-07
3067,45.0,South,82900.0,38,2016-08-23,1,45.0,South,82900.0,2016-08-23
2801,39.0,South,60500.0,31,2024-06-21,1,39.0,South,60500.0,2024-06-21
6170,69.0,West,43300.0,17,10/12/2020,0,69.0,West,43300.0,2020-10-12
5830,35.0,West,80200.0,6,"October 02, 2021",1,35.0,West,80200.0,2021-10-02
4889,40.0,East,59200.0,27,03-Feb-2020,1,40.0,East,59200.0,2020-02-03
3443,43.0,North,24200.0,12,07-Nov-2020,1,43.0,North,24200.0,2020-11-07
8794,47.0,South,36600.0,8,2020-03-31,0,47.0,South,36600.0,2020-03-31
9797,50.0,east,67400.0,33,08-Mar-2021,0,50.0,East,67400.0,2021-03-08
6836,42.0,North,25400.0,66,"October 13, 2024",1,42.0,North,25400.0,2024-10-13
8274,50.0,North,66800.0,21,2020-09-06,1,50.0,North,66800.0,2020-09-06
1803,38.0,North,63100.0,38,"November 07, 2018",1,38.0,North,63100.0,2018-11-07
3154,40.0,East,66400.0,23,24-Aug-2015,1,40.0,East,66400.0,2015-08-24
3128,47.0,NORTH,"$39,100",15,2021-05-06,1,47.0,North,39100.0,2021-05-06
5093,25.0,South,119300.0,26,2016-05-02,1,25.0,South,119300.0,2016-05-02
11052,35.0,East,38200.0,40,22-Feb-2015,1,35.0,East,38200.0,2015-02-22
2846,28.0,West,50700.0,49,"April 29, 2021",1,28.0,West,50700.0,2021-04-29
8392,32.0,West,"$70,900",14,14-Sep-2022,1,32.0,West,70900.0,2022-09-14
3365,48.0,,33200.0,48,2022-12-13,1,48.0,Unknown,33200.0,2022-12-13
2018,33.0,NORTH,46400.0,21,"June 10, 2021",1,33.0,North,46400.0,2021-06-10
11213,70.0,South,58800.0,54,"March 10, 2018",1,70.0,South,58800.0,2018-03-10
11412,47.0,West,35600.0,8,"December 09, 2016",0,47.0,West,35600.0,2016-12-09
2116,,East,59900.0,101,2017-02-20,0,42.02803042831156,East,59900.0,2017-02-20
9944,29.0,West,67000.0,42,2023-09-15,0,29.0,West,67000.0,2023-09-15
1128,41.0,SOUTH,40800.0,27,2020-01-08,0,41.0,South,40800.0,2020-01-08
11779,43.0,South,56300.0,23,09/12/2017,0,43.0,South,56300.0,2017-09-12
8170,37.0,North,71200.0,26,2023-06-25,1,37.0,North,71200.0,2023-06-25
4,,West,24500.0,35,2020-05-09,0,42.02803042831156,West,24500.0,2020-05-09
9356,36.0,West,65900.0,103,"October 11, 2022",1,36.0,West,65900.0,2022-10-11
6050,40.0,South,32400.0,24,06/20/2015,1,40.0,South,32400.0,2015-06-20
4803,42.0,North,50600.0,24,"July 28, 2016",0,42.0,North,50600.0,2016-07-28
10257,40.0,west,78000.0,25,2022-07-16,1,40.0,West,78000.0,2022-07-16
3876,47.0,N.,35900.0,39,05-Nov-2016,1,47.0,North,35900.0,2016-11-05
3684,36.0,N.,129200.0,30,10/06/2024,1,36.0,North,129200.0,2024-10-06
7135,37.0,North,83000.0,12,2019-12-15,1,37.0,North,83000.0,2019-12-15
9839,43.0,North,78600.0,20,15-Aug-2018,1,43.0,North,78600.0,2018-08-15
10321,42.0,South,32900.0,45,"January 15, 2017",1,42.0,South,32900.0,2017-01-15
6023,40.0,South,73800.0,38,29-Jul-2019,1,40.0,South,73800.0,2019-07-29
353,35.0,South,25900.0,37,10/22/2018,1,35.0,South,25900.0,2018-10-22
180,46.0,west,77700.0,72,18-Feb-2015,1,46.0,West,77700.0,2015-02-18
10754,26.0,E.,79200.0,32,"August 07, 2021",1,26.0,East,79200.0,2021-08-07
10464,48.0,East,20700.0,12,01/22/2018,1,48.0,East,20700.0,2018-01-22
7663,34.0,South,28100.0,90,12-Sep-2019,1,34.0,South,28100.0,2019-09-12
11445,26.0,East,64300.0,114,10/10/2019,1,26.0,East,64300.0,2019-10-10
10966,53.0,NORTH,100600.0,15,2024-02-18,0,53.0,North,100600.0,2024-02-18
2596,31.0,West,"$33,000",3,2022-08-26,0,31.0,West,33000.0,2022-08-26
2866,26.0,East,,23,03-Feb-2024,1,26.0,East,49400.0,2024-02-03
8035,53.0,South,128100.0,12,06/04/2023,1,53.0,South,128100.0,2023-06-04
1861,51.0,North,57600.0,26,07/29/2017,1,51.0,North,57600.0,2017-07-29
9753,51.0,East,"$82,600",23,27-Jan-2017,0,51.0,East,82600.0,2017-01-27
8388,62.0,North,17800.0,51,30-Apr-2023,1,62.0,North,17800.0,2023-04-30
5430,72.0,South,44500.0,60,"March 28, 2018",1,72.0,South,44500.0,2018-03-28
5026,18.0,N.,33600.0,57,09/10/2021,1,18.0,North,33600.0,2021-09-10
9713,26.0,W. ,56000.0,80,18-Oct-2024,0,26.0,West,56000.0,2024-10-18
2498,18.0,West,30300.0,38,13-Mar-2022,1,18.0,West,30300.0,2022-03-13
1993,45.0,SOUTH,40400.0,37,"September 03, 2019",0,45.0,South,40400.0,2019-09-03
10267,49.0,West,"$107,100",51,05/23/2020,1,49.0,West,107100.0,2020-05-23
5807,29.0,Unknown,,14,2022-07-06,1,29.0,Unknown,49400.0,2022-07-06
2422,38.0,South,69000.0,20,2023-12-10,1,38.0,South,69000.0,2023-12-10
7966,30.0,North,58800.0,13,29-Mar-2024,1,30.0,North,58800.0,2024-03-29
10451,42.0,SOUTH,22900.0,53,02/19/2019,0,42.0,South,22900.0,2019-02-19
9891,42.0,South,76600.0,118,06/28/2015,1,42.0,South,76600.0,2015-06-28
363,55.0,East,"$15,000",13,05/06/2015,1,55.0,East,15000.0,2015-05-06
802,28.0,North,95800.0,18,"December 21, 2021",0,28.0,North,95800.0,2021-12-21
4948,47.0,West,61500.0,32,04-Dec-2019,1,47.0,West,61500.0,2019-12-04
3988,48.0,East,"$24,000",56,09/05/2022,1,48.0,East,24000.0,2022-09-05
2802,55.0,Unknown,"$23,700",29,2019-05-20,0,55.0,Unknown,23700.0,2019-05-20
10247,42.0,North,39100.0,54,07/23/2015,0,42.0,North,39100.0,2015-07-23
11482,28.0,North,"$44,200",92,"April 22, 2016",1,28.0,North,44200.0,2016-04-22
7125,41.0,North,39300.0,51,"November 19, 2017",1,41.0,North,39300.0,2017-11-19
3249,53.0,West,100800.0,14,"October 29, 2019",1,53.0,West,100800.0,2019-10-29
6903,32.0,West,54800.0,7,"June 20, 2015",1,32.0,West,54800.0,2015-06-20
5820,46.0,west,"$64,600",62,2016-04-13,1,46.0,West,64600.0,2016-04-13
3285,32.0,West,38400.0,60,2018-01-06,1,32.0,West,38400.0,2018-01-06
1676,21.0,East,"$105,600",55,"December 09, 2019",1,21.0,East,105600.0,2019-12-09
4734,,North,59700.0,15,23-Mar-2018,1,42.02803042831156,North,59700.0,2018-03-23
138,53.0, North,65700.0,95,"December 12, 2016",1,53.0,North,65700.0,2016-12-12
11030,61.0,North,48000.0,29,11/02/2016,1,61.0,North,48000.0,2016-11-02
1999,35.0,West,46300.0,11,2023-02-11,1,35.0,West,46300.0,2023-02-11
9130,54.0,North,100400.0,55,"March 16, 2021",0,54.0,North,100400.0,2021-03-16
5468,61.0,South,48300.0,14,12/09/2021,1,61.0,South,48300.0,2021-12-09
3523,38.0,West,35900.0,22,08-Feb-2024,1,38.0,West,35900.0,2024-02-08
1593,40.0, North,33100.0,15,09/12/2016,1,40.0,North,33100.0,2016-09-12
9045,43.0,East,"$48,800",59,03/24/2016,1,43.0,East,48800.0,2016-03-24
7097,25.0,East,"$23,300",44,"May 14, 2022",1,25.0,East,23300.0,2022-05-14
10997,63.0,North,24900.0,121,2015-08-18,1,63.0,North,24900.0,2015-08-18
2070,39.0,E.,15800.0,19,2024-04-15,1,39.0,East,15800.0,2024-04-15
7669,54.0,N.,"$83,800",24,01/12/2022,1,54.0,North,83800.0,2022-01-12
11266,53.0,North,30100.0,110,2022-06-25,1,53.0,North,30100.0,2022-06-25
6634,25.0,North,33000.0,55,16-Dec-2015,0,25.0,North,33000.0,2015-12-16
2255,55.0,South,54900.0,16,"August 12, 2021",1,55.0,South,54900.0,2021-08-12
8987,33.0,East,54200.0,28,"May 10, 2021",1,33.0,East,54200.0,2021-05-10
2273,50.0,WEST,24000.0,65,"July 12, 2019",1,50.0,West,24000.0,2019-07-12
5010,46.0,South,59000.0,12,28-May-2018,1,46.0,South,59000.0,2018-05-28
5875,25.0,WEST,40100.0,98,"July 22, 2023",0,25.0,West,40100.0,2023-07-22
215,38.0,south ,33100.0,39,17-Apr-2015,1,38.0,South,33100.0,2015-04-17
4349,47.0,S.,55800.0,40,"July 24, 2015",0,47.0,South,55800.0,2015-07-24
10600,50.0,East,15000.0,11,29-May-2015,0,50.0,East,15000.0,2015-05-29
7490,40.0,South,57400.0,23,"October 19, 2016",0,40.0,South,57400.0,2016-10-19
11735,59.0,West,47700.0,4,10/23/2024,1,59.0,West,47700.0,2024-10-23
11406,41.0,West,26500.0,15,2016-10-18,0,41.0,West,26500.0,2016-10-18
866,53.0,W. ,35300.0,51,02-Mar-2021,1,53.0,West,35300.0,2021-03-02
11069,69.0,North,"$53,300",8,"October 05, 2021",1,69.0,North,53300.0,2021-10-05
2351,50.0,East,37400.0,30,21-Apr-2019,0,50.0,East,37400.0,2019-04-21
9556,50.0,South,97000.0,18,21-Nov-2021,1,50.0,South,97000.0,2021-11-21
3946,41.0,NORTH,48900.0,14,05/25/2019,1,41.0,North,48900.0,2019-05-25
6293,43.0, East ,27000.0,105,"July 24, 2015",1,43.0,East,27000.0,2015-07-24
9577,50.0,West,80700.0,25,2016-08-15,0,50.0,West,80700.0,2016-08-15
8340,62.0,South,38100.0,17,2017-03-06,1,62.0,South,38100.0,2017-03-06
6221,61.0,West,52000.0,14,2020-08-26,1,61.0,West,52000.0,2020-08-26
5659,42.0,East,56300.0,40,27-Jul-2020,1,42.0,East,56300.0,2020-07-27
3403,33.0,North,53400.0,122,2024-09-03,1,33.0,North,53400.0,2024-09-03
2341,61.0,SOUTH,75700.0,15,"October 05, 2020",1,61.0,South,75700.0,2020-10-05
822,61.0,South,46300.0,17,08/04/2018,1,61.0,South,46300.0,2018-08-04
3953,41.0,W. ,40500.0,3,08/05/2020,1,41.0,West,40500.0,2020-08-05
5388,39.0,East,15000.0,23,12/22/2019,0,39.0,East,15000.0,2019-12-22
8958,55.0,East,24900.0,107,03/28/2018,0,55.0,East,24900.0,2018-03-28
1180,47.0,north,29700.0,101,04/10/2016,1,47.0,North,29700.0,2016-04-10
11947,62.0,North,31500.0,36,"September 29, 2019",1,62.0,North,31500.0,2019-09-29
3747,20.0,North,130400.0,25,08/15/2016,1,20.0,North,130400.0,2016-08-15
5126,61.0,South,159000.0,32,24-Nov-2022,0,61.0,South,159000.0,2022-11-24
11954,40.0,East,45200.0,19,08/09/2022,1,40.0,East,45200.0,2022-08-09
9580,59.0,East,76700.0,47,07-Feb-2019,0,59.0,East,76700.0,2019-02-07
1950,68.0,North,46700.0,22,,1,68.0,North,46700.0,
6876,,,55200.0,60,07/06/2019,1,42.02803042831156,Unknown,55200.0,2019-07-06
825,18.0,S.,56200.0,20,03/05/2024,1,18.0,South,56200.0,2024-03-05
1477,69.0,North,41400.0,17,13-Mar-2021,1,69.0,North,41400.0,2021-03-13
3790,36.0, East ,63900.0,124,07/09/2022,1,36.0,East,63900.0,2022-07-09
11845,54.0,East,49600.0,23,10-Mar-2020,1,54.0,East,49600.0,2020-03-10
911,32.0,North,29300.0,39,11-Oct-2017,1,32.0,North,29300.0,2017-10-11
4851,38.0,E.,23200.0,32,09/22/2018,1,38.0,East,23200.0,2018-09-22
10353,,South,38700.0,17,03/12/2017,0,42.02803042831156,South,38700.0,2017-03-12
11507,66.0,West,"$64,600",72,11/01/2022,0,66.0,West,64600.0,2022-11-01
69,53.0,East,"$36,800",39,2016-05-10,1,53.0,East,36800.0,2016-05-10
11697,51.0,West,19700.0,50,11/11/2016,1,51.0,West,19700.0,2016-11-11
3600,60.0,East,41400.0,28,"January 11, 2023",1,60.0,East,41400.0,2023-01-11
5436,33.0,,"$54,600",180,2018-07-16,1,33.0,Unknown,54600.0,2018-07-16
5245,56.0,North,,9,14-May-2021,1,56.0,North,49400.0,2021-05-14
8030,44.0,south ,44000.0,18,12/20/2022,1,44.0,South,44000.0,2022-12-20
2176,43.0,West,49800.0,158,05-Nov-2019,1,43.0,West,49800.0,2019-11-05
9727,40.0,East,51200.0,43,"June 27, 2022",1,40.0,East,51200.0,2022-06-27
2732,25.0,W. ,59300.0,9,"September 21, 2022",1,25.0,West,59300.0,2022-09-21
1345,29.0,north,26100.0,80,2017-05-16,0,29.0,North,26100.0,2017-05-16
9933,39.0,West,55000.0,25,2017-11-17,1,39.0,West,55000.0,2017-11-17
7213,44.0,East,36200.0,2,10/04/2017,1,44.0,East,36200.0,2017-10-04
6657,37.0,East,35200.0,26,"July 01, 2024",0,37.0,East,35200.0,2024-07-01
4986,47.0,West,54300.0,7,2017-10-22,1,47.0,West,54300.0,2017-10-22
4319,30.0,West,0,40,"December 17, 2017",1,30.0,West,49400.0,2017-12-17
1015,28.0,North,,23,09/01/2019,1,28.0,North,49400.0,2019-09-01
10947,43.0,North,28200.0,15,"September 10, 2015",1,43.0,North,28200.0,2015-09-10
3468,18.0,East,45000.0,22,15-Aug-2020,1,18.0,East,45000.0,2020-08-15
8251,33.0,West,"$23,600",23,11-May-2020,1,33.0,West,23600.0,2020-05-11
11216,22.0,South,,86,"October 19, 2018",1,22.0,South,49400.0,2018-10-19
714,42.0,North,155800.0,20,2020-08-01,1,42.0,North,155800.0,2020-08-01
11543,59.0,West,38100.0,59,04/02/2024,0,59.0,West,38100.0,2024-04-02
5961,37.0,north,49000.0,30,02/25/2019,1,37.0,North,49000.0,2019-02-25
9579,37.0,North,36500.0,48,"May 29, 2022",1,37.0,North,36500.0,2022-05-29
3657,39.0,East,42300.0,52,2019-09-14,0,39.0,East,42300.0,2019-09-14
3722,51.0,East,"$63,600",76,09/14/2024,0,51.0,East,63600.0,2024-09-14
6281,49.0,West,25400.0,22,31-Dec-2015,1,49.0,West,25400.0,2015-12-31
5260,45.0,East,81700.0,16,"May 26, 2020",0,45.0,East,81700.0,2020-05-26
2098,32.0,West,94200.0,10,"February 04, 2019",1,32.0,West,94200.0,2019-02-04
11708,33.0,North,25800.0,20,26-Oct-2015,0,33.0,North,25800.0,2015-10-26
1135,40.0,South,84700.0,27,06/01/2023,1,40.0,South,84700.0,2023-06-01
4512,40.0,North,32800.0,25,06/12/2021,1,40.0,North,32800.0,2021-06-12
8618,18.0,East,94800.0,46,2016-12-12,1,18.0,East,94800.0,2016-12-12
3915,18.0,West,43400.0,24,2015-08-17,0,18.0,West,43400.0,2015-08-17
11763,35.0,E.,"$36,200",48,08/16/2015,1,35.0,East,36200.0,2015-08-16
6870,56.0,North,34700.0,14,06/07/2023,1,56.0,North,34700.0,2023-06-07
3105,,East,32600.0,39,04/27/2020,1,42.02803042831156,East,32600.0,2020-04-27
4278,39.0,North,40700.0,27,"January 12, 2024",0,39.0,North,40700.0,2024-01-12
1859,47.0,West,66700.0,11,2021-03-10,1,47.0,West,66700.0,2021-03-10
749,37.0,S.,41100.0,23,"September 14, 2016",0,37.0,South,41100.0,2016-09-14
530,62.0,East,83200.0,22,"May 01, 2022",0,62.0,East,83200.0,2022-05-01
6724,,,39100.0,20,12/19/2017,1,42.02803042831156,Unknown,39100.0,2017-12-19
10732,18.0,West,"$118,400",111,"March 08, 2018",1,18.0,West,118400.0,2018-03-08
2994,73.0,West,72400.0,47,"November 05, 2019",1,73.0,West,72400.0,2019-11-05
990,36.0,,"$38,500",29,"April 10, 2024",1,36.0,Unknown,38500.0,2024-04-10
10974,62.0,South,70400.0,34,02-Jun-2016,1,62.0,South,70400.0,2016-06-02
6655,47.0,WEST,35300.0,108,"November 13, 2023",1,47.0,West,35300.0,2023-11-13
7869,53.0,North,"$102,100",97,05/30/2021,1,53.0,North,102100.0,2021-05-30
10446,52.0,East,59300.0,53,15-Aug-2022,1,52.0,East,59300.0,2022-08-15
10357,18.0,North,"$30,400",38,"August 17, 2020",0,18.0,North,30400.0,2020-08-17
503,33.0,East,"$84,600",15,13-Dec-2017,1,33.0,East,84600.0,2017-12-13
11934,35.0,north,46200.0,16,2017-05-03,0,35.0,North,46200.0,2017-05-03
1604,24.0,East,79800.0,33,"August 02, 2023",1,24.0,East,79800.0,2023-08-02
3079,26.0,south ,22700.0,55,07/14/2018,0,26.0,South,22700.0,2018-07-14
7288,62.0,West,67800.0,62,19-Jun-2021,1,62.0,West,67800.0,2021-06-19
1747,34.0,North,91200.0,11,11/19/2019,0,34.0,North,91200.0,2019-11-19
8863,37.0,West,35800.0,57,09-Oct-2018,1,37.0,West,35800.0,2018-10-09
11034,76.0, North,31300.0,49,09-May-2024,1,76.0,North,31300.0,2024-05-09
8753,68.0,North,50100.0,16,19-Dec-2018,1,68.0,North,50100.0,2018-12-19
3936,45.0,West,44900.0,34,05-Apr-2015,0,45.0,West,44900.0,2015-04-05
2035,43.0,South,64300.0,59,05/07/2020,1,43.0,South,64300.0,2020-05-07
5595,48.0,South,44400.0,11,"May 31, 2023",1,48.0,South,44400.0,2023-05-31
1661,73.0,North,48700.0,55,"January 02, 2015",0,73.0,North,48700.0,2015-01-02
673,33.0,North,57500.0,16,"September 03, 2024",0,33.0,North,57500.0,2024-09-03
3049,54.0,,53100.0,97,2016-06-28,0,54.0,Unknown,53100.0,2016-06-28
1429,51.0,North,115300.0,69,10-Dec-2020,1,51.0,North,115300.0,2020-12-10
885,28.0,West,61800.0,44,05/26/2024,1,28.0,West,61800.0,2024-05-26
8229,33.0,North,61700.0,72,"March 29, 2017",1,33.0,North,61700.0,2017-03-29
8393,39.0,S.,98500.0,24,,1,39.0,South,98500.0,
9263,60.0,North,33800.0,24,2020-05-03,1,60.0,North,33800.0,2020-05-03
4454,47.0,South,44000.0,71,2021-06-21,1,47.0,South,44000.0,2021-06-21
6368,29.0,South,,45,"September 22, 2015",1,29.0,South,49400.0,2015-09-22
3231,36.0,North,"$23,700",12,2022-07-02,1,36.0,North,23700.0,2022-07-02
8426,49.0,South,31400.0,27,03/29/2016,1,49.0,South,31400.0,2016-03-29
6875,26.0,North,142300.0,78,21-Jun-2017,1,26.0,North,142300.0,2017-06-21
1046,31.0,E.,33100.0,75,"July 06, 2015",1,31.0,East,33100.0,2015-07-06
7603,53.0,East,40700.0,83,27-Oct-2019,1,53.0,East,40700.0,2019-10-27
8560,36.0,N.,26300.0,38,01/11/2021,1,36.0,North,26300.0,2021-01-11
10558,35.0,West,56800.0,33,04/26/2024,0,35.0,West,56800.0,2024-04-26
2033,51.0,East,23200.0,51,"November 27, 2019",1,51.0,East,23200.0,2019-11-27
647,50.0,east,"$58,500",24,21-Dec-2018,1,50.0,East,58500.0,2018-12-21
483,43.0,,72400.0,30,03-Dec-2021,0,43.0,Unknown,72400.0,2021-12-03
540,32.0,east,48200.0,12,12/16/2019,1,32.0,East,48200.0,2019-12-16
3092,33.0,North,47800.0,28,05/09/2019,0,33.0,North,47800.0,2019-05-09
6027,43.0,East,28600.0,30,07/21/2018,1,43.0,East,28600.0,2018-07-21
6206,21.0,east,36500.0,156,07/12/2021,1,21.0,East,36500.0,2021-07-12
11248,26.0,South,79900.0,45,07/25/2022,1,26.0,South,79900.0,2022-07-25
4857,23.0,north,44300.0,40,2024-11-25,1,23.0,North,44300.0,2024-11-25
8992,18.0,East,"$23,400",13,03/26/2019,0,18.0,East,23400.0,2019-03-26
8755,53.0,North,28600.0,21,"October 20, 2024",1,53.0,North,28600.0,2024-10-20
1908,44.0,East,38200.0,50,2020-09-26,1,44.0,East,38200.0,2020-09-26
10350,44.0,North,"$36,700",17,12/26/2020,1,44.0,North,36700.0,2020-12-26
1529,18.0,W. ,64100.0,45,"October 12, 2016",0,18.0,West,64100.0,2016-10-12
11471,36.0,north,70700.0,48,02/23/2022,0,36.0,North,70700.0,2022-02-23
8444,45.0,South,48600.0,23,07/26/2023,0,45.0,South,48600.0,2023-07-26
2533,45.0,E.,"$95,400",11,"August 17, 2021",1,45.0,East,95400.0,2021-08-17
1153,46.0,East,"$33,900",57,"July 04, 2018",1,46.0,East,33900.0,2018-07-04
4897,50.0,N.,61500.0,40,2023-12-08,1,50.0,North,61500.0,2023-12-08
6824,56.0,West,59800.0,46,04/21/2015,1,56.0,West,59800.0,2015-04-21
9614,62.0,West,43300.0,17,"April 24, 2019",1,62.0,West,43300.0,2019-04-24
11083,36.0,South,"$51,200",37,2016-09-08,1,36.0,South,51200.0,2016-09-08
8696,50.0,East,60100.0,54,"October 01, 2020",1,50.0,East,60100.0,2020-10-01
3219,71.0,East,37400.0,21,07/17/2020,1,71.0,East,37400.0,2020-07-17
8202,20.0, East ,55800.0,61,2020-12-09,1,20.0,East,55800.0,2020-12-09
3025,,North,68100.0,14,17-Feb-2018,1,42.02803042831156,North,68100.0,2018-02-17
4154,31.0,East,89900.0,112,2019-03-24,1,31.0,East,89900.0,2019-03-24
8277,29.0,West,"$79,200",32,05-Sep-2020,1,29.0,West,79200.0,2020-09-05
10498,40.0,South,45700.0,9,2015-03-07,0,40.0,South,45700.0,2015-03-07
7784,39.0,East,60900.0,37,27-Oct-2024,1,39.0,East,60900.0,2024-10-27
5713,47.0,South,"$73,100",118,08/11/2024,0,47.0,South,73100.0,2024-08-11
11211,46.0,SOUTH,45800.0,105,14-Jul-2015,1,46.0,South,45800.0,2015-07-14
9966,39.0,South,77200.0,17,"October 01, 2018",1,39.0,South,77200.0,2018-10-01
3510,29.0,North,"$43,000",11,10/17/2021,1,29.0,North,43000.0,2021-10-17
3617,,south ,31100.0,67,22-Mar-2017,0,42.02803042831156,South,31100.0,2017-03-22
548,29.0,North,27900.0,9,07/24/2017,1,29.0,North,27900.0,2017-07-24
10313,39.0,East,22900.0,51,06-Sep-2023,1,39.0,East,22900.0,2023-09-06
668,48.0,East,29600.0,35,11/11/2023,1,48.0,East,29600.0,2023-11-11
10860,47.0,West,"$45,500",30,28-Mar-2015,1,47.0,West,45500.0,2015-03-28
9593,48.0,West,78100.0,24,13-Oct-2021,1,48.0,West,78100.0,2021-10-13
5184,,West,47500.0,56,2015-07-11,1,42.02803042831156,West,47500.0,2015-07-11
5615,52.0,East,46500.0,19,"April 12, 2022",0,52.0,East,46500.0,2022-04-12
11663,37.0,East,38100.0,23,2024-08-11,1,37.0,East,38100.0,2024-08-11
1900,28.0,Unknown,57100.0,13,2020-03-26,1,28.0,Unknown,57100.0,2020-03-26
11612,38.0,South,60200.0,14,2022-11-15,0,38.0,South,60200.0,2022-11-15
9706,45.0,West,"$66,800",60,09-Jan-2020,1,45.0,West,66800.0,2020-01-09
10748,25.0,S.,46200.0,52,02/17/2020,0,25.0,South,46200.0,2020-02-17
5784,35.0,South,60400.0,35,10/17/2015,0,35.0,South,60400.0,2015-10-17
5522,50.0,East,46500.0,43,04-Oct-2023,1,50.0,East,46500.0,2023-10-04
8247,45.0,South,"$119,600",36,"February 01, 2024",0,45.0,South,119600.0,2024-02-01
1057,44.0,N.,54900.0,41,"January 13, 2024",1,44.0,North,54900.0,2024-01-13
4369,40.0,West,58300.0,31,"January 20, 2018",1,40.0,West,58300.0,2018-01-20
5601,64.0,South,77100.0,141,2018-06-28,1,64.0,South,77100.0,2018-06-28
4678,52.0,N.,49100.0,1,02-Nov-2020,1,52.0,North,49100.0,2020-11-02
9112,53.0, North,64800.0,16,"March 02, 2024",1,53.0,North,64800.0,2024-03-02
8881,36.0,North,59600.0,48,"April 23, 2019",1,36.0,North,59600.0,2019-04-23
7313,42.0,West,57200.0,56,11/02/2015,0,42.0,West,57200.0,2015-11-02
10903,32.0,East,40900.0,31,06/06/2024,0,32.0,East,40900.0,2024-06-06
5962,24.0,E.,"$52,800",33,27-Nov-2018,1,24.0,East,52800.0,2018-11-27
8562,56.0,North,64600.0,18,02/28/2024,1,56.0,North,64600.0,2024-02-28
5175,69.0,south ,23600.0,20,10/11/2018,1,69.0,South,23600.0,2018-10-11
8156,29.0,East,"$39,300",10,2017-04-20,1,29.0,East,39300.0,2017-04-20
11737,52.0, East ,57800.0,3,02/08/2017,0,52.0,East,57800.0,2017-02-08
11782,21.0,South,55700.0,64,"May 23, 2019",1,21.0,South,55700.0,2019-05-23
9403,35.0,West,47900.0,21,"July 29, 2021",1,35.0,West,47900.0,2021-07-29
4554,47.0,North,124100.0,25,2016-07-21,0,47.0,North,124100.0,2016-07-21
9013,37.0, North,35800.0,11,12/16/2020,1,37.0,North,35800.0,2020-12-16
7205,35.0,W. ,"$93,100",36,2018-07-01,1,35.0,West,93100.0,2018-07-01
319,55.0,South,30400.0,21,02-Jun-2023,0,55.0,South,30400.0,2023-06-02
11907,38.0,North,86000.0,64,07/06/2016,0,38.0,North,86000.0,2016-07-06
5864,48.0,east,124200.0,57,14-Feb-2022,1,48.0,East,124200.0,2022-02-14
2784,56.0,East,"$33,700",21,17-Sep-2018,0,56.0,East,33700.0,2018-09-17
5905,64.0,West,50600.0,73,12/25/2020,1,64.0,West,50600.0,2020-12-25
2678,49.0,North,"$52,600",32,2015-05-10,1,49.0,North,52600.0,2015-05-10
192,40.0,East,60500.0,35,12/04/2023,1,40.0,East,60500.0,2023-12-04
5174,30.0,south ,36500.0,78,2024-08-03,1,30.0,South,36500.0,2024-08-03
680,40.0,S.,"$43,300",32,"January 17, 2016",0,40.0,South,43300.0,2016-01-17
3478,39.0,West,"$50,900",23,20-Aug-2022,0,39.0,West,50900.0,2022-08-20
11701,34.0,South,42800.0,37,14-Nov-2018,1,34.0,South,42800.0,2018-11-14
6340,42.0,North,61200.0,102,09/06/2022,1,42.0,North,61200.0,2022-09-06
3704,32.0,east,66400.0,10,"March 06, 2021",1,32.0,East,66400.0,2021-03-06
3767,54.0,North,45400.0,16,23-Dec-2017,1,54.0,North,45400.0,2017-12-23
1846,,north,78200.0,48,2018-06-20,1,42.02803042831156,North,78200.0,2018-06-20
5677,21.0,North,152000.0,31,2019-08-14,1,21.0,North,152000.0,2019-08-14
211,54.0,North,19700.0,11,17-Jun-2017,1,54.0,North,19700.0,2017-06-17
7577,41.0,North,27700.0,23,"March 15, 2018",0,41.0,North,27700.0,2018-03-15
6814,28.0,South,75200.0,23,12-Nov-2018,1,28.0,South,75200.0,2018-11-12
11583,21.0,North,140600.0,87,2020-11-26,1,21.0,North,140600.0,2020-11-26
88,42.0,west,40400.0,18,"November 06, 2020",1,42.0,West,40400.0,2020-11-06
4729,46.0,West,56100.0,46,19-Jan-2021,1,46.0,West,56100.0,2021-01-19
2588,60.0,NORTH,37000.0,52,2017-03-05,1,60.0,North,37000.0,2017-03-05
581,18.0,Unknown,44400.0,24,"December 07, 2017",1,18.0,Unknown,44400.0,2017-12-07
3604,61.0,East,90900.0,13,07/29/2023,1,61.0,East,90900.0,2023-07-29
937,27.0,South,65300.0,41,03/13/2019,0,27.0,South,65300.0,2019-03-13
9113,48.0,West,"$34,100",32,"July 22, 2021",1,48.0,West,34100.0,2021-07-22
11815,45.0,West,59900.0,63,20-Dec-2018,1,45.0,West,59900.0,2018-12-20
8913,25.0,South,56700.0,43,2015-03-23,1,25.0,South,56700.0,2015-03-23
4101,49.0,West,49900.0,45,"September 16, 2017",1,49.0,West,49900.0,2017-09-16
4463,56.0,E.,44700.0,12,2022-09-05,0,56.0,East,44700.0,2022-09-05
11214,38.0,North,"$30,200",62,,1,38.0,North,30200.0,
9696,47.0,West,"$46,000",20,"February 23, 2016",0,47.0,West,46000.0,2016-02-23
9011,62.0,East,"$19,200",38,03/18/2015,1,62.0,East,19200.0,2015-03-18
3081,36.0,West,31500.0,35,"October 09, 2016",1,36.0,West,31500.0,2016-10-09
5006,21.0,N.,52200.0,59,"May 24, 2021",1,21.0,North,52200.0,2021-05-24
2545,41.0,north,62300.0,75,"April 21, 2020",1,41.0,North,62300.0,2020-04-21
269,43.0,West,81400.0,77,"June 17, 2016",1,43.0,West,81400.0,2016-06-17
4966,44.0,East,42500.0,13,23-Jun-2017,1,44.0,East,42500.0,2017-06-23
7377,28.0,South,45600.0,70,2022-09-02,0,28.0,South,45600.0,2022-09-02
5179,19.0,east,48200.0,12,"February 26, 2019",1,19.0,East,48200.0,2019-02-26
6301,62.0,north,55600.0,24,29-Oct-2024,1,62.0,North,55600.0,2024-10-29
4223,85.0,North,60700.0,68,28-Jul-2020,1,85.0,North,60700.0,2020-07-28
3136,27.0,NORTH,102000.0,48,12/13/2024,0,27.0,North,102000.0,2024-12-13
5548,55.0,South,36700.0,10,2017-08-19,1,55.0,South,36700.0,2017-08-19
8309,35.0,West,113500.0,27,03/24/2023,1,35.0,West,113500.0,2023-03-24
10295,44.0,East,51200.0,31,"May 11, 2018",1,44.0,East,51200.0,2018-05-11
10570,51.0,East,87500.0,43,21-Feb-2017,0,51.0,East,87500.0,2017-02-21
9665,35.0,West,59800.0,26,01/20/2018,0,35.0,West,59800.0,2018-01-20
5851,55.0,North,105300.0,18,2018-05-08,1,55.0,North,105300.0,2018-05-08
1409,42.0,South,47800.0,17,11/16/2021,1,42.0,South,47800.0,2021-11-16
9602,51.0,south ,94100.0,15,2017-08-28,1,51.0,South,94100.0,2017-08-28
3862,51.0,East,98200.0,67,"September 06, 2018",1,51.0,East,98200.0,2018-09-06
8837,44.0,west,38600.0,52,"November 06, 2022",1,44.0,West,38600.0,2022-11-06
10994,48.0,North,75400.0,28,27-May-2024,1,48.0,North,75400.0,2024-05-27
6989,33.0,west,46600.0,32,05/01/2020,1,33.0,West,46600.0,2020-05-01
487,,N.,78100.0,40,09/08/2018,1,42.02803042831156,North,78100.0,2018-09-08
7259,60.0,East,58400.0,24,2018-09-21,0,60.0,East,58400.0,2018-09-21
2843,50.0,East,"$22,000",45,2018-05-13,1,50.0,East,22000.0,2018-05-13
11226,46.0,East,79900.0,26,"April 11, 2024",1,46.0,East,79900.0,2024-04-11
6130,39.0,East,52500.0,46,"October 29, 2015",1,39.0,East,52500.0,2015-10-29
507,73.0,North,38400.0,60,08/24/2023,1,73.0,North,38400.0,2023-08-24
6866,48.0,E.,97500.0,34,02/11/2021,1,48.0,East,97500.0,2021-02-11
2756,26.0,West,26100.0,42,08/12/2020,1,26.0,West,26100.0,2020-08-12
10108,24.0,North,29000.0,10,"October 02, 2016",1,24.0,North,29000.0,2016-10-02
10367,43.0,South,33900.0,39,"July 28, 2016",1,43.0,South,33900.0,2016-07-28
795,19.0,North,60900.0,6,,0,19.0,North,60900.0,
11021,56.0,NORTH,52000.0,42,13-Apr-2023,1,56.0,North,52000.0,2023-04-13
1739,31.0,North,83400.0,30,2016-02-06,0,31.0,North,83400.0,2016-02-06
11287,55.0,south ,44900.0,13,"February 10, 2019",1,55.0,South,44900.0,2019-02-10
4084,37.0,South,34800.0,71,08/18/2024,1,37.0,South,34800.0,2024-08-18
10007,61.0,North,41700.0,78,05-Nov-2019,1,61.0,North,41700.0,2019-11-05
9466,66.0,West,40800.0,24,"March 07, 2023",0,66.0,West,40800.0,2023-03-07
9546,55.0,East,92200.0,51,07/20/2018,0,55.0,East,92200.0,2018-07-20
3471,22.0,West,118600.0,7,12/07/2018,1,22.0,West,118600.0,2018-12-07
9677,48.0,WEST,"$59,000",45,"April 22, 2023",1,48.0,West,59000.0,2023-04-22
10580,43.0,north,"$142,000",56,07/07/2020,1,43.0,North,142000.0,2020-07-07
11855,33.0,W. ,35700.0,13,"October 12, 2015",1,33.0,West,35700.0,2015-10-12
1637,19.0,North,68300.0,153,"December 16, 2016",1,19.0,North,68300.0,2016-12-16
8576,47.0, East ,"$48,100",43,19-Oct-2024,1,47.0,East,48100.0,2024-10-19
7186,50.0,WEST,44100.0,60,2016-12-09,1,50.0,West,44100.0,2016-12-09
11359,26.0,NORTH,27600.0,16,29-Sep-2020,1,26.0,North,27600.0,2020-09-29
11271,51.0,South,68800.0,125,2015-03-11,1,51.0,South,68800.0,2015-03-11
10181,36.0,West,74500.0,78,21-Jan-2019,0,36.0,West,74500.0,2019-01-21
6012,51.0,North,45600.0,37,12/12/2015,1,51.0,North,45600.0,2015-12-12
2737,30.0,North,"$146,700",21,08-Dec-2020,1,30.0,North,146700.0,2020-12-08
10772,51.0,west,37500.0,37,"December 24, 2017",1,51.0,West,37500.0,2017-12-24
9889,28.0,East,66800.0,20,2023-07-22,1,28.0,East,66800.0,2023-07-22
11670,38.0,North,69800.0,9,25-Apr-2020,1,38.0,North,69800.0,2020-04-25
8105,41.0,East,32900.0,30,2016-06-16,1,41.0,East,32900.0,2016-06-16
1302,18.0,East,33900.0,5,"August 29, 2019",0,18.0,East,33900.0,2019-08-29
809,38.0,West,74600.0,16,2019-11-05,1,38.0,West,74600.0,2019-11-05
3412,18.0,East,73100.0,27,02/02/2017,1,18.0,East,73100.0,2017-02-02
1232,27.0,West,59400.0,36,11/11/2017,1,27.0,West,59400.0,2017-11-11
11293,26.0,East,48900.0,28,2021-07-02,1,26.0,East,48900.0,2021-07-02
5775,75.0,South,"$55,400",6,01/24/2017,1,75.0,South,55400.0,2017-01-24
2869,43.0,NORTH,36200.0,22,17-Sep-2022,0,43.0,North,36200.0,2022-09-17
1992,49.0,west,"$93,500",45,07/22/2017,1,49.0,West,93500.0,2017-07-22
7995,34.0,South,30300.0,38,10/28/2018,1,34.0,South,30300.0,2018-10-28
704,41.0,West,55400.0,46,2016-05-13,1,41.0,West,55400.0,2016-05-13
8409,55.0,West,"$62,500",6,2023-03-29,0,55.0,West,62500.0,2023-03-29
3962,59.0,East,16500.0,27,04-Nov-2022,1,59.0,East,16500.0,2022-11-04
8898,59.0,South,43600.0,22,"June 27, 2019",1,59.0,South,43600.0,2019-06-27
6569,37.0,WEST,56800.0,41,"January 17, 2022",0,37.0,West,56800.0,2022-01-17
1247,37.0,West,54900.0,99,03/11/2022,0,37.0,West,54900.0,2022-03-11
8911,52.0,East,"$84,300",34,2021-05-10,1,52.0,East,84300.0,2021-05-10
2715,40.0,South,96300.0,120,02/18/2020,1,40.0,South,96300.0,2020-02-18
8666,18.0,South,47700.0,18,20-Jun-2020,0,18.0,South,47700.0,2020-06-20
11325,45.0,West,36800.0,84,04/02/2016,0,45.0,West,36800.0,2016-04-02
4083,43.0, East ,94600.0,26,05/26/2022,1,43.0,East,94600.0,2022-05-26
8531,50.0,East,55400.0,35,06/01/2020,0,50.0,East,55400.0,2020-06-01
5054,33.0,North,171400.0,82,2016-10-24,0,33.0,North,171400.0,2016-10-24
234,58.0,West,"$30,800",34,"July 27, 2019",1,58.0,West,30800.0,2019-07-27
7451,18.0,North,24800.0,13,"December 08, 2022",0,18.0,North,24800.0,2022-12-08
1278,63.0,E.,15000.0,70,13-Jul-2020,1,63.0,East,15000.0,2020-07-13
11828,35.0,N.,"$42,200",28,12-Sep-2018,1,35.0,North,42200.0,2018-09-12
8169,24.0,E.,"$25,800",17,11-Mar-2021,1,24.0,East,25800.0,2021-03-11
11235,37.0,West,46800.0,63,29-Feb-2024,1,37.0,West,46800.0,2024-02-29
8137,28.0,North,69700.0,76,"January 07, 2024",1,28.0,North,69700.0,2024-01-07
3294,49.0,East,"$54,400",21,2022-12-24,0,49.0,East,54400.0,2022-12-24
3758,25.0,NORTH,86100.0,47,"March 31, 2021",1,25.0,North,86100.0,2021-03-31
7438,43.0,East,"$40,000",72,08-Dec-2019,0,43.0,East,40000.0,2019-12-08
7600,54.0,south ,64100.0,13,"June 07, 2018",0,54.0,South,64100.0,2018-06-07
453,67.0,East,44800.0,3,01-Mar-2020,0,67.0,East,44800.0,2020-03-01
5185,28.0,north,22900.0,47,2023-10-19,0,28.0,North,22900.0,2023-10-19
10375,70.0,North,45000.0,37,"November 13, 2017",1,70.0,North,45000.0,2017-11-13
7544,34.0,East,47200.0,18,"September 06, 2020",1,34.0,East,47200.0,2020-09-06
4384,33.0,North,58800.0,11,"January 30, 2015",1,33.0,North,58800.0,2015-01-30
9807,37.0,SOUTH,53800.0,31,10/25/2023,1,37.0,South,53800.0,2023-10-25
9511,46.0,north,62200.0,48,"January 22, 2018",1,46.0,North,62200.0,2018-01-22
350,61.0,South,"$24,500",67,"June 14, 2015",1,61.0,South,24500.0,2015-06-14
5705,29.0,South,54600.0,6,2020-04-16,1,29.0,South,54600.0,2020-04-16
1667,45.0,South,40500.0,82,"July 26, 2024",1,45.0,South,40500.0,2024-07-26
6721,62.0,NORTH,50000.0,26,2019-01-29,1,62.0,North,50000.0,2019-01-29
5897,49.0,South,54400.0,31,"November 02, 2017",0,49.0,South,54400.0,2017-11-02
404,37.0,North,66400.0,35,2018-08-12,1,37.0,North,66400.0,2018-08-12
10412,44.0,North,75200.0,15,2020-07-11,1,44.0,North,75200.0,2020-07-11
11992,27.0,East,65000.0,41,10-May-2015,1,27.0,East,65000.0,2015-05-10
11056,,,31100.0,36,17-Mar-2019,1,42.02803042831156,Unknown,31100.0,2019-03-17
5131,30.0, North,56200.0,91,11-Apr-2015,1,30.0,North,56200.0,2015-04-11
10927,46.0,East,,32,"August 22, 2018",1,46.0,East,49400.0,2018-08-22
5211,47.0,South,48000.0,40,09-Jul-2018,1,47.0,South,48000.0,2018-07-09
11661,29.0,West,75900.0,61,03/16/2018,1,29.0,West,75900.0,2018-03-16
10581,50.0,W. ,25300.0,45,2021-02-23,1,50.0,West,25300.0,2021-02-23
1585,40.0,East,"$18,900",37,03/13/2016,0,40.0,East,18900.0,2016-03-13
7078,38.0,East,61700.0,63,2020-11-14,0,38.0,East,61700.0,2020-11-14
6819,44.0,West,35000.0,71,2020-08-22,1,44.0,West,35000.0,2020-08-22
5183,41.0,North,32500.0,79,"March 11, 2018",1,41.0,North,32500.0,2018-03-11
2595,21.0,South,54700.0,93,"March 31, 2023",0,21.0,South,54700.0,2023-03-31
9224,30.0,North,35000.0,27,"February 14, 2022",1,30.0,North,35000.0,2022-02-14
1767,26.0,West,62700.0,50,08/26/2018,1,26.0,West,62700.0,2018-08-26
2887,49.0,east,36100.0,22,14-Aug-2019,1,49.0,East,36100.0,2019-08-14
10233,53.0,South,"$68,600",41,02/19/2015,1,53.0,South,68600.0,2015-02-19
6676,34.0,South,"$88,200",20,2024-08-22,0,34.0,South,88200.0,2024-08-22
4967,37.0,east,57700.0,10,"June 16, 2021",0,37.0,East,57700.0,2021-06-16
3970,29.0,East,57900.0,40,"September 17, 2017",1,29.0,East,57900.0,2017-09-17
1887,28.0,East,58500.0,7,2020-02-02,1,28.0,East,58500.0,2020-02-02
10152,55.0,,52900.0,45,2022-02-19,1,55.0,Unknown,52900.0,2022-02-19
8537,46.0,East,44500.0,23,2024-09-08,1,46.0,East,44500.0,2024-09-08
1975,,North,59800.0,3,2015-11-15,0,42.02803042831156,North,59800.0,2015-11-15
8149,48.0, North,25600.0,43,"January 12, 2015",0,48.0,North,25600.0,2015-01-12
2414,23.0,South,"$52,300",23,2023-06-18,0,23.0,South,52300.0,2023-06-18
1356,48.0,South,"$30,300",19,"July 10, 2022",1,48.0,South,30300.0,2022-07-10
1043,51.0,West,33000.0,25,30-Jan-2018,1,51.0,West,33000.0,2018-01-30
8628,27.0,west,42600.0,39,28-Dec-2021,1,27.0,West,42600.0,2021-12-28
6931,24.0,East,"$30,000",69,2018-07-31,1,24.0,East,30000.0,2018-07-31
3190,24.0,West,43600.0,102,"September 18, 2018",1,24.0,West,43600.0,2018-09-18
9127,35.0,South,"$56,100",56,2022-02-04,1,35.0,South,56100.0,2022-02-04
11361,34.0,North,127900.0,21,11-Feb-2023,1,34.0,North,127900.0,2023-02-11
7722,44.0,north,27300.0,17,05-Apr-2018,0,44.0,North,27300.0,2018-04-05
10153,52.0,S.,55300.0,48,2016-04-29,1,52.0,South,55300.0,2016-04-29
417,56.0,East,41300.0,49,2022-08-20,1,56.0,East,41300.0,2022-08-20
10904,42.0,South,42900.0,38,08/02/2023,0,42.0,South,42900.0,2023-08-02
8894,51.0,East,43900.0,51,"December 30, 2023",0,51.0,East,43900.0,2023-12-30
6254,35.0,North,53300.0,96,27-Nov-2015,0,35.0,North,53300.0,2015-11-27
10299,32.0,West,59800.0,34,"February 11, 2022",1,32.0,West,59800.0,2022-02-11
11046,40.0, North,29300.0,6,05-Jul-2023,0,40.0,North,29300.0,2023-07-05
5839,42.0,West,27400.0,19,01/01/2021,1,42.0,West,27400.0,2021-01-01
10050,49.0,East,34800.0,41,"September 29, 2024",0,49.0,East,34800.0,2024-09-29
6,25.0,East,33600.0,90,2023-07-02,1,25.0,East,33600.0,2023-07-02
4013,51.0,South,"$67,500",119,2022-01-14,1,51.0,South,67500.0,2022-01-14
1820,39.0,west,31800.0,71,06/11/2020,1,39.0,West,31800.0,2020-06-11
4561,50.0,West,207200.0,83,12/12/2019,1,50.0,West,207200.0,2019-12-12
3210,35.0,South,60700.0,13,26-Feb-2023,1,35.0,South,60700.0,2023-02-26
8529,39.0,SOUTH,33700.0,72,"August 29, 2017",1,39.0,South,33700.0,2017-08-29
10987,66.0,North,47400.0,21,"May 09, 2015",0,66.0,North,47400.0,2015-05-09
2516,34.0,North,82600.0,41,2017-10-22,1,34.0,North,82600.0,2017-10-22
6144,41.0,west,"$64,500",33,11-Nov-2018,0,41.0,West,64500.0,2018-11-11
5325,42.0,South,50000.0,57,04/23/2023,1,42.0,South,50000.0,2023-04-23
2612,53.0,East,81500.0,75,11-Aug-2024,1,53.0,East,81500.0,2024-08-11
11039,40.0,South,"$90,200",19,08/15/2020,1,40.0,South,90200.0,2020-08-15
9712,53.0, East ,52500.0,16,08/26/2023,0,53.0,East,52500.0,2023-08-26
10362,32.0,North,"$46,500",81,24-Apr-2023,1,32.0,North,46500.0,2023-04-24
3582,69.0,West,100100.0,12,,0,69.0,West,100100.0,
298,37.0,North,"$77,100",58,"September 13, 2021",1,37.0,North,77100.0,2021-09-13
11660,41.0,WEST,35600.0,18,12-Jan-2023,1,41.0,West,35600.0,2023-01-12
1498,27.0,West,"$40,700",58,"April 08, 2024",1,27.0,West,40700.0,2024-04-08
5239,32.0,West,"$36,600",72,"June 16, 2017",1,32.0,West,36600.0,2017-06-16
3275,18.0,South,67900.0,25,20-Apr-2017,1,18.0,South,67900.0,2017-04-20
1863,60.0,West,46400.0,13,"May 30, 2024",0,60.0,West,46400.0,2024-05-30
997,52.0,North,36100.0,34,2019-10-04,0,52.0,North,36100.0,2019-10-04
7787,39.0,East,88500.0,62,2020-05-25,1,39.0,East,88500.0,2020-05-25
9256,26.0,E.,"$41,100",65,02/03/2019,1,26.0,East,41100.0,2019-02-03
9056,36.0,West,101700.0,63,2016-04-07,1,36.0,West,101700.0,2016-04-07
9763,39.0,South,52000.0,47,15-Apr-2018,1,39.0,South,52000.0,2018-04-15
7431,33.0,East,120600.0,18,11/20/2018,1,33.0,East,120600.0,2018-11-20
7253,29.0,South,"$52,600",48,11/24/2017,1,29.0,South,52600.0,2017-11-24
525,60.0,East,"$42,800",28,03/21/2016,1,60.0,East,42800.0,2016-03-21
10859,27.0,North,95800.0,61,"December 19, 2021",1,27.0,North,95800.0,2021-12-19
2937,,South,43800.0,109,2019-05-02,1,42.02803042831156,South,43800.0,2019-05-02
3143,39.0,East,74900.0,29,2024-10-26,1,39.0,East,74900.0,2024-10-26
11558,36.0,E.,47900.0,14,"September 18, 2018",0,36.0,East,47900.0,2018-09-18
11008,36.0,E.,80300.0,34,"April 22, 2018",1,36.0,East,80300.0,2018-04-22
758,53.0,North,27700.0,75,14-May-2023,1,53.0,North,27700.0,2023-05-14
1413,22.0,East,19400.0,29,2024-09-28,0,22.0,East,19400.0,2024-09-28
7903,56.0,South,57900.0,43,08/10/2015,1,56.0,South,57900.0,2015-08-10
1666,33.0,South,"$59,800",57,04-Nov-2020,0,33.0,South,59800.0,2020-11-04
1325,45.0,North,"$46,200",17,"August 17, 2018",0,45.0,North,46200.0,2018-08-17
415,38.0,,27900.0,9,"July 30, 2017",1,38.0,Unknown,27900.0,2017-07-30
5598,33.0, East ,77700.0,29,2024-06-26,1,33.0,East,77700.0,2024-06-26
8956,20.0,South,62800.0,60,09/30/2024,0,20.0,South,62800.0,2024-09-30
1098,,West,27700.0,53,10/13/2020,1,42.02803042831156,West,27700.0,2020-10-13
3742,32.0,West,42500.0,14,10/11/2018,1,32.0,West,42500.0,2018-10-11
8298,39.0,SOUTH,47100.0,22,"May 14, 2021",1,39.0,South,47100.0,2021-05-14
6567,57.0,East,70000.0,52,2016-04-01,1,57.0,East,70000.0,2016-04-01
6317,41.0,South,30200.0,29,"February 01, 2016",1,41.0,South,30200.0,2016-02-01
740,18.0,West,40800.0,57,2015-08-02,1,18.0,West,40800.0,2015-08-02
8587,50.0,East,"$39,700",43,2022-11-13,1,50.0,East,39700.0,2022-11-13
67,37.0,North,22600.0,36,07/07/2016,0,37.0,North,22600.0,2016-07-07
549,,East,"$41,400",87,01/04/2018,0,42.02803042831156,East,41400.0,2018-01-04
305,41.0,West,"$52,400",69,2024-09-20,1,41.0,West,52400.0,2024-09-20
2313,60.0,North,58400.0,63,2019-09-16,1,60.0,North,58400.0,2019-09-16
7700,50.0,E.,52300.0,11,"March 17, 2018",1,50.0,East,52300.0,2018-03-17
11049,56.0,North,27800.0,51,"August 22, 2019",1,56.0,North,27800.0,2019-08-22
3,52.0,WEST,26400.0,30,10/20/2016,0,52.0,West,26400.0,2016-10-20
7323,61.0,north,97700.0,14,05-Dec-2016,1,61.0,North,97700.0,2016-12-05
10639,53.0,NORTH,38000.0,24,2020-08-23,1,53.0,North,38000.0,2020-08-23
7153,58.0,West,19400.0,82,12/31/2022,0,58.0,West,19400.0,2022-12-31
612,45.0,North,34400.0,161,10/04/2022,1,45.0,North,34400.0,2022-10-04
4079,37.0,E.,25000.0,18,17-Sep-2015,1,37.0,East,25000.0,2015-09-17
2968,33.0,North,"$33,100",9,"October 08, 2022",1,33.0,North,33100.0,2022-10-08
8661,37.0,S.,48400.0,11,21-Dec-2015,1,37.0,South,48400.0,2015-12-21
10671,33.0,South,96800.0,29,2022-05-13,1,33.0,South,96800.0,2022-05-13
9490,27.0,East,30800.0,58,04/01/2020,1,27.0,East,30800.0,2020-04-01
1663,41.0,North,123900.0,61,2018-07-21,0,41.0,North,123900.0,2018-07-21
1073,39.0,West,36200.0,28,06/14/2018,1,39.0,West,36200.0,2018-06-14
1388,28.0, East ,,1,"November 12, 2015",0,28.0,East,49400.0,2015-11-12
5009,31.0,South,109800.0,29,09/21/2019,0,31.0,South,109800.0,2019-09-21
998,44.0,North,44200.0,27,08/17/2015,1,44.0,North,44200.0,2015-08-17
11765,33.0,North,149200.0,30,04/25/2021,1,33.0,North,149200.0,2021-04-25
5302,31.0,West,86400.0,41,28-Nov-2021,1,31.0,West,86400.0,2021-11-28
6669,41.0,North,57200.0,71,2024-12-27,1,41.0,North,57200.0,2024-12-27
8352,38.0,East,37200.0,45,09-Mar-2018,0,38.0,East,37200.0,2018-03-09
5552,40.0,South,44400.0,20,2023-02-09,1,40.0,South,44400.0,2023-02-09
3804,46.0,N.,105900.0,7,"June 25, 2017",1,46.0,North,105900.0,2017-06-25
5341,44.0,North,35000.0,14,15-Jan-2024,1,44.0,North,35000.0,2024-01-15
986,,East,24500.0,21,"July 03, 2019",1,42.02803042831156,East,24500.0,2019-07-03
2461,26.0,south ,33500.0,13,"October 21, 2016",1,26.0,South,33500.0,2016-10-21
411,23.0, North,88600.0,57,"April 22, 2018",0,23.0,North,88600.0,2018-04-22
3637,39.0,West,24500.0,74,"February 27, 2021",0,39.0,West,24500.0,2021-02-27
9582,28.0,South,70800.0,43,"October 23, 2022",1,28.0,South,70800.0,2022-10-23
3820,38.0,West,19800.0,28,02/19/2018,0,38.0,West,19800.0,2018-02-19
6139,40.0,SOUTH,15600.0,28,01/06/2023,1,40.0,South,15600.0,2023-01-06
2754,43.0,WEST,37900.0,36,2022-05-28,1,43.0,West,37900.0,2022-05-28
7640,45.0,East,93500.0,23,"August 16, 2023",0,45.0,East,93500.0,2023-08-16
7189,30.0,East,66000.0,11,"April 22, 2018",1,30.0,East,66000.0,2018-04-22
5734,43.0,West,39300.0,15,2018-06-28,1,43.0,West,39300.0,2018-06-28
10716,44.0,SOUTH,77200.0,44,01-May-2024,1,44.0,South,77200.0,2024-05-01
4599,57.0,East,"$45,300",17,22-May-2024,0,57.0,East,45300.0,2024-05-22
3779,41.0,West,35700.0,71,"April 28, 2019",1,41.0,West,35700.0,2019-04-28
5688,60.0,East,93800.0,76,10/26/2018,1,60.0,East,93800.0,2018-10-26
2638,39.0,S.,73800.0,8,"June 29, 2020",0,39.0,South,73800.0,2020-06-29
6835,47.0,East,48400.0,38,2023-10-22,1,47.0,East,48400.0,2023-10-22
5279,36.0,WEST,"$85,600",21,22-Jun-2017,1,36.0,West,85600.0,2017-06-22
10978,43.0,West,24300.0,49,2019-12-09,1,43.0,West,24300.0,2019-12-09
7234,33.0,South,"$68,900",2,"September 29, 2021",1,33.0,South,68900.0,2021-09-29
974,50.0,East,15400.0,97,31-Jan-2018,1,50.0,East,15400.0,2018-01-31
1375,42.0,East,90800.0,133,01/17/2019,1,42.0,East,90800.0,2019-01-17
56,34.0,West,50600.0,25,10/13/2020,1,34.0,West,50600.0,2020-10-13
335,42.0,NORTH,71800.0,35,"September 21, 2024",1,42.0,North,71800.0,2024-09-21
9565,26.0,West,"$45,700",22,2019-09-23,1,26.0,West,45700.0,2019-09-23
6112,39.0,,48200.0,10,11/27/2017,0,39.0,Unknown,48200.0,2017-11-27
6432,45.0,North,32700.0,29,2018-01-03,1,45.0,North,32700.0,2018-01-03
10899,42.0,west,65300.0,12,2019-07-21,1,42.0,West,65300.0,2019-07-21
1085,43.0,East,"$23,000",47,2016-10-08,1,43.0,East,23000.0,2016-10-08
4049,40.0,North,74500.0,12,04/30/2022,1,40.0,North,74500.0,2022-04-30
1929,53.0,NORTH,45600.0,60,08/06/2020,0,53.0,North,45600.0,2020-08-06
6381,37.0,East,43600.0,75,"March 24, 2018",1,37.0,East,43600.0,2018-03-24
7384,36.0,North,46300.0,11,"December 21, 2019",1,36.0,North,46300.0,2019-12-21
11614,29.0,East,43400.0,72,"February 07, 2019",0,29.0,East,43400.0,2019-02-07
8439,55.0,North,53300.0,24,"October 02, 2021",1,55.0,North,53300.0,2021-10-02
5557,45.0,West,29500.0,12,2021-08-30,1,45.0,West,29500.0,2021-08-30
10955,34.0,South,55300.0,42,08/20/2015,0,34.0,South,55300.0,2015-08-20
7343,39.0,East,42500.0,158,"September 11, 2015",1,39.0,East,42500.0,2015-09-11
9979,42.0,SOUTH,53400.0,23,2018-09-07,1,42.0,South,53400.0,2018-09-07
8115,51.0,west,67700.0,74,04/06/2020,1,51.0,West,67700.0,2020-04-06
11766,24.0,North,95400.0,35,2015-08-19,1,24.0,North,95400.0,2015-08-19
10517,43.0,South,34400.0,19,07/06/2020,0,43.0,South,34400.0,2020-07-06
1792,42.0,west,57300.0,29,"February 05, 2017",1,42.0,West,57300.0,2017-02-05
11485,48.0,South,"$30,500",112,14-Nov-2015,0,48.0,South,30500.0,2015-11-14
6259,28.0,North,34800.0,12,12/23/2019,1,28.0,North,34800.0,2019-12-23
1559,53.0, North,18300.0,61,2021-04-21,1,53.0,North,18300.0,2021-04-21
10036,21.0,West,66900.0,26,2024-05-07,1,21.0,West,66900.0,2024-05-07
9877,28.0,North,53600.0,10,2017-12-11,1,28.0,North,53600.0,2017-12-11
2539,50.0,West,128000.0,82,03/19/2017,0,50.0,West,128000.0,2017-03-19
5244,53.0,North,23900.0,67,11/13/2018,0,53.0,North,23900.0,2018-11-13
9900,35.0,South,25800.0,62,"March 15, 2019",1,35.0,South,25800.0,2019-03-15
11011,47.0,East,49700.0,52,12/08/2023,1,47.0,East,49700.0,2023-12-08
2541,48.0,North,64800.0,30,2017-01-08,0,48.0,North,64800.0,2017-01-08
8632,61.0,East,107800.0,49,2023-03-21,1,61.0,East,107800.0,2023-03-21
2170,34.0,North,29000.0,47,"April 25, 2021",1,34.0,North,29000.0,2021-04-25
11927,40.0,East,28500.0,77,11-May-2024,1,40.0,East,28500.0,2024-05-11
637,40.0,West,31400.0,5,2022-10-01,1,40.0,West,31400.0,2022-10-01
2232,28.0,West,32300.0,32,15-Nov-2019,1,28.0,West,32300.0,2019-11-15
82,33.0,North,35300.0,48,10/10/2022,1,33.0,North,35300.0,2022-10-10
8961,39.0,S.,40600.0,11,12/09/2024,1,39.0,South,40600.0,2024-12-09
5301,32.0,West,237700.0,19,27-Jun-2024,1,32.0,West,237700.0,2024-06-27
7653,42.0,North,46400.0,99,2024-03-16,0,42.0,North,46400.0,2024-03-16
3148,41.0,North,35700.0,60,"January 12, 2017",1,41.0,North,35700.0,2017-01-12
4169,41.0,West,39600.0,31,"November 06, 2020",1,41.0,West,39600.0,2020-11-06
3631,51.0,West,102200.0,11,"April 07, 2022",0,51.0,West,102200.0,2022-04-07
11630,18.0,West,42300.0,22,2018-03-30,1,18.0,West,42300.0,2018-03-30
5723,42.0,south ,35800.0,18,"August 04, 2020",1,42.0,South,35800.0,2020-08-04
5344,18.0,West,71200.0,33,03-Oct-2015,1,18.0,West,71200.0,2015-10-03
11094,22.0,W. ,106900.0,18,2024-05-02,0,22.0,West,106900.0,2024-05-02
1197,26.0,East,21300.0,56,"June 25, 2018",1,26.0,East,21300.0,2018-06-25
9668,54.0,West,56400.0,47,02/26/2015,0,54.0,West,56400.0,2015-02-26
213,42.0,West,29900.0,36,22-Nov-2019,1,42.0,West,29900.0,2019-11-22
2195,44.0,East,68800.0,15,04/20/2020,1,44.0,East,68800.0,2020-04-20
8396,37.0,East,76200.0,37,10/17/2018,1,37.0,East,76200.0,2018-10-17
884,27.0,South,50300.0,76,"March 31, 2018",1,27.0,South,50300.0,2018-03-31
1385,19.0,North,87800.0,114,"November 26, 2020",1,19.0,North,87800.0,2020-11-26
1562,44.0,East,54300.0,33,20-Sep-2022,1,44.0,East,54300.0,2022-09-20
10559,44.0,East,46200.0,65,"February 17, 2017",1,44.0,East,46200.0,2017-02-17
757,30.0,West,99200.0,37,2020-06-28,1,30.0,West,99200.0,2020-06-28
10542,25.0,South,,43,06/10/2015,1,25.0,South,49400.0,2015-06-10
10805,,West,75200.0,11,11/17/2018,1,42.02803042831156,West,75200.0,2018-11-17
10914,49.0,South,62100.0,59,"March 15, 2021",1,49.0,South,62100.0,2021-03-15
8693,40.0,North,37900.0,44,2021-06-08,1,40.0,North,37900.0,2021-06-08
4157,47.0,W. ,24700.0,31,14-Sep-2016,0,47.0,West,24700.0,2016-09-14
9194,42.0,WEST,40600.0,58,"January 25, 2015",1,42.0,West,40600.0,2015-01-25
11908,19.0, North,98000.0,5,2021-10-22,1,19.0,North,98000.0,2021-10-22
6818,41.0,North,49700.0,70,10/13/2022,0,41.0,North,49700.0,2022-10-13
1024,50.0,South,153900.0,61,"May 12, 2022",0,50.0,South,153900.0,2022-05-12
2535,40.0,North,90100.0,32,09-Mar-2015,1,40.0,North,90100.0,2015-03-09
396,44.0,W. ,31300.0,14,"November 05, 2017",1,44.0,West,31300.0,2017-11-05
1013,35.0,North,25200.0,11,2023-09-28,1,35.0,North,25200.0,2023-09-28
11142,40.0,WEST,58200.0,29,01/27/2023,0,40.0,West,58200.0,2023-01-27
1346,72.0,south ,49100.0,85,2015-06-22,0,72.0,South,49100.0,2015-06-22
10954,57.0,SOUTH,87600.0,7,2017-03-07,1,57.0,South,87600.0,2017-03-07
3666,21.0,South,72600.0,14,"December 17, 2017",1,21.0,South,72600.0,2017-12-17
1014,20.0,North,62100.0,79,"February 02, 2019",1,20.0,North,62100.0,2019-02-02
7243,47.0,North,"$23,000",34,01-Mar-2022,0,47.0,North,23000.0,2022-03-01
9423,39.0,North,"$22,600",40,"January 31, 2021",1,39.0,North,22600.0,2021-01-31
2936,18.0,North,44500.0,8,,1,18.0,North,44500.0,
9324,35.0,South,116400.0,76,"May 25, 2020",0,35.0,South,116400.0,2020-05-25
11852,33.0,West,96900.0,31,17-Feb-2018,1,33.0,West,96900.0,2018-02-17
11360,18.0,West,56500.0,47,"May 10, 2018",0,18.0,West,56500.0,2018-05-10
2438,46.0,South,51700.0,19,"June 24, 2015",1,46.0,South,51700.0,2015-06-24
8078,60.0,South,38300.0,16,10/25/2016,0,60.0,South,38300.0,2016-10-25
8041,36.0,East,43800.0,3,07/03/2021,1,36.0,East,43800.0,2021-07-03
11508,,South,"$45,700",17,2019-04-14,1,42.02803042831156,South,45700.0,2019-04-14
4752,45.0,South,39900.0,1,2015-09-06,0,45.0,South,39900.0,2015-09-06
2115,48.0,North,50300.0,6,12-Nov-2024,1,48.0,North,50300.0,2024-11-12
4663,49.0,North,26100.0,66,10/16/2024,0,49.0,North,26100.0,2024-10-16
2328,61.0,east,"$34,500",21,03/15/2018,1,61.0,East,34500.0,2018-03-15
8095,25.0,south ,64200.0,64,"May 19, 2024",1,25.0,South,64200.0,2024-05-19
11595,55.0,East,49900.0,35,"July 26, 2015",1,55.0,East,49900.0,2015-07-26
3054,41.0,East,"$54,000",24,"October 07, 2024",1,41.0,East,54000.0,2024-10-07
10735,65.0,South,51000.0,75,"October 06, 2018",0,65.0,South,51000.0,2018-10-06
8302,34.0,North,40100.0,26,06/24/2017,1,34.0,North,40100.0,2017-06-24
7557,39.0,West,50500.0,80,05/25/2019,0,39.0,West,50500.0,2019-05-25
9297,42.0,South,57000.0,35,2016-07-18,0,42.0,South,57000.0,2016-07-18
9841,39.0, East ,"$88,600",136,17-Jun-2019,1,39.0,East,88600.0,2019-06-17
2201,35.0,West,33200.0,33,"September 23, 2016",1,35.0,West,33200.0,2016-09-23
566,52.0,East,42300.0,29,05/19/2022,1,52.0,East,42300.0,2022-05-19
10680,41.0,South,"$64,000",41,08/22/2024,1,41.0,South,64000.0,2024-08-22
10865,69.0,West,"$95,600",81,11/22/2015,0,69.0,West,95600.0,2015-11-22
8053,45.0,East,98500.0,18,06/20/2020,1,45.0,East,98500.0,2020-06-20
11876,62.0,East,56200.0,43,18-Jul-2019,1,62.0,East,56200.0,2019-07-18
5831,28.0,East,52700.0,41,"December 05, 2020",1,28.0,East,52700.0,2020-12-05
1890,49.0,East,78100.0,23,"July 05, 2018",0,49.0,East,78100.0,2018-07-05
9844,49.0,east,,29,10-Mar-2024,1,49.0,East,49400.0,2024-03-10
5940,50.0,West,134800.0,56,14-May-2017,0,50.0,West,134800.0,2017-05-14
1627,18.0,West,21000.0,29,16-Oct-2021,1,18.0,West,21000.0,2021-10-16
9387,45.0,South,"$66,400",56,"June 02, 2017",1,45.0,South,66400.0,2017-06-02
10892,41.0,south ,70000.0,55,06-Apr-2017,1,41.0,South,70000.0,2017-04-06
699,30.0,west,19100.0,92,2015-01-14,0,30.0,West,19100.0,2015-01-14
1882,60.0,East,65500.0,11,05-Sep-2023,1,60.0,East,65500.0,2023-09-05
1772,43.0,east,53500.0,76,12/31/2021,1,43.0,East,53500.0,2021-12-31
1510,44.0,North,70500.0,24,17-Oct-2019,1,44.0,North,70500.0,2019-10-17
9250,84.0,North,40700.0,20,"July 06, 2022",1,84.0,North,40700.0,2022-07-06
9188,34.0,NORTH,70100.0,13,2021-06-11,1,34.0,North,70100.0,2021-06-11
5803,51.0,North,73700.0,2,"November 19, 2017",0,51.0,North,73700.0,2017-11-19
4786,22.0,North,31600.0,23,"March 04, 2024",1,22.0,North,31600.0,2024-03-04
5998,63.0,North,"$53,200",48,"February 03, 2017",1,63.0,North,53200.0,2017-02-03
8373,44.0,WEST,33700.0,28,10/10/2024,1,44.0,West,33700.0,2024-10-10
9554,36.0,North,"$128,400",4,"January 12, 2022",1,36.0,North,128400.0,2022-01-12
446,23.0,East,25800.0,59,06-Apr-2020,1,23.0,East,25800.0,2020-04-06
9388,33.0,East,119300.0,14,"July 04, 2023",0,33.0,East,119300.0,2023-07-04
11928,38.0,West,"$21,200",49,2021-12-16,1,38.0,West,21200.0,2021-12-16
6760,62.0,North,80600.0,70,"March 06, 2022",0,62.0,North,80600.0,2022-03-06
11859,44.0,South,97800.0,17,"February 12, 2016",1,44.0,South,97800.0,2016-02-12
8428,44.0,North,21400.0,44,19-Dec-2015,1,44.0,North,21400.0,2015-12-19
11759,40.0, North,39800.0,29,08/02/2024,1,40.0,North,39800.0,2024-08-02
2012,65.0,East,49500.0,9,04/28/2024,1,65.0,East,49500.0,2024-04-28
243,19.0,South,49000.0,66,2024-08-14,1,19.0,South,49000.0,2024-08-14
5525,40.0, North,58300.0,6,05/23/2020,1,40.0,North,58300.0,2020-05-23
9568,26.0,East,79200.0,39,12-Aug-2023,1,26.0,East,79200.0,2023-08-12
11638,18.0,East,"$51,100",26,26-Sep-2019,1,18.0,East,51100.0,2019-09-26
6750,37.0,East,26600.0,27,2016-12-02,1,37.0,East,26600.0,2016-12-02
9560,18.0,North,95000.0,42,14-May-2017,0,18.0,North,95000.0,2017-05-14
11711,41.0,West,45000.0,37,2023-12-10,1,41.0,West,45000.0,2023-12-10
5550,29.0,West,"$51,500",31,,1,29.0,West,51500.0,
9587,56.0,East,79100.0,72,2019-09-06,0,56.0,East,79100.0,2019-09-06
10140,45.0,North,67100.0,36,09/12/2021,0,45.0,North,67100.0,2021-09-12
3191,24.0,South,"$25,500",20,22-Aug-2019,1,24.0,South,25500.0,2019-08-22
5770,44.0,North,50700.0,23,04/18/2019,0,44.0,North,50700.0,2019-04-18
3608,61.0,,23500.0,45,2022-06-09,1,61.0,Unknown,23500.0,2022-06-09
4456,74.0,north,,12,"January 18, 2015",0,74.0,North,49400.0,2015-01-18
10088,41.0,East,"$109,400",51,"December 31, 2016",1,41.0,East,109400.0,2016-12-31
10682,68.0,East,36300.0,20,2021-06-20,1,68.0,East,36300.0,2021-06-20
5448,42.0,West,81900.0,35,06/26/2016,1,42.0,West,81900.0,2016-06-26
10506,51.0,NORTH,40900.0,38,04-Jan-2016,0,51.0,North,40900.0,2016-01-04
6631,46.0,East,"$36,500",6,"May 27, 2016",0,46.0,East,36500.0,2016-05-27
4279,37.0,South,21600.0,71,20-Oct-2021,1,37.0,South,21600.0,2021-10-20
5931,49.0, North,60800.0,50,"August 09, 2016",1,49.0,North,60800.0,2016-08-09
1731,41.0,East,51200.0,6,11/13/2023,1,41.0,East,51200.0,2023-11-13
452,47.0,North,32700.0,18,,1,47.0,North,32700.0,
8729,46.0,West,67800.0,15,"February 19, 2024",1,46.0,West,67800.0,2024-02-19
1626,57.0,South,48200.0,42,16-Jul-2019,0,57.0,South,48200.0,2019-07-16
11817,29.0,west,"$65,800",11,22-May-2024,1,29.0,West,65800.0,2024-05-22
4261,46.0,east,48500.0,16,07/25/2021,1,46.0,East,48500.0,2021-07-25
502,54.0,West,50400.0,43,"February 20, 2022",0,54.0,West,50400.0,2022-02-20
6325,46.0,East,30100.0,55,2022-01-23,1,46.0,East,30100.0,2022-01-23
9201,45.0,south ,62500.0,22,24-Sep-2024,1,45.0,South,62500.0,2024-09-24
7439,32.0,East,118500.0,16,15-Nov-2022,1,32.0,East,118500.0,2022-11-15
1622,43.0,South,61500.0,13,10/12/2016,1,43.0,South,61500.0,2016-10-12
7444,28.0,North,93300.0,21,08-Mar-2016,1,28.0,North,93300.0,2016-03-08
8600,38.0,South,83200.0,54,06/28/2016,1,38.0,South,83200.0,2016-06-28
71,25.0,North,34800.0,40,16-Apr-2017,1,25.0,North,34800.0,2017-04-16
10850,59.0,,35700.0,61,"September 26, 2021",1,59.0,Unknown,35700.0,2021-09-26
4749,28.0,North,37200.0,9,09/23/2018,0,28.0,North,37200.0,2018-09-23
2131,43.0,South,36400.0,20,2024-09-01,0,43.0,South,36400.0,2024-09-01
3505,44.0,South,"$75,800",27,2017-01-09,1,44.0,South,75800.0,2017-01-09
6207,60.0,South,133600.0,11,2015-07-09,1,60.0,South,133600.0,2015-07-09
10193,37.0,East,108100.0,42,02/14/2018,1,37.0,East,108100.0,2018-02-14
3664,46.0,W. ,111300.0,96,11/22/2024,1,46.0,West,111300.0,2024-11-22
3551,32.0,South,35800.0,55,12/31/2021,1,32.0,South,35800.0,2021-12-31
197,50.0,North,64600.0,29,2022-08-08,0,50.0,North,64600.0,2022-08-08
10200,30.0,South,,35,"August 02, 2024",0,30.0,South,49400.0,2024-08-02
2316,47.0,East,110100.0,55,"March 15, 2021",1,47.0,East,110100.0,2021-03-15
3215,55.0,W. ,36600.0,37,12-Aug-2021,0,55.0,West,36600.0,2021-08-12
7525,35.0,W. ,19700.0,18,02-Jan-2021,0,35.0,West,19700.0,2021-01-02
6431,30.0,N.,57600.0,5,2015-10-10,1,30.0,North,57600.0,2015-10-10
10099,82.0,S.,40800.0,27,2024-06-13,1,82.0,South,40800.0,2024-06-13
9506,,WEST,77000.0,8,11-Sep-2016,1,42.02803042831156,West,77000.0,2016-09-11
8593,43.0,East,27200.0,36,2016-09-07,1,43.0,East,27200.0,2016-09-07
6437,54.0,east,,13,2022-12-22,0,54.0,East,49400.0,2022-12-22
3687,26.0,North,"$43,400",59,2017-03-29,1,26.0,North,43400.0,2017-03-29
10435,18.0, North,"$49,100",38,2024-05-26,1,18.0,North,49100.0,2024-05-26
9243,,South,45200.0,27,2019-04-01,1,42.02803042831156,South,45200.0,2019-04-01
4728,28.0,East,31000.0,3,2020-06-08,1,28.0,East,31000.0,2020-06-08
118,42.0,West,41300.0,126,"January 22, 2022",0,42.0,West,41300.0,2022-01-22
2991,50.0,South,82700.0,110,12-Jun-2024,1,50.0,South,82700.0,2024-06-12
10409,55.0,North,122400.0,13,05/27/2020,0,55.0,North,122400.0,2020-05-27
10923,38.0,NORTH,39100.0,46,2019-03-20,0,38.0,North,39100.0,2019-03-20
2484,42.0,North,31200.0,107,04/16/2016,0,42.0,North,31200.0,2016-04-16
4525,56.0,North,47300.0,19,26-Nov-2015,0,56.0,North,47300.0,2015-11-26
11134,25.0, North,63300.0,43,09/28/2018,0,25.0,North,63300.0,2018-09-28
9888,61.0, North,56900.0,12,02-Aug-2017,1,61.0,North,56900.0,2017-08-02
2992,63.0,South,47100.0,28,2022-03-07,1,63.0,South,47100.0,2022-03-07
8938,60.0,West,43600.0,18,07-Jun-2017,1,60.0,West,43600.0,2017-06-07
6252,51.0,West,36100.0,39,02/13/2021,1,51.0,West,36100.0,2021-02-13
1701,27.0,W. ,24000.0,17,16-Apr-2021,1,27.0,West,24000.0,2021-04-16
2416,60.0,North,86100.0,49,15-Jan-2019,0,60.0,North,86100.0,2019-01-15
7015,44.0,North,29800.0,31,,1,44.0,North,29800.0,
4305,42.0,West,18600.0,43,05-Dec-2017,1,42.0,West,18600.0,2017-12-05
3789,65.0,west,33000.0,43,29-Jun-2020,1,65.0,West,33000.0,2020-06-29
4679,30.0,W. ,"$118,700",21,07/24/2019,1,30.0,West,118700.0,2019-07-24
8260,46.0,West,"$66,700",59,09/16/2021,0,46.0,West,66700.0,2021-09-16
633,37.0,North,31500.0,34,"May 25, 2022",1,37.0,North,31500.0,2022-05-25
7991,44.0,south ,105800.0,7,"March 14, 2017",1,44.0,South,105800.0,2017-03-14
5577,150.0,North,"$25,400",27,"April 30, 2022",1,42.02803042831156,North,25400.0,2022-04-30
4318,35.0,South,44600.0,23,24-Oct-2018,1,35.0,South,44600.0,2018-10-24
621,36.0,West,65800.0,41,"May 14, 2024",1,36.0,West,65800.0,2024-05-14
4035,33.0,,,20,17-Jul-2017,1,33.0,Unknown,49400.0,2017-07-17
6487,41.0,South,"$67,900",63,"March 18, 2015",1,41.0,South,67900.0,2015-03-18
7434,52.0,South,115900.0,41,12/15/2023,0,52.0,South,115900.0,2023-12-15
7332,74.0,North,87000.0,13,2024-06-29,0,74.0,North,87000.0,2024-06-29
447,56.0,East,33700.0,2,12/11/2015,1,56.0,East,33700.0,2015-12-11
11451,69.0,East,28200.0,5,"July 02, 2023",1,69.0,East,28200.0,2023-07-02
1299,27.0,North,75500.0,15,21-Jan-2021,0,27.0,North,75500.0,2021-01-21
6970,56.0,WEST,41500.0,17,19-Jul-2019,0,56.0,West,41500.0,2019-07-19
9041,49.0,South,53200.0,49,05/02/2019,1,49.0,South,53200.0,2019-05-02
4426,51.0,west,"$32,400",187,04/19/2024,1,51.0,West,32400.0,2024-04-19
5739,19.0,east,42400.0,89,2020-03-17,0,19.0,East,42400.0,2020-03-17
10238,58.0,North,"$110,700",26,"March 05, 2017",1,58.0,North,110700.0,2017-03-05
11350,39.0,North,49500.0,34,12/06/2016,1,39.0,North,49500.0,2016-12-06
11715,48.0,West,93900.0,21,02/26/2017,1,48.0,West,93900.0,2017-02-26
2668,38.0,E.,57700.0,32,12/23/2022,1,38.0,East,57700.0,2022-12-23
6496,18.0,South,54900.0,17,2024-08-11,1,18.0,South,54900.0,2024-08-11
7736,29.0,North,103000.0,15,"October 25, 2021",0,29.0,North,103000.0,2021-10-25
2841,40.0,Unknown,49000.0,29,09/20/2020,1,40.0,Unknown,49000.0,2020-09-20
8417,54.0,West,43500.0,33,05-Jul-2015,1,54.0,West,43500.0,2015-07-05
10697,49.0,WEST,52000.0,34,10/21/2015,1,49.0,West,52000.0,2015-10-21
9957,50.0,West,62300.0,22,12/18/2018,0,50.0,West,62300.0,2018-12-18
5129,45.0,West,70200.0,31,"March 05, 2022",1,45.0,West,70200.0,2022-03-05
7612,37.0,North,97100.0,64,"September 22, 2017",1,37.0,North,97100.0,2017-09-22
6081,31.0,W. ,38900.0,115,04-Oct-2017,1,31.0,West,38900.0,2017-10-04
8223,30.0,North,54500.0,35,15-Mar-2019,0,30.0,North,54500.0,2019-03-15
9755,26.0,N.,42100.0,42,06/29/2024,1,26.0,North,42100.0,2024-06-29
3186,24.0,North,35700.0,44,10/26/2016,0,24.0,North,35700.0,2016-10-26
6196,40.0,S.,63000.0,21,10/26/2019,1,40.0,South,63000.0,2019-10-26
4758,53.0,North,90500.0,102,11/26/2021,1,53.0,North,90500.0,2021-11-26
10723,47.0,East,51400.0,29,2024-09-01,0,47.0,East,51400.0,2024-09-01
10173,36.0,E.,"$54,600",26,"October 27, 2019",1,36.0,East,54600.0,2019-10-27
4904,44.0,South,44400.0,49,06-May-2022,1,44.0,South,44400.0,2022-05-06
6401,56.0,WEST,26600.0,29,26-Oct-2024,0,56.0,West,26600.0,2024-10-26
368,31.0,East,"$41,900",23,04/21/2017,1,31.0,East,41900.0,2017-04-21
2449,52.0,NORTH,99300.0,39,01/19/2018,1,52.0,North,99300.0,2018-01-19
4207,42.0,South,49100.0,143,11/24/2021,1,42.0,South,49100.0,2021-11-24
5653,52.0,North,54000.0,42,10/22/2024,1,52.0,North,54000.0,2024-10-22
5674,38.0,East,33400.0,39,2015-07-18,1,38.0,East,33400.0,2015-07-18
454,69.0,East,"$132,200",117,2023-10-25,1,69.0,East,132200.0,2023-10-25
3243,45.0,east,43300.0,72,2022-05-27,0,45.0,East,43300.0,2022-05-27
11539,31.0,north,"$67,800",50,2019-04-12,0,31.0,North,67800.0,2019-04-12
6336,18.0,West,50000.0,50,12/25/2015,1,18.0,West,50000.0,2015-12-25
5810,29.0,North,85200.0,27,2021-08-16,1,29.0,North,85200.0,2021-08-16
10998,68.0,NORTH,106200.0,17,11/22/2016,1,68.0,North,106200.0,2016-11-22
5267,22.0,West,74700.0,15,"March 22, 2022",0,22.0,West,74700.0,2022-03-22
9494,43.0,West,"$29,100",68,2020-06-29,0,43.0,West,29100.0,2020-06-29
8536,35.0,East,30900.0,8,04-Nov-2018,1,35.0,East,30900.0,2018-11-04
10602,27.0,West,46600.0,15,2022-04-07,1,27.0,West,46600.0,2022-04-07
11086,61.0,East,76700.0,151,2019-05-15,1,61.0,East,76700.0,2019-05-15
3906,74.0,North,"$38,300",37,17-May-2018,0,74.0,North,38300.0,2018-05-17
5049,42.0,North,53400.0,5,03/11/2020,0,42.0,North,53400.0,2020-03-11
6611,18.0,West,34500.0,14,11-Jan-2020,1,18.0,West,34500.0,2020-01-11
5029,53.0,South,85300.0,41,2015-01-28,1,53.0,South,85300.0,2015-01-28
3677,28.0,North,60400.0,31,2015-08-31,1,28.0,North,60400.0,2015-08-31
11364,43.0,north,49400.0,18,19-Apr-2020,0,43.0,North,49400.0,2020-04-19
8704,58.0,North,78600.0,13,2018-09-05,1,58.0,North,78600.0,2018-09-05
8270,,West,122000.0,11,"October 24, 2017",1,42.02803042831156,West,122000.0,2017-10-24
2247,21.0,West,29200.0,12,16-May-2018,0,21.0,West,29200.0,2018-05-16
10189,41.0,W. ,64500.0,53,07/09/2019,0,41.0,West,64500.0,2019-07-09
11160,54.0, North,37400.0,38,"March 04, 2023",1,54.0,North,37400.0,2023-03-04
3240,27.0,West,87300.0,46,"December 03, 2019",1,27.0,West,87300.0,2019-12-03
4381,67.0,East,"$70,700",99,23-Nov-2021,1,67.0,East,70700.0,2021-11-23
4982,45.0,N.,92700.0,8,"April 26, 2022",1,45.0,North,92700.0,2022-04-26
3309,29.0,East,46600.0,13,19-May-2015,1,29.0,East,46600.0,2015-05-19
6133,54.0,WEST,59500.0,52,02/26/2015,0,54.0,West,59500.0,2015-02-26
11128,39.0,,59100.0,30,08/11/2018,1,39.0,Unknown,59100.0,2018-08-11
1919,38.0,North,73200.0,12,"June 14, 2019",1,38.0,North,73200.0,2019-06-14
1021,46.0,South,32500.0,14,01/07/2022,1,46.0,South,32500.0,2022-01-07
3085,36.0,North,77100.0,104,03/09/2020,0,36.0,North,77100.0,2020-03-09
8121,45.0,W. ,54800.0,12,2021-09-22,1,45.0,West,54800.0,2021-09-22
8139,48.0,South,78300.0,44,12/09/2023,1,48.0,South,78300.0,2023-12-09
4978,49.0,North,48300.0,58,08/18/2024,1,49.0,North,48300.0,2024-08-18
7148,49.0,West,47900.0,67,12/03/2020,1,49.0,West,47900.0,2020-12-03
5085,51.0,North,40700.0,14,06-Sep-2023,1,51.0,North,40700.0,2023-09-06
3319,57.0,South,24500.0,40,"September 09, 2021",1,57.0,South,24500.0,2021-09-09
11790,31.0,North,62100.0,56,"January 23, 2015",0,31.0,North,62100.0,2015-01-23
11689,66.0,South,64900.0,46,"August 10, 2016",1,66.0,South,64900.0,2016-08-10
7987,41.0,WEST,71800.0,52,"September 21, 2015",1,41.0,West,71800.0,2015-09-21
2188,36.0,WEST,35900.0,7,2019-06-14,1,36.0,West,35900.0,2019-06-14
8043,52.0,,85800.0,35,"October 10, 2019",1,52.0,Unknown,85800.0,2019-10-10
6587,53.0,South,"$28,200",15,2015-03-27,1,53.0,South,28200.0,2015-03-27
6957,38.0,E.,61600.0,37,18-Apr-2024,0,38.0,East,61600.0,2024-04-18
796,40.0,N.,"$58,100",25,21-Oct-2016,1,40.0,North,58100.0,2016-10-21
1335,47.0,West,116300.0,9,2017-06-19,1,47.0,West,116300.0,2017-06-19
8888,35.0,North,49000.0,53,2016-10-22,1,35.0,North,49000.0,2016-10-22
9829,23.0,NORTH,"$59,000",25,06-Apr-2015,1,23.0,North,59000.0,2015-04-06
3866,28.0,S.,112300.0,23,14-Nov-2022,0,28.0,South,112300.0,2022-11-14
9295,27.0,East,46000.0,54,"October 14, 2024",1,27.0,East,46000.0,2024-10-14
8093,51.0,North,86600.0,38,19-Dec-2022,1,51.0,North,86600.0,2022-12-19
1963,38.0,east,122100.0,23,"September 14, 2015",1,38.0,East,122100.0,2015-09-14
4099,48.0,North,39600.0,68,02/12/2021,0,48.0,North,39600.0,2021-02-12
3337,39.0,south ,"$18,100",19,"December 10, 2022",1,39.0,South,18100.0,2022-12-10
10332,49.0,west,75900.0,68,21-May-2022,1,49.0,West,75900.0,2022-05-21
6908,43.0,North,46400.0,37,"December 31, 2015",1,43.0,North,46400.0,2015-12-31
7783,40.0,West,"$147,800",22,"September 18, 2020",1,40.0,West,147800.0,2020-09-18
1808,42.0,,37400.0,19,07/13/2017,1,42.0,Unknown,37400.0,2017-07-13
5759,46.0,West,28300.0,13,14-Aug-2015,1,46.0,West,28300.0,2015-08-14
3561,51.0,N.,"$29,300",42,09/17/2021,1,51.0,North,29300.0,2021-09-17
8829,19.0,North,33000.0,17,"October 31, 2016",1,19.0,North,33000.0,2016-10-31
5144,56.0,East,78000.0,57,12/21/2021,1,56.0,East,78000.0,2021-12-21
1018,38.0,North,34000.0,31,2016-11-07,1,38.0,North,34000.0,2016-11-07
5994,38.0,North,67900.0,70,18-Jun-2022,0,38.0,North,67900.0,2022-06-18
1885,18.0,North,"$54,400",63,14-Mar-2021,0,18.0,North,54400.0,2021-03-14
2633,41.0,NORTH,58100.0,35,2016-06-13,1,41.0,North,58100.0,2016-06-13
6737,,West,"$143,800",32,2018-01-03,0,42.02803042831156,West,143800.0,2018-01-03
509,35.0,East,42900.0,29,2019-04-21,1,35.0,East,42900.0,2019-04-21
3917,38.0,North,70200.0,17,2021-05-03,1,38.0,North,70200.0,2021-05-03
11812,37.0,North,48200.0,59,"June 02, 2023",0,37.0,North,48200.0,2023-06-02
10273,35.0,north,"$52,400",50,15-Oct-2018,0,35.0,North,52400.0,2018-10-15
3713,40.0,East,122400.0,64,03-Oct-2022,1,40.0,East,122400.0,2022-10-03
9751,39.0,East,99700.0,15,09/09/2016,1,39.0,East,99700.0,2016-09-09
207,31.0,E.,43400.0,31,09/15/2017,0,31.0,East,43400.0,2017-09-15
3901,50.0,West,55100.0,49,"March 08, 2023",1,50.0,West,55100.0,2023-03-08
6084,28.0,West,66600.0,5,"May 04, 2020",1,28.0,West,66600.0,2020-05-04
5521,51.0,North,68100.0,25,10/08/2023,1,51.0,North,68100.0,2023-10-08
8285,51.0,West,31100.0,24,19-Oct-2017,1,51.0,West,31100.0,2017-10-19
2167,79.0,SOUTH,77500.0,50,2024-08-11,1,79.0,South,77500.0,2024-08-11
5178,60.0,east,64000.0,51,05/09/2023,0,60.0,East,64000.0,2023-05-09
6038,49.0,East,"$45,600",20,"February 08, 2017",1,49.0,East,45600.0,2017-02-08
11281,39.0,South,"$42,900",86,06/09/2016,0,39.0,South,42900.0,2016-06-09
2804,29.0,E.,62400.0,13,"May 25, 2015",1,29.0,East,62400.0,2015-05-25
11140,47.0,S.,85900.0,55,2018-11-15,1,47.0,South,85900.0,2018-11-15
7170,65.0,north,"$15,000",66,2018-12-03,1,65.0,North,15000.0,2018-12-03
5649,21.0,North,48900.0,69,05/22/2021,1,21.0,North,48900.0,2021-05-22
1878,66.0,East,54300.0,70,08-Jan-2017,1,66.0,East,54300.0,2017-01-08
881,45.0,East,42100.0,59,"June 07, 2022",1,45.0,East,42100.0,2022-06-07
6707,36.0, North,36800.0,38,04/06/2020,0,36.0,North,36800.0,2020-04-06
4822,33.0,East,"$44,000",45,,0,33.0,East,44000.0,
4199,18.0,South,"$36,900",20,2021-05-11,0,18.0,South,36900.0,2021-05-11
9531,45.0,North,15000.0,25,19-Dec-2021,1,45.0,North,15000.0,2021-12-19
1358,35.0,West,26800.0,46,31-May-2018,0,35.0,West,26800.0,2018-05-31
10426,,West,86900.0,24,2024-10-01,1,42.02803042831156,West,86900.0,2024-10-01
6734,24.0,South,103500.0,13,"February 26, 2018",0,24.0,South,103500.0,2018-02-26
2276,18.0,South,63800.0,39,2019-02-03,1,18.0,South,63800.0,2019-02-03
10493,27.0,South,49400.0,56,04/24/2020,0,27.0,South,49400.0,2020-04-24
8590,18.0,West,82800.0,17,12/03/2020,1,18.0,West,82800.0,2020-12-03
3386,48.0,East,92000.0,13,2021-09-24,1,48.0,East,92000.0,2021-09-24
5348,61.0,South,18400.0,40,"April 11, 2020",1,61.0,South,18400.0,2020-04-11
4386,37.0,west,22100.0,11,"September 17, 2024",1,37.0,West,22100.0,2024-09-17
3460,52.0,North,24800.0,31,04/20/2018,0,52.0,North,24800.0,2018-04-20
683,58.0,East,60400.0,17,2024-02-01,0,58.0,East,60400.0,2024-02-01
10854,39.0,West,"$40,500",41,07/25/2022,1,39.0,West,40500.0,2022-07-25
2891,31.0,East,175500.0,10,,1,31.0,East,175500.0,
87,36.0,North,70600.0,48,25-Jul-2018,1,36.0,North,70600.0,2018-07-25
5258,26.0,East,44500.0,69,2018-01-18,1,26.0,East,44500.0,2018-01-18
6242,42.0,West,"$52,800",28,"March 30, 2021",0,42.0,West,52800.0,2021-03-30
6541,22.0,south ,53400.0,4,"February 21, 2016",1,22.0,South,53400.0,2016-02-21
4015,44.0,SOUTH,49800.0,37,04/26/2017,1,44.0,South,49800.0,2017-04-26
9489,47.0,north,28600.0,22,11/29/2022,1,47.0,North,28600.0,2022-11-29
11424,24.0,West,96200.0,75,05/02/2020,1,24.0,West,96200.0,2020-05-02
9287,41.0,Unknown,33300.0,61,"February 24, 2017",1,41.0,Unknown,33300.0,2017-02-24
751,42.0,North,36700.0,51,2024-02-12,1,42.0,North,36700.0,2024-02-12
4453,25.0, North,20500.0,52,2017-03-06,1,25.0,North,20500.0,2017-03-06
8342,42.0,NORTH,"$26,000",64,2018-02-16,1,42.0,North,26000.0,2018-02-16
3925,42.0,SOUTH,45800.0,61,10-Jan-2020,1,42.0,South,45800.0,2020-01-10
11930,29.0,west,70500.0,18,07-Jan-2024,0,29.0,West,70500.0,2024-01-07
1246,43.0,South,86900.0,69,25-Apr-2020,0,43.0,South,86900.0,2020-04-25
10208,63.0,North,53500.0,40,22-Jun-2024,1,63.0,North,53500.0,2024-06-22
7103,49.0,North,38100.0,47,09-Feb-2017,1,49.0,North,38100.0,2017-02-09
5874,42.0,South,"$93,500",33,2024-11-24,1,42.0,South,93500.0,2024-11-24
11146,32.0,East,63400.0,64,23-Aug-2019,1,32.0,East,63400.0,2019-08-23
7354,43.0, North,75800.0,13,"August 20, 2023",1,43.0,North,75800.0,2023-08-20
11695,32.0,North,34300.0,13,05/28/2020,1,32.0,North,34300.0,2020-05-28
7839,46.0,south ,71400.0,5,06-Sep-2024,1,46.0,South,71400.0,2024-09-06
9459,37.0,North,34400.0,44,12/05/2021,1,37.0,North,34400.0,2021-12-05
3454,51.0, East ,48100.0,11,08/01/2023,1,51.0,East,48100.0,2023-08-01
10010,52.0,West,51500.0,32,06/26/2023,0,52.0,West,51500.0,2023-06-26
7450,42.0,South,115100.0,61,"November 05, 2016",0,42.0,South,115100.0,2016-11-05
1365,37.0,North,29300.0,87,"August 26, 2016",1,37.0,North,29300.0,2016-08-26
5182,41.0,West,41800.0,35,07/29/2017,1,41.0,West,41800.0,2017-07-29
6337,47.0,East,84500.0,29,"July 13, 2015",0,47.0,East,84500.0,2015-07-13
9963,50.0,North,22400.0,53,01/12/2018,1,50.0,North,22400.0,2018-01-12
3945,58.0,South,42800.0,8,06/21/2015,0,58.0,South,42800.0,2015-06-21
3751,38.0,North,74100.0,84,"February 14, 2020",0,38.0,North,74100.0,2020-02-14
6577,50.0,South,49700.0,48,26-Oct-2015,0,50.0,South,49700.0,2015-10-26
7950,59.0,East,57300.0,23,2017-12-27,1,59.0,East,57300.0,2017-12-27
9813,20.0,W. ,22700.0,81,2023-01-05,1,20.0,West,22700.0,2023-01-05
2076,25.0,North,41500.0,16,2023-07-20,0,25.0,North,41500.0,2023-07-20
3395,50.0,South,130400.0,103,"April 20, 2021",1,50.0,South,130400.0,2021-04-20
10905,51.0,NORTH,65400.0,17,2022-05-21,0,51.0,North,65400.0,2022-05-21
8965,67.0,W. ,42500.0,42,2017-03-12,1,67.0,West,42500.0,2017-03-12
11449,18.0,North,,36,2018-09-17,0,18.0,North,49400.0,2018-09-17
9926,52.0,East,96100.0,33,03-Oct-2017,1,52.0,East,96100.0,2017-10-03
6043,25.0,North,44300.0,20,"November 16, 2022",1,25.0,North,44300.0,2022-11-16
11517,30.0,South,"$27,000",90,10/25/2018,0,30.0,South,27000.0,2018-10-25
1720,25.0,East,32100.0,28,09-Feb-2019,0,25.0,East,32100.0,2019-02-09
2862,50.0,West,46400.0,79,10/22/2018,0,50.0,West,46400.0,2018-10-22
239,28.0,East,51300.0,28,2021-08-23,0,28.0,East,51300.0,2021-08-23
2353,42.0,East,"$73,600",25,"January 02, 2024",0,42.0,East,73600.0,2024-01-02
6125,38.0,South,69900.0,61,02-Oct-2016,1,38.0,South,69900.0,2016-10-02
7616,33.0,South,"$72,900",34,05-Feb-2024,1,33.0,South,72900.0,2024-02-05
10630,56.0,East,45100.0,33,30-Apr-2020,1,56.0,East,45100.0,2020-04-30
8514,34.0,south ,"$51,600",59,11-Feb-2021,0,34.0,South,51600.0,2021-02-11
323,57.0,South,49300.0,88,03/14/2018,0,57.0,South,49300.0,2018-03-14
8431,43.0, East ,51100.0,22,"April 07, 2020",1,43.0,East,51100.0,2020-04-07
5767,36.0,West,20500.0,15,"June 11, 2021",1,36.0,West,20500.0,2021-06-11
7609,66.0,North,64400.0,24,"January 03, 2024",1,66.0,North,64400.0,2024-01-03
9207,30.0,West,76500.0,41,12/31/2018,1,30.0,West,76500.0,2018-12-31
9365,18.0,East,135400.0,5,2023-03-15,1,18.0,East,135400.0,2023-03-15
9316,44.0,W. ,72700.0,37,03/30/2024,0,44.0,West,72700.0,2024-03-30
7994,24.0,North,33900.0,95,12/01/2015,1,24.0,North,33900.0,2015-12-01
1827,53.0,WEST,31900.0,50,2021-12-16,0,53.0,West,31900.0,2021-12-16
2376,18.0,North,146500.0,41,2022-05-22,1,18.0,North,146500.0,2022-05-22
11645,28.0,West,87100.0,17,18-May-2021,1,28.0,West,87100.0,2021-05-18
2156,50.0,North,130500.0,44,18-Jan-2024,1,50.0,North,130500.0,2024-01-18
7047,49.0,North,24800.0,75,02/22/2022,1,49.0,North,24800.0,2022-02-22
4627,35.0,East,"$23,800",31,2021-06-05,1,35.0,East,23800.0,2021-06-05
3916,39.0,South,16600.0,28,2019-02-10,1,39.0,South,16600.0,2019-02-10
7018,48.0,South,30700.0,19,10/13/2022,1,48.0,South,30700.0,2022-10-13
535,22.0,West,84000.0,35,20-Oct-2019,0,22.0,West,84000.0,2019-10-20
9808,54.0,West,75800.0,27,"February 05, 2016",1,54.0,West,75800.0,2016-02-05
10327,59.0,SOUTH,33800.0,59,14-Jan-2015,1,59.0,South,33800.0,2015-01-14
5945,58.0,South,112500.0,26,11/22/2021,0,58.0,South,112500.0,2021-11-22
2832,55.0,North,45600.0,42,2022-05-24,1,55.0,North,45600.0,2022-05-24
11723,34.0,North,"$75,900",15,"March 13, 2023",0,34.0,North,75900.0,2023-03-13
393,36.0,West,33300.0,22,17-Nov-2019,1,36.0,West,33300.0,2019-11-17
4262,57.0,East,28300.0,6,18-Sep-2019,0,57.0,East,28300.0,2019-09-18
3594,48.0,South,27200.0,21,15-Oct-2015,0,48.0,South,27200.0,2015-10-15
10787,37.0, North,56900.0,20,"April 11, 2021",1,37.0,North,56900.0,2021-04-11
2000,71.0,North,51500.0,85,2024-11-17,1,71.0,North,51500.0,2024-11-17
5358,41.0,south ,36100.0,7,15-Sep-2021,1,41.0,South,36100.0,2021-09-15
7709,35.0,North,57500.0,107,2022-10-14,1,35.0,North,57500.0,2022-10-14
11744,47.0,South,58200.0,24,2024-05-22,1,47.0,South,58200.0,2024-05-22
10989,46.0,W. ,134200.0,43,"March 28, 2015",1,46.0,West,134200.0,2015-03-28
4377,22.0,S.,,11,31-May-2018,1,22.0,South,49400.0,2018-05-31
1027,18.0,North,30000.0,20,08-Feb-2015,0,18.0,North,30000.0,2015-02-08
4654,36.0,South,55600.0,33,03/17/2024,0,36.0,South,55600.0,2024-03-17
3512,24.0,West,63300.0,22,2024-09-12,1,24.0,West,63300.0,2024-09-12
11192,34.0,west,,11,"October 30, 2019",1,34.0,West,49400.0,2019-10-30
2157,46.0,East,44000.0,119,24-Jul-2016,1,46.0,East,44000.0,2016-07-24
9558,40.0,South,32800.0,32,2019-04-10,0,40.0,South,32800.0,2019-04-10
4755,65.0,South,83800.0,31,01/17/2017,1,65.0,South,83800.0,2017-01-17
1801,41.0,Unknown,16300.0,84,03/29/2015,0,41.0,Unknown,16300.0,2015-03-29
1017,43.0,North,,76,07/17/2020,0,43.0,North,49400.0,2020-07-17
11516,43.0,North,30700.0,2,09/05/2018,1,43.0,North,30700.0,2018-09-05
9337,43.0, North,85700.0,21,29-Jul-2018,1,43.0,North,85700.0,2018-07-29
3539,,north,25600.0,46,"October 12, 2022",1,42.02803042831156,North,25600.0,2022-10-12
10948,41.0,North,59700.0,30,"November 09, 2015",1,41.0,North,59700.0,2015-11-09
9908,58.0,West,"$51,300",55,12-Jul-2015,1,58.0,West,51300.0,2015-07-12
10086,19.0,North,80100.0,52,13-Apr-2019,1,19.0,North,80100.0,2019-04-13
5578,36.0,east,87600.0,61,05/10/2021,1,36.0,East,87600.0,2021-05-10
7685,32.0,S.,55000.0,34,10/23/2018,1,32.0,South,55000.0,2018-10-23
3824,39.0,West,92500.0,22,01-May-2017,1,39.0,West,92500.0,2017-05-01
3817,41.0,South,26000.0,15,12/27/2021,1,41.0,South,26000.0,2021-12-27
3452,51.0,South,113900.0,51,2019-04-03,0,51.0,South,113900.0,2019-04-03
263,45.0,North,49600.0,49,"June 08, 2017",1,45.0,North,49600.0,2017-06-08
7080,46.0,North,29600.0,9,"October 13, 2017",0,46.0,North,29600.0,2017-10-13
10742,40.0,East,29200.0,57,"August 18, 2017",1,40.0,East,29200.0,2017-08-18
847,83.0,west,53200.0,32,28-Aug-2015,1,83.0,West,53200.0,2015-08-28
4876,36.0,West,37400.0,93,2015-11-07,1,36.0,West,37400.0,2015-11-07
1491,34.0,,58600.0,38,06/01/2015,0,34.0,Unknown,58600.0,2015-06-01
6153,27.0,South,72500.0,27,2022-05-03,0,27.0,South,72500.0,2022-05-03
4354,23.0,East,32300.0,103,"July 15, 2015",1,23.0,East,32300.0,2015-07-15
5493,39.0,East,28200.0,42,2020-01-04,0,39.0,East,28200.0,2020-01-04
3591,41.0,S.,23800.0,34,"September 10, 2016",1,41.0,South,23800.0,2016-09-10
5028,40.0,SOUTH,67300.0,43,25-May-2017,1,40.0,South,67300.0,2017-05-25
10090,30.0,East,50000.0,45,2024-04-21,1,30.0,East,50000.0,2024-04-21
2064,47.0,W. ,31300.0,34,10/01/2015,1,47.0,West,31300.0,2015-10-01
4087,31.0,SOUTH,69000.0,39,2023-08-08,1,31.0,South,69000.0,2023-08-08
1239,50.0,East,107100.0,3,"March 19, 2016",0,50.0,East,107100.0,2016-03-19
2798,39.0,East,"$50,800",5,"September 13, 2019",1,39.0,East,50800.0,2019-09-13
5108,37.0,West,30800.0,11,09/15/2021,1,37.0,West,30800.0,2021-09-15
1147,48.0,South,28300.0,30,15-Apr-2024,1,48.0,South,28300.0,2024-04-15
1643,18.0,East,"$44,900",62,"December 27, 2016",1,18.0,East,44900.0,2016-12-27
3344,52.0,North,49600.0,92,03/02/2020,1,52.0,North,49600.0,2020-03-02
8682,51.0,South,46800.0,54,11/12/2019,0,51.0,South,46800.0,2019-11-12
5483,42.0,North,68800.0,36,06-Sep-2016,1,42.0,North,68800.0,2016-09-06
3894,28.0,E.,131400.0,28,23-Feb-2017,1,28.0,East,131400.0,2017-02-23
354,53.0,S.,57200.0,46,04-Mar-2017,1,53.0,South,57200.0,2017-03-04
8900,31.0,West,65800.0,42,26-Mar-2019,1,31.0,West,65800.0,2019-03-26
8615,43.0,North,42500.0,68,14-Sep-2016,0,43.0,North,42500.0,2016-09-14
3668,28.0,NORTH,126600.0,26,02/09/2024,1,28.0,North,126600.0,2024-02-09
11050,46.0,West,59000.0,58,07-Jun-2019,1,46.0,West,59000.0,2019-06-07
5383,33.0,E.,108900.0,18,2019-09-29,1,33.0,East,108900.0,2019-09-29
4390,63.0,West,54100.0,35,2020-07-01,0,63.0,West,54100.0,2020-07-01
8282,39.0,East,42800.0,22,03/03/2017,1,39.0,East,42800.0,2017-03-03
8528,74.0,North,,34,09/02/2023,1,74.0,North,49400.0,2023-09-02
9840,49.0,South,70800.0,20,"October 04, 2018",1,49.0,South,70800.0,2018-10-04
4951,57.0,East,42800.0,9,2021-03-09,1,57.0,East,42800.0,2021-03-09
11041,28.0,East,60000.0,102,10-May-2021,1,28.0,East,60000.0,2021-05-10
3487,52.0,West,"$96,400",93,"April 15, 2021",1,52.0,West,96400.0,2021-04-15
1454,37.0,west,46000.0,24,"May 07, 2024",1,37.0,West,46000.0,2024-05-07
6682,22.0,South,36500.0,63,29-May-2015,1,22.0,South,36500.0,2015-05-29
1698,73.0,South,47700.0,51,"September 05, 2016",1,73.0,South,47700.0,2016-09-05
9376,47.0,S.,"$38,600",27,02-Jan-2021,1,47.0,South,38600.0,2021-01-02
10094,35.0,East,48000.0,44,22-Jan-2023,1,35.0,East,48000.0,2023-01-22
862,23.0, East ,29000.0,47,27-May-2017,1,23.0,East,29000.0,2017-05-27
5243,52.0,North,185100.0,5,"April 03, 2017",1,52.0,North,185100.0,2017-04-03
9639,28.0,North,"$22,800",34,05-Oct-2023,0,28.0,North,22800.0,2023-10-05
11623,, East ,140700.0,98,2024-04-14,0,42.02803042831156,East,140700.0,2024-04-14
10457,54.0,West,47700.0,36,11-Jan-2019,1,54.0,West,47700.0,2019-01-11
3663,36.0,West,66700.0,22,12/23/2016,1,36.0,West,66700.0,2016-12-23
2430,66.0,North,,115,01/14/2024,1,66.0,North,49400.0,2024-01-14
6412,43.0,North,75900.0,57,"December 14, 2021",1,43.0,North,75900.0,2021-12-14
6576,41.0,South,55300.0,74,05/05/2015,0,41.0,South,55300.0,2015-05-05
5234,69.0,East,76000.0,16,"July 17, 2017",1,69.0,East,76000.0,2017-07-17
10796,26.0,North,26200.0,75,,1,26.0,North,26200.0,
9619,24.0,E.,50000.0,25,22-Aug-2017,1,24.0,East,50000.0,2017-08-22
1906,27.0, North,53300.0,21,2023-03-17,1,27.0,North,53300.0,2023-03-17
4722,30.0,East,60800.0,119,04-Jul-2017,1,30.0,East,60800.0,2017-07-04
8287,29.0,East,24500.0,16,08-Aug-2020,1,29.0,East,24500.0,2020-08-08
3399,18.0,West,40800.0,39,"December 17, 2016",1,18.0,West,40800.0,2016-12-17
8982,45.0,North,68900.0,19,"October 26, 2017",1,45.0,North,68900.0,2017-10-26
9114,38.0,South,53400.0,109,2017-03-19,1,38.0,South,53400.0,2017-03-19
4901,18.0,E.,"$86,400",40,"May 10, 2022",0,18.0,East,86400.0,2022-05-10
511,22.0,North,"$115,600",16,"November 29, 2019",0,22.0,North,115600.0,2019-11-29
9757,32.0,West,24700.0,66,2016-07-12,0,32.0,West,24700.0,2016-07-12
10013,47.0,West,"$41,100",31,11/25/2016,1,47.0,West,41100.0,2016-11-25
10553,46.0,East,"$60,000",45,"October 24, 2016",0,46.0,East,60000.0,2016-10-24
11348,38.0,South,50800.0,37,"September 12, 2016",0,38.0,South,50800.0,2016-09-12
7123,21.0,East,144600.0,81,2019-11-04,1,21.0,East,144600.0,2019-11-04
8128,59.0,East,146900.0,2,"April 08, 2019",1,59.0,East,146900.0,2019-04-08
11396,43.0,NORTH,"$40,900",9,12-Oct-2016,0,43.0,North,40900.0,2016-10-12
9122,18.0,West,79200.0,89,04-Oct-2024,1,18.0,West,79200.0,2024-10-04
2556,37.0,West,50600.0,37,03-Dec-2020,1,37.0,West,50600.0,2020-12-03
10709,49.0,East,25500.0,48,"May 05, 2020",1,49.0,East,25500.0,2020-05-05
3899,34.0,East,49200.0,21,2022-01-19,0,34.0,East,49200.0,2022-01-19
2147,30.0,West,53100.0,14,2018-11-12,0,30.0,West,53100.0,2018-11-12
10185,27.0,N.,55700.0,54,"August 18, 2018",1,27.0,North,55700.0,2018-08-18
4549,44.0,South,116100.0,12,12/19/2024,1,44.0,South,116100.0,2024-12-19
3247,31.0,North,65000.0,47,16-May-2020,1,31.0,North,65000.0,2020-05-16
6812,36.0,West,56100.0,21,2017-09-16,1,36.0,West,56100.0,2017-09-16
11074,62.0,West,54000.0,21,09/28/2017,1,62.0,West,54000.0,2017-09-28
6397,57.0,West,81600.0,69,07/22/2024,1,57.0,West,81600.0,2024-07-22
9349,,NORTH,15800.0,24,24-Aug-2019,1,42.02803042831156,North,15800.0,2019-08-24
1550,47.0,NORTH,43400.0,32,2015-12-14,1,47.0,North,43400.0,2015-12-14
7844,32.0,east,60500.0,46,2015-12-29,1,32.0,East,60500.0,2015-12-29
7845,54.0,North,74700.0,30,05/24/2017,1,54.0,North,74700.0,2017-05-24
9549,31.0,North,48200.0,63,"October 06, 2015",1,31.0,North,48200.0,2015-10-06
9383,46.0,West,49500.0,33,01/06/2017,1,46.0,West,49500.0,2017-01-06
9006,77.0,West,69700.0,88,20-Dec-2021,1,77.0,West,69700.0,2021-12-20
10117,53.0,East,15000.0,125,11-Jan-2022,1,53.0,East,15000.0,2022-01-11
2287,51.0,WEST,136600.0,99,27-Aug-2020,1,51.0,West,136600.0,2020-08-27
6182,53.0,South,54900.0,37,11/06/2022,1,53.0,South,54900.0,2022-11-06
9474,57.0,East,68300.0,8,"April 16, 2023",1,57.0,East,68300.0,2023-04-16
4557,47.0,West,"$39,700",42,"January 06, 2019",1,47.0,West,39700.0,2019-01-06
6183,18.0,S.,30700.0,38,"January 01, 2022",1,18.0,South,30700.0,2022-01-01
10552,49.0, North,52000.0,56,2022-07-14,1,49.0,North,52000.0,2022-07-14
2881,46.0,South,"$47,700",46,2023-04-12,1,46.0,South,47700.0,2023-04-12
11097,45.0,North,53200.0,48,05-Aug-2018,1,45.0,North,53200.0,2018-08-05
9313,29.0,North,70900.0,87,2015-09-16,0,29.0,North,70900.0,2015-09-16
10335,44.0,South,68100.0,51,07/25/2024,1,44.0,South,68100.0,2024-07-25
4801,42.0,South,76400.0,54,"September 19, 2021",0,42.0,South,76400.0,2021-09-19
9895,50.0,North,37500.0,16,2017-12-21,0,50.0,North,37500.0,2017-12-21
8960,25.0,East,"$49,900",57,04/15/2018,1,25.0,East,49900.0,2018-04-15
4653,48.0,South,116400.0,36,02/20/2017,1,48.0,South,116400.0,2017-02-20
5834,31.0,E.,28900.0,87,08/09/2020,1,31.0,East,28900.0,2020-08-09
10776,54.0,East,21900.0,32,2022-10-26,1,54.0,East,21900.0,2022-10-26
994,59.0,S.,86900.0,59,2019-05-08,1,59.0,South,86900.0,2019-05-08
8585,41.0,North,45700.0,16,2017-12-05,0,41.0,North,45700.0,2017-12-05
1055,24.0,South,36600.0,24,2016-01-02,1,24.0,South,36600.0,2016-01-02
4797,47.0,North,67900.0,74,2015-04-23,1,47.0,North,67900.0,2015-04-23
10638,65.0,West,"$29,000",77,12/29/2022,1,65.0,West,29000.0,2022-12-29
11254,57.0,east,49800.0,61,09/03/2019,0,57.0,East,49800.0,2019-09-03
4888,63.0,East,51400.0,23,2018-12-29,1,63.0,East,51400.0,2018-12-29
2999,53.0,,29900.0,79,"October 14, 2016",1,53.0,Unknown,29900.0,2016-10-14
5136,38.0,East,49400.0,104,"December 26, 2017",1,38.0,East,49400.0,2017-12-26
8629,40.0,south ,36600.0,23,"June 01, 2024",0,40.0,South,36600.0,2024-06-01
791,32.0,east,39100.0,108,"April 18, 2017",1,32.0,East,39100.0,2017-04-18
9156,45.0,W. ,"$17,100",28,"May 05, 2022",1,45.0,West,17100.0,2022-05-05
935,46.0,East,"$18,000",63,01/30/2016,1,46.0,East,18000.0,2016-01-30
9281,26.0,E.,"$33,300",17,01-Jan-2018,1,26.0,East,33300.0,2018-01-01
11228,39.0,E.,68300.0,93,2019-10-01,0,39.0,East,68300.0,2019-10-01
4003,46.0,North,41200.0,10,31-Aug-2019,1,46.0,North,41200.0,2019-08-31
1784,29.0,North,34300.0,22,18-Aug-2021,1,29.0,North,34300.0,2021-08-18
1427,53.0,East,39600.0,23,2023-08-07,0,53.0,East,39600.0,2023-08-07
1735,35.0,North,51000.0,40,16-Feb-2018,1,35.0,North,51000.0,2018-02-16
701,56.0,West,81800.0,34,"October 03, 2021",0,56.0,West,81800.0,2021-10-03
3873,36.0,South,,80,2015-07-30,0,36.0,South,49400.0,2015-07-30
9784,34.0,South,75100.0,70,"October 31, 2024",1,34.0,South,75100.0,2024-10-31
4938,20.0,West,"$107,400",18,20-Feb-2024,1,20.0,West,107400.0,2024-02-20
345,63.0,North,18700.0,41,12/03/2020,1,63.0,North,18700.0,2020-12-03
4798,53.0,East,60400.0,71,"June 15, 2022",1,53.0,East,60400.0,2022-06-15
10587,31.0,East,95400.0,26,21-Jul-2016,0,31.0,East,95400.0,2016-07-21
11841,44.0,North,83400.0,9,29-Nov-2016,1,44.0,North,83400.0,2016-11-29
7592,57.0,S.,74500.0,20,"September 19, 2020",1,57.0,South,74500.0,2020-09-19
1082,40.0,West,42800.0,45,01-Dec-2015,0,40.0,West,42800.0,2015-12-01
3645,38.0,West,46800.0,26,07/02/2021,1,38.0,West,46800.0,2021-07-02
1044,43.0,North,34900.0,75,23-Jun-2016,1,43.0,North,34900.0,2016-06-23
3038,41.0,North,203700.0,18,12/15/2016,0,41.0,North,203700.0,2016-12-15
2903,55.0,East,85500.0,55,2020-12-16,1,55.0,East,85500.0,2020-12-16
11977,40.0,West,23400.0,14,"August 03, 2018",1,40.0,West,23400.0,2018-08-03
8873,18.0,SOUTH,50400.0,73,15-May-2023,0,18.0,South,50400.0,2023-05-15
3858,42.0,west,"$46,100",35,2020-07-11,1,42.0,West,46100.0,2020-07-11
7274,48.0,west,84900.0,27,10/24/2020,1,48.0,West,84900.0,2020-10-24
3766,,South,"$50,800",79,03/17/2022,1,42.02803042831156,South,50800.0,2022-03-17
324,52.0,North,67800.0,122,03/29/2018,1,52.0,North,67800.0,2018-03-29
11422,31.0,West,52500.0,12,"March 14, 2022",1,31.0,West,52500.0,2022-03-14
5109,39.0,East,105900.0,36,24-Jan-2019,1,39.0,East,105900.0,2019-01-24
3897,24.0,East,44600.0,32,2021-02-09,1,24.0,East,44600.0,2021-02-09
5662,45.0,South,103600.0,29,13-Feb-2017,0,45.0,South,103600.0,2017-02-13
5990,36.0,East,78300.0,39,10/08/2015,1,36.0,East,78300.0,2015-10-08
2269,18.0,E.,65600.0,20,06/30/2019,1,18.0,East,65600.0,2019-06-30
2221,43.0,North,22000.0,29,12/17/2018,1,43.0,North,22000.0,2018-12-17
9479,75.0, North,"$106,800",4,"May 25, 2024",1,75.0,North,106800.0,2024-05-25
4045,29.0,E.,48700.0,73,2018-07-26,1,29.0,East,48700.0,2018-07-26
6373,36.0,East,39200.0,18,"January 15, 2022",0,36.0,East,39200.0,2022-01-15
6150,59.0,south ,176300.0,66,"July 23, 2021",0,59.0,South,176300.0,2021-07-23
3778,48.0,north,44900.0,33,11-Feb-2017,1,48.0,North,44900.0,2017-02-11
1879,61.0,West,"$67,200",33,"October 19, 2020",1,61.0,West,67200.0,2020-10-19
7442,36.0,North,37100.0,33,2021-07-02,1,36.0,North,37100.0,2021-07-02
2751,47.0,East,"$54,400",15,06/18/2024,1,47.0,East,54400.0,2024-06-18
8733,46.0,West,"$64,400",48,03/28/2016,1,46.0,West,64400.0,2016-03-28
720,29.0,East,38500.0,53,2019-04-17,1,29.0,East,38500.0,2019-04-17
5570,45.0,west,"$37,200",83,07-Jun-2024,1,45.0,West,37200.0,2024-06-07
1176,21.0,east,29600.0,11,02-Sep-2018,1,21.0,East,29600.0,2018-09-02
4713,56.0,N.,31300.0,13,04/02/2024,1,56.0,North,31300.0,2024-04-02
10546,29.0,South,46300.0,30,14-Oct-2015,1,29.0,South,46300.0,2015-10-14
7683,40.0,East,51600.0,80,11-Feb-2017,1,40.0,East,51600.0,2017-02-11
10912,47.0,S.,,15,17-Apr-2024,0,47.0,South,49400.0,2024-04-17
9151,43.0,N.,85600.0,23,23-Jul-2015,0,43.0,North,85600.0,2015-07-23
6784,62.0,North,18700.0,33,2015-02-14,1,62.0,North,18700.0,2015-02-14
11784,45.0,WEST,,41,"November 04, 2020",1,45.0,West,49400.0,2020-11-04
9039,29.0,West,37000.0,46,02/04/2022,1,29.0,West,37000.0,2022-02-04
3877,,North,35800.0,24,"June 25, 2022",0,42.02803042831156,North,35800.0,2022-06-25
8575,18.0,South,45000.0,53,"March 16, 2018",1,18.0,South,45000.0,2018-03-16
778,47.0,East,49100.0,13,05-Jul-2018,1,47.0,East,49100.0,2018-07-05
2428,35.0,South,33800.0,33,"November 18, 2016",1,35.0,South,33800.0,2016-11-18
5276,18.0,North,33200.0,19,12/11/2017,1,18.0,North,33200.0,2017-12-11
6433,39.0,East,69800.0,68,24-Aug-2019,1,39.0,East,69800.0,2019-08-24
11173,46.0,NORTH,35500.0,43,10/12/2022,1,46.0,North,35500.0,2022-10-12
11161,40.0,East,52900.0,52,"August 21, 2022",1,40.0,East,52900.0,2022-08-21
1386,43.0,North,64500.0,65,"November 24, 2022",1,43.0,North,64500.0,2022-11-24
5084,39.0,North,52500.0,12,12/23/2021,1,39.0,North,52500.0,2021-12-23
433,40.0,South,75200.0,65,01-Jan-2024,1,40.0,South,75200.0,2024-01-01
1402,38.0,,21500.0,44,18-Mar-2020,1,38.0,Unknown,21500.0,2020-03-18
2637,38.0,west,30200.0,22,"February 19, 2017",1,38.0,West,30200.0,2017-02-19
6606,25.0,east,52800.0,24,09-Dec-2020,1,25.0,East,52800.0,2020-12-09
2474,50.0,North,58300.0,32,2022-03-01,1,50.0,North,58300.0,2022-03-01
451,40.0,South,31700.0,4,"June 24, 2023",1,40.0,South,31700.0,2023-06-24
5632,62.0,east,73800.0,28,07-Oct-2024,1,62.0,East,73800.0,2024-10-07
9409,62.0,East,36500.0,9,"November 05, 2024",1,62.0,East,36500.0,2024-11-05
11552,39.0,South,"$29,800",15,"May 12, 2019",0,39.0,South,29800.0,2019-05-12
6920,25.0,south ,46500.0,61,"November 28, 2024",1,25.0,South,46500.0,2024-11-28
4159,56.0,East,93400.0,70,2022-12-10,1,56.0,East,93400.0,2022-12-10
2894,33.0,South,43600.0,5,25-Sep-2024,1,33.0,South,43600.0,2024-09-25
3274,37.0,East,27400.0,70,05/26/2022,1,37.0,East,27400.0,2022-05-26
8133,25.0,East,66700.0,17,"August 01, 2015",1,25.0,East,66700.0,2015-08-01
8903,23.0,NORTH,"$49,900",21,"July 28, 2023",1,23.0,North,49900.0,2023-07-28
6666,39.0,S.,"$55,000",34,08/21/2017,1,39.0,South,55000.0,2017-08-21
6253,55.0,East,82400.0,12,04/02/2017,1,55.0,East,82400.0,2017-04-02
2566,30.0,West,88500.0,19,27-Aug-2016,0,30.0,West,88500.0,2016-08-27
5805,38.0,East,28400.0,34,02/28/2020,0,38.0,East,28400.0,2020-02-28
4074,60.0,South,95200.0,71,07/04/2022,1,60.0,South,95200.0,2022-07-04
2697,48.0,West,92700.0,14,11-Feb-2018,0,48.0,West,92700.0,2018-02-11
3421,42.0,East,131500.0,31,02-Jun-2016,0,42.0,East,131500.0,2016-06-02
418,59.0,south ,101100.0,55,"May 10, 2018",1,59.0,South,101100.0,2018-05-10
8294,44.0,NORTH,45100.0,52,"June 07, 2024",1,44.0,North,45100.0,2024-06-07
2747,56.0,east,153300.0,46,"March 26, 2019",1,56.0,East,153300.0,2019-03-26
10614,38.0,east,38100.0,58,10-Jan-2019,1,38.0,East,38100.0,2019-01-10
6147,35.0,North,46300.0,43,2018-02-22,0,35.0,North,46300.0,2018-02-22
5718,36.0,South,36600.0,33,2022-03-24,1,36.0,South,36600.0,2022-03-24
7737,56.0,North,33900.0,38,"September 10, 2021",1,56.0,North,33900.0,2021-09-10
3235,36.0,South,52900.0,91,02-Jun-2021,1,36.0,South,52900.0,2021-06-02
4854,19.0,North,47200.0,91,02/25/2023,0,19.0,North,47200.0,2023-02-25
10629,27.0,East,43700.0,28,08/13/2020,0,27.0,East,43700.0,2020-08-13
11311,48.0,N.,44100.0,17,"January 10, 2017",1,48.0,North,44100.0,2017-01-10
9892,46.0,West,"$32,900",7,14-Jan-2022,1,46.0,West,32900.0,2022-01-14
3378,38.0,North,35400.0,58,"February 12, 2019",1,38.0,North,35400.0,2019-02-12
1040,51.0,South,151800.0,34,07/29/2020,1,51.0,South,151800.0,2020-07-29
11207,23.0,North,45000.0,77,"June 16, 2016",0,23.0,North,45000.0,2016-06-16
2852,61.0,East,73300.0,11,20-Apr-2017,0,61.0,East,73300.0,2017-04-20
2118,43.0,North,46700.0,41,"March 06, 2015",1,43.0,North,46700.0,2015-03-06
9758,65.0,South,40100.0,24,03/30/2020,1,65.0,South,40100.0,2020-03-30
10913,65.0,East,80100.0,48,12/30/2023,1,65.0,East,80100.0,2023-12-30
6017,55.0,W. ,52900.0,80,2019-04-03,0,55.0,West,52900.0,2019-04-03
11832,18.0,south ,49900.0,6,10-Aug-2024,1,18.0,South,49900.0,2024-08-10
9705,49.0,South,33100.0,26,08-Jan-2021,1,49.0,South,33100.0,2021-01-08
5534,44.0,West,88800.0,6,2020-07-14,1,44.0,West,88800.0,2020-07-14
11986,39.0,East,56900.0,37,18-May-2018,1,39.0,East,56900.0,2018-05-18
9938,52.0,East,64200.0,29,2021-01-29,1,52.0,East,64200.0,2021-01-29
4445,43.0,South,33400.0,13,"November 12, 2017",1,43.0,South,33400.0,2017-11-12
3812,38.0,East,60500.0,77,09-Mar-2018,1,38.0,East,60500.0,2018-03-09
10737,44.0,West,44200.0,44,"May 16, 2024",1,44.0,West,44200.0,2024-05-16
9700,64.0,South,28000.0,44,09/28/2017,1,64.0,South,28000.0,2017-09-28
2928,46.0,South,"$41,900",28,"July 28, 2024",1,46.0,South,41900.0,2024-07-28
8367,35.0,West,86400.0,46,2022-08-09,1,35.0,West,86400.0,2022-08-09
5362,44.0,West,"$72,300",55,2022-12-15,0,44.0,West,72300.0,2022-12-15
3975,33.0,South,48900.0,40,"March 01, 2020",1,33.0,South,48900.0,2020-03-01
1834,47.0,West,46400.0,26,"September 16, 2017",1,47.0,West,46400.0,2017-09-16
1943,26.0,North,27600.0,43,2016-01-16,1,26.0,North,27600.0,2016-01-16
5510,48.0,West,71500.0,64,26-Apr-2023,0,48.0,West,71500.0,2023-04-26
8852,48.0,NORTH,"$68,100",85,04/21/2020,1,48.0,North,68100.0,2020-04-21
8147,41.0,West,38400.0,7,2020-04-10,1,41.0,West,38400.0,2020-04-10
5197,43.0,East,114900.0,6,11/02/2024,0,43.0,East,114900.0,2024-11-02
2242,32.0,West,"$105,600",75,"March 18, 2018",0,32.0,West,105600.0,2018-03-18
3662,47.0,South,34300.0,12,25-Jan-2018,1,47.0,South,34300.0,2018-01-25
10309,24.0, East ,41600.0,5,"October 14, 2020",0,24.0,East,41600.0,2020-10-14
702,39.0,South,"$69,700",27,"June 01, 2021",1,39.0,South,69700.0,2021-06-01
2427,69.0,East,24200.0,69,2017-11-08,1,69.0,East,24200.0,2017-11-08
134,39.0,West,"$38,100",65,"April 09, 2022",1,39.0,West,38100.0,2022-04-09
4926,57.0,W. ,131200.0,33,"January 30, 2016",0,57.0,West,131200.0,2016-01-30
6831,39.0,East,44100.0,146,11-Apr-2018,1,39.0,East,44100.0,2018-04-11
3342,52.0,East,40500.0,32,"January 26, 2019",0,52.0,East,40500.0,2019-01-26
6370,63.0,WEST,84400.0,26,"December 25, 2016",0,63.0,West,84400.0,2016-12-25
10056,42.0,North,33000.0,12,"December 02, 2018",0,42.0,North,33000.0,2018-12-02
2471,36.0,South,"$64,900",14,11/02/2023,1,36.0,South,64900.0,2023-11-02
271,33.0,south ,"$43,700",49,12/06/2022,1,33.0,South,43700.0,2022-12-06
6519,47.0,South,39400.0,23,2019-07-03,1,47.0,South,39400.0,2019-07-03
7337,64.0,South,55200.0,34,11/03/2022,1,64.0,South,55200.0,2022-11-03
8812,66.0,North,"$64,300",37,2024-01-07,1,66.0,North,64300.0,2024-01-07
1399,49.0,North,18100.0,66,"May 01, 2019",1,49.0,North,18100.0,2019-05-01
11588,32.0,east,143300.0,54,2017-10-09,0,32.0,East,143300.0,2017-10-09
9961,42.0,West,48100.0,34,2019-04-25,0,42.0,West,48100.0,2019-04-25
4740,41.0,West,91000.0,48,"June 22, 2018",1,41.0,West,91000.0,2018-06-22
10026,35.0,E.,48100.0,43,2022-12-13,1,35.0,East,48100.0,2022-12-13
7743,18.0,WEST,41000.0,21,,1,18.0,West,41000.0,
6327,40.0,West,64600.0,51,26-Jun-2019,1,40.0,West,64600.0,2019-06-26
9230,37.0,South,54500.0,14,"January 17, 2020",1,37.0,South,54500.0,2020-01-17
6642,39.0,WEST,37600.0,64,07/23/2021,1,39.0,West,37600.0,2021-07-23
7000,48.0,West,73700.0,20,22-Apr-2020,1,48.0,West,73700.0,2020-04-22
11512,59.0, North,23700.0,15,2020-10-29,1,59.0,North,23700.0,2020-10-29
2867,49.0,West,"$74,200",32,20-Oct-2019,1,49.0,West,74200.0,2019-10-20
1840,30.0,North,37500.0,18,2023-12-05,1,30.0,North,37500.0,2023-12-05
1020,50.0,North,"$50,700",66,2019-01-12,1,50.0,North,50700.0,2019-01-12
6070,29.0,North,68700.0,31,17-Mar-2021,1,29.0,North,68700.0,2021-03-17
5988,36.0,South,34800.0,23,24-Aug-2024,1,36.0,South,34800.0,2024-08-24
2611,20.0,South,42600.0,47,2024-02-02,1,20.0,South,42600.0,2024-02-02
7099,40.0,Unknown,77600.0,19,2018-03-03,1,40.0,Unknown,77600.0,2018-03-03
7631,55.0,East,41400.0,18,2022-12-22,1,55.0,East,41400.0,2022-12-22
961,63.0,WEST,35100.0,43,2016-01-30,0,63.0,West,35100.0,2016-01-30
9830,37.0,east,104200.0,14,17-May-2019,1,37.0,East,104200.0,2019-05-17
11024,67.0,West,17600.0,43,20-Sep-2020,1,67.0,West,17600.0,2020-09-20
9769,47.0,W. ,75300.0,131,2017-09-04,1,47.0,West,75300.0,2017-09-04
6201,61.0,East,"$22,700",25,2015-12-30,0,61.0,East,22700.0,2015-12-30
7413,36.0,West,35900.0,44,01/18/2017,0,36.0,West,35900.0,2017-01-18
11222,58.0,West,29700.0,58,13-Feb-2024,1,58.0,West,29700.0,2024-02-13
3391,28.0,East,81000.0,42,12/11/2021,1,28.0,East,81000.0,2021-12-11
8706,36.0,North,"$52,100",11,13-Sep-2018,1,36.0,North,52100.0,2018-09-13
9823,31.0, East ,56300.0,53,01/25/2015,1,31.0,East,56300.0,2015-01-25
8370,29.0,East,40600.0,50,12/29/2022,0,29.0,East,40600.0,2022-12-29
2143,77.0,North,15000.0,50,22-Nov-2024,1,77.0,North,15000.0,2024-11-22
5709,44.0,North,"$33,200",74,2022-01-18,1,44.0,North,33200.0,2022-01-18
6877,31.0,,"$61,600",25,"July 19, 2022",1,31.0,Unknown,61600.0,2022-07-19
10608,60.0,East,48100.0,44,05/11/2024,0,60.0,East,48100.0,2024-05-11
1352,49.0,West,33900.0,11,10-Oct-2018,1,49.0,West,33900.0,2018-10-10
6145,54.0,East,"$31,600",5,02-Jun-2021,1,54.0,East,31600.0,2021-06-02
11717,34.0,East,16500.0,89,"April 16, 2018",1,34.0,East,16500.0,2018-04-16
5983,39.0,West,37500.0,5,"June 20, 2016",1,39.0,West,37500.0,2016-06-20
11491,53.0,W. ,25600.0,10,27-Feb-2020,0,53.0,West,25600.0,2020-02-27
10065,30.0,South,53200.0,10,2021-09-14,1,30.0,South,53200.0,2021-09-14
1932,37.0,South,-1000,78,2017-09-06,1,37.0,South,49400.0,2017-09-06
1580,46.0,SOUTH,31000.0,23,"April 08, 2017",0,46.0,South,31000.0,2017-04-08
5137,47.0,N.,"$18,300",30,06-Jun-2017,0,47.0,North,18300.0,2017-06-06
5171,51.0,East,31100.0,33,2020-05-31,1,51.0,East,31100.0,2020-05-31
4867,30.0,North,79800.0,99,12-Jan-2024,1,30.0,North,79800.0,2024-01-12
6223,42.0,,39000.0,18,"August 16, 2022",0,42.0,Unknown,39000.0,2022-08-16
8579,63.0,West,35100.0,28,25-Oct-2023,1,63.0,West,35100.0,2023-10-25
2293,58.0,West,59900.0,64,"August 16, 2019",1,58.0,West,59900.0,2019-08-16
6556,43.0,South,"$23,500",24,16-Mar-2017,1,43.0,South,23500.0,2017-03-16
1928,29.0,West,35900.0,44,02/28/2015,1,29.0,West,35900.0,2015-02-28
2194,42.0,South,49900.0,18,2021-01-20,0,42.0,South,49900.0,2021-01-20
6361,56.0,east,33400.0,6,2016-08-25,0,56.0,East,33400.0,2016-08-25
8174,41.0,West,179100.0,28,26-Jan-2021,1,41.0,West,179100.0,2021-01-26
3659,30.0,West,57000.0,10,"October 03, 2015",1,30.0,West,57000.0,2015-10-03
1216,24.0,west,82600.0,94,"December 19, 2020",1,24.0,West,82600.0,2020-12-19
1266,40.0,West,27600.0,44,2023-10-06,1,40.0,West,27600.0,2023-10-06
2967,60.0,South,23600.0,45,10/05/2023,1,60.0,South,23600.0,2023-10-05
5155,51.0,West,55000.0,25,"October 07, 2022",0,51.0,West,55000.0,2022-10-07
1457,72.0,North,"$37,300",33,07/29/2017,1,72.0,North,37300.0,2017-07-29
5977,37.0,West,25700.0,41,08/16/2021,1,37.0,West,25700.0,2021-08-16
4503,25.0,South,84400.0,35,"June 13, 2016",0,25.0,South,84400.0,2016-06-13
7321,18.0,S.,"$22,200",34,29-Sep-2024,1,18.0,South,22200.0,2024-09-29
2946,45.0,north,26800.0,58,"January 31, 2016",1,45.0,North,26800.0,2016-01-31
11310,54.0,west,35500.0,69,"January 02, 2022",1,54.0,West,35500.0,2022-01-02
7727,39.0,East,,13,05-Nov-2022,1,39.0,East,49400.0,2022-11-05
775,42.0,east,38100.0,33,2024-04-10,0,42.0,East,38100.0,2024-04-10
820,27.0,north,27800.0,69,29-Mar-2017,1,27.0,North,27800.0,2017-03-29
7345,49.0,WEST,57800.0,116,"August 24, 2022",1,49.0,West,57800.0,2022-08-24
11155,21.0,South,"$64,900",29,"January 11, 2015",1,21.0,South,64900.0,2015-01-11
9264,24.0,South,51300.0,22,"January 26, 2023",1,24.0,South,51300.0,2023-01-26
245,70.0,North,43700.0,15,2020-02-04,1,70.0,North,43700.0,2020-02-04
5056,42.0,South,58700.0,8,09/28/2016,1,42.0,South,58700.0,2016-09-28
11042,46.0,South,39800.0,24,25-Jan-2021,1,46.0,South,39800.0,2021-01-25
1394,48.0,East,41500.0,26,04/20/2021,1,48.0,East,41500.0,2021-04-20
435,54.0,west,65500.0,34,"December 28, 2018",1,54.0,West,65500.0,2018-12-28
11580,42.0,East,"$49,200",3,"March 15, 2018",0,42.0,East,49200.0,2018-03-15
9724,53.0,South,41100.0,49,2023-06-02,1,53.0,South,41100.0,2023-06-02
6218,33.0, East ,55400.0,58,2018-05-12,1,33.0,East,55400.0,2018-05-12
11092,37.0,North,21300.0,12,12/25/2021,1,37.0,North,21300.0,2021-12-25
9998,43.0,South,90800.0,27,03-Feb-2020,1,43.0,South,90800.0,2020-02-03
5848,61.0,NORTH,45000.0,15,08/03/2016,1,61.0,North,45000.0,2016-08-03
11880,43.0,South,29500.0,40,"February 11, 2022",1,43.0,South,29500.0,2022-02-11
7599,37.0,East,62700.0,50,08/17/2018,0,37.0,East,62700.0,2018-08-17
658,44.0,WEST,30000.0,31,02/23/2015,1,44.0,West,30000.0,2015-02-23
6202,31.0,North,38600.0,32,2018-05-13,1,31.0,North,38600.0,2018-05-13
478,27.0,South,45600.0,12,2018-10-05,1,27.0,South,45600.0,2018-10-05
2163,59.0,South,62100.0,47,"April 02, 2023",1,59.0,South,62100.0,2023-04-02
4808,34.0,West,43900.0,64,09-Jan-2022,0,34.0,West,43900.0,2022-01-09
1483,43.0,South,"$57,500",9,"May 03, 2019",1,43.0,South,57500.0,2019-05-03
2281,58.0,NORTH,117200.0,36,05-Jun-2024,1,58.0,North,117200.0,2024-06-05
9868,59.0,South,35300.0,13,14-Dec-2023,1,59.0,South,35300.0,2023-12-14
6320,55.0,South,45900.0,16,"December 14, 2022",0,55.0,South,45900.0,2022-12-14
2686,44.0, North,57700.0,7,15-Oct-2020,1,44.0,North,57700.0,2020-10-15
496,,South,53100.0,33,13-Apr-2023,1,42.02803042831156,South,53100.0,2023-04-13
9612,51.0,South,40100.0,15,15-Oct-2021,1,51.0,South,40100.0,2021-10-15
9106,47.0,West,"$55,200",17,14-Aug-2021,1,47.0,West,55200.0,2021-08-14
3326,46.0,S.,96600.0,28,2019-03-15,0,46.0,South,96600.0,2019-03-15
9596,41.0,N.,36600.0,28,2018-02-28,1,41.0,North,36600.0,2018-02-28
846,47.0,East,44900.0,46,2017-02-24,1,47.0,East,44900.0,2017-02-24
6985,28.0,East,"$70,400",30,"November 23, 2017",1,28.0,East,70400.0,2017-11-23
895,38.0,North,37200.0,34,03-Jun-2019,0,38.0,North,37200.0,2019-06-03
1273,37.0,South,53700.0,55,09/04/2017,1,37.0,South,53700.0,2017-09-04
11566,49.0,North,80300.0,6,06/01/2024,1,49.0,North,80300.0,2024-06-01
10771,50.0,South,"$48,700",14,"February 16, 2022",1,50.0,South,48700.0,2022-02-16
6805,51.0,North,39200.0,7,2019-08-16,0,51.0,North,39200.0,2019-08-16
7051,49.0,North,59300.0,40,29-Apr-2016,1,49.0,North,59300.0,2016-04-29
10364,44.0,West,69500.0,21,09/07/2018,1,44.0,West,69500.0,2018-09-07
9956,65.0, East ,146700.0,9,04/30/2018,1,65.0,East,146700.0,2018-04-30
5067,18.0,North,55200.0,90,18-Sep-2017,1,18.0,North,55200.0,2017-09-18
2208,48.0,north,"$25,100",30,"June 02, 2018",0,48.0,North,25100.0,2018-06-02
8412,51.0,West,19200.0,45,13-Jun-2022,1,51.0,West,19200.0,2022-06-13
908,25.0,South,70400.0,28,"July 31, 2021",0,25.0,South,70400.0,2021-07-31
4847,54.0,WEST,76300.0,6,2016-11-29,1,54.0,West,76300.0,2016-11-29
564,32.0,West,50700.0,37,2019-03-16,1,32.0,West,50700.0,2019-03-16
10524,28.0,,22400.0,30,01/25/2018,1,28.0,Unknown,22400.0,2018-01-25
4383,48.0,South,,31,2023-03-28,1,48.0,South,49400.0,2023-03-28
2880,47.0,South,30700.0,19,"May 21, 2021",0,47.0,South,30700.0,2021-05-21
11300,57.0,North,123200.0,43,2017-11-28,1,57.0,North,123200.0,2017-11-28
9150,45.0,,72000.0,10,14-Jun-2022,1,45.0,Unknown,72000.0,2022-06-14
8042,44.0,South,94100.0,94,22-Oct-2017,1,44.0,South,94100.0,2017-10-22
7085,53.0,West,39900.0,29,05-Nov-2021,0,53.0,West,39900.0,2021-11-05
20,41.0,South,,49,"May 28, 2018",1,41.0,South,49400.0,2018-05-28
5881,57.0,West,103500.0,4,"September 08, 2023",0,57.0,West,103500.0,2023-09-08
2061,23.0,South,50200.0,8,04/15/2022,0,23.0,South,50200.0,2022-04-15
1710,40.0,South,81500.0,26,"November 03, 2021",1,40.0,South,81500.0,2021-11-03
124,60.0,West,63900.0,88,"April 17, 2024",1,60.0,West,63900.0,2024-04-17
6141,64.0,West,72500.0,66,"June 26, 2020",1,64.0,West,72500.0,2020-06-26
7912,39.0,,"$65,400",11,2019-02-16,1,39.0,Unknown,65400.0,2019-02-16
5829,37.0,EAST,100700.0,23,02/19/2024,0,37.0,East,100700.0,2024-02-19
840,38.0,West,43800.0,34,2016-12-03,1,38.0,West,43800.0,2016-12-03
8506,43.0,West,"$56,200",59,07-Nov-2017,0,43.0,West,56200.0,2017-11-07
6107,39.0,East,97700.0,41,"March 06, 2019",1,39.0,East,97700.0,2019-03-06
5367,35.0,North,17600.0,26,2016-10-04,1,35.0,North,17600.0,2016-10-04
2393,20.0,West,"$27,100",26,"September 13, 2018",0,20.0,West,27100.0,2018-09-13
7935,56.0,West,"$96,200",22,,1,56.0,West,96200.0,
1726,43.0,west,29300.0,65,2016-12-12,1,43.0,West,29300.0,2016-12-12
10611,39.0,West,54000.0,34,"July 08, 2018",1,39.0,West,54000.0,2018-07-08
4875,28.0,East,50100.0,50,,1,28.0,East,50100.0,
6294,35.0,West,24800.0,15,07/16/2024,1,35.0,West,24800.0,2024-07-16
5472,36.0, East ,67500.0,10,2019-05-21,0,36.0,East,67500.0,2019-05-21
6034,47.0,North,71800.0,25,2023-09-22,1,47.0,North,71800.0,2023-09-22
4459,35.0,West,"$27,800",6,,1,35.0,West,27800.0,
2213,59.0,South,24900.0,24,"January 01, 2019",0,59.0,South,24900.0,2019-01-01
858,48.0,North,39300.0,155,25-Jan-2017,1,48.0,North,39300.0,2017-01-25
8803,40.0,S.,47100.0,1,18-Jun-2023,1,40.0,South,47100.0,2023-06-18
11615,48.0,North,40900.0,45,05/22/2018,0,48.0,North,40900.0,2018-05-22
4064,34.0,WEST,52600.0,76,01-Nov-2023,1,34.0,West,52600.0,2023-11-01
6369,30.0,South,"$70,100",69,02/28/2022,1,30.0,South,70100.0,2022-02-28
4203,49.0,East,29900.0,78,10-Apr-2023,1,49.0,East,29900.0,2023-04-10
1237,42.0, North,56800.0,6,"July 20, 2016",0,42.0,North,56800.0,2016-07-20
2700,31.0,East,72700.0,17,"June 13, 2023",1,31.0,East,72700.0,2023-06-13
6997,38.0,NORTH,80900.0,58,"October 29, 2016",0,38.0,North,80900.0,2016-10-29
9433,37.0,South,"$33,700",52,"February 28, 2019",1,37.0,South,33700.0,2019-02-28
7399,32.0,West,"$24,400",29,"February 13, 2024",0,32.0,West,24400.0,2024-02-13
3175,52.0,,"$74,400",85,01/25/2016,1,52.0,Unknown,74400.0,2016-01-25
3489,43.0,east,102900.0,15,09/19/2021,0,43.0,East,102900.0,2021-09-19
4126,41.0,North,"$76,100",3,30-Sep-2023,1,41.0,North,76100.0,2023-09-30
4935,37.0,East,58400.0,55,2022-09-11,1,37.0,East,58400.0,2022-09-11
1674,48.0,South,57300.0,38,02/13/2024,1,48.0,South,57300.0,2024-02-13
11542,55.0,West,38400.0,14,2021-05-14,1,55.0,West,38400.0,2021-05-14
11283,40.0,East,"$48,500",30,20-Jun-2022,1,40.0,East,48500.0,2022-06-20
3318,33.0,South,50700.0,54,08/13/2019,0,33.0,South,50700.0,2019-08-13
276,47.0,West,54500.0,29,10/01/2021,1,47.0,West,54500.0,2021-10-01
3620,39.0,east,62100.0,131,18-Dec-2018,1,39.0,East,62100.0,2018-12-18
7095,46.0,East,37400.0,27,2015-09-17,1,46.0,East,37400.0,2015-09-17
2579,58.0,North,45200.0,58,2020-11-08,1,58.0,North,45200.0,2020-11-08
11702,63.0,North,41200.0,28,03/01/2018,1,63.0,North,41200.0,2018-03-01
4194,29.0,East,22100.0,24,04/23/2018,0,29.0,East,22100.0,2018-04-23
4137,60.0,South,56500.0,20,25-Sep-2017,1,60.0,South,56500.0,2017-09-25
9789,55.0,South,29400.0,11,17-Apr-2018,1,55.0,South,29400.0,2018-04-17
8451,56.0,North,39600.0,9,08/27/2016,1,56.0,North,39600.0,2016-08-27
10549,28.0,S.,41300.0,46,09-Nov-2020,1,28.0,South,41300.0,2020-11-09
330,35.0, East ,76900.0,67,2020-07-22,1,35.0,East,76900.0,2020-07-22
8981,,NORTH,38900.0,30,02-Apr-2021,1,42.02803042831156,North,38900.0,2021-04-02
2923,25.0,South,58600.0,13,"August 23, 2015",1,25.0,South,58600.0,2015-08-23
11130,32.0,East,21700.0,19,22-Oct-2015,1,32.0,East,21700.0,2015-10-22
3372,22.0, North,71300.0,55,01/10/2018,0,22.0,North,71300.0,2018-01-10
6986,47.0,North,35600.0,20,01/20/2019,0,47.0,North,35600.0,2019-01-20
7235,47.0,WEST,24800.0,29,"July 14, 2021",1,47.0,West,24800.0,2021-07-14
10817,30.0,South,98600.0,4,12-Mar-2015,1,30.0,South,98600.0,2015-03-12
6277,52.0,E.,58200.0,11,01/31/2020,1,52.0,East,58200.0,2020-01-31
4206,39.0,South,108700.0,22,05/11/2020,0,39.0,South,108700.0,2020-05-11
7535,47.0,West,94400.0,25,2016-04-02,1,47.0,West,94400.0,2016-04-02
3045,45.0,East,59800.0,33,01/03/2019,1,45.0,East,59800.0,2019-01-03
5966,58.0,WEST,58800.0,60,06/30/2016,1,58.0,West,58800.0,2016-06-30
10231,60.0,NORTH,89300.0,13,2022-01-11,1,60.0,North,89300.0,2022-01-11
3644,34.0,South,75900.0,29,18-Jun-2018,0,34.0,South,75900.0,2018-06-18
6844,41.0,North,49800.0,31,11/17/2023,0,41.0,North,49800.0,2023-11-17
3141,40.0,South,28300.0,37,,1,40.0,South,28300.0,
4893,28.0,north,"$29,100",22,2019-11-01,1,28.0,North,29100.0,2019-11-01
3697,33.0,North,42200.0,74,2020-08-22,1,33.0,North,42200.0,2020-08-22
3905,21.0,East,46400.0,34,26-Oct-2016,1,21.0,East,46400.0,2016-10-26
8096,34.0,South,28300.0,25,2018-12-21,1,34.0,South,28300.0,2018-12-21
11439,52.0,West,31100.0,40,10/22/2020,1,52.0,West,31100.0,2020-10-22
11014,34.0,North,44400.0,21,"January 23, 2018",1,34.0,North,44400.0,2018-01-23
8504,23.0,East,96700.0,42,26-Sep-2015,1,23.0,East,96700.0,2015-09-26
656,46.0, North,,105,04/18/2018,1,46.0,North,49400.0,2018-04-18
571,23.0,East,55300.0,44,"May 24, 2018",1,23.0,East,55300.0,2018-05-24
9095,35.0,West,"$18,000",22,04/20/2021,1,35.0,West,18000.0,2021-04-20
10288,48.0,South,"$15,700",27,2021-09-16,1,48.0,South,15700.0,2021-09-16
1866,44.0,East,27600.0,9,"November 22, 2017",1,44.0,East,27600.0,2017-11-22
11863,44.0,West,29500.0,47,2023-12-16,0,44.0,West,29500.0,2023-12-16
8656,44.0,West,110800.0,30,07-Nov-2022,1,44.0,West,110800.0,2022-11-07
684,35.0,South,49700.0,46,05/18/2020,1,35.0,South,49700.0,2020-05-18
7970,,West,"$23,300",3,"December 23, 2023",0,42.02803042831156,West,23300.0,2023-12-23
9852,38.0,East,25000.0,28,2015-10-05,0,38.0,East,25000.0,2015-10-05
7027,59.0,North,57000.0,35,"December 05, 2015",1,59.0,North,57000.0,2015-12-05
11675,40.0,North,"$22,600",35,2023-07-17,1,40.0,North,22600.0,2023-07-17
2191,51.0,West,41500.0,36,2016-03-18,1,51.0,West,41500.0,2016-03-18
9099,36.0, North,32300.0,46,04-Jun-2019,1,36.0,North,32300.0,2019-06-04
3100,50.0,South,56800.0,70,"September 01, 2019",1,50.0,South,56800.0,2019-09-01
4170,49.0,east,54900.0,71,2020-01-01,0,49.0,East,54900.0,2020-01-01
2592,70.0,North,74500.0,31,"June 24, 2015",1,70.0,North,74500.0,2015-06-24
10514,31.0,NORTH,57000.0,3,10/30/2017,1,31.0,North,57000.0,2017-10-30
6804,50.0,west,40000.0,33,06/21/2021,1,50.0,West,40000.0,2021-06-21
7543,37.0,W. ,70600.0,36,06/11/2015,1,37.0,West,70600.0,2015-06-11
9623,, North,101800.0,3,30-Apr-2020,1,42.02803042831156,North,101800.0,2020-04-30
8725,54.0,North,27400.0,32,21-Dec-2018,1,54.0,North,27400.0,2018-12-21
3409,48.0,south ,34500.0,22,"January 15, 2020",0,48.0,South,34500.0,2020-01-15
11070,56.0,South,36900.0,39,2019-06-28,1,56.0,South,36900.0,2019-06-28
611,29.0,West,51500.0,38,12/10/2021,1,29.0,West,51500.0,2021-12-10
11602,42.0,east,58400.0,44,07/17/2017,1,42.0,East,58400.0,2017-07-17
8964,22.0,E.,69300.0,61,2024-05-29,0,22.0,East,69300.0,2024-05-29
561,41.0,West,39600.0,17,2020-08-27,0,41.0,West,39600.0,2020-08-27
8736,31.0,east,49200.0,52,"December 04, 2024",1,31.0,East,49200.0,2024-12-04
8820,23.0,South,52300.0,60,10/01/2017,1,23.0,South,52300.0,2017-10-01
436,34.0,E.,34900.0,58,08/18/2021,1,34.0,East,34900.0,2021-08-18
8771,36.0,South,31600.0,27,2021-01-14,1,36.0,South,31600.0,2021-01-14
1597,46.0,East,40100.0,24,"February 14, 2021",1,46.0,East,40100.0,2021-02-14
2766,33.0,,31900.0,28,"September 16, 2022",1,33.0,Unknown,31900.0,2022-09-16
11688,46.0,East,101100.0,6,19-Oct-2021,1,46.0,East,101100.0,2021-10-19
7647,18.0,East,32000.0,35,2018-09-28,0,18.0,East,32000.0,2018-09-28
9464,65.0,North,"$60,400",34,2022-10-29,1,65.0,North,60400.0,2022-10-29
3793,37.0,south ,35100.0,34,02/26/2023,0,37.0,South,35100.0,2023-02-26
2870,49.0,North,68400.0,2,2023-11-20,0,49.0,North,68400.0,2023-11-20
7388,45.0,west,114100.0,28,10/09/2018,1,45.0,West,114100.0,2018-10-09
3239,54.0,West,27600.0,48,02-Jul-2021,1,54.0,West,27600.0,2021-07-02
10730,27.0,North,92200.0,45,26-Dec-2018,1,27.0,North,92200.0,2018-12-26
10667,32.0,North,"$71,000",82,2023-12-03,0,32.0,North,71000.0,2023-12-03
6978,49.0,north,47900.0,69,02/11/2023,1,49.0,North,47900.0,2023-02-11
2602,60.0,West,68400.0,13,12/11/2017,1,60.0,West,68400.0,2017-12-11
10662,25.0,South,20700.0,85,2018-07-02,1,25.0,South,20700.0,2018-07-02
11481,54.0,WEST,83000.0,47,22-Jan-2023,0,54.0,West,83000.0,2023-01-22
5526,24.0,West,"$64,800",16,14-Jul-2024,1,24.0,West,64800.0,2024-07-14
8387,44.0,East,27000.0,68,17-Jul-2015,1,44.0,East,27000.0,2015-07-17
10378,29.0,east,61100.0,14,2018-10-28,1,29.0,East,61100.0,2018-10-28
10291,49.0,East,27700.0,12,2021-08-02,0,49.0,East,27700.0,2021-08-02
662,42.0,South,53200.0,37,2016-04-12,1,42.0,South,53200.0,2016-04-12
10274,57.0,East,"$37,600",65,26-Aug-2023,1,57.0,East,37600.0,2023-08-26
8734,40.0,South,27000.0,11,"October 08, 2023",1,40.0,South,27000.0,2023-10-08
101,37.0,South,48600.0,16,2019-04-26,1,37.0,South,48600.0,2019-04-26
1468,24.0,North,52300.0,27,26-Dec-2024,0,24.0,North,52300.0,2024-12-26
4987,47.0,North,25900.0,23,"July 06, 2022",1,47.0,North,25900.0,2022-07-06
11527,58.0,North,53800.0,59,07/23/2017,0,58.0,North,53800.0,2017-07-23
6731,54.0,W. ,73400.0,118,23-Jun-2020,1,54.0,West,73400.0,2020-06-23
3773,47.0,NORTH,41300.0,35,09/05/2020,1,47.0,North,41300.0,2020-09-05
9270,41.0,East,"$41,300",15,2024-01-13,1,41.0,East,41300.0,2024-01-13
3211,43.0,North,50700.0,40,"September 10, 2020",0,43.0,North,50700.0,2020-09-10
2822,46.0,South,25400.0,43,"June 29, 2019",0,46.0,South,25400.0,2019-06-29
6356,40.0,North,60800.0,11,"January 19, 2020",1,40.0,North,60800.0,2020-01-19
10184,46.0,South,28700.0,24,08/29/2015,1,46.0,South,28700.0,2015-08-29
982,,North,41300.0,44,01/04/2020,0,42.02803042831156,North,41300.0,2020-01-04
9996,63.0,South,127200.0,14,29-Jun-2016,1,63.0,South,127200.0,2016-06-29
7116,41.0,East,40900.0,70,17-Apr-2016,1,41.0,East,40900.0,2016-04-17
6355,62.0,South,46000.0,48,2022-04-11,1,62.0,South,46000.0,2022-04-11
7061,56.0,West,21100.0,57,2017-02-26,0,56.0,West,21100.0,2017-02-26
2554,18.0,South,54100.0,40,03/05/2021,1,18.0,South,54100.0,2021-03-05
2344,40.0,West,"$60,100",57,2018-12-03,1,40.0,West,60100.0,2018-12-03
9562,40.0,West,30700.0,32,2022-02-04,1,40.0,West,30700.0,2022-02-04
11461,,south ,"$130,100",22,2020-07-07,0,42.02803042831156,South,130100.0,2020-07-07
4490,38.0,South,30300.0,77,2024-03-03,1,38.0,South,30300.0,2024-03-03
2970,42.0,North,40000.0,29,17-Apr-2021,1,42.0,North,40000.0,2021-04-17
8667,39.0,West,"$39,800",45,03-May-2022,0,39.0,West,39800.0,2022-05-03
7150,48.0,E.,100800.0,50,"February 04, 2015",1,48.0,East,100800.0,2015-02-04
1241,59.0,East,41200.0,35,07/14/2021,1,59.0,East,41200.0,2021-07-14
2108,28.0,west,59800.0,44,02/05/2024,0,28.0,West,59800.0,2024-02-05
11625,56.0,South,16000.0,26,2019-08-29,0,56.0,South,16000.0,2019-08-29
10278,32.0,North,46500.0,39,02/10/2016,1,32.0,North,46500.0,2016-02-10
3850,31.0,north,68100.0,80,"October 01, 2017",1,31.0,North,68100.0,2017-10-01
7159,44.0,East,59100.0,31,2017-02-01,1,44.0,East,59100.0,2017-02-01
789,28.0,West,53100.0,61,14-Feb-2021,1,28.0,West,53100.0,2021-02-14
8205,59.0,North,77100.0,78,12/19/2024,1,59.0,North,77100.0,2024-12-19
6165,63.0,North,55000.0,53,02/19/2017,1,63.0,North,55000.0,2017-02-19
3027,52.0,South,36400.0,22,2017-10-03,1,52.0,South,36400.0,2017-10-03
3216,48.0,East,165600.0,16,03/26/2020,1,48.0,East,165600.0,2020-03-26
108,38.0,South,49300.0,50,2022-06-01,1,38.0,South,49300.0,2022-06-01
6160,55.0,West,77300.0,20,10-Oct-2018,0,55.0,West,77300.0,2018-10-10
2421,18.0,North,"$83,200",75,"August 25, 2022",1,18.0,North,83200.0,2022-08-25
3013,37.0,East,112100.0,93,2022-08-26,0,37.0,East,112100.0,2022-08-26
6353,69.0,WEST,32100.0,23,"July 04, 2017",1,69.0,West,32100.0,2017-07-04
4360,67.0,North,54700.0,10,"August 01, 2021",1,67.0,North,54700.0,2021-08-01
2532,49.0,East,108300.0,68,05-Mar-2015,0,49.0,East,108300.0,2015-03-05
6136,42.0,North,"$35,500",51,2021-06-14,1,42.0,North,35500.0,2021-06-14
6545,36.0, East ,37700.0,25,"June 07, 2018",0,36.0,East,37700.0,2018-06-07
6104,65.0,South,31000.0,17,2015-07-09,1,65.0,South,31000.0,2015-07-09
11421,49.0,North,32800.0,32,15-Jun-2021,1,49.0,North,32800.0,2021-06-15
2883,52.0,South,73900.0,36,02/15/2019,0,52.0,South,73900.0,2019-02-15
10672,36.0,West,45900.0,5,2020-05-16,1,36.0,West,45900.0,2020-05-16
981,48.0,East,54200.0,70,04/23/2022,0,48.0,East,54200.0,2022-04-23
2267,50.0,West,26100.0,54,12/15/2023,0,50.0,West,26100.0,2023-12-15
7746,39.0,North,,15,21-Apr-2018,1,39.0,North,49400.0,2018-04-21
3989,58.0,North,21300.0,32,08/06/2024,1,58.0,North,21300.0,2024-08-06
8892,51.0,East,43100.0,27,2017-05-01,1,51.0,East,43100.0,2017-05-01
6484,64.0,west,90900.0,153,2017-07-23,1,64.0,West,90900.0,2017-07-23
6926,29.0,south ,58100.0,46,"July 25, 2019",1,29.0,South,58100.0,2019-07-25
9092,44.0,North,"$31,900",52,02-Nov-2022,1,44.0,North,31900.0,2022-11-02
1743,49.0,west,53900.0,28,01/10/2024,1,49.0,West,53900.0,2024-01-10
3163,49.0,South,95100.0,19,01-Sep-2016,1,49.0,South,95100.0,2016-09-01
7984,,west,41500.0,22,"May 18, 2018",1,42.02803042831156,West,41500.0,2018-05-18
4103,32.0,North,53900.0,29,2017-12-07,1,32.0,North,53900.0,2017-12-07
206,41.0,East,93300.0,30,2019-05-23,1,41.0,East,93300.0,2019-05-23
7479,18.0,North,15000.0,46,27-Sep-2018,0,18.0,North,15000.0,2018-09-27
1376,47.0, North,18800.0,11,2020-04-16,0,47.0,North,18800.0,2020-04-16
467,38.0,E.,35200.0,39,12-Apr-2017,1,38.0,East,35200.0,2017-04-12
7328,36.0,South,17200.0,34,2018-08-05,1,36.0,South,17200.0,2018-08-05
5944,18.0,South,66700.0,2,12/07/2019,0,18.0,South,66700.0,2019-12-07
11685,18.0,E.,38800.0,22,2018-03-15,1,18.0,East,38800.0,2018-03-15
8482,43.0,East,19900.0,38,05/21/2017,1,43.0,East,19900.0,2017-05-21
1143,18.0,North,69900.0,72,04/08/2019,1,18.0,North,69900.0,2019-04-08
10928,37.0,East,53400.0,118,18-Nov-2015,1,37.0,East,53400.0,2015-11-18
4160,48.0,South,60400.0,10,04-Feb-2019,1,48.0,South,60400.0,2019-02-04
2217,42.0,East,41600.0,112,2024-12-07,0,42.0,East,41600.0,2024-12-07
1603,58.0,West,64500.0,35,04/23/2024,0,58.0,West,64500.0,2024-04-23
7096,58.0,West,46600.0,97,11/17/2023,1,58.0,West,46600.0,2023-11-17
8895,50.0, North,40500.0,18,09/20/2024,1,50.0,North,40500.0,2024-09-20
11780,59.0,South,"$62,000",97,09/10/2021,1,59.0,South,62000.0,2021-09-10
8196,34.0,W. ,25000.0,25,2018-03-08,1,34.0,West,25000.0,2018-03-08
6394,42.0,SOUTH,38500.0,64,07-Feb-2019,1,42.0,South,38500.0,2019-02-07
9245,42.0,North,"$34,300",9,2023-11-01,1,42.0,North,34300.0,2023-11-01
10878,63.0,North,,66,10/09/2015,0,63.0,North,49400.0,2015-10-09
9286,44.0,S.,45200.0,27,29-Jun-2019,1,44.0,South,45200.0,2019-06-29
3335,43.0,North,"$128,000",9,08/03/2018,1,43.0,North,128000.0,2018-08-03
2981,41.0,east,76400.0,54,"June 26, 2018",1,41.0,East,76400.0,2018-06-26
5900,48.0,South,"$60,900",73,"July 07, 2015",1,48.0,South,60900.0,2015-07-07
10430,58.0,,53200.0,42,09/24/2018,1,58.0,Unknown,53200.0,2018-09-24
6581,18.0,North,,64,03/05/2019,0,18.0,North,49400.0,2019-03-05
1631,26.0,east,33900.0,22,27-Feb-2019,1,26.0,East,33900.0,2019-02-27
9340,46.0,south ,53700.0,40,2016-06-26,1,46.0,South,53700.0,2016-06-26
5538,18.0,West,42400.0,30,"October 10, 2018",1,18.0,West,42400.0,2018-10-10
5215,49.0,South,52600.0,82,06/05/2016,0,49.0,South,52600.0,2016-06-05
6013,52.0,West,115200.0,22,07/09/2024,1,52.0,West,115200.0,2024-07-09
3737,36.0,east,39500.0,39,20-Apr-2022,1,36.0,East,39500.0,2022-04-20
2106,35.0,N.,20500.0,33,2024-01-11,1,35.0,North,20500.0,2024-01-11
1353,25.0,North,27600.0,45,08/06/2021,1,25.0,North,27600.0,2021-08-06
736,44.0,North,22500.0,62,2023-06-24,1,44.0,North,22500.0,2023-06-24
2499,35.0,North,22400.0,22,21-Oct-2022,1,35.0,North,22400.0,2022-10-21
777,28.0,north,36400.0,113,2016-12-11,1,28.0,North,36400.0,2016-12-11
10622,40.0,North,44700.0,13,31-Jan-2016,0,40.0,North,44700.0,2016-01-31
5107,54.0,WEST,46800.0,39,07/15/2020,1,54.0,West,46800.0,2020-07-15
8040,63.0,East,"$32,200",71,10/30/2017,1,63.0,East,32200.0,2017-10-30
11786,46.0,South,77500.0,20,12/26/2020,1,46.0,South,77500.0,2020-12-26
11761,55.0,West,40300.0,9,17-Apr-2020,1,55.0,West,40300.0,2020-04-17
2187,40.0,North,73600.0,44,2024-06-30,1,40.0,North,73600.0,2024-06-30
2861,23.0,West,44600.0,57,03/21/2018,0,23.0,West,44600.0,2018-03-21
1867,39.0,North,73900.0,9,"September 16, 2024",1,39.0,North,73900.0,2024-09-16
3195,40.0,East,54900.0,73,2022-02-16,0,40.0,East,54900.0,2022-02-16
11980,19.0, East ,84900.0,18,03-Nov-2023,1,19.0,East,84900.0,2023-11-03
5328,31.0,W. ,45700.0,108,2024-11-11,1,31.0,West,45700.0,2024-11-11
8055,38.0,South,39300.0,19,07/01/2020,0,38.0,South,39300.0,2020-07-01
4795,57.0,west,24900.0,71,09/19/2018,1,57.0,West,24900.0,2018-09-19
2290,21.0,North,-1000,9,04/06/2016,1,21.0,North,49400.0,2016-04-06
2367,57.0,West,"$42,500",16,"December 24, 2021",1,57.0,West,42500.0,2021-12-24
8237,36.0,East,55000.0,6,2017-02-24,1,36.0,East,55000.0,2017-02-24
1651,35.0,S.,97700.0,7,01/16/2018,1,35.0,South,97700.0,2018-01-16
3110,31.0,West,89800.0,53,05/08/2015,0,31.0,West,89800.0,2015-05-08
9936,44.0,West,67200.0,1,07-May-2022,1,44.0,West,67200.0,2022-05-07
8835,27.0,North,67400.0,24,"August 05, 2016",0,27.0,North,67400.0,2016-08-05
8075,,East,26400.0,88,2022-08-06,1,42.02803042831156,East,26400.0,2022-08-06
773,45.0,West,"$134,000",50,2015-10-09,1,45.0,West,134000.0,2015-10-09
9834,40.0,South,47200.0,51,30-Jan-2023,1,40.0,South,47200.0,2023-01-30
5393,21.0,East,38200.0,40,2022-09-23,0,21.0,East,38200.0,2022-09-23
6447,63.0,East,"$26,600",40,12-Jun-2022,1,63.0,East,26600.0,2022-06-12
6348,39.0,North,"$53,200",39,09/14/2016,0,39.0,North,53200.0,2016-09-14
1008,37.0,North,52400.0,37,"August 12, 2016",1,37.0,North,52400.0,2016-08-12
519,54.0,South,44800.0,17,09/06/2021,1,54.0,South,44800.0,2021-09-06
4292,22.0,SOUTH,70900.0,15,04-Sep-2016,0,22.0,South,70900.0,2016-09-04
8347,21.0,W. ,41300.0,15,2021-07-12,1,21.0,West,41300.0,2021-07-12
1640,39.0,north,34700.0,36,"August 04, 2020",1,39.0,North,34700.0,2020-08-04
3716,31.0,NORTH,61600.0,46,"October 14, 2024",1,31.0,North,61600.0,2024-10-14
9557,33.0,SOUTH,26900.0,32,"February 19, 2024",1,33.0,South,26900.0,2024-02-19
11464,22.0,East,167500.0,42,12/29/2019,0,22.0,East,167500.0,2019-12-29
1449,38.0,north,55700.0,27,2022-03-24,1,38.0,North,55700.0,2022-03-24
7427,48.0,West,27100.0,44,"February 06, 2017",0,48.0,West,27100.0,2017-02-06
11297,39.0,South,"$47,000",43,02/18/2020,1,39.0,South,47000.0,2020-02-18
472,37.0,WEST,89900.0,47,2019-11-24,0,37.0,West,89900.0,2019-11-24
6049,53.0,East,18600.0,63,"August 26, 2023",1,53.0,East,18600.0,2023-08-26
3126,49.0,North,35000.0,68,24-Oct-2024,0,49.0,North,35000.0,2024-10-24
11532,35.0,East,111000.0,68,2021-02-20,1,35.0,East,111000.0,2021-02-20
3053,30.0,North,56400.0,58,02/03/2017,1,30.0,North,56400.0,2017-02-03
6205,,North,41400.0,17,"April 15, 2023",1,42.02803042831156,North,41400.0,2023-04-15
2768,65.0,North,37600.0,42,22-Dec-2016,1,65.0,North,37600.0,2016-12-22
11736,74.0,South,68600.0,65,09/23/2021,1,74.0,South,68600.0,2021-09-23
9975,40.0,South,"$48,200",24,10-Aug-2021,1,40.0,South,48200.0,2021-08-10
2949,51.0,S.,37200.0,50,06/05/2018,1,51.0,South,37200.0,2018-06-05
1797,38.0,SOUTH,80700.0,22,2021-04-10,0,38.0,South,80700.0,2021-04-10
7350,,North,"$78,200",73,14-Jan-2019,1,42.02803042831156,North,78200.0,2019-01-14
11153,,SOUTH,32900.0,38,2023-02-12,1,42.02803042831156,South,32900.0,2023-02-12
6344,32.0,East,88900.0,111,11/08/2016,1,32.0,East,88900.0,2016-11-08
11404,38.0,South,40900.0,4,2023-08-11,0,38.0,South,40900.0,2023-08-11
2113,54.0,East,87000.0,20,04/29/2022,1,54.0,East,87000.0,2022-04-29
9969,38.0,North,23400.0,23,,1,38.0,North,23400.0,
10814,70.0,East,"$35,700",42,2023-05-01,1,70.0,East,35700.0,2023-05-01
8915,56.0,East,110400.0,22,2020-10-05,1,56.0,East,110400.0,2020-10-05
3406,26.0,West,33100.0,39,"May 19, 2016",1,26.0,West,33100.0,2016-05-19
11447,51.0,West,84600.0,19,04/20/2018,1,51.0,West,84600.0,2018-04-20
4113,34.0,North,,11,2018-07-23,1,34.0,North,49400.0,2018-07-23
4342,57.0,West,42800.0,33,2020-02-08,1,57.0,West,42800.0,2020-02-08
4100,39.0,N.,70000.0,32,01/17/2016,1,39.0,North,70000.0,2016-01-17
5694,61.0,south ,46100.0,73,2018-05-23,1,61.0,South,46100.0,2018-05-23
6334,19.0,east,116000.0,75,11-Aug-2020,1,19.0,East,116000.0,2020-08-11
1361,37.0,north,148900.0,42,20-Apr-2020,1,37.0,North,148900.0,2020-04-20
6906,52.0,North,18600.0,20,20-Apr-2016,1,52.0,North,18600.0,2016-04-20
6913,51.0,West,56300.0,58,"June 11, 2021",1,51.0,West,56300.0,2021-06-11
1062,61.0,SOUTH,"$68,900",12,05/16/2021,1,61.0,South,68900.0,2021-05-16
8783,44.0,South,22200.0,60,"May 29, 2021",1,44.0,South,22200.0,2021-05-29
11020,57.0,South,59400.0,39,2020-04-21,1,57.0,South,59400.0,2020-04-21
4242,31.0,North,59200.0,83,"February 14, 2020",0,31.0,North,59200.0,2020-02-14
5118,39.0,South,33500.0,65,30-Nov-2023,0,39.0,South,33500.0,2023-11-30
5956,44.0,W. ,127100.0,38,02/20/2018,1,44.0,West,127100.0,2018-02-20
8334,63.0, North,"$121,700",21,01/21/2022,1,63.0,North,121700.0,2022-01-21
191,,North,94100.0,14,2020-10-01,1,42.02803042831156,North,94100.0,2020-10-01
6892,37.0,West,31800.0,13,"February 19, 2021",1,37.0,West,31800.0,2021-02-19
9419,51.0,East,67500.0,39,"April 18, 2018",1,51.0,East,67500.0,2018-04-18
8815,65.0,South,"$31,700",51,01/01/2021,1,65.0,South,31700.0,2021-01-01
8057,34.0,South,94800.0,108,"August 10, 2015",0,34.0,South,94800.0,2015-08-10
4581,37.0,North,33500.0,5,11/03/2015,1,37.0,North,33500.0,2015-11-03
7409,18.0,West,"$78,700",9,2022-09-22,1,18.0,West,78700.0,2022-09-22
5456,49.0,south ,77000.0,51,05-Mar-2021,1,49.0,South,77000.0,2021-03-05
7270,48.0,NORTH,25600.0,27,03-Feb-2022,1,48.0,North,25600.0,2022-02-03
11919,32.0,South,32800.0,49,10/17/2016,1,32.0,South,32800.0,2016-10-17
11709,49.0,West,69500.0,26,25-Mar-2016,1,49.0,West,69500.0,2016-03-25
1371,22.0,East,"$32,200",79,"March 08, 2022",1,22.0,East,32200.0,2022-03-08
11573,29.0,S.,34100.0,20,01-Jan-2016,1,29.0,South,34100.0,2016-01-01
8572,48.0,North,56100.0,62,"May 18, 2018",1,48.0,North,56100.0,2018-05-18
9134,50.0,North,19700.0,100,12-Dec-2019,1,50.0,North,19700.0,2019-12-12
121,29.0,North,60000.0,12,"June 13, 2016",1,29.0,North,60000.0,2016-06-13
8730,27.0,East,15000.0,28,2017-05-21,1,27.0,East,15000.0,2017-05-21
111,48.0,North,93000.0,32,,1,48.0,North,93000.0,
10229,21.0,North,71900.0,69,"October 08, 2022",1,21.0,North,71900.0,2022-10-08
3739,33.0,South,34000.0,31,2024-09-12,0,33.0,South,34000.0,2024-09-12
1056,61.0,North,35600.0,24,08/23/2017,1,61.0,North,35600.0,2017-08-23
3503,50.0,North,"$60,700",33,"July 17, 2019",1,50.0,North,60700.0,2019-07-17
11441,48.0,west,54300.0,60,2016-04-19,1,48.0,West,54300.0,2016-04-19
3221,61.0,North,21600.0,34,2022-01-14,1,61.0,North,21600.0,2022-01-14
11762,32.0,North,38800.0,22,"December 25, 2023",0,32.0,North,38800.0,2023-12-25
13,43.0,E.,44100.0,67,"January 11, 2022",1,43.0,East,44100.0,2022-01-11
4329,49.0,,49600.0,47,06/26/2018,1,49.0,Unknown,49600.0,2018-06-26
5345,41.0,SOUTH,51000.0,32,"June 06, 2024",1,41.0,South,51000.0,2024-06-06
8922,50.0,East,28300.0,18,2019-08-10,0,50.0,East,28300.0,2019-08-10
4235,58.0,West,"$42,700",26,16-Dec-2015,1,58.0,West,42700.0,2015-12-16
4041,43.0,South,21500.0,12,,1,43.0,South,21500.0,
4787,25.0,East,17400.0,60,12-Aug-2022,1,25.0,East,17400.0,2022-08-12
5840,23.0,SOUTH ,55400.0,64,06/01/2022,0,23.0,South,55400.0,2022-06-01
2929,24.0,north,63000.0,12,02/03/2023,1,24.0,North,63000.0,2023-02-03
1915,57.0,North,30600.0,12,05/27/2022,1,57.0,North,30600.0,2022-05-27
9024,48.0,North,73800.0,24,2019-11-30,0,48.0,North,73800.0,2019-11-30
2010,50.0,WEST,39700.0,46,22-Mar-2018,1,50.0,West,39700.0,2018-03-22
2651,28.0,West,63400.0,14,"December 06, 2022",1,28.0,West,63400.0,2022-12-06
6674,,West,60500.0,33,2017-09-22,1,42.02803042831156,West,60500.0,2017-09-22
4462,41.0,east,22000.0,6,"March 02, 2024",0,41.0,East,22000.0,2024-03-02
10051,41.0,West,28000.0,61,16-Jul-2021,1,41.0,West,28000.0,2021-07-16
10129,58.0,North,"$31,900",24,"January 25, 2017",1,58.0,North,31900.0,2017-01-25
10768,,N.,16700.0,26,11/09/2015,0,42.02803042831156,North,16700.0,2015-11-09
934,63.0,South,27000.0,31,2016-08-31,1,63.0,South,27000.0,2016-08-31
5142,18.0,West,"$84,200",44,20-Mar-2018,1,18.0,West,84200.0,2018-03-20
910,28.0,south ,31000.0,4,07/10/2020,0,28.0,South,31000.0,2020-07-10
5953,18.0,south ,132200.0,29,08/10/2022,1,18.0,South,132200.0,2022-08-10
8694,36.0,E.,48300.0,25,09-Nov-2017,1,36.0,East,48300.0,2017-11-09
8235,40.0,East,26300.0,31,2023-04-28,1,40.0,East,26300.0,2023-04-28
10564,53.0,N.,45000.0,25,22-May-2022,1,53.0,North,45000.0,2022-05-22
2502,45.0,North,26100.0,57,27-May-2022,1,45.0,North,26100.0,2022-05-27
38,31.0,East,91400.0,33,2020-05-29,1,31.0,East,91400.0,2020-05-29
1561,37.0, East ,36800.0,13,2023-08-25,1,37.0,East,36800.0,2023-08-25
4109,61.0,North,151400.0,44,"September 28, 2018",1,61.0,North,151400.0,2018-09-28
5523,32.0,West,60000.0,69,"August 23, 2015",1,32.0,West,60000.0,2015-08-23
6073,52.0,North,"$72,900",11,2020-10-02,0,52.0,North,72900.0,2020-10-02
5484,60.0,SOUTH,46600.0,42,"March 08, 2017",1,60.0,South,46600.0,2017-03-08
10022,47.0,West,55000.0,31,"May 23, 2019",1,47.0,West,55000.0,2019-05-23
4067,31.0,north,63400.0,17,18-Oct-2018,1,31.0,North,63400.0,2018-10-18
7811,48.0,North,"$29,400",17,2018-08-08,1,48.0,North,29400.0,2018-08-08
636,38.0,East,39500.0,29,2020-06-16,1,38.0,East,39500.0,2020-06-16
5235,34.0,East,95900.0,10,26-Jan-2015,1,34.0,East,95900.0,2015-01-26
8004,36.0,South,36300.0,51,2020-10-13,1,36.0,South,36300.0,2020-10-13
4403,33.0,North,31700.0,41,2018-02-14,0,33.0,North,31700.0,2018-02-14
5100,29.0,West,84500.0,31,29-Mar-2015,1,29.0,West,84500.0,2015-03-29
10945,24.0,S.,56600.0,81,2018-08-10,1,24.0,South,56600.0,2018-08-10
2458,34.0,east,29000.0,64,2024-04-08,1,34.0,East,29000.0,2024-04-08
1022,,West,65100.0,25,2017-06-24,1,42.02803042831156,West,65100.0,2017-06-24
4933,65.0,north,,35,09/25/2015,1,65.0,North,49400.0,2015-09-25
7541,29.0,East,63500.0,47,04/03/2023,1,29.0,East,63500.0,2023-04-03
8289,34.0,east,27100.0,73,"February 18, 2019",0,34.0,East,27100.0,2019-02-18
5535,47.0,NORTH,99300.0,48,08/08/2021,1,47.0,North,99300.0,2021-08-08
6895,41.0,South,66400.0,38,08/14/2024,1,41.0,South,66400.0,2024-08-14
10389,44.0,North,71200.0,37,30-Jun-2021,1,44.0,North,71200.0,2021-06-30
2840,43.0,West,,11,22-Aug-2022,1,43.0,West,49400.0,2022-08-22
10379,54.0,S.,36200.0,8,02/21/2016,1,54.0,South,36200.0,2016-02-21
8359,69.0,North,61700.0,95,"July 16, 2022",0,69.0,North,61700.0,2022-07-16
1285,43.0,South,"$46,900",34,"April 13, 2021",1,43.0,South,46900.0,2021-04-13
11824,59.0,NORTH,39200.0,14,"May 28, 2018",1,59.0,North,39200.0,2018-05-28
3135,35.0,North,98000.0,55,03-Jul-2015,1,35.0,North,98000.0,2015-07-03
4059,50.0,North,40600.0,43,22-Aug-2022,1,50.0,North,40600.0,2022-08-22
10649,43.0,South,29100.0,37,12/04/2018,0,43.0,South,29100.0,2018-12-04
5036,23.0,West,30100.0,5,18-Jan-2018,0,23.0,West,30100.0,2018-01-18
3768,48.0,west,43300.0,17,03-Dec-2019,1,48.0,West,43300.0,2019-12-03
7008,21.0,East,74400.0,9,09-Jun-2024,1,21.0,East,74400.0,2024-06-09
105,30.0,North,49800.0,20,2015-06-22,0,30.0,North,49800.0,2015-06-22
5861,58.0,West,19700.0,43,07/24/2021,1,58.0,West,19700.0,2021-07-24
7836,27.0,South,44100.0,90,01-Apr-2024,1,27.0,South,44100.0,2024-04-01
3393,32.0,North,77500.0,13,26-Apr-2017,1,32.0,North,77500.0,2017-04-26
9739,36.0, East ,55700.0,32,"September 10, 2015",1,36.0,East,55700.0,2015-09-10
11127,31.0,North,48500.0,26,05/23/2021,0,31.0,North,48500.0,2021-05-23
7295,31.0,South,63400.0,18,10/01/2021,0,31.0,South,63400.0,2021-10-01
1269,50.0,south ,56600.0,32,"April 02, 2018",1,50.0,South,56600.0,2018-04-02
4616,64.0,North,45200.0,60,2019-04-03,0,64.0,North,45200.0,2019-04-03
4613,37.0,East,58900.0,66,2015-01-11,1,37.0,East,58900.0,2015-01-11
4725,45.0,E.,"$25,100",11,01-Nov-2021,1,45.0,East,25100.0,2021-11-01
927,40.0, North,15300.0,18,,1,40.0,North,15300.0,
5268,18.0,W. ,42400.0,24,"January 12, 2024",1,18.0,West,42400.0,2024-01-12
6743,32.0, North,,41,2022-07-06,1,32.0,North,49400.0,2022-07-06
5992,54.0,North,29000.0,40,11/06/2020,1,54.0,North,29000.0,2020-11-06
9049,47.0,East,115500.0,46,07/19/2016,1,47.0,East,115500.0,2016-07-19
4144,37.0,N.,39300.0,31,2023-10-28,1,37.0,North,39300.0,2023-10-28
5902,38.0,East,68800.0,30,"March 21, 2022",1,38.0,East,68800.0,2022-03-21
10448,33.0,East,34700.0,35,"December 13, 2018",0,33.0,East,34700.0,2018-12-13
6063,44.0,WEST,20800.0,121,2023-12-31,0,44.0,West,20800.0,2023-12-31
7674,34.0,West,65300.0,9,07/19/2018,1,34.0,West,65300.0,2018-07-19
9664,35.0,North,22700.0,69,06/06/2016,1,35.0,North,22700.0,2016-06-06
5334,64.0,WEST,60000.0,18,"July 15, 2022",0,64.0,West,60000.0,2022-07-15
10594,49.0,NORTH,162100.0,42,20-Jan-2021,1,49.0,North,162100.0,2021-01-20
7725,38.0,West,"$26,500",62,2015-04-12,1,38.0,West,26500.0,2015-04-12
11891,37.0,West,36800.0,48,2020-06-11,0,37.0,West,36800.0,2020-06-11
7809,43.0,S.,50300.0,33,08/09/2023,1,43.0,South,50300.0,2023-08-09
8339,22.0,West,35800.0,14,"January 06, 2018",0,22.0,West,35800.0,2018-01-06
8955,49.0,north,24200.0,58,"April 17, 2016",0,49.0,North,24200.0,2016-04-17
11316,40.0,North,30400.0,68,05-Jun-2015,1,40.0,North,30400.0,2015-06-05
9430,25.0,East,34600.0,31,06/03/2015,1,25.0,East,34600.0,2015-06-03
7813,29.0,east,"$48,300",39,03/16/2020,1,29.0,East,48300.0,2020-03-16
9652,63.0, East ,"$37,700",48,28-Mar-2021,1,63.0,East,37700.0,2021-03-28
231,23.0,West,39900.0,63,02/20/2018,1,23.0,West,39900.0,2018-02-20
8929,38.0,West,19200.0,56,2016-10-29,1,38.0,West,19200.0,2016-10-29
9069,20.0,East,120000.0,78,"June 22, 2020",1,20.0,East,120000.0,2020-06-22
8926,51.0,North,21100.0,18,12/28/2023,1,51.0,North,21100.0,2023-12-28
3484,59.0,West,72100.0,44,08-Jan-2019,0,59.0,West,72100.0,2019-01-08
3508,48.0,North,46900.0,19,15-Aug-2020,1,48.0,North,46900.0,2020-08-15
10240,52.0,South,"$143,200",41,12/05/2015,1,52.0,South,143200.0,2015-12-05
7949,37.0,WEST,48000.0,57,09/02/2019,1,37.0,West,48000.0,2019-09-02
1927,34.0,East,"$57,000",11,08-Jul-2016,1,34.0,East,57000.0,2016-07-08
9610,40.0,North,120700.0,26,29-Jun-2024,1,40.0,North,120700.0,2024-06-29
1851,34.0,N.,27900.0,37,09/09/2023,1,34.0,North,27900.0,2023-09-09
886,46.0,East,31800.0,28,18-Apr-2023,1,46.0,East,31800.0,2023-04-18
10828,31.0,North,44500.0,55,01/26/2020,0,31.0,North,44500.0,2020-01-26
5255,52.0,WEST,56400.0,111,2022-06-22,1,52.0,West,56400.0,2022-06-22
3234,53.0,East,41100.0,53,08/18/2021,1,53.0,East,41100.0,2021-08-18
11546,46.0,West,"$103,700",75,08/06/2015,1,46.0,West,103700.0,2015-08-06
4027,34.0,S.,158900.0,43,17-Oct-2015,1,34.0,South,158900.0,2015-10-17
7758,45.0,WEST,93500.0,16,"August 26, 2022",1,45.0,West,93500.0,2022-08-26
5993,45.0,South,71400.0,43,2021-02-07,1,45.0,South,71400.0,2021-02-07
7825,28.0,east,16800.0,49,27-Sep-2018,0,28.0,East,16800.0,2018-09-27
6065,63.0,South,59900.0,22,03/08/2019,0,63.0,South,59900.0,2019-03-08
7455,38.0,East,15000.0,55,"September 20, 2021",1,38.0,East,15000.0,2021-09-20
5607,39.0,West,40600.0,59,"May 29, 2021",1,39.0,West,40600.0,2021-05-29
3277,54.0,South,15000.0,18,2022-07-04,1,54.0,South,15000.0,2022-07-04
580,47.0,North,76000.0,47,2020-11-18,1,47.0,North,76000.0,2020-11-18
4116,34.0,East,59700.0,112,12/04/2017,1,34.0,East,59700.0,2017-12-04
9338,31.0,E.,115400.0,39,03/16/2021,0,31.0,East,115400.0,2021-03-16
10698,44.0,W. ,69000.0,17,"March 16, 2017",1,44.0,West,69000.0,2017-03-16
5110,50.0,North,52500.0,11,17-Nov-2019,0,50.0,North,52500.0,2019-11-17
4618,29.0,North,39100.0,18,01/09/2021,1,29.0,North,39100.0,2021-01-09
771,64.0,North,87700.0,10,01-Apr-2018,0,64.0,North,87700.0,2018-04-01
1766,40.0,west,64300.0,17,04/23/2016,1,40.0,West,64300.0,2016-04-23
11922,30.0,North,28100.0,32,2018-07-08,1,30.0,North,28100.0,2018-07-08
7309,33.0,South,"$76,200",34,2023-02-18,1,33.0,South,76200.0,2023-02-18
495,38.0,WEST,36500.0,35,"October 10, 2015",1,38.0,West,36500.0,2015-10-10
1084,43.0,South,127100.0,16,04/17/2018,1,43.0,South,127100.0,2018-04-17
419,41.0,South,48100.0,31,10/06/2023,0,41.0,South,48100.0,2023-10-06
2549,19.0,East,"$52,900",6,07/07/2017,0,19.0,East,52900.0,2017-07-07
11023,31.0,North,39100.0,14,22-Dec-2016,1,31.0,North,39100.0,2016-12-22
3536,25.0,N.,58100.0,20,"September 07, 2021",1,25.0,North,58100.0,2021-09-07
10958,43.0,WEST,143100.0,50,07/28/2020,1,43.0,West,143100.0,2020-07-28
8918,49.0,west,23200.0,11,2022-11-08,1,49.0,West,23200.0,2022-11-08
4698,41.0,west,50700.0,18,08/09/2021,1,41.0,West,50700.0,2021-08-09
11860,45.0,East,64400.0,47,11/03/2024,1,45.0,East,64400.0,2024-11-03
6469,76.0,South,20600.0,77,2022-11-02,1,76.0,South,20600.0,2022-11-02
2319,71.0,East,22200.0,27,"December 23, 2019",1,71.0,East,22200.0,2019-12-23
10568,65.0,South,39700.0,134,08/14/2015,0,65.0,South,39700.0,2015-08-14
1725,57.0,east,"$48,500",11,06/27/2022,1,57.0,East,48500.0,2022-06-27
2139,46.0,East,36100.0,35,"April 20, 2020",0,46.0,East,36100.0,2020-04-20
5635,42.0,South,146700.0,30,2021-02-06,1,42.0,South,146700.0,2021-02-06
7263,57.0,West,45500.0,44,"June 22, 2018",1,57.0,West,45500.0,2018-06-22
481,45.0,North,61100.0,26,04/02/2022,1,45.0,North,61100.0,2022-04-02
4706,49.0,North,42600.0,36,"March 14, 2019",1,49.0,North,42600.0,2019-03-14
6302,33.0,West,46400.0,57,08/10/2018,1,33.0,West,46400.0,2018-08-10
2951,27.0,North,69200.0,8,13-May-2018,1,27.0,North,69200.0,2018-05-13
9213,53.0,North,42700.0,1,22-May-2020,1,53.0,North,42700.0,2020-05-22
11939,45.0,N.,"$17,000",29,2022-01-22,1,45.0,North,17000.0,2022-01-22
1045,32.0,East,32400.0,21,"May 15, 2020",1,32.0,East,32400.0,2020-05-15
9257,41.0,west,78400.0,6,2024-03-10,1,41.0,West,78400.0,2024-03-10
6619,56.0,West,33600.0,28,2022-11-06,1,56.0,West,33600.0,2022-11-06
6759,65.0,South,26600.0,41,19-Nov-2018,1,65.0,South,26600.0,2018-11-19
6323,43.0,East,74500.0,15,2023-08-15,1,43.0,East,74500.0,2023-08-15
6386,69.0,North,35200.0,35,"July 17, 2024",0,69.0,North,35200.0,2024-07-17
7058,35.0,West,88500.0,50,11-Aug-2022,1,35.0,West,88500.0,2022-08-11
10720,47.0,South,33300.0,19,,1,47.0,South,33300.0,
6375,33.0,North,35800.0,27,2023-12-04,0,33.0,North,35800.0,2023-12-04
5585,35.0,West,65200.0,22,"October 22, 2019",0,35.0,West,65200.0,2019-10-22
1420,42.0,East,"$38,400",156,18-Oct-2024,1,42.0,East,38400.0,2024-10-18
3754,52.0,East,105200.0,72,2020-12-01,1,52.0,East,105200.0,2020-12-01
5101,31.0,North,"$53,800",68,12/06/2016,1,31.0,North,53800.0,2016-12-06
5062,52.0,S.,111400.0,37,12/09/2020,0,52.0,South,111400.0,2020-12-09
7605,35.0,south ,40400.0,51,2024-10-13,1,35.0,South,40400.0,2024-10-13
5210,25.0,NORTH,58300.0,30,2019-02-08,0,25.0,North,58300.0,2019-02-08
6282,75.0,East,32000.0,18,02/28/2015,1,75.0,East,32000.0,2015-02-28
11309,28.0,W. ,29800.0,48,23-Jun-2015,1,28.0,West,29800.0,2015-06-23
639,50.0,East,18400.0,24,30-Sep-2023,0,50.0,East,18400.0,2023-09-30
5018,35.0,North,92700.0,76,2018-04-01,0,35.0,North,92700.0,2018-04-01
6838,35.0,south ,70100.0,10,24-Feb-2022,1,35.0,South,70100.0,2022-02-24
10679,55.0, East ,50900.0,28,04/26/2021,1,55.0,East,50900.0,2021-04-26
27,49.0,South,41100.0,26,"June 01, 2018",1,49.0,South,41100.0,2018-06-01
9917,21.0,East,37300.0,43,11/12/2018,1,21.0,East,37300.0,2018-11-12
10521,44.0,South,101900.0,33,2018-02-04,1,44.0,South,101900.0,2018-02-04
10641,45.0,North,49500.0,36,13-Apr-2021,1,45.0,North,49500.0,2021-04-13
4984,67.0,West,120400.0,118,"October 11, 2021",1,67.0,West,120400.0,2021-10-11
8548,70.0, North,"$92,400",126,02/03/2023,1,70.0,North,92400.0,2023-02-03
5450,44.0,North,"$50,500",49,2022-12-21,1,44.0,North,50500.0,2022-12-21
8271,48.0,S.,82200.0,17,2017-08-02,1,48.0,South,82200.0,2017-08-02
1635,46.0,South,39000.0,78,07/22/2023,1,46.0,South,39000.0,2023-07-22
9990,60.0,west,63500.0,55,"June 13, 2023",0,60.0,West,63500.0,2023-06-13
3588,45.0,East,"$85,400",10,2019-03-04,1,45.0,East,85400.0,2019-03-04
4648,32.0,South,"$92,600",89,15-Mar-2018,0,32.0,South,92600.0,2018-03-15
1564,27.0,South,47200.0,84,"July 30, 2016",1,27.0,South,47200.0,2016-07-30
4306,42.0, North,39600.0,20,03/23/2019,1,42.0,North,39600.0,2019-03-23
4243,28.0,EAST,85300.0,54,19-Jul-2015,1,28.0,East,85300.0,2015-07-19
11522,37.0,East,69400.0,4,11-Aug-2016,1,37.0,East,69400.0,2016-08-11
8640,32.0, North,141000.0,28,2020-07-12,0,32.0,North,141000.0,2020-07-12
9437,30.0,West,32700.0,27,10/09/2020,0,30.0,West,32700.0,2020-10-09
10139,44.0,East,28200.0,18,29-Nov-2023,1,44.0,East,28200.0,2023-11-29
11072,37.0,E.,66700.0,16,31-May-2020,0,37.0,East,66700.0,2020-05-31
6968,26.0,North,57800.0,49,11/04/2022,1,26.0,North,57800.0,2022-11-04
8857,27.0,N.,"$15,000",119,2020-02-27,1,27.0,North,15000.0,2020-02-27
8246,37.0,North,95300.0,46,2019-04-30,1,37.0,North,95300.0,2019-04-30
7322,27.0,North,"$54,600",11,"December 15, 2018",1,27.0,North,54600.0,2018-12-15
9875,53.0,West,"$51,600",20,"August 28, 2021",1,53.0,West,51600.0,2021-08-28
3423,56.0,SOUTH,33900.0,10,02/26/2023,1,56.0,South,33900.0,2023-02-26
8074,45.0,South,"$52,700",66,"March 28, 2023",1,45.0,South,52700.0,2023-03-28
2950,57.0,West,36400.0,38,10/02/2015,1,57.0,West,36400.0,2015-10-02
7895,63.0,West,83000.0,126,2016-05-02,0,63.0,West,83000.0,2016-05-02
5763,34.0,North,55300.0,19,08-Feb-2016,1,34.0,North,55300.0,2016-02-08
1336,66.0, East ,17600.0,14,06/20/2024,1,66.0,East,17600.0,2024-06-20
8569,29.0,W. ,21300.0,24,2021-02-13,1,29.0,West,21300.0,2021-02-13
2739,74.0,East,43800.0,40,2018-10-24,1,74.0,East,43800.0,2018-10-24
9585,49.0,South,,45,01/02/2021,1,49.0,South,49400.0,2021-01-02
10728,40.0,South,29500.0,49,"January 27, 2017",1,40.0,South,29500.0,2017-01-27
10802,35.0,South,108400.0,35,10/21/2020,1,35.0,South,108400.0,2020-10-21
6524,50.0,NORTH,49000.0,76,13-Jan-2015,1,50.0,North,49000.0,2015-01-13
5317,52.0,North,,49,11/22/2021,1,52.0,North,49400.0,2021-11-22
11106,53.0,East,125700.0,51,"October 10, 2023",1,53.0,East,125700.0,2023-10-10
7816,18.0,N.,35800.0,21,27-Nov-2016,1,18.0,North,35800.0,2016-11-27
2275,44.0,East,"$205,700",52,"June 01, 2021",0,44.0,East,205700.0,2021-06-01
11060,48.0,WEST,46700.0,64,2021-04-06,1,48.0,West,46700.0,2021-04-06
2514,52.0,N.,36100.0,42,"November 30, 2022",1,52.0,North,36100.0,2022-11-30
7558,62.0,S.,15400.0,75,2016-09-09,1,62.0,South,15400.0,2016-09-09
5071,36.0,North,38200.0,88,17-Jan-2020,0,36.0,North,38200.0,2020-01-17
3678,50.0,East,"$77,600",52,10/18/2018,1,50.0,East,77600.0,2018-10-18
14,57.0,West,15000.0,12,"May 06, 2019",1,57.0,West,15000.0,2019-05-06
10919,30.0,West,109900.0,28,2020-03-06,0,30.0,West,109900.0,2020-03-06
3209,55.0,West,25400.0,51,2019-09-19,0,55.0,West,25400.0,2019-09-19
8313,54.0,east,"$70,900",63,"April 24, 2016",0,54.0,East,70900.0,2016-04-24
4158,59.0,West,23900.0,31,13-Dec-2024,1,59.0,West,23900.0,2024-12-13
2085,55.0,North,49400.0,45,"April 13, 2021",1,55.0,North,49400.0,2021-04-13
3169,30.0,S.,68800.0,22,"March 04, 2018",0,30.0,South,68800.0,2018-03-04
2383,22.0,South,"$33,900",74,"December 09, 2024",0,22.0,South,33900.0,2024-12-09
9491,51.0,West,117300.0,30,"November 12, 2023",0,51.0,West,117300.0,2023-11-12
7568,,West,"$105,500",63,10-Apr-2017,1,42.02803042831156,West,105500.0,2017-04-10
7251,29.0,SOUTH,"$18,700",76,"March 02, 2023",1,29.0,South,18700.0,2023-03-02
4588,62.0,West,37200.0,25,12/05/2022,1,62.0,West,37200.0,2022-12-05
7790,37.0,South,49600.0,53,"August 30, 2018",1,37.0,South,49600.0,2018-08-30
3592,60.0,WEST,49800.0,23,07-Apr-2022,1,60.0,West,49800.0,2022-04-07
9177,41.0,south ,70400.0,12,01/19/2021,1,41.0,South,70400.0,2021-01-19
623,45.0,North,128500.0,24,01-Dec-2017,1,45.0,North,128500.0,2017-12-01
1681,22.0,North,89300.0,30,20-Dec-2019,1,22.0,North,89300.0,2019-12-20
2655,42.0,south ,44400.0,74,"March 23, 2024",1,42.0,South,44400.0,2024-03-23
4324,44.0,North,"$56,900",7,05-Sep-2020,1,44.0,North,56900.0,2020-09-05
2636,58.0,East,56900.0,43,05-May-2021,1,58.0,East,56900.0,2021-05-05
3173,55.0,east,71400.0,41,"June 28, 2020",1,55.0,East,71400.0,2020-06-28
1971,39.0,,29600.0,22,"November 22, 2020",1,39.0,Unknown,29600.0,2020-11-22
9550,36.0,North,48000.0,12,30-Jan-2022,1,36.0,North,48000.0,2022-01-30
6802,56.0,West,35100.0,48,09/25/2016,0,56.0,West,35100.0,2016-09-25
8557,37.0,East,"$40,400",34,"May 18, 2022",1,37.0,East,40400.0,2022-05-18
8517,18.0,W. ,15000.0,14,2022-06-11,1,18.0,West,15000.0,2022-06-11
899,48.0,South,44600.0,36,2022-05-15,1,48.0,South,44600.0,2022-05-15
10258,68.0,West,44000.0,38,08/10/2023,1,68.0,West,44000.0,2023-08-10
10198,34.0,North,22500.0,21,08/22/2017,0,34.0,North,22500.0,2017-08-22
4052,41.0,East,58300.0,11,03/19/2020,1,41.0,East,58300.0,2020-03-19
4540,51.0,East,23500.0,68,"November 30, 2023",1,51.0,East,23500.0,2023-11-30
359,31.0,West,"$62,900",17,2024-06-17,1,31.0,West,62900.0,2024-06-17
5390,39.0,South,48900.0,66,2019-07-09,1,39.0,South,48900.0,2019-07-09
3724,54.0,S.,41600.0,48,"October 28, 2024",1,54.0,South,41600.0,2024-10-28
2333,45.0,East,47300.0,23,2021-02-07,1,45.0,East,47300.0,2021-02-07
8773,39.0,North,35100.0,61,2022-08-17,1,39.0,North,35100.0,2022-08-17
188,26.0,North,"$29,400",4,18-Jul-2018,1,26.0,North,29400.0,2018-07-18
8804,37.0,East,35800.0,6,"February 19, 2022",0,37.0,East,35800.0,2022-02-19
3956,18.0,east,28000.0,57,2016-12-22,1,18.0,East,28000.0,2016-12-22
10778,25.0,East,52200.0,18,"February 23, 2023",0,25.0,East,52200.0,2023-02-23
2007,41.0,N.,35300.0,16,13-Feb-2016,0,41.0,North,35300.0,2016-02-13
10449,51.0,North,73200.0,48,"June 21, 2023",1,51.0,North,73200.0,2023-06-21
8384,32.0,South,42300.0,28,2020-12-31,1,32.0,South,42300.0,2020-12-31
1875,28.0,South,50400.0,7,27-Nov-2019,1,28.0,South,50400.0,2019-11-27
8141,49.0,East,63500.0,36,08-Feb-2022,0,49.0,East,63500.0,2022-02-08
2764,,South,69900.0,64,04/24/2020,0,42.02803042831156,South,69900.0,2020-04-24
7937,35.0,North,57500.0,31,02/27/2021,1,35.0,North,57500.0,2021-02-27
6466,26.0,North,86700.0,60,05/11/2023,1,26.0,North,86700.0,2023-05-11
3138,56.0,North,45300.0,38,27-Sep-2017,1,56.0,North,45300.0,2017-09-27
4625,66.0,Unknown,33300.0,91,06-Feb-2018,1,66.0,Unknown,33300.0,2018-02-06
1063,36.0,North,44200.0,139,29-Dec-2023,1,36.0,North,44200.0,2023-12-29
6391,41.0,South,58500.0,65,2017-06-22,1,41.0,South,58500.0,2017-06-22
1833,27.0,East,122400.0,15,"June 08, 2023",1,27.0,East,122400.0,2023-06-08
7734,29.0,West,29900.0,7,02-Jul-2020,1,29.0,West,29900.0,2020-07-02
5860,59.0, North,42600.0,49,2023-06-07,0,59.0,North,42600.0,2023-06-07
5134,24.0,East,"$36,600",9,19-Apr-2017,1,24.0,East,36600.0,2017-04-19
4999,43.0,west,"$43,300",39,2018-01-01,0,43.0,West,43300.0,2018-01-01
11591,58.0,East,,21,16-Dec-2020,0,58.0,East,49400.0,2020-12-16
760,48.0,North,50200.0,52,"June 05, 2021",1,48.0,North,50200.0,2021-06-05
3091,58.0,South,77600.0,24,"February 04, 2023",1,58.0,South,77600.0,2023-02-04
3416,43.0,North,64200.0,23,"June 25, 2024",1,43.0,North,64200.0,2024-06-25
9153,28.0,East,"$31,700",53,04/18/2015,0,28.0,East,31700.0,2015-04-18
200,40.0,East,23100.0,43,06/02/2021,1,40.0,East,23100.0,2021-06-02
3642,64.0,East,34800.0,73,2023-11-27,1,64.0,East,34800.0,2023-11-27
11328,35.0,north,"$22,100",34,"November 17, 2021",1,35.0,North,22100.0,2021-11-17
4487,64.0,West,46300.0,45,2024-07-29,1,64.0,West,46300.0,2024-07-29
5461,49.0,south ,30800.0,5,"September 11, 2022",1,49.0,South,30800.0,2022-09-11
5719,55.0,North,51700.0,40,31-Dec-2016,1,55.0,North,51700.0,2016-12-31
4988,46.0,South,"$123,400",37,2019-06-08,1,46.0,South,123400.0,2019-06-08
6418,,North,25800.0,37,"March 08, 2022",0,42.02803042831156,North,25800.0,2022-03-08
1632,31.0,West,86700.0,8,"October 27, 2015",1,31.0,West,86700.0,2015-10-27
653,64.0,North,42400.0,67,15-Jun-2021,0,64.0,North,42400.0,2021-06-15
6817,35.0,East,121400.0,3,2015-09-07,1,35.0,East,121400.0,2015-09-07
10394,33.0,East,"$66,200",57,08-Mar-2019,1,33.0,East,66200.0,2019-03-08
10485,29.0,N.,18500.0,105,04/15/2017,1,29.0,North,18500.0,2017-04-15
10410,46.0,East,33800.0,20,17-Jan-2020,1,46.0,East,33800.0,2020-01-17
152,29.0, East ,33900.0,59,28-Aug-2022,1,29.0,East,33900.0,2022-08-28
9007,48.0,North,45000.0,9,2018-01-31,1,48.0,North,45000.0,2018-01-31
3809,41.0,East,31300.0,41,12/02/2020,1,41.0,East,31300.0,2020-12-02
5886,62.0,North,47700.0,7,03/10/2019,1,62.0,North,47700.0,2019-03-10
9084,66.0, East ,"$70,000",10,2017-12-24,1,66.0,East,70000.0,2017-12-24
6881,20.0,East,41700.0,48,11/26/2016,1,20.0,East,41700.0,2016-11-26
920,18.0,West,32400.0,76,2024-04-05,1,18.0,West,32400.0,2024-04-05
6407,36.0,West,103000.0,8,03/17/2021,1,36.0,West,103000.0,2021-03-17
2580,60.0,east,39700.0,17,07-Feb-2020,1,60.0,East,39700.0,2020-02-07
3004,22.0,NORTH,61100.0,81,13-Aug-2017,0,22.0,North,61100.0,2017-08-13
8478,69.0,North,84900.0,38,03/26/2015,1,69.0,North,84900.0,2015-03-26
5825,18.0,South,54300.0,25,30-Jun-2016,1,18.0,South,54300.0,2016-06-30
11182,31.0,East,37100.0,53,25-May-2015,0,31.0,East,37100.0,2015-05-25
3993,38.0,east,32500.0,21,02/14/2016,1,38.0,East,32500.0,2016-02-14
2851,40.0,East,48700.0,48,12/11/2018,1,40.0,East,48700.0,2018-12-11
6591,47.0,West,79000.0,62,2017-12-10,1,47.0,West,79000.0,2017-12-10
9541,32.0,east,135400.0,59,10/26/2021,1,32.0,East,135400.0,2021-10-26
9145,56.0,East,93100.0,45,"August 01, 2021",1,56.0,East,93100.0,2021-08-01
8468,27.0,West,60500.0,23,"July 22, 2015",1,27.0,West,60500.0,2015-07-22
6698,,West,"$26,500",25,2020-02-05,0,42.02803042831156,West,26500.0,2020-02-05
3795,23.0,north,"$54,700",23,"December 25, 2021",1,23.0,North,54700.0,2021-12-25
5889,54.0,East,68200.0,46,"August 02, 2021",1,54.0,East,68200.0,2021-08-02
3023,47.0,East,63400.0,11,27-Jan-2024,1,47.0,East,63400.0,2024-01-27
9424,52.0,South,58200.0,13,03-Feb-2022,0,52.0,South,58200.0,2022-02-03
2237,41.0,SOUTH,31300.0,38,"September 18, 2019",1,41.0,South,31300.0,2019-09-18
4000,26.0, North,18600.0,35,"October 23, 2016",1,26.0,North,18600.0,2016-10-23
11747,22.0,North,"$43,800",13,"March 15, 2015",1,22.0,North,43800.0,2015-03-15
8853,27.0,South,31800.0,32,"January 16, 2021",1,27.0,South,31800.0,2021-01-16
1130,18.0,North,"$48,600",36,"January 17, 2024",1,18.0,North,48600.0,2024-01-17
5434,55.0,West,"$116,100",34,2022-10-03,1,55.0,West,116100.0,2022-10-03
3567,51.0,E.,,16,2015-08-26,1,51.0,East,49400.0,2015-08-26
6830,24.0, East ,42900.0,61,"April 14, 2023",1,24.0,East,42900.0,2023-04-14
9199,70.0,North,67500.0,49,"October 16, 2019",0,70.0,North,67500.0,2019-10-16
11110,58.0,West,44700.0,15,"April 02, 2023",1,58.0,West,44700.0,2023-04-02
7353,18.0,S.,"$106,100",19,2022-09-24,1,18.0,South,106100.0,2022-09-24
842,42.0,West,62700.0,16,2019-07-04,1,42.0,West,62700.0,2019-07-04
11752,44.0,East,39500.0,20,"July 03, 2022",0,44.0,East,39500.0,2022-07-03
6414,38.0,East,60700.0,1,"December 13, 2022",1,38.0,East,60700.0,2022-12-13
11148,43.0,North,118400.0,15,2015-06-23,1,43.0,North,118400.0,2015-06-23
4514,32.0,East,54100.0,24,"December 17, 2018",1,32.0,East,54100.0,2018-12-17
3164,51.0,North,49600.0,9,03/27/2021,1,51.0,North,49600.0,2021-03-27
1442,47.0,East,60300.0,30,"June 07, 2019",0,47.0,East,60300.0,2019-06-07
4871,27.0,West,28500.0,11,"June 01, 2022",0,27.0,West,28500.0,2022-06-01
3867,47.0,Unknown,21700.0,36,2015-09-02,1,47.0,Unknown,21700.0,2015-09-02
3451,21.0,West,55500.0,9,23-May-2018,1,21.0,West,55500.0,2018-05-23
7500,19.0, East ,73900.0,2,2024-01-30,1,19.0,East,73900.0,2024-01-30
2998,72.0,South,26700.0,49,2022-04-09,0,72.0,South,26700.0,2022-04-09
880,42.0,East,54100.0,76,03/09/2020,1,42.0,East,54100.0,2020-03-09
6346,57.0,north,57900.0,27,"July 27, 2023",1,57.0,North,57900.0,2023-07-27
3679,, East ,37900.0,57,16-Nov-2016,1,42.02803042831156,East,37900.0,2016-11-16
7019,32.0, East ,97600.0,62,"May 24, 2020",0,32.0,East,97600.0,2020-05-24
9242,50.0,West,64400.0,18,2021-08-13,0,50.0,West,64400.0,2021-08-13
331,62.0,E.,"$69,300",49,"July 16, 2015",1,62.0,East,69300.0,2015-07-16
5975,,south ,46900.0,62,04/30/2018,1,42.02803042831156,South,46900.0,2018-04-30
4129,39.0,East,82900.0,78,"August 14, 2021",1,39.0,East,82900.0,2021-08-14
9679,24.0,North,"$55,400",49,"November 08, 2021",1,24.0,North,55400.0,2021-11-08
10093,45.0,North,50300.0,30,06/25/2017,1,45.0,North,50300.0,2017-06-25
10910,,South,37000.0,63,03-Jun-2016,0,42.02803042831156,South,37000.0,2016-06-03
2418,34.0,west,36700.0,58,06/21/2022,1,34.0,West,36700.0,2022-06-21
1439,26.0,North,58800.0,44,,1,26.0,North,58800.0,
1982,35.0,North,92900.0,29,"July 09, 2018",1,35.0,North,92900.0,2018-07-09
6315,65.0,South,"$72,000",54,01/29/2022,1,65.0,South,72000.0,2022-01-29
4760,35.0,North,"$69,800",47,08-May-2019,0,35.0,North,69800.0,2019-05-08
9301,41.0,East,37700.0,87,"May 02, 2021",1,41.0,East,37700.0,2021-05-02
6366,37.0,WEST,124100.0,18,2020-09-13,0,37.0,West,124100.0,2020-09-13
8884,62.0,East,45700.0,27,"March 25, 2015",1,62.0,East,45700.0,2015-03-25
5238,46.0,West,37100.0,35,"February 06, 2015",1,46.0,West,37100.0,2015-02-06
7217,,East,50300.0,56,"January 18, 2018",1,42.02803042831156,East,50300.0,2018-01-18
1849,37.0,South,37300.0,19,"July 08, 2017",1,37.0,South,37300.0,2017-07-08
3769,54.0,west,21400.0,92,"June 15, 2017",1,54.0,West,21400.0,2017-06-15
2926,54.0,West,"$106,800",41,07-Jul-2020,1,54.0,West,106800.0,2020-07-07
7257,64.0,north,100000.0,37,2017-12-24,1,64.0,North,100000.0,2017-12-24
11523,52.0,E.,34200.0,51,"May 16, 2017",1,52.0,East,34200.0,2017-05-16
7341,26.0,North,30700.0,9,28-Aug-2016,1,26.0,North,30700.0,2016-08-28
8083,58.0,North,66100.0,24,14-Oct-2016,1,58.0,North,66100.0,2016-10-14
2847,35.0,East,35800.0,96,13-Jun-2021,0,35.0,East,35800.0,2021-06-13
10996,49.0,West,66900.0,5,2017-04-02,1,49.0,West,66900.0,2017-04-02
2789,35.0,South,"$109,000",1,"April 12, 2021",0,35.0,South,109000.0,2021-04-12
5237,,WEST,42800.0,32,05/15/2017,1,42.02803042831156,West,42800.0,2017-05-15
8622,59.0,West,40000.0,21,"August 16, 2018",0,59.0,West,40000.0,2018-08-16
11174,53.0,W. ,29200.0,22,04-Jul-2020,0,53.0,West,29200.0,2020-07-04
2759,52.0, East ,87700.0,21,10/30/2018,0,52.0,East,87700.0,2018-10-30
11377,34.0,south ,21300.0,19,10-Sep-2018,1,34.0,South,21300.0,2018-09-10
10325,,North,55600.0,59,15-Mar-2017,1,42.02803042831156,North,55600.0,2017-03-15
8134,29.0,N.,"$60,300",21,04-Oct-2016,1,29.0,North,60300.0,2016-10-04
4543,18.0,north,"$41,900",77,10/19/2016,1,18.0,North,41900.0,2016-10-19
4869,70.0,North,37300.0,21,"September 13, 2024",1,70.0,North,37300.0,2024-09-13
11376,18.0,east,"$61,100",19,2024-10-05,1,18.0,East,61100.0,2024-10-05
7045,36.0,E.,29900.0,8,07/22/2022,1,36.0,East,29900.0,2022-07-22
5630,67.0,North,34700.0,46,2017-02-20,1,67.0,North,34700.0,2017-02-20
9747,21.0,East,58200.0,37,03/13/2021,1,21.0,East,58200.0,2021-03-13
6999,43.0,WEST,16900.0,12,01/20/2016,1,43.0,West,16900.0,2016-01-20
3441,68.0,North,24400.0,22,05-Aug-2022,1,68.0,North,24400.0,2022-08-05
4528,44.0,East,94800.0,49,,1,44.0,East,94800.0,
4135,28.0,WEST,32800.0,88,02/27/2022,1,28.0,West,32800.0,2022-02-27
9707,47.0,North,43900.0,38,"January 16, 2015",1,47.0,North,43900.0,2015-01-16
6722,57.0,east,46000.0,85,28-Jun-2023,1,57.0,East,46000.0,2023-06-28
7748,50.0,East,112600.0,29,10/30/2024,0,50.0,East,112600.0,2024-10-30
7291,65.0,west,61300.0,17,2017-02-23,1,65.0,West,61300.0,2017-02-23
379,63.0,East,74900.0,46,"December 25, 2016",1,63.0,East,74900.0,2016-12-25
8276,38.0,North,49800.0,2,05-Jun-2018,0,38.0,North,49800.0,2018-06-05
1668,42.0,North,"$18,700",28,25-Apr-2015,1,42.0,North,18700.0,2015-04-25
5623,51.0,South,53800.0,8,28-Aug-2021,1,51.0,South,53800.0,2021-08-28
4225,33.0,W. ,37400.0,58,2018-08-27,0,33.0,West,37400.0,2018-08-27
2524,19.0,North,51200.0,19,"September 10, 2024",0,19.0,North,51200.0,2024-09-10
6279,55.0,East,48300.0,38,2017-01-13,1,55.0,East,48300.0,2017-01-13
7316,42.0,South,103700.0,22,16-Aug-2018,1,42.0,South,103700.0,2018-08-16
7975,63.0,North,60800.0,41,10/19/2017,1,63.0,North,60800.0,2017-10-19
11171,56.0,West,41400.0,24,"February 28, 2023",1,56.0,West,41400.0,2023-02-28
6288,30.0,S.,37800.0,22,26-Nov-2017,1,30.0,South,37800.0,2017-11-26
4308,69.0,North,93000.0,18,01/29/2016,1,69.0,North,93000.0,2016-01-29
523,59.0,North,28100.0,30,19-Dec-2021,1,59.0,North,28100.0,2021-12-19
5642,18.0,WEST,59300.0,28,20-Jul-2020,1,18.0,West,59300.0,2020-07-20
10769,51.0,South,33700.0,54,10/02/2020,0,51.0,South,33700.0,2020-10-02
7368,48.0,SOUTH,38100.0,91,07/24/2015,1,48.0,South,38100.0,2015-07-24
2296,54.0,south ,"$32,900",40,23-Jun-2016,1,54.0,South,32900.0,2016-06-23
7740,49.0,NORTH,45300.0,43,"November 30, 2020",0,49.0,North,45300.0,2020-11-30
8304,,East,43200.0,69,2018-10-10,0,42.02803042831156,East,43200.0,2018-10-10
9233,68.0,N.,55400.0,77,2019-02-04,1,68.0,North,55400.0,2019-02-04
5804,57.0,West,35300.0,29,03/18/2022,0,57.0,West,35300.0,2022-03-18
4727,38.0,E.,61400.0,108,03/13/2016,1,38.0,East,61400.0,2016-03-13
3322,38.0,South,64900.0,19,09/03/2021,1,38.0,South,64900.0,2021-09-03
8702,26.0,S.,40000.0,33,2022-07-15,1,26.0,South,40000.0,2022-07-15
470,29.0, North,68800.0,45,"October 20, 2021",1,29.0,North,68800.0,2021-10-20
3147,53.0,North,46500.0,24,09/01/2024,1,53.0,North,46500.0,2024-09-01
11751,42.0,East,"$51,300",40,2019-04-25,0,42.0,East,51300.0,2019-04-25
3937,58.0,North,94000.0,38,"March 09, 2018",0,58.0,North,94000.0,2018-03-09
8719,60.0,North,47800.0,29,03/25/2023,1,60.0,North,47800.0,2023-03-25
6426,61.0,North,73200.0,83,01/31/2017,1,61.0,North,73200.0,2017-01-31
10766,36.0,North,71400.0,36,2023-04-26,1,36.0,North,71400.0,2023-04-26
11200,43.0,SOUTH,"$38,800",19,"December 12, 2020",1,43.0,South,38800.0,2020-12-12
7833,,West,130700.0,16,"October 16, 2016",0,42.02803042831156,West,130700.0,2016-10-16
7152,50.0,North,52500.0,56,2020-06-19,1,50.0,North,52500.0,2020-06-19
11199,37.0,South,16900.0,71,09-Jan-2017,0,37.0,South,16900.0,2017-01-09
4211,150.0,East,"$40,600",69,02-Feb-2018,1,42.02803042831156,East,40600.0,2018-02-02
6016,29.0,South,25900.0,65,"December 17, 2019",0,29.0,South,25900.0,2019-12-17
8546,32.0,NORTH,29800.0,26,"July 31, 2015",1,32.0,North,29800.0,2015-07-31
8300,36.0,WEST,"$116,100",33,04/02/2020,1,36.0,West,116100.0,2020-04-02
4461,47.0,East,106300.0,5,27-Mar-2020,1,47.0,East,106300.0,2020-03-27
9,42.0,South,"$35,700",32,2024-12-11,1,42.0,South,35700.0,2024-12-11
7301,,West,"$47,700",21,06/05/2019,0,42.02803042831156,West,47700.0,2019-06-05
7422,40.0,south ,58900.0,88,16-Jul-2023,1,40.0,South,58900.0,2023-07-16
873,51.0,West,106800.0,32,2016-06-07,1,51.0,West,106800.0,2016-06-07
2674,48.0,East,104900.0,30,2017-04-30,1,48.0,East,104900.0,2017-04-30
4066,47.0,west,51000.0,44,12/11/2021,1,47.0,West,51000.0,2021-12-11
2753,21.0,North,39200.0,75,12/25/2016,1,21.0,North,39200.0,2016-12-25
1850,51.0,WEST,70100.0,55,"January 27, 2015",1,51.0,West,70100.0,2015-01-27
10496,36.0,West,"$33,400",23,2015-02-25,1,36.0,West,33400.0,2015-02-25
8244,61.0,East,"$40,100",12,"October 14, 2017",1,61.0,East,40100.0,2017-10-14
4046,40.0,WEST,"$37,500",23,2018-02-12,1,40.0,West,37500.0,2018-02-12
629,28.0,South,75300.0,13,2020-09-08,1,28.0,South,75300.0,2020-09-08
3241,56.0,South,92200.0,17,05/18/2019,1,56.0,South,92200.0,2019-05-18
3714,43.0,E.,153700.0,49,2018-10-27,1,43.0,East,153700.0,2018-10-27
6936,36.0,west,57600.0,13,2023-04-27,1,36.0,West,57600.0,2023-04-27
5422,26.0,S.,"$52,500",30,2021-03-05,0,26.0,South,52500.0,2021-03-05
2030,36.0,North,"$53,800",24,09/21/2017,1,36.0,North,53800.0,2017-09-21
6057,35.0,South,"$51,000",18,"April 18, 2018",1,35.0,South,51000.0,2018-04-18
6124,39.0,S.,64700.0,34,16-Aug-2021,1,39.0,South,64700.0,2021-08-16
11521,42.0,East,41800.0,26,18-Oct-2018,1,42.0,East,41800.0,2018-10-18
5098,72.0,West,86100.0,35,"March 16, 2017",1,72.0,West,86100.0,2017-03-16
4333,62.0,East,58600.0,26,2021-04-21,1,62.0,East,58600.0,2021-04-21
11277,64.0,South,68100.0,30,04/09/2023,0,64.0,South,68100.0,2023-04-09
10891,37.0,South,27700.0,28,2024-08-02,0,37.0,South,27700.0,2024-08-02
10049,32.0,South,29400.0,61,2020-07-14,0,32.0,South,29400.0,2020-07-14
2236,28.0, East ,64100.0,92,"December 01, 2020",1,28.0,East,64100.0,2020-12-01
8248,27.0,SOUTH,63000.0,48,2023-12-05,1,27.0,South,63000.0,2023-12-05
6260,29.0,North,"$95,200",21,2020-05-18,0,29.0,North,95200.0,2020-05-18
341,18.0,S.,34000.0,50,08-Sep-2022,1,18.0,South,34000.0,2022-09-08
4629,33.0,North,"$29,000",38,11/14/2022,0,33.0,North,29000.0,2022-11-14
3827,53.0,North,37600.0,3,"June 20, 2016",0,53.0,North,37600.0,2016-06-20
11848,23.0,South,51100.0,22,"August 26, 2019",1,23.0,South,51100.0,2019-08-26
3535,48.0,East,43600.0,18,03-Jan-2016,0,48.0,East,43600.0,2016-01-03
4836,32.0,South,62600.0,17,,1,32.0,South,62600.0,
7572,50.0,West,"$59,400",52,04-Sep-2018,1,50.0,West,59400.0,2018-09-04
672,46.0,South,180000.0,47,2019-05-24,1,46.0,South,180000.0,2019-05-24
10893,44.0,North,"$42,000",5,08-Feb-2021,0,44.0,North,42000.0,2021-02-08
5518,61.0,West,,17,12/02/2024,1,61.0,West,49400.0,2024-12-02
11314,44.0,East,50400.0,46,08-May-2015,1,44.0,East,50400.0,2015-05-08
8380,67.0,East,61200.0,54,02/16/2021,1,67.0,East,61200.0,2021-02-16
8737,52.0,East,65900.0,12,02-Apr-2017,1,52.0,East,65900.0,2017-04-02
5574,50.0,South,43500.0,63,14-Aug-2017,0,50.0,South,43500.0,2017-08-14
7117,45.0,East,"$22,900",34,2017-02-23,1,45.0,East,22900.0,2017-02-23
1129,39.0,West,28900.0,36,2015-06-19,1,39.0,West,28900.0,2015-06-19
2472,36.0,South,100000.0,19,18-Mar-2015,1,36.0,South,100000.0,2015-03-18
8009,40.0,West,27700.0,59,"December 26, 2018",0,40.0,West,27700.0,2018-12-26
5899,48.0,S.,119300.0,44,11/07/2023,1,48.0,South,119300.0,2023-11-07
2100,62.0,West,23300.0,58,05/09/2023,1,62.0,West,23300.0,2023-05-09
6316,67.0,,94100.0,21,09/27/2020,0,67.0,Unknown,94100.0,2020-09-27
7513,46.0, North,28600.0,13,03-Jun-2017,1,46.0,North,28600.0,2017-06-03
1205,34.0,,46000.0,24,26-Jul-2021,1,34.0,Unknown,46000.0,2021-07-26
616,25.0,South,47200.0,18,"September 03, 2017",1,25.0,South,47200.0,2017-09-03
7130,35.0,South,63700.0,64,09-Oct-2019,1,35.0,South,63700.0,2019-10-09
237,18.0,East,73500.0,71,19-Jan-2024,1,18.0,East,73500.0,2024-01-19
9953,52.0,South,42000.0,39,2019-10-11,0,52.0,South,42000.0,2019-10-11
9929,42.0,north,45900.0,9,2016-04-24,1,42.0,North,45900.0,2016-04-24
3524,21.0,North,37400.0,19,10-Mar-2023,1,21.0,North,37400.0,2023-03-10
8315,34.0,N.,"$37,300",44,11/16/2022,0,34.0,North,37300.0,2022-11-16
9070,30.0,NORTH,96000.0,24,2020-02-16,1,30.0,North,96000.0,2020-02-16
11636,53.0,East,52800.0,2,"January 14, 2018",1,53.0,East,52800.0,2018-01-14
6752,40.0,West,56200.0,34,08-Jul-2021,0,40.0,West,56200.0,2021-07-08
1445,,north,150400.0,28,2018-05-10,1,42.02803042831156,North,150400.0,2018-05-10
9065,33.0,East,49800.0,35,02/21/2021,1,33.0,East,49800.0,2021-02-21
4391,44.0,south ,69400.0,31,27-Jul-2016,1,44.0,South,69400.0,2016-07-27
5746,53.0,NORTH,28500.0,19,"November 02, 2018",1,53.0,North,28500.0,2018-11-02
7856,32.0,East,46700.0,63,"December 26, 2017",1,32.0,East,46700.0,2017-12-26
7144,54.0,South,99100.0,19,2020-06-27,1,54.0,South,99100.0,2020-06-27
6119,36.0,South,75100.0,37,2015-01-18,1,36.0,South,75100.0,2015-01-18
11241,38.0,S.,68500.0,33,"May 13, 2022",1,38.0,South,68500.0,2022-05-13
6708,38.0,West,"$62,100",31,2019-03-05,1,38.0,West,62100.0,2019-03-05
8611,70.0,West,34400.0,45,2016-02-15,1,70.0,West,34400.0,2016-02-15
4915,58.0,East,36700.0,62,19-Jan-2018,1,58.0,East,36700.0,2018-01-19
4186,47.0,West,66400.0,73,06-Nov-2020,0,47.0,West,66400.0,2020-11-06
10112,28.0,North,27300.0,30,06/12/2020,1,28.0,North,27300.0,2020-06-12
11608,28.0,South,74100.0,30,14-Apr-2015,1,28.0,South,74100.0,2015-04-14
2266,52.0,West,37100.0,50,10/02/2015,1,52.0,West,37100.0,2015-10-02
7165,42.0,East,"$35,500",89,"March 25, 2023",1,42.0,East,35500.0,2023-03-25
7453,52.0,East,47400.0,35,2020-02-11,1,52.0,East,47400.0,2020-02-11
3042,40.0,W. ,24700.0,22,2017-11-21,1,40.0,West,24700.0,2017-11-21
9426,68.0,west,42500.0,86,18-Feb-2018,1,68.0,West,42500.0,2018-02-18
7212,27.0,West,31200.0,51,10/27/2015,1,27.0,West,31200.0,2015-10-27
5533,41.0,South,77200.0,65,02/25/2016,1,41.0,South,77200.0,2016-02-25
11631,33.0,E.,"$87,800",10,20-Dec-2019,0,33.0,East,87800.0,2019-12-20
8059,62.0,North,22100.0,43,01/10/2021,1,62.0,North,22100.0,2021-01-10
1138,42.0,South,62200.0,47,03-Jan-2016,1,42.0,South,62200.0,2016-01-03
2824,29.0,East,"$101,800",26,"October 01, 2020",1,29.0,East,101800.0,2020-10-01
11729,24.0,East,"$31,900",20,2017-03-01,1,24.0,East,31900.0,2017-03-01
9620,46.0,East,50600.0,9,23-Jun-2020,1,46.0,East,50600.0,2020-06-23
4631,19.0,E.,55800.0,30,2020-03-29,1,19.0,East,55800.0,2020-03-29
5668,40.0,W. ,98700.0,35,2018-02-27,1,40.0,West,98700.0,2018-02-27
11498,40.0,East,80900.0,6,2022-08-18,1,40.0,East,80900.0,2022-08-18
11929,37.0,North,51500.0,25,2015-11-18,0,37.0,North,51500.0,2015-11-18
1204,41.0,NORTH,41200.0,95,"June 03, 2019",0,41.0,North,41200.0,2019-06-03
2375,37.0,West,61800.0,7,01/12/2018,1,37.0,West,61800.0,2018-01-12
1418,55.0,East,,59,"September 17, 2015",1,55.0,East,49400.0,2015-09-17
10286,44.0, East ,42500.0,47,02/15/2022,1,44.0,East,42500.0,2022-02-15
7945,40.0,North,52000.0,38,11/01/2021,1,40.0,North,52000.0,2021-11-01
4019,38.0,WEST,38600.0,8,12/11/2022,1,38.0,West,38600.0,2022-12-11
11407,20.0,South,91800.0,67,2019-04-28,0,20.0,South,91800.0,2019-04-28
11198,34.0,South,83100.0,86,11/25/2016,1,34.0,South,83100.0,2016-11-25
11887,45.0,West,23500.0,21,2019-01-09,1,45.0,West,23500.0,2019-01-09
8084,26.0,North,"$65,900",95,29-Jan-2016,1,26.0,North,65900.0,2016-01-29
11209,52.0,North,98100.0,22,"August 02, 2020",1,52.0,North,98100.0,2020-08-02
4368,40.0,South,64600.0,23,2019-03-22,1,40.0,South,64600.0,2019-03-22
1543,45.0, East ,"$21,600",20,"April 19, 2015",1,45.0,East,21600.0,2015-04-19
217,49.0,South,39100.0,33,2023-02-18,1,49.0,South,39100.0,2023-02-18
3623,31.0,East,,30,06-Jan-2023,1,31.0,East,49400.0,2023-01-06
11356,51.0,East,"$29,700",73,16-Jun-2019,1,51.0,East,29700.0,2019-06-16
6022,20.0,North,,73,23-Feb-2019,1,20.0,North,49400.0,2019-02-23
9770,18.0,W. ,"$29,300",66,08/04/2020,1,18.0,West,29300.0,2020-08-04
4750,19.0,North,79400.0,20,03/19/2022,0,19.0,North,79400.0,2022-03-19
3694,25.0,N.,132700.0,46,2022-12-18,1,25.0,North,132700.0,2022-12-18
11576,45.0,West,37500.0,68,01/05/2021,1,45.0,West,37500.0,2021-01-05
1843,53.0,W. ,17300.0,26,2020-07-05,1,53.0,West,17300.0,2020-07-05
6513,47.0,East,40600.0,37,2022-04-03,1,47.0,East,40600.0,2022-04-03
10323,53.0,East,70600.0,24,01/29/2021,0,53.0,East,70600.0,2021-01-29
4310,18.0,South,81400.0,69,"December 02, 2017",1,18.0,South,81400.0,2017-12-02
10972,18.0,North,92800.0,58,29-May-2015,1,18.0,North,92800.0,2015-05-29
65,51.0,South,30700.0,12,"April 19, 2024",1,51.0,South,30700.0,2024-04-19
2067,55.0,North,57200.0,20,"July 11, 2021",1,55.0,North,57200.0,2021-07-11
9181,20.0,North,82200.0,117,"October 16, 2015",1,20.0,North,82200.0,2015-10-16
913,49.0,east,69500.0,36,"June 28, 2019",1,49.0,East,69500.0,2019-06-28
4927,58.0,North,"$56,200",30,02-Mar-2015,1,58.0,North,56200.0,2015-03-02
6624,47.0,East,62500.0,51,"August 21, 2024",1,47.0,East,62500.0,2024-08-21
5289,54.0,North,52500.0,74,2021-03-18,1,54.0,North,52500.0,2021-03-18
11574,75.0,South,"$24,800",79,"August 21, 2016",1,75.0,South,24800.0,2016-08-21
98,29.0,North,51200.0,3,08-Jan-2019,1,29.0,North,51200.0,2019-01-08
5416,21.0,SOUTH,98100.0,46,"July 12, 2018",0,21.0,South,98100.0,2018-07-12
3465,48.0,East,18700.0,12,"December 21, 2016",1,48.0,East,18700.0,2016-12-21
10627,55.0,South,54200.0,66,02/14/2015,1,55.0,South,54200.0,2015-02-14
461,46.0,West,40900.0,40,07/21/2023,1,46.0,West,40900.0,2023-07-21
7145,39.0,South,66500.0,48,06-Jun-2019,1,39.0,South,66500.0,2019-06-06
3184,,WEST,61100.0,45,,1,42.02803042831156,West,61100.0,
8860,27.0,east,62500.0,51,"December 05, 2020",1,27.0,East,62500.0,2020-12-05
2874,18.0,East,"$30,000",9,26-Feb-2018,1,18.0,East,30000.0,2018-02-26
2972,41.0,North,21500.0,92,18-Oct-2019,0,41.0,North,21500.0,2019-10-18
1522,18.0,E.,93900.0,5,03/12/2016,0,18.0,East,93900.0,2016-03-12
11835,38.0,North,86400.0,15,2023-02-26,1,38.0,North,86400.0,2023-02-26
6914,70.0,East,"$55,300",5,2024-07-12,0,70.0,East,55300.0,2024-07-12
9837,34.0,West,32800.0,45,10-May-2015,1,34.0,West,32800.0,2015-05-10
8228,24.0,North,32000.0,13,26-Jan-2018,1,24.0,North,32000.0,2018-01-26
6379,46.0,SOUTH,22800.0,49,31-Mar-2023,1,46.0,South,22800.0,2023-03-31
5400,57.0, East ,29900.0,20,2016-02-11,1,57.0,East,29900.0,2016-02-11
10128,,North,"$87,100",48,,1,42.02803042831156,North,87100.0,
8194,35.0,South,"$26,000",50,2018-05-24,1,35.0,South,26000.0,2018-05-24
7627,46.0,South,68800.0,29,28-Jun-2022,0,46.0,South,68800.0,2022-06-28
1753,33.0,South,97700.0,16,"May 14, 2017",0,33.0,South,97700.0,2017-05-14
2762,21.0,North,23400.0,44,17-Dec-2018,1,21.0,North,23400.0,2018-12-17
674,25.0,East,61800.0,107,05/21/2016,0,25.0,East,61800.0,2016-05-21
10656,60.0,North,37900.0,55,02/12/2017,1,60.0,North,37900.0,2017-02-12
7620,60.0,North,66000.0,58,09/28/2015,1,60.0,North,66000.0,2015-09-28
141,47.0,North,"$65,900",1,06-May-2021,1,47.0,North,65900.0,2021-05-06
7564,37.0,North,47200.0,3,"March 17, 2017",1,37.0,North,47200.0,2017-03-17
3264,,South,"$49,600",77,15-Sep-2015,1,42.02803042831156,South,49600.0,2015-09-15
4977,44.0,SOUTH,55200.0,47,"October 08, 2017",1,44.0,South,55200.0,2017-10-08
7162,45.0,north,"$71,900",37,2020-05-04,1,45.0,North,71900.0,2020-05-04
11298,32.0,West,59000.0,46,20-Nov-2018,0,32.0,West,59000.0,2018-11-20
1788,21.0,West,"$56,100",22,02-Dec-2023,1,21.0,West,56100.0,2023-12-02
10034,69.0,WEST,26300.0,13,"December 21, 2023",1,69.0,West,26300.0,2023-12-21
7661,32.0,south ,"$46,600",40,01/04/2021,1,32.0,South,46600.0,2021-01-04
3610,41.0,East,94000.0,25,10/30/2020,1,41.0,East,94000.0,2020-10-30
7781,45.0,East,69900.0,75,"August 26, 2021",1,45.0,East,69900.0,2021-08-26
3308,51.0,South,"$27,300",12,24-Jul-2023,1,51.0,South,27300.0,2023-07-24
10636,32.0,East,74000.0,37,"July 20, 2016",1,32.0,East,74000.0,2016-07-20
9044,35.0,West,58000.0,9,2022-09-28,1,35.0,West,58000.0,2022-09-28
6530,18.0, East ,53700.0,29,05/27/2018,1,18.0,East,53700.0,2018-05-27
6614,43.0,West,48000.0,24,11-Feb-2018,0,43.0,West,48000.0,2018-02-11
10729,27.0,East,81800.0,19,22-Oct-2015,0,27.0,East,81800.0,2015-10-22
7650,18.0,North,104900.0,12,,1,18.0,North,104900.0,
5427,33.0,W. ,89800.0,17,2020-02-11,0,33.0,West,89800.0,2020-02-11
1862,28.0,south ,66200.0,95,23-Nov-2015,0,28.0,South,66200.0,2015-11-23
5027,40.0,North,15000.0,8,2021-01-16,1,40.0,North,15000.0,2021-01-16
4028,50.0,West,73200.0,4,"June 26, 2019",1,50.0,West,73200.0,2019-06-26
7142,53.0,North,63200.0,4,07/14/2021,1,53.0,North,63200.0,2021-07-14
11704,51.0,South,"$151,700",3,"February 27, 2017",0,51.0,South,151700.0,2017-02-27
6988,52.0,SOUTH,36500.0,91,2019-01-22,1,52.0,South,36500.0,2019-01-22
5619,42.0,South,84700.0,79,10/02/2019,1,42.0,South,84700.0,2019-10-02
2660,48.0,S.,98500.0,70,"March 06, 2020",1,48.0,South,98500.0,2020-03-06
11909,39.0,East,55800.0,32,04/05/2015,1,39.0,East,55800.0,2015-04-05
1242,29.0,West,25400.0,31,06/29/2018,1,29.0,West,25400.0,2018-06-29
2219,34.0,North,55600.0,42,28-Jun-2018,1,34.0,North,55600.0,2018-06-28
8072,51.0,South,123900.0,65,01/28/2019,0,51.0,South,123900.0,2019-01-28
10438,34.0,,36700.0,87,"August 12, 2015",0,34.0,Unknown,36700.0,2015-08-12
5818,39.0,East,49700.0,44,2022-08-30,0,39.0,East,49700.0,2022-08-30
7870,41.0,West,42500.0,12,"July 07, 2017",1,41.0,West,42500.0,2017-07-07
4493,32.0,S.,55300.0,27,03/08/2021,1,32.0,South,55300.0,2021-03-08
6684,37.0,North,50000.0,31,02/02/2020,0,37.0,North,50000.0,2020-02-02
3595,37.0,North,46400.0,56,10/09/2016,1,37.0,North,46400.0,2016-10-09
8023,52.0,South,290200.0,69,16-Jul-2015,1,52.0,South,290200.0,2015-07-16
1536,30.0,West,80900.0,19,"November 11, 2020",1,30.0,West,80900.0,2020-11-11
9219,44.0,East,80900.0,63,10/17/2023,1,44.0,East,80900.0,2023-10-17
8252,40.0,north,42700.0,29,"December 01, 2023",0,40.0,North,42700.0,2023-12-01
4023,24.0,east,23300.0,80,"August 27, 2019",0,24.0,East,23300.0,2019-08-27
291,39.0,west,35300.0,24,24-Apr-2017,1,39.0,West,35300.0,2017-04-24
4630,29.0,West,41600.0,52,29-Jul-2022,1,29.0,West,41600.0,2022-07-29
991,53.0,North,57700.0,30,09-Aug-2022,1,53.0,North,57700.0,2022-08-09
5475,45.0,,43100.0,12,2015-07-08,1,45.0,Unknown,43100.0,2015-07-08
2361,62.0,W. ,85600.0,28,"January 14, 2016",1,62.0,West,85600.0,2016-01-14
10760,43.0,NORTH,79500.0,1,06-Mar-2018,1,43.0,North,79500.0,2018-03-06
2666,44.0,north,50300.0,112,01/13/2021,1,44.0,North,50300.0,2021-01-13
2288,72.0,N.,44600.0,32,08-Mar-2016,1,72.0,North,44600.0,2016-03-08
4747,52.0,South,50600.0,34,10/24/2024,1,52.0,South,50600.0,2024-10-24
9434,29.0,North,80200.0,21,09/30/2015,1,29.0,North,80200.0,2015-09-30
3380,38.0,South,51900.0,27,"September 23, 2024",1,38.0,South,51900.0,2024-09-23
2971,55.0,North,43800.0,31,01/07/2024,1,55.0,North,43800.0,2024-01-07
4584,59.0, North,81200.0,76,01/19/2016,1,59.0,North,81200.0,2016-01-19
6670,,West,"$28,900",17,07/29/2023,1,42.02803042831156,West,28900.0,2023-07-29
1773,25.0,North,127800.0,25,2015-02-24,0,25.0,North,127800.0,2015-02-24
2291,48.0,East,55900.0,16,17-Dec-2021,1,48.0,East,55900.0,2021-12-17
1679,33.0,North,51500.0,22,"January 03, 2023",1,33.0,North,51500.0,2023-01-03
4442,18.0,west,"$53,400",7,17-Dec-2018,1,18.0,West,53400.0,2018-12-17
6557,50.0,S.,"$146,800",37,2018-12-26,0,50.0,South,146800.0,2018-12-26
1582,40.0,East,97200.0,74,"August 25, 2021",0,40.0,East,97200.0,2021-08-25
7311,31.0,South,"$21,500",20,2016-01-09,1,31.0,South,21500.0,2016-01-09
9518,43.0,East,112600.0,30,28-Oct-2019,1,43.0,East,112600.0,2019-10-28
3382,46.0,North,51900.0,27,"April 17, 2015",0,46.0,North,51900.0,2015-04-17
1451,38.0,south ,144700.0,48,2020-05-11,1,38.0,South,144700.0,2020-05-11
8220,49.0, North,44000.0,16,2024-07-13,1,49.0,North,44000.0,2024-07-13
7221,50.0,South,"$99,000",27,2021-10-02,1,50.0,South,99000.0,2021-10-02
7105,40.0,East,78300.0,43,"July 18, 2018",1,40.0,East,78300.0,2018-07-18
9684,57.0,North,"$36,100",63,2019-03-22,0,57.0,North,36100.0,2019-03-22
5297,32.0,South,"$56,300",42,2016-08-30,1,32.0,South,56300.0,2016-08-30
6413,29.0,E.,"$61,800",57,"May 21, 2016",0,29.0,East,61800.0,2016-05-21
2391,18.0,South,41400.0,46,10/24/2016,1,18.0,South,41400.0,2016-10-24
4553,33.0,SOUTH,"$59,600",14,2016-01-28,1,33.0,South,59600.0,2016-01-28
11964,37.0,,41400.0,26,2022-09-27,1,37.0,Unknown,41400.0,2022-09-27
7485,37.0,N.,33100.0,27,05/20/2015,1,37.0,North,33100.0,2015-05-20
1775,57.0,East,35900.0,41,04-Feb-2023,1,57.0,East,35900.0,2023-02-04
2470,,SOUTH,129700.0,20,2015-10-03,1,42.02803042831156,South,129700.0,2015-10-03
9748,32.0,West,26700.0,74,03/28/2018,1,32.0,West,26700.0,2018-03-28
10536,61.0,south ,122500.0,29,11/16/2022,1,61.0,South,122500.0,2022-11-16
10511,35.0,west,171700.0,16,"July 04, 2019",1,35.0,West,171700.0,2019-07-04
7038,31.0,S.,26100.0,12,2017-08-20,1,31.0,South,26100.0,2017-08-20
10136,48.0,East,60800.0,124,19-Apr-2020,1,48.0,East,60800.0,2020-04-19
11218,65.0,east,83500.0,18,"May 18, 2020",0,65.0,East,83500.0,2020-05-18
11057,44.0,North,43600.0,21,30-Jul-2019,1,44.0,North,43600.0,2019-07-30
5622,44.0,South,29800.0,95,28-Mar-2015,1,44.0,South,29800.0,2015-03-28
6588,46.0,North,29500.0,16,08-Apr-2017,1,46.0,North,29500.0,2017-04-08
3699,28.0,North,53600.0,38,"October 28, 2024",0,28.0,North,53600.0,2024-10-28
3752,34.0,north,35300.0,26,"March 11, 2015",1,34.0,North,35300.0,2015-03-11
9941,49.0,E.,41100.0,14,26-Oct-2022,0,49.0,East,41100.0,2022-10-26
3056,27.0,North,68400.0,60,"March 21, 2023",0,27.0,North,68400.0,2023-03-21
8623,40.0, East ,35600.0,12,"August 14, 2022",1,40.0,East,35600.0,2022-08-14
8112,52.0,South,58300.0,28,02-Oct-2020,1,52.0,South,58300.0,2020-10-02
3244,45.0,East,66900.0,14,12/19/2016,1,45.0,East,66900.0,2016-12-19
6516,23.0,S.,39100.0,23,17-Jan-2024,1,23.0,South,39100.0,2024-01-17
2544,52.0,East,44000.0,65,"November 27, 2018",1,52.0,East,44000.0,2018-11-27
9296,,West,62300.0,62,09/25/2015,1,42.02803042831156,West,62300.0,2015-09-25
5299,50.0,West,66200.0,67,"October 31, 2015",0,50.0,West,66200.0,2015-10-31
9634,,North,31900.0,31,08/15/2023,1,42.02803042831156,North,31900.0,2023-08-15
9204,65.0,North,41200.0,64,2021-04-19,1,65.0,North,41200.0,2021-04-19
5458,59.0,South,41200.0,3,30-Sep-2015,1,59.0,South,41200.0,2015-09-30
3940,61.0,East,39500.0,46,09-Dec-2015,1,61.0,East,39500.0,2015-12-09
1758,71.0,North,"$54,500",138,2017-12-20,1,71.0,North,54500.0,2017-12-20
3317,40.0,South,56200.0,40,12/08/2019,1,40.0,South,56200.0,2019-12-08
11147,24.0,East,36100.0,84,07/03/2019,0,24.0,East,36100.0,2019-07-03
5836,18.0, East ,"$38,000",14,30-Jul-2022,1,18.0,East,38000.0,2022-07-30
5225,55.0,North,"$95,800",32,"June 28, 2016",1,55.0,North,95800.0,2016-06-28
9421,31.0, North,53700.0,38,2015-09-21,1,31.0,North,53700.0,2015-09-21
8513,38.0,West,51000.0,31,08-Sep-2022,1,38.0,West,51000.0,2022-09-08
10591,19.0,East,"$54,700",19,02-Sep-2019,1,19.0,East,54700.0,2019-09-02
2343,18.0,north,45700.0,112,"June 15, 2015",1,18.0,North,45700.0,2015-06-15
578,58.0,West,42800.0,25,14-Dec-2017,1,58.0,West,42800.0,2017-12-14
4770,63.0,North,18500.0,47,2018-09-12,1,63.0,North,18500.0,2018-09-12
7022,58.0,West,45800.0,32,07-Apr-2016,0,58.0,West,45800.0,2016-04-07
6932,53.0,South,"$56,400",25,"October 27, 2015",0,53.0,South,56400.0,2015-10-27
10253,66.0,South,55900.0,26,04-Nov-2023,0,66.0,South,55900.0,2023-11-04
8400,52.0,East,46600.0,49,07-Dec-2022,1,52.0,East,46600.0,2022-12-07
6297,26.0,West,41600.0,59,19-Apr-2018,1,26.0,West,41600.0,2018-04-19
10925,65.0,WEST,97300.0,27,08/26/2017,0,65.0,West,97300.0,2017-08-26
6554,,,44100.0,14,"April 01, 2020",1,42.02803042831156,Unknown,44100.0,2020-04-01
6523,56.0,West,36500.0,24,11/06/2023,0,56.0,West,36500.0,2023-11-06
6929,32.0,east,72300.0,8,08-Sep-2024,0,32.0,East,72300.0,2024-09-08
6427,55.0,South,33300.0,12,29-Jul-2015,1,55.0,South,33300.0,2015-07-29
8972,25.0,WEST,34400.0,19,"November 14, 2016",1,25.0,West,34400.0,2016-11-14
5772,50.0,East,"$29,700",80,"February 12, 2021",1,50.0,East,29700.0,2021-02-12
786,45.0,North,24200.0,24,"September 19, 2023",0,45.0,North,24200.0,2023-09-19
2573,61.0,south ,60600.0,15,09/22/2015,0,61.0,South,60600.0,2015-09-22
6859,71.0,West,91500.0,51,05/18/2019,1,71.0,West,91500.0,2019-05-18
501,, North,76800.0,32,05/12/2024,1,42.02803042831156,North,76800.0,2024-05-12
3653,53.0,WEST,77300.0,51,06-Jun-2023,1,53.0,West,77300.0,2023-06-06
7766,42.0,East,70200.0,55,2024-11-22,1,42.0,East,70200.0,2024-11-22
1995,43.0,East,62300.0,56,12-Jul-2019,1,43.0,East,62300.0,2019-07-12
364,28.0,North,"$67,700",74,11/05/2023,1,28.0,North,67700.0,2023-11-05
6214,45.0,East,80400.0,56,26-Aug-2022,1,45.0,East,80400.0,2022-08-26
6398,26.0,West,69900.0,47,"October 14, 2016",0,26.0,West,69900.0,2016-10-14
1362,54.0,North,20900.0,12,03/23/2019,1,54.0,North,20900.0,2019-03-23
293,61.0,NORTH,89300.0,15,"February 22, 2018",1,61.0,North,89300.0,2018-02-22
11981,54.0,North,60600.0,70,07/07/2018,1,54.0,North,60600.0,2018-07-07
10053,27.0,West,90400.0,69,2023-11-23,1,27.0,West,90400.0,2023-11-23
94,41.0,North,38800.0,5,"March 16, 2019",1,41.0,North,38800.0,2019-03-16
4148,68.0,North,,37,"February 14, 2016",1,68.0,North,49400.0,2016-02-14
1713,50.0,West,57000.0,47,2021-09-12,1,50.0,West,57000.0,2021-09-12
10418,38.0,East,21700.0,53,2024-01-29,0,38.0,East,21700.0,2024-01-29
7562,34.0,east,43700.0,36,13-Mar-2019,1,34.0,East,43700.0,2019-03-13
4376,18.0,North,41100.0,50,08-Oct-2024,0,18.0,North,41100.0,2024-10-08
10668,36.0,North,34100.0,28,"January 30, 2016",1,36.0,North,34100.0,2016-01-30
7583,51.0,North,158200.0,44,"February 01, 2015",1,51.0,North,158200.0,2015-02-01
7421,45.0,South,65400.0,29,,1,45.0,South,65400.0,
5755,31.0,WEST,67800.0,32,22-Apr-2022,1,31.0,West,67800.0,2022-04-22
3935,47.0,West,45000.0,38,"February 22, 2016",0,47.0,West,45000.0,2016-02-22
10037,28.0,East,"$87,000",28,17-May-2021,1,28.0,East,87000.0,2021-05-17
939,54.0,North,"$75,900",23,02/14/2016,1,54.0,North,75900.0,2016-02-14
2136,37.0,E.,49400.0,68,"January 17, 2017",0,37.0,East,49400.0,2017-01-17
11916,43.0,East,36500.0,79,18-Feb-2023,1,43.0,East,36500.0,2023-02-18
9227,26.0,East,"$61,800",63,08/07/2018,1,26.0,East,61800.0,2018-08-07
9293,20.0,north,28400.0,141,"October 15, 2019",1,20.0,North,28400.0,2019-10-15
5760,18.0,West,,61,2019-03-30,1,18.0,West,49400.0,2019-03-30
7248,48.0,South,"$38,500",75,"September 16, 2024",1,48.0,South,38500.0,2024-09-16
225,43.0,East,46100.0,55,2015-07-30,0,43.0,East,46100.0,2015-07-30
7104,55.0,South,157900.0,9,16-Jan-2023,1,55.0,South,157900.0,2023-01-16
1524,40.0,WEST,109100.0,42,2021-01-13,1,40.0,West,109100.0,2021-01-13
3276,27.0,South,"$87,500",13,09-Nov-2019,1,27.0,South,87500.0,2019-11-09
437,35.0,South,55300.0,13,2021-11-12,1,35.0,South,55300.0,2021-11-12
11597,26.0,West,89100.0,57,07/13/2015,1,26.0,West,89100.0,2015-07-13
3310,36.0,East,34900.0,32,15-Oct-2017,1,36.0,East,34900.0,2017-10-15
10144,36.0,SOUTH,39200.0,14,"July 13, 2021",1,36.0,South,39200.0,2021-07-13
5558,48.0,West,130100.0,31,2015-04-09,1,48.0,West,130100.0,2015-04-09
4974,18.0,North,68500.0,72,2024-04-11,0,18.0,North,68500.0,2024-04-11
6608,41.0,North,51500.0,31,2019-05-17,1,41.0,North,51500.0,2019-05-17
5435,30.0,West,33800.0,60,2018-10-21,0,30.0,West,33800.0,2018-10-21
6267,48.0,South,61400.0,58,27-Aug-2015,1,48.0,South,61400.0,2015-08-27
7073,37.0,SOUTH,32700.0,44,"May 20, 2016",0,37.0,South,32700.0,2016-05-20
5950,84.0,East,35200.0,13,2020-11-07,0,84.0,East,35200.0,2020-11-07
769,25.0,North,"$56,300",63,"September 05, 2023",0,25.0,North,56300.0,2023-09-05
7960,39.0,South,"$140,300",32,10/17/2017,1,39.0,South,140300.0,2017-10-17
6176,45.0,West,25600.0,43,12-Feb-2020,0,45.0,West,25600.0,2020-02-12
2597,58.0,North,110800.0,69,04/27/2019,1,58.0,North,110800.0,2019-04-27
5320,45.0,North,93300.0,35,26-Apr-2017,0,45.0,North,93300.0,2017-04-26
7115,23.0,North,41100.0,23,2022-11-08,0,23.0,North,41100.0,2022-11-08
6935,61.0,South,63300.0,27,02/20/2019,1,61.0,South,63300.0,2019-02-20
2105,38.0,west,30100.0,55,"June 06, 2024",1,38.0,West,30100.0,2024-06-06
3044,36.0,,49700.0,26,2015-10-27,1,36.0,Unknown,49700.0,2015-10-27
303,53.0,West,39500.0,10,10-Jan-2017,0,53.0,West,39500.0,2017-01-10
6132,44.0,North,33500.0,164,"August 28, 2020",1,44.0,North,33500.0,2020-08-28
465,27.0,South,64600.0,87,2016-12-22,1,27.0,South,64600.0,2016-12-22
7021,44.0,South,"$36,100",56,"May 19, 2015",1,44.0,South,36100.0,2015-05-19
569,49.0,East,55700.0,24,"October 31, 2016",0,49.0,East,55700.0,2016-10-31
9721,59.0,W. ,34800.0,3,2015-10-11,1,59.0,West,34800.0,2015-10-11
1527,58.0,West,47100.0,40,2021-07-05,1,58.0,West,47100.0,2021-07-05
2989,45.0,South,34700.0,39,09/15/2016,1,45.0,South,34700.0,2016-09-15
1965,32.0,East,60600.0,80,06/15/2020,0,32.0,East,60600.0,2020-06-15
2280,18.0,East,32900.0,19,23-Jun-2020,1,18.0,East,32900.0,2020-06-23
6468,44.0, North,63400.0,39,2015-01-24,1,44.0,North,63400.0,2015-01-24
7686,22.0,,"$57,400",80,"June 26, 2023",1,22.0,Unknown,57400.0,2023-06-26
10285,59.0,North,35600.0,38,"October 03, 2022",1,59.0,North,35600.0,2022-10-03
2102,20.0,SOUTH,59600.0,6,2016-05-25,1,20.0,South,59600.0,2016-05-25
1144,35.0,South,42400.0,24,31-Mar-2023,0,35.0,South,42400.0,2023-03-31
10254,55.0,SOUTH ,"$51,400",83,2021-11-16,1,55.0,South,51400.0,2021-11-16
10841,36.0,East,33700.0,46,07/27/2018,0,36.0,East,33700.0,2018-07-27
4122,52.0,North,91400.0,42,14-Mar-2016,1,52.0,North,91400.0,2016-03-14
1824,50.0, North,103100.0,32,"September 01, 2023",0,50.0,North,103100.0,2023-09-01
8495,37.0,East,56400.0,53,13-Jan-2019,0,37.0,East,56400.0,2019-01-13
11818,62.0,N.,39300.0,48,10/04/2017,1,62.0,North,39300.0,2017-10-04
7890,50.0,West,34600.0,13,2020-09-27,1,50.0,West,34600.0,2020-09-27
9504,66.0,north,84900.0,31,2016-12-20,1,66.0,North,84900.0,2016-12-20
2448,36.0,South,126500.0,71,2018-12-11,1,36.0,South,126500.0,2018-12-11
5862,,South,55100.0,6,"July 04, 2017",1,42.02803042831156,South,55100.0,2017-07-04
774,60.0,E.,102300.0,17,"March 03, 2019",1,60.0,East,102300.0,2019-03-03
1088,22.0, North,"$73,600",15,"November 02, 2023",1,22.0,North,73600.0,2023-11-02
5640,50.0,West,92400.0,38,05/19/2017,0,50.0,West,92400.0,2017-05-19
9357,38.0,West,"$69,400",57,"May 16, 2020",1,38.0,West,69400.0,2020-05-16
5154,60.0,WEST,"$60,000",84,23-Dec-2024,1,60.0,West,60000.0,2024-12-23
11686,34.0,South,67800.0,64,"February 27, 2024",1,34.0,South,67800.0,2024-02-27
5251,41.0,East,40800.0,27,2021-11-02,1,41.0,East,40800.0,2021-11-02
6167,51.0,South,"$27,600",6,27-Oct-2024,1,51.0,South,27600.0,2024-10-27
11299,24.0,South,95500.0,44,08/27/2019,1,24.0,South,95500.0,2019-08-27
5917,,North,65700.0,29,21-Dec-2015,1,42.02803042831156,North,65700.0,2015-12-21
3541,44.0,S.,33600.0,33,"April 18, 2019",1,44.0,South,33600.0,2019-04-18
4887,45.0, East ,85500.0,63,14-Dec-2015,1,45.0,East,85500.0,2015-12-14
8332,71.0,West,"$73,200",43,10/22/2021,1,71.0,West,73200.0,2021-10-22
7665,35.0,West,"$119,500",14,"June 30, 2022",0,35.0,West,119500.0,2022-06-30
339,57.0,South,40300.0,19,2015-12-24,1,57.0,South,40300.0,2015-12-24
4357,53.0,East,"$40,800",29,25-Aug-2024,1,53.0,East,40800.0,2024-08-25
10471,46.0,North,62100.0,39,"November 30, 2019",0,46.0,North,62100.0,2019-11-30
11418,31.0,East,50800.0,8,"September 20, 2017",1,31.0,East,50800.0,2017-09-20
2617,42.0,East,23700.0,33,04/25/2017,1,42.0,East,23700.0,2017-04-25
254,29.0,West,58400.0,30,03/11/2022,1,29.0,West,58400.0,2022-03-11
3893,18.0,West,30300.0,30,"September 28, 2015",1,18.0,West,30300.0,2015-09-28
9542,34.0,North,59200.0,18,08/05/2021,1,34.0,North,59200.0,2021-08-05
9447,31.0, East ,26300.0,11,08/10/2021,1,31.0,East,26300.0,2021-08-10
9911,37.0,South,36900.0,20,2020-06-29,1,37.0,South,36900.0,2020-06-29
4008,48.0,East,39700.0,27,"December 27, 2024",0,48.0,East,39700.0,2024-12-27
6715,29.0,East,50400.0,13,08/16/2021,1,29.0,East,50400.0,2021-08-16
5802,24.0,South,54200.0,39,14-Nov-2019,1,24.0,South,54200.0,2019-11-14
8902,22.0,North,,29,26-Jun-2019,1,22.0,North,49400.0,2019-06-26
765,46.0,South,37800.0,10,2019-04-05,0,46.0,South,37800.0,2019-04-05
9519,43.0,West,105000.0,11,02/27/2020,1,43.0,West,105000.0,2020-02-27
734,40.0,South,20700.0,4,04-Jun-2015,0,40.0,South,20700.0,2015-06-04
6766,34.0,North,106000.0,18,12-Jun-2016,1,34.0,North,106000.0,2016-06-12
2475,30.0,East,90200.0,75,06/12/2023,1,30.0,East,90200.0,2023-06-12
8465,51.0,North,86700.0,14,21-Oct-2019,1,51.0,North,86700.0,2019-10-21
8654,26.0,South,53000.0,5,05/16/2019,1,26.0,South,53000.0,2019-05-16
3513,34.0,West,34500.0,73,07-Aug-2023,0,34.0,West,34500.0,2023-08-07
8779,46.0,East,64400.0,113,2022-03-19,1,46.0,East,64400.0,2022-03-19
5465,29.0,East,"$55,400",35,09-Oct-2019,0,29.0,East,55400.0,2019-10-09
4806,25.0,South,"$87,400",33,2022-12-11,0,25.0,South,87400.0,2022-12-11
1986,38.0,South,26200.0,90,2016-01-15,1,38.0,South,26200.0,2016-01-15
10786,,North,,25,2015-04-27,1,42.02803042831156,North,49400.0,2015-04-27
10397,48.0,E.,92000.0,22,2023-01-20,1,48.0,East,92000.0,2023-01-20
1284,52.0,West,61200.0,19,2016-12-31,1,52.0,West,61200.0,2016-12-31
1194,52.0,north,47900.0,29,2023-11-01,1,52.0,North,47900.0,2023-11-01
3854,37.0,,53800.0,9,10/16/2020,1,37.0,Unknown,53800.0,2020-10-16
6958,50.0,West,"$102,400",23,"October 14, 2024",1,50.0,West,102400.0,2024-10-14
7974,51.0,S.,40500.0,48,11-Jun-2019,1,51.0,South,40500.0,2019-06-11
2209,50.0,West,,11,06/30/2021,1,50.0,West,49400.0,2021-06-30
6091,45.0,East,43400.0,63,08-Sep-2023,1,45.0,East,43400.0,2023-09-08
8683,60.0,West,36800.0,22,2018-03-25,1,60.0,West,36800.0,2018-03-25
7057,76.0,North,66200.0,1,2017-07-15,1,76.0,North,66200.0,2017-07-15
3575,34.0, East ,40000.0,34,22-May-2018,1,34.0,East,40000.0,2018-05-22
6089,66.0,East,65100.0,84,03/20/2020,1,66.0,East,65100.0,2020-03-20
11562,53.0,North,68900.0,20,"April 19, 2020",1,53.0,North,68900.0,2020-04-19
4448,42.0,east,68300.0,48,11-Nov-2015,1,42.0,East,68300.0,2015-11-11
2235,30.0,East,32500.0,10,2016-10-29,1,30.0,East,32500.0,2016-10-29
3076,31.0,North,55400.0,8,19-Nov-2019,1,31.0,North,55400.0,2019-11-19
9244,52.0,South,29400.0,8,2024-09-17,1,52.0,South,29400.0,2024-09-17
10596,, East ,49400.0,46,2024-03-28,1,42.02803042831156,East,49400.0,2024-03-28
8592,31.0,South,25100.0,66,2017-09-03,1,31.0,South,25100.0,2017-09-03
1190,40.0,East,77000.0,49,03/15/2019,0,40.0,East,77000.0,2019-03-15
1101,57.0,West,53500.0,45,2015-06-10,0,57.0,West,53500.0,2015-06-10
342,46.0,South,"$24,400",4,11/17/2018,1,46.0,South,24400.0,2018-11-17
9796,39.0,,26500.0,130,"January 06, 2023",1,39.0,Unknown,26500.0,2023-01-06
2025,25.0,East,"$80,700",16,,1,25.0,East,80700.0,
3061,57.0,North,"$31,100",32,10-Feb-2024,1,57.0,North,31100.0,2024-02-10
3806,18.0,North,81700.0,41,29-Sep-2015,1,18.0,North,81700.0,2015-09-29
3114,52.0,NORTH,"$22,700",75,11/22/2024,0,52.0,North,22700.0,2024-11-22
8614,37.0,North,"$43,900",155,10/17/2023,0,37.0,North,43900.0,2023-10-17
5498,50.0,East,47800.0,87,"August 25, 2020",0,50.0,East,47800.0,2020-08-25
9314,39.0,South,39800.0,7,"October 29, 2017",1,39.0,South,39800.0,2017-10-29
11941,52.0,East,"$46,600",13,"December 06, 2022",0,52.0,East,46600.0,2022-12-06
6886,44.0,East,120800.0,11,2020-06-04,1,44.0,East,120800.0,2020-06-04
7308,18.0,South,29800.0,11,"July 11, 2018",1,18.0,South,29800.0,2018-07-11
4362,46.0,West,75500.0,99,"October 26, 2019",1,46.0,West,75500.0,2019-10-26
2536,56.0,North,35100.0,43,05/13/2017,1,56.0,North,35100.0,2017-05-13
9131,,South,104000.0,28,2024-12-10,1,42.02803042831156,South,104000.0,2024-12-10
830,18.0, East ,64600.0,17,07/25/2016,1,18.0,East,64600.0,2016-07-25
3974,64.0,South,44100.0,53,07-Nov-2019,1,64.0,South,44100.0,2019-11-07
4769,23.0,North,58500.0,22,03-Dec-2022,0,23.0,North,58500.0,2022-12-03
10561,35.0,North,55900.0,22,"October 17, 2022",1,35.0,North,55900.0,2022-10-17
9407,39.0,West,60000.0,33,10-Dec-2018,1,39.0,West,60000.0,2018-12-10
7998,25.0,WEST,67600.0,89,14-Mar-2019,1,25.0,West,67600.0,2019-03-14
3755,39.0,WEST,26200.0,56,"May 03, 2021",1,39.0,West,26200.0,2021-05-03
1131,30.0,north,50300.0,14,15-Jul-2016,1,30.0,North,50300.0,2016-07-15
7578,42.0,west,97100.0,94,2022-08-24,1,42.0,West,97100.0,2022-08-24
3647,61.0,South,67100.0,15,2020-04-26,0,61.0,South,67100.0,2020-04-26
1452,49.0,west,33700.0,52,06/10/2024,1,49.0,West,33700.0,2024-06-10
1106,51.0,east,110600.0,63,"August 01, 2021",1,51.0,East,110600.0,2021-08-01
5069,33.0,East,37600.0,100,06/28/2015,1,33.0,East,37600.0,2015-06-28
8591,32.0, East ,83100.0,11,09/21/2021,1,32.0,East,83100.0,2021-09-21
839,66.0,North,36900.0,28,2020-11-10,0,66.0,North,36900.0,2020-11-10
8990,28.0,South,"$35,600",20,2015-07-11,0,28.0,South,35600.0,2015-07-11
9920,66.0,NORTH,29900.0,18,05/21/2023,0,66.0,North,29900.0,2023-05-21
5063,29.0,South,41200.0,40,2021-03-03,1,29.0,South,41200.0,2021-03-03
4173,43.0,South,"$54,700",65,"June 30, 2017",0,43.0,South,54700.0,2017-06-30
7590,68.0,E.,32400.0,38,18-Apr-2017,1,68.0,East,32400.0,2017-04-18
5555,40.0,South,78800.0,25,2021-04-29,1,40.0,South,78800.0,2021-04-29
8258,32.0,West,132900.0,27,"September 24, 2021",1,32.0,West,132900.0,2021-09-24
1748,46.0,North,59300.0,15,2019-05-01,1,46.0,North,59300.0,2019-05-01
4215,40.0,South,107700.0,40,"June 21, 2017",1,40.0,South,107700.0,2017-06-21
11603,27.0,South,88700.0,23,"August 12, 2021",1,27.0,South,88700.0,2021-08-12
4123,29.0,NORTH,61800.0,26,,0,29.0,North,61800.0,
3052,30.0,North,32000.0,7,"July 19, 2020",1,30.0,North,32000.0,2020-07-19
8718,60.0,West,37200.0,29,2020-05-17,1,60.0,West,37200.0,2020-05-17
3194,27.0,east,"$107,200",96,12-Dec-2020,1,27.0,East,107200.0,2020-12-12
9346,40.0,WEST,60400.0,26,11/02/2021,1,40.0,West,60400.0,2021-11-02
9536,63.0,East,15000.0,32,08/14/2020,0,63.0,East,15000.0,2020-08-14
10642,58.0,West,61900.0,28,2016-12-03,1,58.0,West,61900.0,2016-12-03
6553,39.0,east,110500.0,30,2019-07-03,1,39.0,East,110500.0,2019-07-03
5318,59.0,North,34000.0,33,"November 06, 2016",1,59.0,North,34000.0,2016-11-06
8525,62.0,East,57100.0,21,30-Jun-2015,1,62.0,East,57100.0,2015-06-30
6668,53.0,SOUTH,59800.0,32,2023-09-16,1,53.0,South,59800.0,2023-09-16
9810,21.0,NORTH,102100.0,17,09-Jan-2017,1,21.0,North,102100.0,2017-01-09
3102,35.0,North,131000.0,23,2017-04-01,0,35.0,North,131000.0,2017-04-01
599,45.0,W. ,44000.0,43,"August 08, 2019",1,45.0,West,44000.0,2019-08-08
3155,34.0,East,32200.0,7,"June 02, 2016",0,34.0,East,32200.0,2016-06-02
10967,39.0,S.,52800.0,22,"February 28, 2023",1,39.0,South,52800.0,2023-02-28
5556,44.0,West,52000.0,21,2020-09-19,1,44.0,West,52000.0,2020-09-19
9731,31.0,East,81600.0,24,05/28/2019,1,31.0,East,81600.0,2019-05-28
1416,31.0,South,33200.0,62,2023-06-10,1,31.0,South,33200.0,2023-06-10
229,31.0,East,30700.0,38,10-Sep-2016,1,31.0,East,30700.0,2016-09-10
7173,38.0,NORTH,,60,07/11/2021,1,38.0,North,49400.0,2021-07-11
499,18.0,North,21400.0,99,01/02/2016,1,18.0,North,21400.0,2016-01-02
4104,66.0,East,30800.0,6,"October 04, 2015",1,66.0,East,30800.0,2015-10-04
6074,46.0,North,47900.0,55,"October 10, 2019",1,46.0,North,47900.0,2019-10-10
903,40.0,East,71800.0,102,2024-10-29,1,40.0,East,71800.0,2024-10-29
6110,33.0,N.,"$88,000",120,2021-02-01,1,33.0,North,88000.0,2021-02-01
7476,50.0,North,75200.0,37,2019-05-21,0,50.0,North,75200.0,2019-05-21
11768,50.0,North,36900.0,34,2021-07-23,1,50.0,North,36900.0,2021-07-23
6385,49.0,WEST,65300.0,11,"August 09, 2019",1,49.0,West,65300.0,2019-08-09
9128,42.0,NORTH,25000.0,69,2016-02-01,0,42.0,North,25000.0,2016-02-01
2366,61.0,east,24200.0,27,"December 07, 2020",1,61.0,East,24200.0,2020-12-07
9649,24.0,East,36000.0,46,"September 20, 2016",0,24.0,East,36000.0,2016-09-20
5021,32.0,North,69400.0,31,20-Jan-2020,1,32.0,North,69400.0,2020-01-20
1238,49.0,East,"$23,100",35,2018-08-13,0,49.0,East,23100.0,2018-08-13
893,37.0,North,36300.0,35,2022-02-14,0,37.0,North,36300.0,2022-02-14
79,50.0,East,"$31,400",34,31-Oct-2018,1,50.0,East,31400.0,2018-10-31
11129,48.0,East,41900.0,45,"August 20, 2020",1,48.0,East,41900.0,2020-08-20
4348,18.0,South,65600.0,48,07/02/2022,0,18.0,South,65600.0,2022-07-02
8151,47.0,S.,38200.0,66,2021-01-01,1,47.0,South,38200.0,2021-01-01
4218,48.0,North,94800.0,26,05/11/2021,1,48.0,North,94800.0,2021-05-11
12000,24.0,W. ,70900.0,92,"August 27, 2017",1,24.0,West,70900.0,2017-08-27
10360,63.0, East ,87800.0,17,2024-01-22,1,63.0,East,87800.0,2024-01-22
9105,31.0,WEST,28900.0,34,05-Dec-2016,1,31.0,West,28900.0,2016-12-05
11318,22.0,West,68800.0,33,04/10/2021,0,22.0,West,68800.0,2021-04-10
6512,33.0,East,30000.0,4,"March 11, 2022",1,33.0,East,30000.0,2022-03-11
1282,18.0,East,24000.0,34,11/21/2015,1,18.0,East,24000.0,2015-11-21
6779,26.0,East,63400.0,20,22-Nov-2015,0,26.0,East,63400.0,2015-11-22
2308,42.0,North,76500.0,30,"May 25, 2018",1,42.0,North,76500.0,2018-05-25
2119,45.0,North,36600.0,17,01/06/2017,1,45.0,North,36600.0,2017-01-06
5008,48.0,South,56600.0,25,04-Sep-2022,0,48.0,South,56600.0,2022-09-04
4932,30.0,W. ,52700.0,45,2015-05-01,0,30.0,West,52700.0,2015-05-01
2220,23.0,East,"$109,000",33,2023-07-21,1,23.0,East,109000.0,2023-07-21
6255,45.0,West,43300.0,17,"August 04, 2023",1,45.0,West,43300.0,2023-08-04
3585,46.0,South,40400.0,82,2018-07-24,1,46.0,South,40400.0,2018-07-24
6767,66.0,East,46200.0,14,2022-05-28,1,66.0,East,46200.0,2022-05-28
8086,41.0,,81100.0,40,11/04/2023,1,41.0,Unknown,81100.0,2023-11-04
159,,East,27900.0,46,2021-01-14,1,42.02803042831156,East,27900.0,2021-01-14
1709,55.0,West,"$83,400",26,2021-03-28,1,55.0,West,83400.0,2021-03-28
8071,63.0,North,61700.0,76,02/17/2018,1,63.0,North,61700.0,2018-02-17
5033,58.0,East,37000.0,20,09/05/2021,1,58.0,East,37000.0,2021-09-05
5209,37.0,North,81400.0,46,2023-02-16,1,37.0,North,81400.0,2023-02-16
6757,36.0,S.,66900.0,54,"June 27, 2020",1,36.0,South,66900.0,2020-06-27
5644,65.0,South,"$50,500",33,08/09/2016,1,65.0,South,50500.0,2016-08-09
11006,31.0,East,34500.0,121,30-Oct-2017,1,31.0,East,34500.0,2017-10-30
5051,47.0,North,38900.0,28,10/13/2017,1,47.0,North,38900.0,2017-10-13
3156,32.0,South,76700.0,32,2016-02-29,0,32.0,South,76700.0,2016-02-29
8476,21.0,North,25000.0,51,2017-11-01,1,21.0,North,25000.0,2017-11-01
10575,23.0,NORTH,"$15,000",30,03/22/2023,0,23.0,North,15000.0,2023-03-22
6850,59.0,E.,65300.0,34,03-Oct-2020,1,59.0,East,65300.0,2020-10-03
1979,62.0,West,46100.0,21,03/04/2023,1,62.0,West,46100.0,2023-03-04
9273,31.0,North,60100.0,53,07/20/2016,0,31.0,North,60100.0,2016-07-20
1793,46.0,South,64000.0,32,2016-09-05,0,46.0,South,64000.0,2016-09-05
7939,50.0,North,172800.0,10,05/04/2024,0,50.0,North,172800.0,2024-05-04
755,65.0,N.,30800.0,134,2022-04-23,1,65.0,North,30800.0,2022-04-23
2095,43.0,W. ,61800.0,10,30-Jul-2017,1,43.0,West,61800.0,2017-07-30
3780,18.0,North,59500.0,92,"November 16, 2021",1,18.0,North,59500.0,2021-11-16
9978,33.0,South,"$18,300",14,2020-08-23,1,33.0,South,18300.0,2020-08-23
2476,42.0,East,77100.0,84,"October 15, 2018",1,42.0,East,77100.0,2018-10-15
2481,66.0,West,96100.0,10,07/14/2021,1,66.0,West,96100.0,2021-07-14
10537,,West,27200.0,18,"May 27, 2020",1,42.02803042831156,West,27200.0,2020-05-27
2645,61.0, East ,29500.0,82,09/09/2015,1,61.0,East,29500.0,2015-09-09
5669,34.0,West,33300.0,35,2021-08-27,1,34.0,West,33300.0,2021-08-27
10710,41.0,North,140200.0,9,08/30/2019,1,41.0,North,140200.0,2019-08-30
1671,41.0,East,97900.0,21,2023-04-12,1,41.0,East,97900.0,2023-04-12
10631,48.0,South,41100.0,83,"April 20, 2017",0,48.0,South,41100.0,2017-04-20
6148,33.0,East,41700.0,37,"December 01, 2023",1,33.0,East,41700.0,2023-12-01
968,32.0,,64400.0,131,03/06/2023,1,32.0,Unknown,64400.0,2023-03-06
11154,47.0,South,57000.0,11,03/03/2017,1,47.0,South,57000.0,2017-03-03
9353,37.0,North,59100.0,6,10-Feb-2015,1,37.0,North,59100.0,2015-02-10
8243,47.0,North,88600.0,14,"September 15, 2015",1,47.0,North,88600.0,2015-09-15
5771,58.0,West,118700.0,22,"July 05, 2023",1,58.0,West,118700.0,2023-07-05
7973,39.0,North,24600.0,9,07-Nov-2017,1,39.0,North,24600.0,2017-11-07
9584,22.0,South,34300.0,50,08/26/2016,1,22.0,South,34300.0,2016-08-26
2553,36.0,East,"$51,500",54,22-Dec-2024,1,36.0,East,51500.0,2024-12-22
4655,44.0,East,83300.0,16,06-Jun-2021,1,44.0,East,83300.0,2021-06-06
10794,43.0,North,33600.0,18,05-Nov-2021,1,43.0,North,33600.0,2021-11-05
2023,44.0,West,57000.0,116,"March 23, 2018",0,44.0,West,57000.0,2018-03-23
1209,72.0,East,21800.0,10,11/13/2021,1,72.0,East,21800.0,2021-11-13
1152,55.0,East,108100.0,18,2016-02-27,0,55.0,East,108100.0,2016-02-27
10,31.0,West,87100.0,8,06/13/2020,1,31.0,West,87100.0,2020-06-13
1708,45.0,North,"$58,200",14,02/02/2023,1,45.0,North,58200.0,2023-02-02
11694,66.0,West,82100.0,47,14-Mar-2019,1,66.0,West,82100.0,2019-03-14
4128,38.0,North,91400.0,24,,1,38.0,North,91400.0,
5963,63.0,North,71400.0,71,03-Jan-2021,1,63.0,North,71400.0,2021-01-03
6093,38.0,West,69500.0,99,15-Jan-2016,0,38.0,West,69500.0,2016-01-15
10000,40.0,west,43800.0,81,04-Jun-2019,1,40.0,West,43800.0,2019-06-04
3445,56.0,West,22800.0,88,03-Feb-2018,1,56.0,West,22800.0,2018-02-03
10259,52.0,S.,84900.0,44,2019-08-10,1,52.0,South,84900.0,2019-08-10
6220,33.0,South,101600.0,71,06-Apr-2016,1,33.0,South,101600.0,2016-04-06
5908,31.0,South,,14,05/23/2019,1,31.0,South,49400.0,2019-05-23
1673,44.0,West,30100.0,33,09/09/2018,1,44.0,West,30100.0,2018-09-09
11467,26.0,SOUTH,113600.0,138,"July 03, 2024",1,26.0,South,113600.0,2024-07-03
7717,59.0,East,31200.0,88,11/12/2018,1,59.0,East,31200.0,2018-11-12
3636,25.0,South,21300.0,12,"August 23, 2018",0,25.0,South,21300.0,2018-08-23
428,64.0,North,57900.0,28,08-Apr-2022,0,64.0,North,57900.0,2022-04-08
7523,48.0,West,42400.0,28,2018-03-13,1,48.0,West,42400.0,2018-03-13
9514,38.0,N.,29600.0,22,25-Aug-2020,1,38.0,North,29600.0,2020-08-25
2537,31.0,North,"$74,900",43,18-Oct-2022,0,31.0,North,74900.0,2022-10-18
10089,19.0,North,"$74,900",37,"July 31, 2018",0,19.0,North,74900.0,2018-07-31
8739,35.0,SOUTH,59300.0,28,08-Mar-2015,1,35.0,South,59300.0,2015-03-08
10944,47.0,East,28300.0,63,2016-12-23,1,47.0,East,28300.0,2016-12-23
4359,36.0,E.,141200.0,90,12/20/2020,1,36.0,East,141200.0,2020-12-20
4351,39.0,North,27500.0,65,13-Feb-2016,0,39.0,North,27500.0,2016-02-13
2534,44.0,South,156700.0,85,03-Apr-2017,1,44.0,South,156700.0,2017-04-03
6658,39.0, East ,"$32,600",30,12/03/2021,0,39.0,East,32600.0,2021-12-03
3961,59.0,West,47600.0,8,2017-10-21,1,59.0,West,47600.0,2017-10-21
172,48.0,West,21300.0,72,2021-01-01,0,48.0,West,21300.0,2021-01-01
5273,34.0,South,71700.0,57,"November 16, 2021",1,34.0,South,71700.0,2021-11-16
1540,62.0, East ,"$81,600",105,2022-11-19,1,62.0,East,81600.0,2022-11-19
9850,42.0,West,33800.0,44,"June 11, 2020",1,42.0,West,33800.0,2020-06-11
10166,29.0,North,43500.0,8,"July 11, 2016",1,29.0,North,43500.0,2016-07-11
10317,58.0,W. ,46600.0,9,19-Jun-2021,1,58.0,West,46600.0,2021-06-19
1901,35.0,North,94400.0,43,"April 26, 2017",0,35.0,North,94400.0,2017-04-26
8886,65.0,East,85500.0,20,"January 22, 2015",1,65.0,East,85500.0,2015-01-22
11811,75.0,North,62000.0,71,19-Nov-2021,1,75.0,North,62000.0,2021-11-19
4903,42.0,North,138200.0,15,"January 05, 2018",1,42.0,North,138200.0,2018-01-05
9697,36.0,East,"$63,600",17,"July 04, 2017",1,36.0,East,63600.0,2017-07-04
6212,58.0,West,56100.0,16,20-Dec-2024,0,58.0,West,56100.0,2024-12-20
10340,24.0,East,22000.0,30,2020-04-14,1,24.0,East,22000.0,2020-04-14
7972,48.0,South,25800.0,24,06/11/2024,1,48.0,South,25800.0,2024-06-11
4878,50.0,West,47100.0,24,12/17/2021,1,50.0,West,47100.0,2021-12-17
10210,40.0,North,55600.0,50,11-Aug-2015,1,40.0,North,55600.0,2015-08-11
542,31.0,North,75600.0,71,15-Oct-2018,1,31.0,North,75600.0,2018-10-15
6659,56.0,East,27500.0,94,10/10/2024,1,56.0,East,27500.0,2024-10-10
2679,19.0,North,39200.0,24,28-Dec-2022,1,19.0,North,39200.0,2022-12-28
9266,22.0,North,44800.0,22,07/12/2024,0,22.0,North,44800.0,2024-07-12
2729,66.0,South,46600.0,26,20-Oct-2020,1,66.0,South,46600.0,2020-10-20
9075,35.0,West,"$57,200",36,04-Feb-2016,1,35.0,West,57200.0,2016-02-04
3289,37.0,North,20400.0,60,10/22/2024,1,37.0,North,20400.0,2024-10-22
7052,65.0,South,39300.0,76,07/25/2024,0,65.0,South,39300.0,2024-07-25
6733,38.0,East,50600.0,44,06-Mar-2015,0,38.0,East,50600.0,2015-03-06
2839,58.0,E.,30900.0,38,2016-02-02,1,58.0,East,30900.0,2016-02-02
7519,48.0,east,25400.0,22,12/11/2020,1,48.0,East,25400.0,2020-12-11
7289,34.0,East,85100.0,134,2015-01-17,1,34.0,East,85100.0,2015-01-17
9062,59.0,East,58600.0,26,02/03/2023,0,59.0,East,58600.0,2023-02-03
6449,36.0,North,79400.0,30,"March 14, 2020",0,36.0,North,79400.0,2020-03-14
76,51.0,South,153000.0,27,2018-06-23,1,51.0,South,153000.0,2018-06-23
6780,62.0,East,87900.0,24,2019-07-28,1,62.0,East,87900.0,2019-07-28
827,42.0,west,19600.0,86,25-Jan-2023,1,42.0,West,19600.0,2023-01-25
10889,33.0,N.,32400.0,6,06/04/2017,1,33.0,North,32400.0,2017-06-04
10939,48.0,W. ,22400.0,45,20-Sep-2024,1,48.0,West,22400.0,2024-09-20
6762,37.0,North,35300.0,58,02-Jan-2015,0,37.0,North,35300.0,2015-01-02
3784,60.0,North,85400.0,27,04/12/2015,1,60.0,North,85400.0,2015-04-12
2388,51.0,North,32200.0,6,06-Mar-2016,1,51.0,North,32200.0,2016-03-06
2463,40.0,West,21800.0,20,2016-03-10,1,40.0,West,21800.0,2016-03-10
9884,39.0,South,"$15,000",86,2017-10-26,1,39.0,South,15000.0,2017-10-26
10415,40.0,S.,51600.0,22,04/26/2015,1,40.0,South,51600.0,2015-04-26
946,37.0,North,15000.0,23,,1,37.0,North,15000.0,
9887,35.0,E.,26900.0,14,"July 15, 2015",1,35.0,East,26900.0,2015-07-15
5853,50.0,North,48300.0,26,"July 18, 2024",1,50.0,North,48300.0,2024-07-18
7113,57.0,East,39600.0,29,06-Apr-2017,1,57.0,East,39600.0,2017-04-06
11777,49.0,E.,"$46,100",22,10/20/2015,0,49.0,East,46100.0,2015-10-20
11681,45.0,East,51600.0,37,21-Aug-2015,1,45.0,East,51600.0,2015-08-21
2873,28.0,North,23700.0,15,02/28/2015,0,28.0,North,23700.0,2015-02-28
1116,43.0,North,"$93,600",15,10-Sep-2018,0,43.0,North,93600.0,2018-09-10
4219,64.0,North,47300.0,55,2024-06-07,1,64.0,North,47300.0,2024-06-07
5689,50.0,South,"$58,000",6,13-Nov-2017,1,50.0,South,58000.0,2017-11-13
7426,23.0,North,46400.0,38,2015-03-11,1,23.0,North,46400.0,2015-03-11
226,45.0,North,17600.0,74,08/27/2016,0,45.0,North,17600.0,2016-08-27
8459,27.0,East,47400.0,112,07/14/2020,1,27.0,East,47400.0,2020-07-14
6900,23.0,South,26900.0,15,04-Nov-2015,0,23.0,South,26900.0,2015-11-04
10801,42.0,South,,25,"October 07, 2022",1,42.0,South,49400.0,2022-10-07
9876,19.0,SOUTH,50700.0,36,13-Aug-2024,1,19.0,South,50700.0,2024-08-13
6774,39.0,West,59100.0,58,02/06/2022,0,39.0,West,59100.0,2022-02-06
7174,36.0,North,15000.0,38,"May 17, 2024",1,36.0,North,15000.0,2024-05-17
9038,60.0,East,17700.0,2,"October 18, 2015",1,60.0,East,17700.0,2015-10-18
573,45.0,East,"$55,700",107,2015-04-30,0,45.0,East,55700.0,2015-04-30
9312,32.0,South,113900.0,20,10/24/2021,1,32.0,South,113900.0,2021-10-24
3180,47.0,East,27700.0,81,"August 28, 2016",1,47.0,East,27700.0,2016-08-28
3233,28.0, North,42500.0,88,09/09/2021,0,28.0,North,42500.0,2021-09-09
3673,49.0,West,26800.0,21,03-Mar-2018,1,49.0,West,26800.0,2018-03-03
155,41.0,West,19400.0,73,2023-02-21,1,41.0,West,19400.0,2023-02-21
8669,37.0,East,44300.0,17,2018-10-20,1,37.0,East,44300.0,2018-10-20
3711,48.0,North,35000.0,5,08/02/2019,1,48.0,North,35000.0,2019-08-02
4088,20.0,North,73400.0,25,"August 07, 2023",1,20.0,North,73400.0,2023-08-07
6226,38.0,West,73900.0,45,09/12/2023,1,38.0,West,73900.0,2023-09-12
3088,30.0,South,39000.0,25,30-Jun-2018,1,30.0,South,39000.0,2018-06-30
3952,73.0,East,114600.0,22,2018-10-09,1,73.0,East,114600.0,2018-10-09
5787,49.0,East,16700.0,58,2021-07-05,0,49.0,East,16700.0,2021-07-05
4375,53.0,East,44000.0,24,16-Mar-2023,1,53.0,East,44000.0,2023-03-16
10255,49.0,North,110400.0,23,06/25/2018,1,49.0,North,110400.0,2018-06-25
9280,40.0,West,16500.0,42,"September 20, 2024",0,40.0,West,16500.0,2024-09-20
4682,43.0,W. ,62800.0,27,"August 14, 2023",1,43.0,West,62800.0,2023-08-14
4479,52.0,West,182900.0,41,2017-09-19,0,52.0,West,182900.0,2017-09-19
10576,36.0, East ,59600.0,34,2016-03-16,0,36.0,East,59600.0,2016-03-16
648,20.0,North,50800.0,55,07/25/2023,1,20.0,North,50800.0,2023-07-25
9111,49.0,East,61300.0,20,03/25/2024,1,49.0,East,61300.0,2024-03-25
208,26.0,East,45000.0,30,04/29/2021,1,26.0,East,45000.0,2021-04-29
11362,49.0,West,89100.0,16,09/06/2017,1,49.0,West,89100.0,2017-09-06
11650,37.0,South,48800.0,49,16-May-2019,1,37.0,South,48800.0,2019-05-16
3740,36.0,West,37600.0,13,17-Jan-2017,0,36.0,West,37600.0,2017-01-17
7536,48.0,North,91400.0,11,2016-08-28,1,48.0,North,91400.0,2016-08-28
9752,62.0,North,57300.0,21,06/16/2022,1,62.0,North,57300.0,2022-06-16
4394,30.0,South,41600.0,8,2023-10-21,0,30.0,South,41600.0,2023-10-21
5587,35.0,North,84700.0,10,"April 08, 2021",1,35.0,North,84700.0,2021-04-08
4624,53.0,West,"$63,300",13,"April 25, 2020",1,53.0,West,63300.0,2020-04-25
7829,57.0,South,50100.0,51,25-Aug-2018,1,57.0,South,50100.0,2018-08-25
10164,19.0,South,46200.0,52,10-Oct-2018,1,19.0,South,46200.0,2018-10-10
9843,20.0,North,30000.0,69,03-Jun-2017,0,20.0,North,30000.0,2017-06-03
9328,47.0,West,49300.0,22,"February 15, 2016",1,47.0,West,49300.0,2016-02-15
10901,39.0,South,87100.0,9,03/20/2018,1,39.0,South,87100.0,2018-03-20
6471,51.0,South,30400.0,25,29-Oct-2016,1,51.0,South,30400.0,2016-10-29
6228,54.0,North,52200.0,55,01/27/2015,1,54.0,North,52200.0,2015-01-27
6654,28.0,,31600.0,28,"August 30, 2024",1,28.0,Unknown,31600.0,2024-08-30
3417,43.0,East,101900.0,49,"April 07, 2015",1,43.0,East,101900.0,2015-04-07
1837,45.0,North,103400.0,90,16-Apr-2017,1,45.0,North,103400.0,2017-04-16
7470,52.0,south ,69800.0,65,"November 09, 2020",1,52.0,South,69800.0,2020-11-09
2454,31.0,West,35000.0,8,02/20/2017,1,31.0,West,35000.0,2017-02-20
3030,46.0,East,"$54,300",24,04-Feb-2015,1,46.0,East,54300.0,2015-02-04
168,47.0,East,55100.0,69,04/09/2019,1,47.0,East,55100.0,2019-04-09
6105,46.0,N.,48300.0,37,09/22/2020,0,46.0,North,48300.0,2020-09-22
48,45.0,East,62800.0,62,08/19/2022,1,45.0,East,62800.0,2022-08-19
11291,67.0,West,80000.0,38,18-Dec-2016,1,67.0,West,80000.0,2016-12-18
10155,45.0,North,27900.0,107,"November 04, 2018",1,45.0,North,27900.0,2018-11-04
10616,51.0,south ,42500.0,81,20-Oct-2018,0,51.0,South,42500.0,2018-10-20
2613,34.0,South,28400.0,13,2015-06-14,1,34.0,South,28400.0,2015-06-14
11455,58.0,West,93100.0,23,2022-02-18,1,58.0,West,93100.0,2022-02-18
5366,68.0,East,64500.0,11,18-Dec-2015,1,68.0,East,64500.0,2015-12-18
2222,32.0,North,76000.0,30,2018-04-08,1,32.0,North,76000.0,2018-04-08
9179,37.0,Unknown,99600.0,30,08/09/2015,1,37.0,Unknown,99600.0,2015-08-09
1435,45.0,East,60100.0,61,2016-08-04,0,45.0,East,60100.0,2016-08-04
6629,35.0,West,100200.0,20,2022-03-26,1,35.0,West,100200.0,2022-03-26
11503,41.0,north,"$63,500",83,2015-07-09,1,41.0,North,63500.0,2015-07-09
5201,45.0,West,38600.0,62,08/23/2023,1,45.0,West,38600.0,2023-08-23
1783,18.0,South,42900.0,53,30-Aug-2018,1,18.0,South,42900.0,2018-08-30
4899,46.0,north,"$42,600",8,2024-11-05,0,46.0,North,42600.0,2024-11-05
2051,52.0,South,51000.0,20,"December 05, 2022",1,52.0,South,51000.0,2022-12-05
3959,34.0,South,66500.0,65,05/19/2019,1,34.0,South,66500.0,2019-05-19
1351,39.0,North,78900.0,26,"November 22, 2019",1,39.0,North,78900.0,2019-11-22
7738,36.0,,58500.0,76,12/21/2023,0,36.0,Unknown,58500.0,2023-12-21
11724,29.0,North,42100.0,26,"November 29, 2015",1,29.0,North,42100.0,2015-11-29
3922,38.0,West,"$24,600",52,03/06/2020,1,38.0,West,24600.0,2020-03-06
1738,40.0,South,31200.0,36,14-Jan-2023,1,40.0,South,31200.0,2023-01-14
11545,49.0,East,40900.0,20,26-Dec-2018,1,49.0,East,40900.0,2018-12-26
6945,44.0,S.,"$79,400",43,08/28/2024,0,44.0,South,79400.0,2024-08-28
5613,33.0,East,79500.0,11,10-Jun-2019,1,33.0,East,79500.0,2019-06-10
10009,20.0,East,16000.0,11,22-Jan-2022,1,20.0,East,16000.0,2022-01-22
9432,29.0,S.,58000.0,69,07-Aug-2015,0,29.0,South,58000.0,2015-08-07
1469,23.0,NORTH,44900.0,29,02/16/2024,1,23.0,North,44900.0,2024-02-16
10218,,South,"$35,700",54,08/03/2023,1,42.02803042831156,South,35700.0,2023-08-03
10162,33.0,N.,41300.0,101,"December 28, 2022",1,33.0,North,41300.0,2022-12-28
8757,43.0,south ,40500.0,49,2024-06-10,1,43.0,South,40500.0,2024-06-10
11730,62.0,East,33800.0,21,2022-04-08,0,62.0,East,33800.0,2022-04-08
856,,East,91200.0,118,26-May-2017,1,42.02803042831156,East,91200.0,2017-05-26
8502,45.0,West,40800.0,14,2023-06-28,1,45.0,West,40800.0,2023-06-28
1781,53.0,North,55600.0,32,2022-03-07,1,53.0,North,55600.0,2022-03-07
4379,36.0,North,32500.0,24,2020-08-15,1,36.0,North,32500.0,2020-08-15
10205,65.0,west,45600.0,48,2021-04-28,1,65.0,West,45600.0,2021-04-28
3307,48.0,north,"$30,300",10,14-Jun-2019,1,48.0,North,30300.0,2019-06-14
8740,49.0,SOUTH,85400.0,14,2022-07-26,1,49.0,South,85400.0,2022-07-26
11479,44.0,North,"$67,500",113,"April 30, 2022",1,44.0,North,67500.0,2022-04-30
3977,46.0,South,38300.0,65,17-May-2018,1,46.0,South,38300.0,2018-05-17
721,,North,19200.0,34,2017-06-02,1,42.02803042831156,North,19200.0,2017-06-02
2932,53.0,E.,110700.0,6,09-May-2015,1,53.0,East,110700.0,2015-05-09
541,20.0,South,60300.0,8,12-Feb-2023,0,20.0,South,60300.0,2023-02-12
8658,22.0,North,74300.0,43,"April 21, 2018",1,22.0,North,74300.0,2018-04-21
10303,24.0,NORTH,48300.0,7,"January 18, 2020",1,24.0,North,48300.0,2020-01-18
10550,25.0,East,28600.0,122,11-Oct-2019,0,25.0,East,28600.0,2019-10-11
9240,44.0,South,"$43,600",14,2017-06-03,0,44.0,South,43600.0,2017-06-03
7017,61.0,East,23800.0,39,2018-12-24,1,61.0,East,23800.0,2018-12-24
8015,31.0,S.,61700.0,37,"January 05, 2022",1,31.0,South,61700.0,2022-01-05
8253,35.0,West,51900.0,8,2017-08-07,0,35.0,West,51900.0,2017-08-07
5696,71.0,S.,60100.0,14,2019-08-14,1,71.0,South,60100.0,2019-08-14
4850,42.0,east,103500.0,44,28-Oct-2021,1,42.0,East,103500.0,2021-10-28
3537,54.0, East ,48400.0,17,2024-10-18,1,54.0,East,48400.0,2024-10-18
8089,48.0,North,45300.0,57,14-Jun-2016,1,48.0,North,45300.0,2016-06-14
6623,60.0,North,106700.0,24,2023-06-02,1,60.0,North,106700.0,2023-06-02
328,41.0,West,128600.0,4,2018-04-29,1,41.0,West,128600.0,2018-04-29
6540,38.0,North,72900.0,84,31-Aug-2019,1,38.0,North,72900.0,2019-08-31
8808,39.0,South,,34,26-May-2015,1,39.0,South,49400.0,2015-05-26
8728,33.0,East,52900.0,1,"July 29, 2017",0,33.0,East,52900.0,2017-07-29
9942,31.0,East,"$61,200",14,30-May-2021,1,31.0,East,61200.0,2021-05-30
909,43.0,South,34400.0,40,,0,43.0,South,34400.0,
582,27.0,East,87000.0,11,2015-05-24,1,27.0,East,87000.0,2015-05-24
11534,50.0,North,63100.0,32,27-Mar-2023,1,50.0,North,63100.0,2023-03-27
173,36.0,North,48900.0,18,2023-05-18,1,36.0,North,48900.0,2023-05-18
11565,37.0,North,45300.0,32,06/03/2020,0,37.0,North,45300.0,2020-06-03
7837,25.0,North,21800.0,118,07-May-2020,1,25.0,North,21800.0,2020-05-07
3458,30.0,South,36600.0,23,25-Jul-2022,0,30.0,South,36600.0,2022-07-25
9117,25.0,West,49900.0,49,10-Dec-2021,1,25.0,West,49900.0,2021-12-10
5380,55.0, North,62200.0,45,23-Jul-2020,1,55.0,North,62200.0,2020-07-23
5270,32.0,South,44300.0,32,08/31/2020,0,32.0,South,44300.0,2020-08-31
3496,41.0,south ,"$63,700",32,2015-09-26,1,41.0,South,63700.0,2015-09-26
5738,51.0,East,52600.0,35,29-Jan-2016,1,51.0,East,52600.0,2016-01-29
10122,37.0,South,60900.0,31,16-Oct-2015,1,37.0,South,60900.0,2015-10-16
10875,18.0,South,62300.0,46,02-Jul-2021,1,18.0,South,62300.0,2021-07-02
9973,40.0,SOUTH,21700.0,34,2016-03-09,1,40.0,South,21700.0,2016-03-09
1431,38.0,North,16200.0,13,03-Apr-2015,1,38.0,North,16200.0,2015-04-03
5446,33.0,east,39600.0,34,2017-06-04,0,33.0,East,39600.0,2017-06-04
1001,41.0,North,72900.0,40,2023-08-12,1,41.0,North,72900.0,2023-08-12
1644,50.0,North,38400.0,42,12/15/2019,1,50.0,North,38400.0,2019-12-15
4175,28.0,South,57600.0,42,11-Oct-2017,1,28.0,South,57600.0,2017-10-11
8797,58.0,North,32400.0,49,2017-04-11,0,58.0,North,32400.0,2017-04-11
1240,62.0,West,24300.0,14,"March 29, 2015",1,62.0,West,24300.0,2015-03-29
10880,27.0,West,33200.0,52,07-Oct-2024,1,27.0,West,33200.0,2024-10-07
8608,25.0, East ,75900.0,33,04/01/2023,1,25.0,East,75900.0,2023-04-01
50,43.0,North,52900.0,21,2020-09-08,1,43.0,North,52900.0,2020-09-08
2811,34.0,WEST,63000.0,73,"July 10, 2022",1,34.0,West,63000.0,2022-07-10
1165,29.0,North,51100.0,47,02-Oct-2022,1,29.0,North,51100.0,2022-10-02
1780,61.0,SOUTH,125600.0,40,"October 06, 2023",1,61.0,South,125600.0,2023-10-06
739,21.0,North,116900.0,80,"June 01, 2015",1,21.0,North,116900.0,2015-06-01
9005,57.0,E.,59700.0,109,2019-03-17,1,57.0,East,59700.0,2019-03-17
8063,59.0,North,54800.0,2,06/28/2021,1,59.0,North,54800.0,2021-06-28
10890,60.0,,43000.0,48,2019-01-08,1,60.0,Unknown,43000.0,2019-01-08
8788,64.0,North,40600.0,42,"January 05, 2020",1,64.0,North,40600.0,2020-01-05
1812,18.0,North,42400.0,52,31-Oct-2017,0,18.0,North,42400.0,2017-10-31
813,45.0,North,36800.0,60,2017-06-20,1,45.0,North,36800.0,2017-06-20
3119,31.0, North,60800.0,25,2015-01-04,1,31.0,North,60800.0,2015-01-04
5264,49.0,South,39800.0,33,"October 09, 2016",0,49.0,South,39800.0,2016-10-09
9711,20.0,South,78800.0,11,"July 16, 2015",1,20.0,South,78800.0,2015-07-16
5162,23.0,West,89300.0,25,10/08/2023,1,23.0,West,89300.0,2023-10-08
6607,40.0,NORTH,54000.0,35,2023-06-17,1,40.0,North,54000.0,2023-06-17
5352,,WEST,35000.0,60,10/24/2019,1,42.02803042831156,West,35000.0,2019-10-24
5012,25.0,North,63800.0,56,06-Jan-2020,1,25.0,North,63800.0,2020-01-06
10416,21.0,West,"$24,000",83,"March 01, 2023",1,21.0,West,24000.0,2023-03-01
2014,42.0,East,58400.0,33,"October 13, 2024",1,42.0,East,58400.0,2024-10-13
10239,49.0,east,60000.0,26,08/28/2018,1,49.0,East,60000.0,2018-08-28
9952,56.0,East,52000.0,14,09/17/2017,1,56.0,East,52000.0,2017-09-17
8967,38.0,South,49800.0,16,29-Jun-2015,1,38.0,South,49800.0,2015-06-29
4402,36.0,West,23100.0,45,2024-10-25,1,36.0,West,23100.0,2024-10-25
10213,40.0,West,19800.0,91,05/31/2017,1,40.0,West,19800.0,2017-05-31
440,48.0,South,105000.0,33,2022-06-11,0,48.0,South,105000.0,2022-06-11
8906,44.0,North,39300.0,19,03/08/2019,1,44.0,North,39300.0,2019-03-08
4551,55.0,South,49400.0,17,18-Oct-2016,1,55.0,South,49400.0,2016-10-18
8416,38.0,NORTH,30300.0,74,2015-05-12,1,38.0,North,30300.0,2015-05-12
7254,41.0,North,75600.0,33,05/17/2023,1,41.0,North,75600.0,2023-05-17
3550,49.0,West,22400.0,53,2017-01-31,1,49.0,West,22400.0,2017-01-31
10554,52.0,East,89500.0,45,05/25/2024,0,52.0,East,89500.0,2024-05-25
1083,48.0,East,55700.0,44,01/19/2018,1,48.0,East,55700.0,2018-01-19
2728,40.0,South,98600.0,31,25-Apr-2016,0,40.0,South,98600.0,2016-04-25
5785,41.0,West,118300.0,35,03-Jun-2019,1,41.0,West,118300.0,2019-06-03
6390,47.0,WEST,76500.0,35,19-Apr-2024,1,47.0,West,76500.0,2024-04-19
8927,42.0,South,48000.0,37,2017-11-11,1,42.0,South,48000.0,2017-11-11
6311,49.0,East,46400.0,58,2019-01-21,0,49.0,East,46400.0,2019-01-21
3257,34.0,South,"$71,000",10,03/18/2024,1,34.0,South,71000.0,2024-03-18
11892,,East,"$29,400",84,30-May-2017,0,42.02803042831156,East,29400.0,2017-05-30
8369,46.0, North,44800.0,6,08/18/2022,1,46.0,North,44800.0,2022-08-18
3379,29.0,North,81800.0,29,2016-08-26,1,29.0,North,81800.0,2016-08-26
11906,49.0,south ,55600.0,10,14-Oct-2023,1,49.0,South,55600.0,2023-10-14
3256,46.0,West,54500.0,6,12/21/2018,1,46.0,West,54500.0,2018-12-21
9632,64.0, North,"$94,500",41,02/01/2021,1,64.0,North,94500.0,2021-02-01
5707,55.0,South,68400.0,9,2022-10-29,1,55.0,South,68400.0,2022-10-29
7619,39.0,WEST,19300.0,14,"December 13, 2018",0,39.0,West,19300.0,2018-12-13
5316,56.0,West,32900.0,36,"November 24, 2017",1,56.0,West,32900.0,2017-11-24
5701,38.0,South,29500.0,50,09-Dec-2022,0,38.0,South,29500.0,2022-12-09
8550,66.0,North,34100.0,50,24-Jul-2015,1,66.0,North,34100.0,2015-07-24
4476,49.0,South,117800.0,24,2019-03-23,1,49.0,South,117800.0,2019-03-23
8723,47.0,South,48300.0,8,"April 06, 2018",1,47.0,South,48300.0,2018-04-06
4732,38.0,WEST,"$30,800",12,"April 08, 2022",1,38.0,West,30800.0,2022-04-08
10597,46.0, East ,70300.0,37,"June 21, 2016",0,46.0,East,70300.0,2016-06-21
1094,44.0,North,58800.0,32,25-Mar-2017,0,44.0,North,58800.0,2017-03-25
9590,49.0,South,43200.0,44,25-Aug-2022,0,49.0,South,43200.0,2022-08-25
7522,47.0,SOUTH,26100.0,11,07/18/2019,1,47.0,South,26100.0,2019-07-18
7403,23.0,South,46800.0,37,2018-02-10,1,23.0,South,46800.0,2018-02-10
5082,34.0,north,84800.0,19,"January 25, 2015",0,34.0,North,84800.0,2015-01-25
11273,33.0,West,59800.0,30,06/17/2022,1,33.0,West,59800.0,2022-06-17
8189,51.0,South,"$40,000",41,07-Dec-2023,1,51.0,South,40000.0,2023-12-07
6622,28.0,West,97800.0,83,2021-08-05,1,28.0,West,97800.0,2021-08-05
10111,72.0,,36400.0,43,2015-06-30,1,72.0,Unknown,36400.0,2015-06-30
6905,31.0,North,47600.0,57,31-Dec-2019,1,31.0,North,47600.0,2019-12-31
4082,53.0,East,"$99,300",48,2024-06-03,1,53.0,East,99300.0,2024-06-03
5499,51.0,West,"$46,300",32,11-Oct-2022,1,51.0,West,46300.0,2022-10-11
10707,18.0,North,33100.0,21,"June 11, 2024",1,18.0,North,33100.0,2024-06-11
11932,33.0,East,19000.0,35,08/17/2016,0,33.0,East,19000.0,2016-08-17
3504,27.0,North,78400.0,19,22-Aug-2023,1,27.0,North,78400.0,2023-08-22
5385,62.0,East,82600.0,22,"February 16, 2023",1,62.0,East,82600.0,2023-02-16
5070,58.0,East,78400.0,24,2023-05-07,1,58.0,East,78400.0,2023-05-07
7515,54.0,,64600.0,69,13-Mar-2019,1,54.0,Unknown,64600.0,2019-03-13
3132,33.0, East ,83500.0,8,,1,33.0,East,83500.0,
9803,47.0,East,34100.0,6,18-Jun-2018,1,47.0,East,34100.0,2018-06-18
4712,35.0,North,68200.0,45,04/21/2015,1,35.0,North,68200.0,2015-04-21
2192,30.0,East,"$91,900",67,01-Aug-2023,0,30.0,East,91900.0,2023-08-01
6661,68.0,WEST,89400.0,18,07/01/2020,1,68.0,West,89400.0,2020-07-01
11513,35.0,West,46400.0,53,09/06/2018,0,35.0,West,46400.0,2018-09-06
6365,35.0,East,51100.0,12,10/17/2017,1,35.0,East,51100.0,2017-10-17
7763,34.0,EAST,"$32,000",26,2020-06-24,0,34.0,East,32000.0,2020-06-24
5392,24.0,NORTH,"$25,600",33,18-May-2017,0,24.0,North,25600.0,2017-05-18
2425,43.0,North,34900.0,38,07-Jan-2024,1,43.0,North,34900.0,2024-01-07
3621,46.0,East,82000.0,100,02/17/2021,0,46.0,East,82000.0,2021-02-17
8607,65.0,SOUTH,38000.0,19,"September 22, 2021",0,65.0,South,38000.0,2021-09-22
3587,29.0,west,"$30,500",119,06-Aug-2016,1,29.0,West,30500.0,2016-08-06
6868,44.0,NORTH,32000.0,55,27-Aug-2020,0,44.0,North,32000.0,2020-08-27
8377,19.0,East,"$52,800",15,2019-01-07,1,19.0,East,52800.0,2019-01-07
6616,50.0,SOUTH,92100.0,37,2016-05-28,1,50.0,South,92100.0,2016-05-28
3558,47.0,East,56200.0,6,"February 03, 2018",1,47.0,East,56200.0,2018-02-03
4828,39.0,West,27100.0,28,"December 02, 2022",0,39.0,West,27100.0,2022-12-02
8701,24.0,West,20600.0,51,11/14/2015,1,24.0,West,20600.0,2015-11-14
8349,31.0,West,56500.0,65,03/02/2020,1,31.0,West,56500.0,2020-03-02
8020,32.0,South,42600.0,57,2021-09-22,1,32.0,South,42600.0,2021-09-22
7030,49.0,East,42300.0,54,27-Apr-2023,1,49.0,East,42300.0,2023-04-27
1782,43.0,North,33000.0,12,2018-08-26,1,43.0,North,33000.0,2018-08-26
11001,43.0,W. ,61900.0,38,30-Apr-2022,1,43.0,West,61900.0,2022-04-30
10781,26.0,North,40800.0,16,2019-12-15,0,26.0,North,40800.0,2019-12-15
6704,63.0,West,"$33,300",6,04-Aug-2022,0,63.0,West,33300.0,2022-08-04
9862,18.0,West,77400.0,24,05/12/2019,1,18.0,West,77400.0,2019-05-12
11640,44.0,SOUTH,75500.0,14,2016-01-20,1,44.0,South,75500.0,2016-01-20
4640,34.0,North,37500.0,92,05-Apr-2022,0,34.0,North,37500.0,2022-04-05
4320,81.0,E.,135000.0,77,2019-02-12,1,81.0,East,135000.0,2019-02-12
3686,45.0, North,29800.0,35,"August 27, 2017",1,45.0,North,29800.0,2017-08-27
1610,37.0,E.,54100.0,79,01/26/2019,1,37.0,East,54100.0,2019-01-26
1403,39.0,North,60700.0,131,06/06/2022,1,39.0,North,60700.0,2022-06-06
2819,52.0,east,86600.0,58,10-Jul-2024,1,52.0,East,86600.0,2024-07-10
1873,34.0,North,34400.0,5,12/14/2020,1,34.0,North,34400.0,2020-12-14
8634,56.0, North,35800.0,17,03/15/2015,1,56.0,North,35800.0,2015-03-15
6233,41.0,East,24800.0,60,12/02/2015,0,41.0,East,24800.0,2015-12-02
181,59.0,North,18700.0,23,05/05/2023,0,59.0,North,18700.0,2023-05-05
10277,65.0,W. ,35100.0,1,"June 20, 2021",0,65.0,West,35100.0,2021-06-20
2174,26.0,S.,63200.0,36,14-Nov-2017,1,26.0,South,63200.0,2017-11-14
7979,52.0,South,68000.0,3,2015-06-05,1,52.0,South,68000.0,2015-06-05
2779,48.0,East,63500.0,48,2024-07-05,1,48.0,East,63500.0,2024-07-05
3885,32.0,S.,48900.0,61,02/21/2017,1,32.0,South,48900.0,2017-02-21
8280,47.0,North,"$57,400",19,"September 25, 2016",1,47.0,North,57400.0,2016-09-25
5419,39.0,South,"$21,100",27,"May 27, 2017",1,39.0,South,21100.0,2017-05-27
7280,57.0,North,55600.0,48,2018-01-20,1,57.0,North,55600.0,2018-01-20
6179,18.0,South,57300.0,72,2018-11-02,1,18.0,South,57300.0,2018-11-02
8001,46.0,East,21400.0,18,04/06/2019,1,46.0,East,21400.0,2019-04-06
10818,,North,67100.0,25,"December 16, 2015",0,42.02803042831156,North,67100.0,2015-12-16
8732,42.0, East ,66300.0,30,06/21/2016,1,42.0,East,66300.0,2016-06-21
7696,54.0,N.,86800.0,28,17-Jun-2020,0,54.0,North,86800.0,2020-06-17
3447,37.0,S.,28200.0,75,04/24/2021,1,37.0,South,28200.0,2021-04-24
3570,53.0,West,28000.0,80,2016-09-09,1,53.0,West,28000.0,2016-09-09
5072,41.0,North,57200.0,13,10/31/2024,0,41.0,North,57200.0,2024-10-31
4063,34.0,East,55800.0,17,25-Nov-2021,1,34.0,East,55800.0,2021-11-25
11592,55.0,west,18000.0,26,06/20/2021,1,55.0,West,18000.0,2021-06-20
6653,31.0,East,34200.0,17,01/22/2022,1,31.0,East,34200.0,2022-01-22
10456,35.0,east,47300.0,41,"February 19, 2020",1,35.0,East,47300.0,2020-02-19
42,49.0,South,65300.0,58,07/25/2024,1,49.0,South,65300.0,2024-07-25
9452,38.0,east,39600.0,50,23-Feb-2021,1,38.0,East,39600.0,2021-02-23
5206,39.0,West,114500.0,71,12/12/2021,1,39.0,West,114500.0,2021-12-12
11262,45.0,west,63500.0,61,"April 19, 2016",1,45.0,West,63500.0,2016-04-19
3665,40.0,North,56200.0,2,,1,40.0,North,56200.0,
7336,59.0,NORTH,80800.0,26,02/25/2017,0,59.0,North,80800.0,2017-02-25
8044,18.0,East,73900.0,20,09/26/2017,0,18.0,East,73900.0,2017-09-26
4973,55.0,East,"$127,600",58,2023-09-05,1,55.0,East,127600.0,2023-09-05
2384,35.0,South,56500.0,52,07/01/2015,1,35.0,South,56500.0,2015-07-01
1392,61.0,SOUTH,63500.0,25,"April 09, 2017",1,61.0,South,63500.0,2017-04-09
7128,32.0,South,"$91,600",44,20-Sep-2016,1,32.0,South,91600.0,2016-09-20
7731,38.0,East,"$38,600",10,27-Oct-2019,1,38.0,East,38600.0,2019-10-27
11358,35.0,East,55700.0,27,"November 28, 2017",1,35.0,East,55700.0,2017-11-28
8580,64.0,South,91300.0,42,01/19/2019,1,64.0,South,91300.0,2019-01-19
5433,28.0,West,35400.0,44,04-Oct-2018,1,28.0,West,35400.0,2018-10-04
1864,55.0,East,76500.0,45,11/24/2017,1,55.0,East,76500.0,2017-11-24
1328,21.0,South,35300.0,34,"September 02, 2019",1,21.0,South,35300.0,2019-09-02
10690,34.0,West,56800.0,53,"December 23, 2015",1,34.0,West,56800.0,2015-12-23
11187,49.0,SOUTH,56600.0,26,11/04/2019,0,49.0,South,56600.0,2019-11-04
498,38.0,East,41000.0,9,19-Apr-2015,1,38.0,East,41000.0,2015-04-19
1802,48.0,North,48800.0,25,"May 16, 2020",1,48.0,North,48800.0,2020-05-16
8973,41.0,East,50400.0,71,"April 25, 2016",1,41.0,East,50400.0,2016-04-25
11794,36.0,North,28900.0,41,"June 28, 2019",1,36.0,North,28900.0,2019-06-28
6101,38.0,East,124200.0,34,"March 24, 2024",1,38.0,East,124200.0,2024-03-24
7988,41.0,West,65500.0,11,09/28/2018,1,41.0,West,65500.0,2018-09-28
7552,, East ,33500.0,19,09/30/2019,0,42.02803042831156,East,33500.0,2019-09-30
8940,,North,47700.0,36,2021-06-03,1,42.02803042831156,North,47700.0,2021-06-03
8957,18.0,East,15000.0,48,2019-09-19,1,18.0,East,15000.0,2019-09-19
11423,62.0,East,27000.0,104,2022-03-16,0,62.0,East,27000.0,2022-03-16
4156,35.0,East,22100.0,19,11/01/2024,1,35.0,East,22100.0,2024-11-01
10161,30.0,North,"$34,700",32,02-Dec-2021,1,30.0,North,34700.0,2021-12-02
5958,52.0,South,57700.0,45,05/16/2023,0,52.0,South,57700.0,2023-05-16
766,19.0,South,"$57,900",54,06/08/2018,1,19.0,South,57900.0,2018-06-08
6579,21.0,South,36600.0,34,2015-10-03,1,21.0,South,36600.0,2015-10-03
5022,56.0,South,128500.0,55,,0,56.0,South,128500.0,
6717,36.0,East,"$115,800",43,2022-12-05,1,36.0,East,115800.0,2022-12-05
9463,44.0,East,81800.0,14,"June 04, 2015",1,44.0,East,81800.0,2015-06-04
11653,37.0,East,35400.0,32,10-Jul-2019,1,37.0,East,35400.0,2019-07-10
3700,26.0,East,61000.0,10,12/22/2017,1,26.0,East,61000.0,2017-12-22
10830,34.0,S.,"$22,700",31,11/11/2023,1,34.0,South,22700.0,2023-11-11
1275,34.0,South,88200.0,34,"April 21, 2022",1,34.0,South,88200.0,2022-04-21
10982,40.0,east,"$46,900",25,2023-07-31,1,40.0,East,46900.0,2023-07-31
8344,34.0,WEST,41900.0,64,05/06/2019,1,34.0,West,41900.0,2019-05-06
1033,35.0,Unknown,68000.0,49,2018-05-15,0,35.0,Unknown,68000.0,2018-05-15
2509,54.0,south ,49500.0,31,15-May-2021,1,54.0,South,49500.0,2021-05-15
1443,24.0,north,49600.0,36,2015-06-23,1,24.0,North,49600.0,2015-06-23
10407,59.0,East,66000.0,45,27-Nov-2024,1,59.0,East,66000.0,2024-11-27
8539,58.0,south ,49300.0,17,27-Jul-2023,1,58.0,South,49300.0,2023-07-27
3469,60.0,East,26200.0,45,2022-11-21,1,60.0,East,26200.0,2022-11-21
2631,43.0,East,117800.0,35,2015-03-23,0,43.0,East,117800.0,2015-03-23
10803,35.0,North,30200.0,16,"April 23, 2017",1,35.0,North,30200.0,2017-04-23
8899,41.0,West,"$31,200",27,2024-05-28,0,41.0,West,31200.0,2024-05-28
4993,35.0,North,79000.0,73,08/12/2020,1,35.0,North,79000.0,2020-08-12
3435,25.0,South,42200.0,70,06/08/2022,0,25.0,South,42200.0,2022-06-08
1401,57.0,NORTH,20200.0,17,19-Jul-2019,0,57.0,North,20200.0,2019-07-19
6984,26.0,East,32800.0,25,2021-08-27,1,26.0,East,32800.0,2021-08-27
3160,33.0,West,"$58,200",24,2024-04-19,1,33.0,West,58200.0,2024-04-19
4687,25.0,North,15000.0,13,03/13/2018,1,25.0,North,15000.0,2018-03-13
2241,58.0,WEST,38300.0,6,24-Jul-2018,0,58.0,West,38300.0,2018-07-24
489,31.0,East,28700.0,47,06-May-2018,0,31.0,East,28700.0,2018-05-06
5599,46.0,North,53700.0,19,,1,46.0,North,53700.0,
4184,73.0,North,101100.0,9,2020-01-02,1,73.0,North,101100.0,2020-01-02
522,30.0,West,109300.0,24,"April 18, 2016",1,30.0,West,109300.0,2016-04-18
9792,52.0,East,109800.0,67,"January 04, 2016",1,52.0,East,109800.0,2016-01-04
10373,24.0,East,71900.0,66,"June 13, 2021",1,24.0,East,71900.0,2021-06-13
9890,32.0,East,42500.0,11,11/20/2021,1,32.0,East,42500.0,2021-11-20
4596,53.0,East,48400.0,10,"June 03, 2017",1,53.0,East,48400.0,2017-06-03
11850,32.0,west,40400.0,10,"November 04, 2023",1,32.0,West,40400.0,2023-11-04
10018,54.0,N.,"$97,900",43,23-Jan-2020,1,54.0,North,97900.0,2020-01-23
9394,54.0,west,45300.0,20,06-Oct-2015,1,54.0,West,45300.0,2015-10-06
6232,53.0,East,30900.0,10,03-Jun-2016,0,53.0,East,30900.0,2016-06-03
9468,24.0,North,68800.0,62,09-Jul-2015,1,24.0,North,68800.0,2015-07-09
8777,50.0,East,49800.0,9,04/26/2024,1,50.0,East,49800.0,2024-04-26
3467,60.0,South,34900.0,68,06/02/2017,1,60.0,South,34900.0,2017-06-02
2225,28.0,East,17700.0,60,18-May-2016,1,28.0,East,17700.0,2016-05-18
6832,45.0,North,52800.0,19,22-May-2016,1,45.0,North,52800.0,2016-05-22
11007,36.0,South,28300.0,55,"December 07, 2015",1,36.0,South,28300.0,2015-12-07
10588,29.0,,48100.0,55,,1,29.0,Unknown,48100.0,
9335,53.0,NORTH,"$53,300",39,"June 29, 2024",0,53.0,North,53300.0,2024-06-29
8203,48.0,North,"$43,600",48,26-Jan-2015,0,48.0,North,43600.0,2015-01-26
7042,57.0,East,91100.0,36,"October 11, 2016",0,57.0,East,91100.0,2016-10-11
5088,32.0,East,"$88,700",75,2016-05-09,1,32.0,East,88700.0,2016-05-09
2965,42.0,West,"$46,000",15,"December 21, 2015",1,42.0,West,46000.0,2015-12-21
1182,53.0,East,37300.0,25,2023-06-21,1,53.0,East,37300.0,2023-06-21
6393,47.0,east,116400.0,25,2022-08-31,1,47.0,East,116400.0,2022-08-31
6982,35.0,east,78000.0,72,11-Oct-2017,1,35.0,East,78000.0,2017-10-11
5942,23.0,South,80300.0,26,"October 17, 2017",0,23.0,South,80300.0,2017-10-17
4666,54.0,East,61300.0,32,10/14/2015,1,54.0,East,61300.0,2015-10-14
4634,27.0,South,38000.0,5,16-Feb-2015,1,27.0,South,38000.0,2015-02-16
10080,44.0, East ,28300.0,112,"December 28, 2023",1,44.0,East,28300.0,2023-12-28
11440,52.0,South,44300.0,18,2022-06-25,0,52.0,South,44300.0,2022-06-25
7284,43.0,N.,"$48,200",34,"December 27, 2020",0,43.0,North,48200.0,2020-12-27
3574,41.0,North,39300.0,65,26-Aug-2024,1,41.0,North,39300.0,2024-08-26
3367,42.0,South,35100.0,43,12/17/2018,1,42.0,South,35100.0,2018-12-17
4071,39.0,West,51500.0,14,09/13/2019,1,39.0,West,51500.0,2019-09-13
2277,25.0,N.,,6,"November 29, 2017",1,25.0,North,49400.0,2017-11-29
7818,29.0,East,15000.0,12,19-Jul-2018,1,29.0,East,15000.0,2018-07-19
9601,41.0,North,71500.0,94,"April 27, 2018",0,41.0,North,71500.0,2018-04-27
11000,51.0,East,47100.0,14,"January 12, 2015",1,51.0,East,47100.0,2015-01-12
3388,35.0,North,97500.0,20,2015-11-27,1,35.0,North,97500.0,2015-11-27
11664,69.0,South,114600.0,19,2024-04-14,0,69.0,South,114600.0,2024-04-14
6798,47.0,East,58000.0,53,12/27/2015,1,47.0,East,58000.0,2015-12-27
4673,49.0,East,35500.0,12,"March 06, 2021",1,49.0,East,35500.0,2021-03-06
8116,36.0,East,47300.0,36,"July 16, 2019",1,36.0,East,47300.0,2019-07-16
7198,40.0, East ,64100.0,33,02-Nov-2015,1,40.0,East,64100.0,2015-11-02
7882,53.0,East,32200.0,141,12-Jun-2021,0,53.0,East,32200.0,2021-06-12
11098,57.0,South,"$78,500",92,2022-12-04,1,57.0,South,78500.0,2022-12-04
689,36.0,East,77800.0,105,2016-09-23,1,36.0,East,77800.0,2016-09-23
7582,54.0,West,59600.0,40,02/10/2021,0,54.0,West,59600.0,2021-02-10
11940,62.0,West,50000.0,24,2021-03-20,1,62.0,West,50000.0,2021-03-20
3674,18.0,north,"$92,400",136,"August 01, 2016",1,18.0,North,92400.0,2016-08-01
11460,30.0,West,32000.0,11,"July 25, 2016",1,30.0,West,32000.0,2016-07-25
5935,21.0,South,43700.0,56,2017-07-25,0,21.0,South,43700.0,2017-07-25
5742,57.0,South,57000.0,19,"December 31, 2020",1,57.0,South,57000.0,2020-12-31
1678,47.0,south ,34300.0,14,2015-05-15,1,47.0,South,34300.0,2015-05-15
4006,38.0, East ,25600.0,32,24-Jan-2015,0,38.0,East,25600.0,2015-01-24
9930,44.0, East ,17000.0,41,2017-01-02,1,44.0,East,17000.0,2017-01-02
10623,56.0,North,"$49,100",12,2024-07-12,1,56.0,North,49100.0,2024-07-12
1494,28.0,SOUTH,53800.0,119,"April 06, 2019",1,28.0,South,53800.0,2019-04-06
10341,53.0,East,28900.0,15,02/07/2020,1,53.0,East,28900.0,2020-02-07
6211,34.0,East,49200.0,23,01/25/2018,1,34.0,East,49200.0,2018-01-25
1324,22.0,East,82300.0,19,26-Oct-2022,1,22.0,East,82300.0,2022-10-26
10226,48.0,south ,38000.0,18,"January 15, 2023",1,48.0,South,38000.0,2023-01-15
9083,38.0,North,43300.0,70,08-Sep-2019,1,38.0,North,43300.0,2019-09-08
8361,31.0, East ,57400.0,16,"March 21, 2019",1,31.0,East,57400.0,2019-03-21
9021,47.0,East,19100.0,5,11/30/2023,0,47.0,East,19100.0,2023-11-30
7245,27.0,South,124200.0,26,2022-08-22,1,27.0,South,124200.0,2022-08-22
918,49.0,WEST,87900.0,44,07/23/2019,1,49.0,West,87900.0,2019-07-23
10033,49.0,East,50100.0,12,29-Mar-2019,1,49.0,East,50100.0,2019-03-29
11758,26.0,N.,48100.0,18,29-Aug-2024,0,26.0,North,48100.0,2024-08-29
4609,27.0,South,77900.0,30,"March 25, 2024",0,27.0,South,77900.0,2024-03-25
6872,57.0,West,57200.0,22,"March 25, 2020",0,57.0,West,57200.0,2020-03-25
3542,47.0,East,20400.0,22,"May 17, 2022",0,47.0,East,20400.0,2022-05-17
3540,31.0,South,"$73,400",21,2015-04-07,1,31.0,South,73400.0,2015-04-07
7395,25.0,E.,"$46,400",41,07/12/2018,1,25.0,East,46400.0,2018-07-12
8019,150.0,South,73000.0,63,2017-11-16,0,42.02803042831156,South,73000.0,2017-11-16
3890,33.0,north,22600.0,13,"February 29, 2016",1,33.0,North,22600.0,2016-02-29
708,49.0,East,53200.0,8,12/03/2015,1,49.0,East,53200.0,2015-12-03
9994,51.0,,"$46,500",47,02-Oct-2016,1,51.0,Unknown,46500.0,2016-10-02
584,28.0,East,97800.0,13,2022-02-11,1,28.0,East,97800.0,2022-02-11
5576,41.0,north,44500.0,9,03/31/2015,0,41.0,North,44500.0,2015-03-31
2634,42.0, East ,60800.0,133,2022-06-30,1,42.0,East,60800.0,2022-06-30
4005,61.0,South,56500.0,44,06/05/2022,1,61.0,South,56500.0,2022-06-05
10186,36.0,,22900.0,21,2020-01-01,1,36.0,Unknown,22900.0,2020-01-01
11586,50.0,West,40500.0,64,2019-06-20,1,50.0,West,40500.0,2019-06-20
11816,,South,52900.0,79,2015-09-13,0,42.02803042831156,South,52900.0,2015-09-13
391,18.0,South,19600.0,18,02/16/2015,1,18.0,South,19600.0,2015-02-16
11105,50.0,West,"$77,900",73,11/19/2018,1,50.0,West,77900.0,2018-11-19
9708,39.0,South,71400.0,87,02/14/2023,1,39.0,South,71400.0,2023-02-14
5663,39.0,North,"$97,200",28,2017-08-28,1,39.0,North,97200.0,2017-08-28
11899,56.0,South,35700.0,104,,0,56.0,South,35700.0,
5280,68.0,North,"$30,200",37,"July 27, 2023",1,68.0,North,30200.0,2023-07-27
11466,27.0,West,73100.0,31,"October 17, 2019",1,27.0,West,73100.0,2019-10-17
10719,30.0,South,42500.0,23,"December 24, 2015",1,30.0,South,42500.0,2015-12-24
7039,56.0,East,58500.0,14,11/09/2017,1,56.0,East,58500.0,2017-11-09
7905,,East,53800.0,77,04/27/2023,1,42.02803042831156,East,53800.0,2023-04-27
4092,43.0,West,19200.0,61,"November 10, 2017",0,43.0,West,19200.0,2017-11-10
7366,43.0,West,"$33,200",32,2015-06-21,1,43.0,West,33200.0,2015-06-21
1608,45.0,North,79000.0,55,"October 11, 2020",0,45.0,North,79000.0,2020-10-11
5287,30.0,West,59300.0,74,11-Nov-2022,1,30.0,West,59300.0,2022-11-11
8005,45.0,S.,43200.0,112,"October 20, 2017",0,45.0,South,43200.0,2017-10-20
5408,42.0,East,25100.0,96,"August 05, 2019",1,42.0,East,25100.0,2019-08-05
3094,32.0,SOUTH,26900.0,81,"March 09, 2021",1,32.0,South,26900.0,2021-03-09
1809,43.0,South,44400.0,52,16-Jun-2018,1,43.0,South,44400.0,2018-06-16
6489,32.0,S.,77500.0,69,"May 04, 2021",1,32.0,South,77500.0,2021-05-04
6788,,South,"$81,100",102,11/21/2024,0,42.02803042831156,South,81100.0,2024-11-21
500,23.0,east,48400.0,13,"October 24, 2022",1,23.0,East,48400.0,2022-10-24
3685,28.0,West,33000.0,18,08/16/2021,1,28.0,West,33000.0,2021-08-16
7412,30.0,East,62200.0,39,2022-12-23,0,30.0,East,62200.0,2022-12-23
4214,40.0,West,37800.0,27,10-Dec-2024,1,40.0,West,37800.0,2024-12-10
1412,71.0,North,43200.0,95,"February 03, 2016",0,71.0,North,43200.0,2016-02-03
817,37.0,East,55700.0,50,07/06/2016,0,37.0,East,55700.0,2016-07-06
5413,35.0,East,"$24,100",19,05/01/2015,0,35.0,East,24100.0,2015-05-01
3446,38.0,W. ,34700.0,14,07/15/2015,0,38.0,West,34700.0,2015-07-15
6656,60.0,East,40900.0,38,01/17/2023,0,60.0,East,40900.0,2023-01-17
4606,44.0,,43300.0,60,2017-07-22,0,44.0,Unknown,43300.0,2017-07-22
11425,45.0,South,29300.0,29,"May 20, 2015",1,45.0,South,29300.0,2015-05-20
8822,47.0,West,56100.0,9,"February 26, 2024",1,47.0,West,56100.0,2024-02-26
5633,18.0,N.,64800.0,53,"February 17, 2017",1,18.0,North,64800.0,2017-02-17
9389,47.0,WEST,40400.0,17,25-Jun-2016,1,47.0,West,40400.0,2016-06-25
9836,24.0,South,32300.0,12,"June 12, 2020",1,24.0,South,32300.0,2020-06-12
10773,61.0,East,50400.0,34,02/19/2020,1,61.0,East,50400.0,2020-02-19
5827,55.0,East,42400.0,107,2018-03-01,0,55.0,East,42400.0,2018-03-01
4859,35.0,North,98300.0,34,17-Mar-2017,1,35.0,North,98300.0,2017-03-17
205,18.0,west,42600.0,19,10/14/2017,1,18.0,West,42600.0,2017-10-14
6919,38.0,East,25800.0,43,"December 25, 2017",1,38.0,East,25800.0,2017-12-25
3121,46.0,East,45600.0,30,2023-08-17,1,46.0,East,45600.0,2023-08-17
3090,55.0,West,51300.0,42,13-Nov-2017,1,55.0,West,51300.0,2017-11-13
7985,47.0,South,76600.0,51,"December 11, 2021",1,47.0,South,76600.0,2021-12-11
6102,33.0,North,48400.0,22,02-Aug-2023,0,33.0,North,48400.0,2023-08-02
8566,30.0, North,52500.0,30,07/09/2021,1,30.0,North,52500.0,2021-07-09
5549,46.0,SOUTH,65300.0,14,05/13/2015,1,46.0,South,65300.0,2015-05-13
2748,,North,29400.0,10,01/29/2022,1,42.02803042831156,North,29400.0,2022-01-29
1755,56.0,East,89400.0,7,12/29/2020,1,56.0,East,89400.0,2020-12-29
5312,29.0,North,58200.0,51,10/06/2024,1,29.0,North,58200.0,2024-10-06
1482,49.0,west,"$65,700",68,"July 08, 2021",1,49.0,West,65700.0,2021-07-08
8991,,east,"$44,900",29,2017-06-01,1,42.02803042831156,East,44900.0,2017-06-01
4571,41.0,East,134800.0,16,"August 24, 2015",1,41.0,East,134800.0,2015-08-24
8007,43.0,East,70700.0,14,10/28/2017,1,43.0,East,70700.0,2017-10-28
6312,58.0,E.,"$87,000",22,2016-04-23,0,58.0,East,87000.0,2016-04-23
6000,24.0,East,52300.0,37,01/29/2019,1,24.0,East,52300.0,2019-01-29
980,48.0,North,,95,2016-08-27,0,48.0,North,49400.0,2016-08-27
3529,22.0,North,"$54,900",36,2022-12-17,1,22.0,North,54900.0,2022-12-17
550,51.0,East,37000.0,61,02/11/2022,0,51.0,East,37000.0,2022-02-11
7264,37.0,East,30500.0,20,16-Jan-2020,1,37.0,East,30500.0,2020-01-16
11044,45.0,West,"$84,800",85,"April 18, 2019",1,45.0,West,84800.0,2019-04-18
11666,37.0,NORTH,35300.0,17,2016-09-10,0,37.0,North,35300.0,2016-09-10
1426,30.0,south ,96800.0,126,06/08/2019,1,30.0,South,96800.0,2019-06-08
2907,57.0,South,"$117,500",1,"January 31, 2024",0,57.0,South,117500.0,2024-01-31
3320,52.0,north,16700.0,22,01/28/2015,1,52.0,North,16700.0,2015-01-28
8769,35.0,South,36700.0,18,2024-11-16,0,35.0,South,36700.0,2024-11-16
8065,46.0,North,38600.0,50,05/20/2015,1,46.0,North,38600.0,2015-05-20
6904,48.0,West,49800.0,78,09/09/2021,1,48.0,West,49800.0,2021-09-09
9645,52.0,West,69100.0,70,2018-05-05,1,52.0,West,69100.0,2018-05-05
7196,58.0,South,40200.0,81,08/20/2017,1,58.0,South,40200.0,2017-08-20
1321,32.0,West,41900.0,6,"October 23, 2021",1,32.0,West,41900.0,2021-10-23
4542,46.0,East,90800.0,27,27-Jan-2016,1,46.0,East,90800.0,2016-01-27
10316,31.0,East,28600.0,12,2022-09-12,1,31.0,East,28600.0,2022-09-12
11436,58.0,Unknown,123700.0,16,11/22/2016,1,58.0,Unknown,123700.0,2016-11-22
4724,37.0,S.,40400.0,16,27-May-2016,0,37.0,South,40400.0,2016-05-27
4444,29.0,South,34300.0,54,2016-12-04,1,29.0,South,34300.0,2016-12-04
8534,45.0,West,48800.0,16,03/05/2023,1,45.0,West,48800.0,2023-03-05
6169,41.0,West,25900.0,21,2023-05-05,0,41.0,West,25900.0,2023-05-05
11382,49.0,East,"$67,300",129,01/04/2024,0,49.0,East,67300.0,2024-01-04
4744,41.0, East ,48000.0,14,22-Sep-2020,1,41.0,East,48000.0,2020-09-22
1872,35.0,East,53400.0,27,13-May-2017,1,35.0,East,53400.0,2017-05-13
8496,,East,70300.0,10,10/26/2020,1,42.02803042831156,East,70300.0,2020-10-26
8100,65.0,South,216300.0,53,2023-03-04,1,65.0,South,216300.0,2023-03-04
6174,26.0,NORTH,34900.0,33,11-Mar-2015,1,26.0,North,34900.0,2015-03-11
6405,,East,43100.0,45,"July 31, 2019",1,42.02803042831156,East,43100.0,2019-07-31
7072,54.0,North,35800.0,39,11/25/2023,0,54.0,North,35800.0,2023-11-25
4681,63.0,South,57900.0,14,"August 19, 2021",1,63.0,South,57900.0,2021-08-19
11792,20.0,East,56200.0,55,2015-01-14,0,20.0,East,56200.0,2015-01-14
3046,37.0,East,84700.0,6,09/11/2021,1,37.0,East,84700.0,2021-09-11
4393,28.0,north,73200.0,27,08/23/2019,1,28.0,North,73200.0,2019-08-23
7595,41.0,West,58800.0,107,29-Dec-2016,0,41.0,West,58800.0,2016-12-29
8568,42.0,South,"$24,300",75,2015-11-22,1,42.0,South,24300.0,2015-11-22
242,41.0,North,96900.0,9,16-Jan-2015,0,41.0,North,96900.0,2015-01-16
11634,44.0,NORTH,54600.0,22,10/03/2021,1,44.0,North,54600.0,2021-10-03
5959,23.0,North,54900.0,48,21-May-2018,1,23.0,North,54900.0,2018-05-21
1480,64.0,North,"$36,400",21,"March 05, 2015",0,64.0,North,36400.0,2015-03-05
11220,33.0,East,46700.0,20,"May 08, 2016",1,33.0,East,46700.0,2016-05-08
10385,36.0,North,56800.0,27,"August 16, 2017",1,36.0,North,56800.0,2017-08-16
787,,south ,"$102,400",98,"August 08, 2016",1,42.02803042831156,South,102400.0,2016-08-08
9790,49.0,West,120900.0,42,"June 07, 2018",1,49.0,West,120900.0,2018-06-07
6633,36.0,North,64000.0,22,28-Dec-2015,1,36.0,North,64000.0,2015-12-28
3267,18.0,south ,48800.0,55,2015-02-03,0,18.0,South,48800.0,2015-02-03
678,47.0,East,21200.0,24,"February 24, 2018",1,47.0,East,21200.0,2018-02-24
897,33.0,North,60300.0,67,"February 23, 2022",1,33.0,North,60300.0,2022-02-23
9320,18.0,East,91900.0,10,02/14/2015,1,18.0,East,91900.0,2015-02-14
1377,49.0,East,73000.0,64,02/20/2017,1,49.0,East,73000.0,2017-02-20
6031,47.0, North,126300.0,4,03/05/2024,1,47.0,North,126300.0,2024-03-05
4574,48.0,South,35100.0,19,"July 30, 2023",1,48.0,South,35100.0,2023-07-30
1618,19.0,North,38200.0,15,11/08/2020,1,19.0,North,38200.0,2020-11-08
1896,34.0,East,26000.0,7,"June 19, 2020",1,34.0,East,26000.0,2020-06-19
2130,56.0,East,38000.0,48,03-Jul-2015,1,56.0,East,38000.0,2015-07-03
9824,43.0,NORTH,62800.0,35,"November 25, 2015",1,43.0,North,62800.0,2015-11-25
2793,32.0,NORTH,91200.0,59,01/20/2016,1,32.0,North,91200.0,2016-01-20
8828,51.0,East,"$33,200",102,"December 13, 2021",0,51.0,East,33200.0,2021-12-13
4717,53.0,W. ,62600.0,30,09/10/2022,1,53.0,West,62600.0,2022-09-10
10074,19.0,West,33200.0,21,2019-09-23,1,19.0,West,33200.0,2019-09-23
6199,32.0,West,32700.0,49,01/26/2019,0,32.0,West,32700.0,2019-01-26
10659,49.0, North,"$39,000",16,"July 22, 2020",0,49.0,North,39000.0,2020-07-22
4774,51.0,WEST,"$54,400",50,2023-09-10,1,51.0,West,54400.0,2023-09-10
671,52.0,North,32700.0,21,10-May-2023,1,52.0,North,32700.0,2023-05-10
11584,65.0,East,39400.0,46,2021-12-14,1,65.0,East,39400.0,2021-12-14
7231,38.0,North,50600.0,30,12/15/2021,1,38.0,North,50600.0,2021-12-15
6380,41.0,East,28000.0,78,"August 03, 2024",1,41.0,East,28000.0,2024-08-03
682,50.0,West,40600.0,55,12/31/2020,0,50.0,West,40600.0,2020-12-31
4032,36.0,West,49700.0,59,"August 20, 2020",1,36.0,West,49700.0,2020-08-20
11392,24.0,East,37800.0,142,01/09/2018,1,24.0,East,37800.0,2018-01-09
4260,37.0,West,67100.0,46,03/01/2016,1,37.0,West,67100.0,2016-03-01
9832,53.0,North,,87,19-Mar-2020,0,53.0,North,49400.0,2020-03-19
6047,53.0,east,"$69,200",28,03-Jan-2016,1,53.0,East,69200.0,2016-01-03
11699,45.0,North,105900.0,8,09/17/2021,1,45.0,North,105900.0,2021-09-17
1646,43.0,E.,33000.0,13,2023-02-27,0,43.0,East,33000.0,2023-02-27
11035,32.0, East ,77800.0,19,15-Apr-2022,1,32.0,East,77800.0,2022-04-15
4832,18.0,north,87900.0,26,13-May-2022,1,18.0,North,87900.0,2022-05-13
4633,30.0,East,26100.0,36,02/04/2021,1,30.0,East,26100.0,2021-02-04
10114,33.0,North,23400.0,34,25-Apr-2024,0,33.0,North,23400.0,2024-04-25
1586,21.0,South,23500.0,60,2015-03-16,0,21.0,South,23500.0,2015-03-16
11965,32.0,W. ,52900.0,13,11/02/2015,1,32.0,West,52900.0,2015-11-02
11395,45.0,East,87000.0,31,"January 16, 2022",1,45.0,East,87000.0,2022-01-16
8085,39.0,East,31100.0,35,24-Mar-2018,1,39.0,East,31100.0,2018-03-24
1350,41.0,South,16700.0,19,01/15/2021,1,41.0,South,16700.0,2021-01-15
7222,41.0,East,48600.0,17,05/26/2019,1,41.0,East,48600.0,2019-05-26
867,25.0,North,127000.0,26,"December 23, 2017",1,25.0,North,127000.0,2017-12-23
11458,60.0, North,"$49,700",52,12/24/2017,0,60.0,North,49700.0,2017-12-24
2800,34.0,East,28600.0,35,21-Sep-2023,1,34.0,East,28600.0,2023-09-21
8136,50.0,WEST,"$21,700",9,28-Jan-2023,1,50.0,West,21700.0,2023-01-28
916,57.0,,15000.0,26,03/25/2021,1,57.0,Unknown,15000.0,2021-03-25
1768,53.0,East,87400.0,38,"October 20, 2021",0,53.0,East,87400.0,2021-10-20
4295,43.0,West,15000.0,17,"January 06, 2022",1,43.0,West,15000.0,2022-01-06
6562,19.0,S.,"$24,900",7,12/06/2023,1,19.0,South,24900.0,2023-12-06
5704,42.0,West,25900.0,32,02/17/2015,1,42.0,West,25900.0,2015-02-17
6192,53.0,North,20500.0,52,04-Oct-2017,1,53.0,North,20500.0,2017-10-04
15,48.0,East,27800.0,41,"January 20, 2017",1,48.0,East,27800.0,2017-01-20
8266,45.0,SOUTH,41700.0,42,27-Dec-2015,1,45.0,South,41700.0,2015-12-27
7976,40.0,South,132400.0,17,03/21/2019,1,40.0,South,132400.0,2019-03-21
7773,39.0,South,116800.0,56,2017-03-03,1,39.0,South,116800.0,2017-03-03
6518,31.0,West,44500.0,4,"May 12, 2022",1,31.0,West,44500.0,2022-05-12
7411,53.0,South,80400.0,61,07/20/2018,1,53.0,South,80400.0,2018-07-20
5894,57.0,north,27700.0,12,2023-12-21,1,57.0,North,27700.0,2023-12-21
10212,21.0,E.,,44,15-Oct-2018,1,21.0,East,49400.0,2018-10-15
7207,59.0,East,78700.0,27,10/06/2020,0,59.0,East,78700.0,2020-10-06
7694,52.0,West,"$78,700",4,2022-02-05,0,52.0,West,78700.0,2022-02-05
5603,50.0,north,60500.0,18,29-Nov-2019,1,50.0,North,60500.0,2019-11-29
836,30.0,Unknown,-1000,28,2020-11-18,0,30.0,Unknown,49400.0,2020-11-18
11889,43.0,South,"$68,800",82,31-Oct-2024,1,43.0,South,68800.0,2024-10-31
1745,51.0,north,123700.0,48,"March 10, 2018",1,51.0,North,123700.0,2018-03-10
4264,53.0,north,87000.0,120,05/02/2016,1,53.0,North,87000.0,2016-05-02
9386,51.0,South,46200.0,35,08/04/2019,1,51.0,South,46200.0,2019-08-04
9413,34.0,south ,54400.0,23,25-Dec-2018,0,34.0,South,54400.0,2018-12-25
1195,67.0, North,34700.0,58,"March 15, 2022",1,67.0,North,34700.0,2022-03-15
9883,34.0,South,88300.0,26,11/11/2015,0,34.0,South,88300.0,2015-11-11
1699,19.0,South,56600.0,47,08-Mar-2016,1,19.0,South,56600.0,2016-03-08
10811,45.0,North,"$52,200",53,18-May-2016,1,45.0,North,52200.0,2016-05-18
2477,18.0,South,63900.0,36,2015-08-05,1,18.0,South,63900.0,2015-08-05
11671,39.0,East,48600.0,23,"June 22, 2016",0,39.0,East,48600.0,2016-06-22
8129,53.0,South,81700.0,20,02-Jul-2017,0,53.0,South,81700.0,2017-07-02
6852,67.0,W. ,47200.0,76,01/21/2024,0,67.0,West,47200.0,2024-01-21
6287,58.0,SOUTH,33000.0,60,14-Jan-2016,0,58.0,South,33000.0,2016-01-14
4467,42.0,West,29900.0,19,07/23/2020,1,42.0,West,29900.0,2020-07-23
8678,38.0,,22300.0,7,18-Aug-2022,0,38.0,Unknown,22300.0,2022-08-18
8324,51.0,South,16100.0,25,2024-10-04,1,51.0,South,16100.0,2024-10-04
11259,39.0,WEST,37300.0,51,03/07/2017,1,39.0,West,37300.0,2017-03-07
4617,18.0,N.,56000.0,35,"March 28, 2022",1,18.0,North,56000.0,2022-03-28
2455,37.0,North,47100.0,20,"August 03, 2019",0,37.0,North,47100.0,2019-08-03
2282,42.0,WEST,"$68,100",52,06/06/2022,1,42.0,West,68100.0,2022-06-06
1944,18.0,South,"$27,900",19,05/22/2023,1,18.0,South,27900.0,2023-05-22
2817,23.0,East,60100.0,70,30-Aug-2016,1,23.0,East,60100.0,2016-08-30
948,18.0,North,57800.0,55,2017-10-01,1,18.0,North,57800.0,2017-10-01
7216,23.0,South,28600.0,39,04/04/2020,1,23.0,South,28600.0,2020-04-04
6950,52.0,South,29000.0,30,07/09/2021,1,52.0,South,29000.0,2021-07-09
6080,23.0,,69700.0,36,2023-06-06,1,23.0,Unknown,69700.0,2023-06-06
1490,,South,45300.0,35,"January 01, 2023",1,42.02803042831156,South,45300.0,2023-01-01
10100,35.0,East,"$92,500",24,06/30/2021,1,35.0,East,92500.0,2021-06-30
1097,63.0,West,38900.0,11,11-Mar-2018,1,63.0,West,38900.0,2018-03-11
11082,52.0,East,52500.0,26,06/14/2021,0,52.0,East,52500.0,2021-06-14
10066,51.0,South,33800.0,59,02-May-2016,0,51.0,South,33800.0,2016-05-02
2825,42.0,East,34100.0,25,2024-11-01,0,42.0,East,34100.0,2024-11-01
8703,42.0,west,"$36,800",58,14-Feb-2019,1,42.0,West,36800.0,2019-02-14
8639,45.0,E.,21800.0,47,2020-02-13,1,45.0,East,21800.0,2020-02-13
1360,39.0,West,43300.0,104,10/24/2020,1,39.0,West,43300.0,2020-10-24
5204,27.0, North,31000.0,42,05/21/2020,1,27.0,North,31000.0,2020-05-21
8726,,South,35600.0,16,02/17/2016,0,42.02803042831156,South,35600.0,2016-02-17
3253,24.0,North,51200.0,43,2023-12-02,1,24.0,North,51200.0,2023-12-02
6299,,East,43000.0,19,2016-01-11,0,42.02803042831156,East,43000.0,2016-01-11
6265,,West,64500.0,28,"December 08, 2015",1,42.02803042831156,West,64500.0,2015-12-08
2669,42.0,South,89600.0,19,"August 07, 2017",1,42.0,South,89600.0,2017-08-07
6318,35.0,West,36800.0,69,"September 28, 2021",1,35.0,West,36800.0,2021-09-28
11079,46.0,West,,21,08/05/2021,1,46.0,West,49400.0,2021-08-05
7810,47.0,N.,48300.0,27,02-Mar-2023,1,47.0,North,48300.0,2023-03-02
11357,51.0,East,75300.0,54,02/03/2017,0,51.0,East,75300.0,2017-02-03
9384,43.0, North,27400.0,25,,1,43.0,North,27400.0,
4711,48.0,NORTH,56000.0,116,09-Nov-2024,0,48.0,North,56000.0,2024-11-09
3856,18.0,South,56200.0,4,05/08/2015,1,18.0,South,56200.0,2015-05-08
9923,30.0,South,48400.0,42,04/01/2022,1,30.0,South,48400.0,2022-04-01
3603,24.0,North,74400.0,9,2016-07-14,1,24.0,North,74400.0,2016-07-14
5099,30.0,North,"$76,300",16,"April 14, 2016",0,30.0,North,76300.0,2016-04-14
8450,68.0,West,23800.0,27,2022-05-03,1,68.0,West,23800.0,2022-05-03
9653,52.0,West,27300.0,51,21-May-2015,1,52.0,West,27300.0,2015-05-21
10863,33.0,South,26500.0,14,27-Nov-2021,0,33.0,South,26500.0,2021-11-27
8132,39.0,South,26700.0,7,20-Jul-2021,1,39.0,South,26700.0,2021-07-20
1689,40.0,East,79900.0,99,07/14/2020,1,40.0,East,79900.0,2020-07-14
4777,31.0,East,58500.0,65,2020-01-30,1,31.0,East,58500.0,2020-01-30
10969,33.0,West,145600.0,44,2022-02-06,1,33.0,West,145600.0,2022-02-06
161,29.0,North,25600.0,89,2024-04-11,1,29.0,North,25600.0,2024-04-11
10882,62.0,NORTH,"$59,500",52,"May 16, 2021",0,62.0,North,59500.0,2021-05-16
8017,50.0,West,"$28,800",85,08/01/2018,1,50.0,West,28800.0,2018-08-01
2680,48.0,E.,29400.0,33,"July 05, 2020",1,48.0,East,29400.0,2020-07-05
1552,33.0,West,145800.0,46,"May 13, 2022",1,33.0,West,145800.0,2022-05-13
6422,50.0,West,36200.0,23,07/10/2024,0,50.0,West,36200.0,2024-07-10
11822,40.0,,28400.0,34,2015-06-21,0,40.0,Unknown,28400.0,2015-06-21
10918,58.0, East ,95900.0,36,24-Dec-2020,1,58.0,East,95900.0,2020-12-24
6126,23.0,West,"$109,100",102,07-Feb-2021,1,23.0,West,109100.0,2021-02-07
8113,35.0,,119000.0,39,08/15/2024,1,35.0,Unknown,119000.0,2024-08-15
2226,45.0,West,165700.0,15,12-May-2020,1,45.0,West,165700.0,2020-05-12
2154,28.0,South,"$18,700",102,24-Feb-2020,1,28.0,South,18700.0,2020-02-24
10001,44.0,South,48200.0,38,12/09/2022,1,44.0,South,48200.0,2022-12-09
4460,45.0,,34400.0,11,16-Jun-2015,0,45.0,Unknown,34400.0,2015-06-16
7454,22.0,West,66400.0,5,2021-06-09,0,22.0,West,66400.0,2021-06-09
6456,33.0,E.,55300.0,7,"February 15, 2023",1,33.0,East,55300.0,2023-02-15
6430,39.0,North,31000.0,35,12/17/2018,0,39.0,North,31000.0,2018-12-17
615,32.0,South,76300.0,5,13-Sep-2020,1,32.0,South,76300.0,2020-09-13
4188,37.0,North,41100.0,80,,1,37.0,North,41100.0,
5741,52.0,South,"$69,800",33,17-Oct-2018,0,52.0,South,69800.0,2018-10-17
3838,40.0,E.,102700.0,49,01/25/2015,0,40.0,East,102700.0,2015-01-25
11554,48.0,E.,69100.0,40,04/28/2015,1,48.0,East,69100.0,2015-04-28
3971,22.0,North,"$28,400",21,01-Dec-2023,1,22.0,North,28400.0,2023-12-01
6061,35.0, East ,52500.0,65,2020-06-12,0,35.0,East,52500.0,2020-06-12
7063,50.0,East,44900.0,2,2017-12-08,1,50.0,East,44900.0,2017-12-08
4691,56.0,N.,24200.0,14,"March 21, 2015",1,56.0,North,24200.0,2015-03-21
9854,49.0,West,46800.0,56,17-Mar-2017,1,49.0,West,46800.0,2017-03-17
6498,53.0,East,"$30,700",59,2021-04-30,0,53.0,East,30700.0,2021-04-30
8335,59.0,SOUTH,54800.0,60,02/21/2021,1,59.0,South,54800.0,2021-02-21
259,40.0,WEST,126000.0,34,22-Jul-2018,1,40.0,West,126000.0,2018-07-22
1497,46.0,West,63800.0,14,"September 20, 2023",1,46.0,West,63800.0,2023-09-20
7964,28.0,East,28000.0,31,"August 30, 2015",1,28.0,East,28000.0,2015-08-30
9795,41.0,West,"$15,200",13,2017-10-15,0,41.0,West,15200.0,2017-10-15
6377,19.0,North,60400.0,115,2018-04-25,0,19.0,North,60400.0,2018-04-25
6472,45.0,West,"$93,100",36,"June 05, 2015",1,45.0,West,93100.0,2015-06-05
8842,29.0,WEST,152200.0,15,"February 16, 2015",1,29.0,West,152200.0,2015-02-16
2324,42.0,south ,38200.0,28,28-Aug-2016,1,42.0,South,38200.0,2016-08-28
9163,58.0,West,109800.0,109,27-Nov-2022,1,58.0,West,109800.0,2022-11-27
7187,34.0,North,"$85,500",72,2019-07-19,0,34.0,North,85500.0,2019-07-19
7821,42.0,North,62800.0,15,2015-04-29,1,42.0,North,62800.0,2015-04-29
3008,56.0,,62200.0,59,07-Aug-2016,1,56.0,Unknown,62200.0,2016-08-07
7226,43.0,south ,"$51,800",23,2020-02-04,0,43.0,South,51800.0,2020-02-04
7662,54.0,North,55200.0,25,"May 26, 2017",1,54.0,North,55200.0,2017-05-26
11002,34.0,West,,41,22-Nov-2021,1,34.0,West,49400.0,2021-11-22
1364,53.0,South,53500.0,8,22-Mar-2024,1,53.0,South,53500.0,2024-03-22
5565,32.0,North,94300.0,41,14-Sep-2019,1,32.0,North,94300.0,2019-09-14
3057,36.0,East,82000.0,26,2019-11-03,1,36.0,East,82000.0,2019-11-03
6042,41.0,North,109900.0,15,"October 04, 2017",1,41.0,North,109900.0,2017-10-04
5078,43.0,North,85500.0,79,06/09/2022,1,43.0,North,85500.0,2022-06-09
4367,,SOUTH,55200.0,21,2018-03-17,0,42.02803042831156,South,55200.0,2018-03-17
1641,23.0,North,"$34,900",21,"December 16, 2015",1,23.0,North,34900.0,2015-12-16
2270,36.0,East,59500.0,12,11/14/2016,1,36.0,East,59500.0,2016-11-14
1697,36.0,south ,48400.0,37,21-Apr-2022,1,36.0,South,48400.0,2022-04-21
8676,39.0,North,33500.0,36,2023-02-12,0,39.0,North,33500.0,2023-02-12
2450,53.0,North,46200.0,62,2017-06-01,1,53.0,North,46200.0,2017-06-01
8602,53.0,East,37800.0,103,02/23/2022,0,53.0,East,37800.0,2022-02-23
5916,46.0,South,111500.0,34,2016-05-24,1,46.0,South,111500.0,2016-05-24
8599,44.0, East ,69100.0,27,2020-06-15,0,44.0,East,69100.0,2020-06-15
1806,18.0,North,"$42,800",31,11-Sep-2015,0,18.0,North,42800.0,2015-09-11
7359,25.0,East,29700.0,17,27-Feb-2016,1,25.0,East,29700.0,2016-02-27
4930,56.0,West,65000.0,35,30-Jul-2023,1,56.0,West,65000.0,2023-07-30
6191,40.0,West,"$55,700",73,07-Mar-2024,0,40.0,West,55700.0,2024-03-07
4409,41.0,South,"$31,000",67,2019-08-14,1,41.0,South,31000.0,2019-08-14
7283,58.0,South,15000.0,29,13-Oct-2020,1,58.0,South,15000.0,2020-10-13
464,18.0,East,187600.0,67,13-Jun-2015,0,18.0,East,187600.0,2015-06-13
1224,52.0,WEST,41300.0,59,"July 31, 2022",1,52.0,West,41300.0,2022-07-31
7673,55.0,South,135300.0,53,16-Jun-2016,1,55.0,South,135300.0,2016-06-16
7344,43.0,East,50000.0,7,27-Mar-2017,1,43.0,East,50000.0,2017-03-27
5188,42.0,North,59200.0,32,08/02/2017,1,42.0,North,59200.0,2017-08-02
4788,42.0, East ,"$54,400",13,2021-12-11,1,42.0,East,54400.0,2021-12-11
3998,39.0,East,70000.0,31,07-Apr-2016,1,39.0,East,70000.0,2016-04-07
4200,46.0,SOUTH,81700.0,49,2020-05-02,0,46.0,South,81700.0,2020-05-02
4378,40.0,East,58600.0,75,2022-08-02,1,40.0,East,58600.0,2022-08-02
4789,68.0,North,59000.0,11,03/18/2015,0,68.0,North,59000.0,2015-03-18
8876,29.0,West,76700.0,62,"March 14, 2017",0,29.0,West,76700.0,2017-03-14
11394,31.0,South,55300.0,11,06/27/2018,0,31.0,South,55300.0,2018-06-27
7954,46.0,east,64000.0,30,01/30/2020,1,46.0,East,64000.0,2020-01-30
10387,21.0,west,132200.0,19,24-Oct-2016,1,21.0,West,132200.0,2016-10-24
1119,47.0,N.,32000.0,77,13-Jun-2015,1,47.0,North,32000.0,2015-06-13
11288,49.0,NORTH,69600.0,107,2018-04-09,1,49.0,North,69600.0,2018-04-09
5089,23.0,North,34900.0,10,30-Jun-2016,1,23.0,North,34900.0,2016-06-30
11084,26.0, East ,58700.0,18,03/29/2016,1,26.0,East,58700.0,2016-03-29
6792,37.0,West,34500.0,4,20-Sep-2018,0,37.0,West,34500.0,2018-09-20
6082,18.0,South,63300.0,87,"June 19, 2024",1,18.0,South,63300.0,2024-06-19
3341,37.0,east,176200.0,36,22-May-2017,1,37.0,East,176200.0,2017-05-22
5349,49.0,North,99900.0,29,"January 12, 2017",1,49.0,North,99900.0,2017-01-12
2122,43.0,South,65300.0,16,2024-11-16,0,43.0,South,65300.0,2024-11-16
4420,60.0,East,39200.0,16,2017-09-11,0,60.0,East,39200.0,2017-09-11
5910,60.0,NORTH,117300.0,55,"September 11, 2015",1,60.0,North,117300.0,2015-09-11
6769,65.0,North,52800.0,16,02-Dec-2020,1,65.0,North,52800.0,2020-12-02
4776,51.0,North,"$80,400",46,2015-11-23,0,51.0,North,80400.0,2015-11-23
5011,52.0,North,42100.0,107,"April 01, 2017",1,52.0,North,42100.0,2017-04-01
8558,54.0,NORTH,34600.0,36,"April 29, 2020",1,54.0,North,34600.0,2020-04-29
5163,63.0,south ,"$73,200",141,15-Jan-2018,1,63.0,South,73200.0,2018-01-15
6438,56.0,East,99500.0,61,2021-12-30,0,56.0,East,99500.0,2021-12-30
2072,24.0,east,57200.0,25,"October 15, 2016",1,24.0,East,57200.0,2016-10-15
6770,24.0,West,25700.0,14,2015-10-24,1,24.0,West,25700.0,2015-10-24
3227,30.0,south ,31800.0,53,"August 18, 2021",1,30.0,South,31800.0,2021-08-18
6264,34.0,Unknown,76100.0,29,24-Apr-2023,0,34.0,Unknown,76100.0,2023-04-24
9581,28.0,North,15000.0,22,29-Oct-2020,0,28.0,North,15000.0,2020-10-29
6842,32.0,East,74800.0,25,2017-03-18,0,32.0,East,74800.0,2017-03-18
6522,52.0,South,25500.0,88,"November 27, 2023",0,52.0,South,25500.0,2023-11-27
9774,49.0,West,112400.0,12,"August 17, 2016",1,49.0,West,112400.0,2016-08-17
6930,45.0,East,62600.0,71,2020-02-22,0,45.0,East,62600.0,2020-02-22
2063,46.0,South,93700.0,85,04/07/2021,1,46.0,South,93700.0,2021-04-07
887,58.0,South,"$35,700",16,09/27/2015,1,58.0,South,35700.0,2015-09-27
2610,25.0,East,37600.0,12,2015-05-30,1,25.0,East,37600.0,2015-05-30
8231,48.0,E.,66700.0,22,24-Oct-2018,1,48.0,East,66700.0,2018-10-24
2953,38.0,South,41000.0,1,2019-02-11,1,38.0,South,41000.0,2019-02-11
7140,47.0,West,120900.0,153,2022-12-25,1,47.0,West,120900.0,2022-12-25
3279,32.0,East,66300.0,34,2020-08-16,0,32.0,East,66300.0,2020-08-16
4911,32.0,East,48300.0,79,20-Nov-2024,1,32.0,East,48300.0,2024-11-20
2687,19.0,North,38800.0,61,"August 23, 2022",1,19.0,North,38800.0,2022-08-23
11949,34.0,N.,48100.0,39,30-Jun-2021,1,34.0,North,48100.0,2021-06-30
6163,43.0,East,23000.0,27,2024-09-17,1,43.0,East,23000.0,2024-09-17
1058,47.0,,54800.0,67,11/03/2018,1,47.0,Unknown,54800.0,2018-11-03
4890,57.0,South,24300.0,28,"October 09, 2020",1,57.0,South,24300.0,2020-10-09
10582,52.0,WEST,28600.0,20,08/09/2021,1,52.0,West,28600.0,2021-08-09
11505,47.0,South,26800.0,54,2024-10-01,0,47.0,South,26800.0,2024-10-01
9290,42.0,West,133400.0,20,"July 13, 2023",1,42.0,West,133400.0,2023-07-13
3753,40.0,W. ,23500.0,36,30-Sep-2021,0,40.0,West,23500.0,2021-09-30
11188,35.0,North,56200.0,29,01-Feb-2019,0,35.0,North,56200.0,2019-02-01
1472,57.0,South,39300.0,55,2016-02-08,1,57.0,South,39300.0,2016-02-08
1258,41.0,NORTH,"$31,400",23,"August 02, 2016",1,41.0,North,31400.0,2016-08-02
3880,46.0,south ,"$16,800",6,10-Jan-2015,0,46.0,South,16800.0,2015-01-10
8645,48.0,South,71000.0,57,"August 26, 2022",1,48.0,South,71000.0,2022-08-26
11613,66.0,South,135600.0,43,2023-06-15,0,66.0,South,135600.0,2023-06-15
6227,42.0,South,34800.0,99,29-Jun-2021,0,42.0,South,34800.0,2021-06-29
829,58.0,W. ,111600.0,36,2016-02-16,0,58.0,West,111600.0,2016-02-16
723,18.0,South,,59,13-Sep-2021,0,18.0,South,49400.0,2021-09-13
7560,47.0,East,40400.0,89,"January 05, 2016",1,47.0,East,40400.0,2016-01-05
7718,57.0,North,73100.0,61,"September 23, 2017",1,57.0,North,73100.0,2017-09-23
9788,45.0,SOUTH,46800.0,51,"July 13, 2023",0,45.0,South,46800.0,2023-07-13
6973,27.0,S.,34600.0,24,12/14/2023,1,27.0,South,34600.0,2023-12-14
5965,67.0,East,,44,15-Aug-2024,1,67.0,East,49400.0,2024-08-15
4861,21.0,SOUTH,36300.0,42,"March 10, 2023",1,21.0,South,36300.0,2023-03-10
11308,35.0,East,26500.0,45,03/09/2024,1,35.0,East,26500.0,2024-03-09
11414,31.0,West,24300.0,29,"April 27, 2016",1,31.0,West,24300.0,2016-04-27
4431,41.0,SOUTH,26200.0,22,04-Feb-2018,0,41.0,South,26200.0,2018-02-04
4751,53.0,East,15000.0,17,"July 07, 2017",1,53.0,East,15000.0,2017-07-07
9633,44.0,West,69200.0,47,"April 05, 2015",1,44.0,West,69200.0,2015-04-05
351,47.0,West,"$27,100",65,2020-03-04,0,47.0,West,27100.0,2020-03-04
5546,64.0,West,49500.0,12,2015-05-06,1,64.0,West,49500.0,2015-05-06
2260,49.0,South,32500.0,55,11/27/2021,1,49.0,South,32500.0,2021-11-27
7800,31.0,East,"$31,300",8,2019-12-28,1,31.0,East,31300.0,2019-12-28
2027,49.0,South,169300.0,15,2023-12-09,1,49.0,South,169300.0,2023-12-09
3353,53.0,south ,42300.0,32,2018-12-24,1,53.0,South,42300.0,2018-12-24
11994,37.0,W. ,32000.0,40,2023-12-21,1,37.0,West,32000.0,2023-12-21
1446,46.0,north,77500.0,22,27-Jan-2017,0,46.0,North,77500.0,2017-01-27
10501,49.0,East,"$100,600",17,2019-09-27,1,49.0,East,100600.0,2019-09-27
5250,31.0,North,43000.0,7,2022-10-07,1,31.0,North,43000.0,2022-10-07
7739,42.0,West,44300.0,57,"August 02, 2022",1,42.0,West,44300.0,2022-08-02
4565,49.0,South,43700.0,89,2023-05-07,0,49.0,South,43700.0,2023-05-07
5414,54.0,South,22000.0,75,2016-06-02,1,54.0,South,22000.0,2016-06-02
1612,39.0,South,"$15,000",27,,0,39.0,South,15000.0,
430,47.0,East,43700.0,42,15-Oct-2023,1,47.0,East,43700.0,2023-10-15
3951,33.0,East,46900.0,41,11/20/2015,1,33.0,East,46900.0,2015-11-20
5652,23.0,south ,38800.0,20,2018-05-31,1,23.0,South,38800.0,2018-05-31
5226,47.0,South,44200.0,42,12/05/2024,1,47.0,South,44200.0,2024-12-05
7724,18.0,NORTH,75600.0,26,"December 13, 2019",1,18.0,North,75600.0,2019-12-13
1211,54.0,Unknown,69500.0,20,09/05/2019,1,54.0,Unknown,69500.0,2019-09-05
9109,44.0,East,22100.0,12,2024-12-06,1,44.0,East,22100.0,2024-12-06
4263,36.0,West,"$32,900",51,04/15/2019,1,36.0,West,32900.0,2019-04-15
10520,56.0,South,"$51,500",33,09/17/2019,0,56.0,South,51500.0,2019-09-17
6551,42.0,West,68600.0,30,04/04/2017,1,42.0,West,68600.0,2017-04-04
2495,56.0,East,"$108,700",48,2018-06-19,1,56.0,East,108700.0,2018-06-19
9193,25.0,North,38500.0,18,"November 13, 2019",1,25.0,North,38500.0,2019-11-13
5275,33.0,North,29100.0,4,"February 11, 2023",0,33.0,North,29100.0,2023-02-11
57,38.0,East,78100.0,108,"September 01, 2015",1,38.0,East,78100.0,2015-09-01
3021,26.0,South,24800.0,22,"May 22, 2015",1,26.0,South,24800.0,2015-05-22
209,31.0,west,32300.0,57,2017-12-12,1,31.0,West,32300.0,2017-12-12
2112,48.0,S.,65900.0,31,2019-04-07,1,48.0,South,65900.0,2019-04-07
5404,,north,42400.0,30,05/11/2018,0,42.02803042831156,North,42400.0,2018-05-11
1441,33.0,East,103600.0,27,2018-09-09,0,33.0,East,103600.0,2018-09-09
426,37.0,E.,53400.0,136,07/03/2018,0,37.0,East,53400.0,2018-07-03
8062,30.0,North,28900.0,68,"July 20, 2020",1,30.0,North,28900.0,2020-07-20
8890,34.0,S.,65600.0,54,06-Oct-2021,1,34.0,South,65600.0,2021-10-06
9458,50.0,North,29700.0,8,"April 21, 2019",0,50.0,North,29700.0,2019-04-21
1624,57.0,South,77000.0,60,"November 24, 2018",0,57.0,South,77000.0,2018-11-24
4834,31.0,South,66100.0,48,12/22/2017,1,31.0,South,66100.0,2017-12-22
7676,25.0,West,94200.0,105,"March 15, 2022",0,25.0,West,94200.0,2022-03-15
1594,33.0,South,132300.0,20,"February 21, 2023",1,33.0,South,132300.0,2023-02-21
2302,30.0,East,129300.0,48,2018-09-28,1,30.0,East,129300.0,2018-09-28
4589,-5.0,east,60000.0,61,06-Sep-2015,0,42.02803042831156,East,60000.0,2015-09-06
5058,37.0,North,"$15,000",58,"July 14, 2016",1,37.0,North,15000.0,2016-07-14
5957,,west,159400.0,25,"March 25, 2020",1,42.02803042831156,West,159400.0,2020-03-25
7132,44.0,East,43100.0,19,17-Jun-2015,1,44.0,East,43100.0,2015-06-17
11066,47.0,E.,93600.0,62,"May 22, 2015",1,47.0,East,93600.0,2015-05-22
9171,28.0,East,"$63,800",11,04/20/2016,1,28.0,East,63800.0,2016-04-20
9012,29.0,West,64700.0,68,06/10/2020,0,29.0,West,64700.0,2020-06-10
5923,77.0,South,76500.0,83,2019-10-02,1,77.0,South,76500.0,2019-10-02
7644,31.0,South,50400.0,105,"December 17, 2020",1,31.0,South,50400.0,2020-12-17
11982,62.0,East,44400.0,57,25-Dec-2019,0,62.0,East,44400.0,2019-12-25
10959,43.0,South,71000.0,38,"November 07, 2017",1,43.0,South,71000.0,2017-11-07
9660,58.0,E.,42900.0,1,11/30/2017,1,58.0,East,42900.0,2017-11-30
11272,54.0,North,123200.0,27,14-Sep-2023,0,54.0,North,123200.0,2023-09-14
8288,52.0,East,,10,"May 10, 2020",0,52.0,East,49400.0,2020-05-10
8814,49.0,East,57700.0,8,19-Nov-2023,1,49.0,East,57700.0,2023-11-19
9026,28.0,North,96300.0,40,2015-11-10,1,28.0,North,96300.0,2015-11-10
5464,40.0,South,50700.0,73,01/21/2024,1,40.0,South,50700.0,2024-01-21
7819,48.0,Unknown,"$128,700",32,09/07/2020,1,48.0,Unknown,128700.0,2020-09-07
1779,27.0,south ,34600.0,40,2016-10-10,1,27.0,South,34600.0,2016-10-10
337,33.0,South,55500.0,38,19-Apr-2018,0,33.0,South,55500.0,2018-04-19
2643,29.0,,,12,2019-01-27,1,29.0,Unknown,49400.0,2019-01-27
7262,57.0,NORTH,33100.0,85,"March 07, 2019",0,57.0,North,33100.0,2019-03-07
9276,56.0,West,43600.0,49,"September 02, 2019",0,56.0,West,43600.0,2019-09-02
7497,38.0, East ,"$55,100",36,04-Dec-2018,0,38.0,East,55100.0,2018-12-04
6962,64.0,west,47000.0,5,"May 04, 2016",0,64.0,West,47000.0,2016-05-04
4025,30.0,North,33800.0,70,"December 13, 2016",1,30.0,North,33800.0,2016-12-13
10621,34.0,South,"$22,900",25,"December 11, 2022",1,34.0,South,22900.0,2022-12-11
8583,29.0,North,41700.0,27,24-Jul-2015,0,29.0,North,41700.0,2015-07-24
738,52.0,West,34000.0,20,02/13/2017,1,52.0,West,34000.0,2017-02-13
114,23.0,North,38500.0,34,03-Jul-2016,1,23.0,North,38500.0,2016-07-03
1069,61.0,East,27700.0,18,2024-12-23,0,61.0,East,27700.0,2024-12-23
938,41.0,West,65900.0,39,2019-12-23,1,41.0,West,65900.0,2019-12-23
11970,44.0,south ,28600.0,109,"May 04, 2024",1,44.0,South,28600.0,2024-05-04
7792,22.0,West,39600.0,8,"October 06, 2016",1,22.0,West,39600.0,2016-10-06
6980,21.0,West,,8,2024-12-08,1,21.0,West,49400.0,2024-12-08
258,37.0,North,58400.0,31,01/03/2018,0,37.0,North,58400.0,2018-01-03
2239,30.0,east,51700.0,25,"February 17, 2020",1,30.0,East,51700.0,2020-02-17
1340,39.0,South,34700.0,53,09-Nov-2017,1,39.0,South,34700.0,2017-11-09
9345,36.0,North,15300.0,16,05/30/2019,1,36.0,North,15300.0,2019-05-30
11727,38.0,SOUTH,55400.0,10,28-Aug-2021,1,38.0,South,55400.0,2021-08-28
993,65.0,,52700.0,24,03/14/2019,1,65.0,Unknown,52700.0,2019-03-14
1847,42.0,North,73300.0,27,11-Jul-2017,1,42.0,North,73300.0,2017-07-11
5106,31.0,north,80900.0,9,11/21/2016,1,31.0,North,80900.0,2016-11-21
10165,53.0,North,73200.0,26,08-Feb-2019,1,53.0,North,73200.0,2019-02-08
3404,56.0,S.,24100.0,5,05/03/2020,1,56.0,South,24100.0,2020-05-03
6525,45.0,East,70900.0,39,"May 28, 2021",1,45.0,East,70900.0,2021-05-28
133,50.0,North,"$54,400",38,01/22/2018,0,50.0,North,54400.0,2018-01-22
4132,32.0,SOUTH,39200.0,13,11/21/2023,0,32.0,South,39200.0,2023-11-21
442,46.0,North,62500.0,59,14-Dec-2018,0,46.0,North,62500.0,2018-12-14
4161,25.0,West,51000.0,6,2020-05-23,0,25.0,West,51000.0,2020-05-23
9861,44.0,East,35200.0,31,09/23/2019,1,44.0,East,35200.0,2019-09-23
5866,,west,70600.0,26,07/17/2017,0,42.02803042831156,West,70600.0,2017-07-17
5379,39.0,South,198500.0,67,03/27/2016,1,39.0,South,198500.0,2016-03-27
7681,38.0,East,"$65,400",40,30-Dec-2023,1,38.0,East,65400.0,2023-12-30
4735,37.0,West,31500.0,20,2016-12-06,1,37.0,West,31500.0,2016-12-06
5382,33.0,,60900.0,25,12/18/2024,1,33.0,Unknown,60900.0,2024-12-18
5321,51.0,West,"$45,500",5,06/04/2015,1,51.0,West,45500.0,2015-06-04
11354,56.0,West,148200.0,20,14-Mar-2023,1,56.0,West,148200.0,2023-03-14
7586,36.0,N.,50000.0,12,2018-04-06,1,36.0,North,50000.0,2018-04-06
5315,42.0,NORTH,22100.0,18,"December 23, 2017",1,42.0,North,22100.0,2017-12-23
9791,48.0,North,77900.0,11,"October 14, 2021",1,48.0,North,77900.0,2021-10-14
2726,37.0,West,39800.0,41,2024-07-13,1,37.0,West,39800.0,2024-07-13
6068,51.0,WEST,71700.0,22,05/24/2024,1,51.0,West,71700.0,2024-05-24
4864,49.0,South,61200.0,15,"December 05, 2022",1,49.0,South,61200.0,2022-12-05
11547,,North,187100.0,76,2022-12-01,1,42.02803042831156,North,187100.0,2022-12-01
1295,45.0,East,125500.0,29,03/22/2018,1,45.0,East,125500.0,2018-03-22
8328,45.0,North,53000.0,101,"January 11, 2018",1,45.0,North,53000.0,2018-01-11
10577,59.0,North,95200.0,32,"March 15, 2016",0,59.0,North,95200.0,2016-03-15
1660,44.0,South,26100.0,49,"October 11, 2018",1,44.0,South,26100.0,2018-10-11
9937,41.0,West,87800.0,35,2022-04-15,0,41.0,West,87800.0,2022-04-15
9471,50.0,West,44600.0,57,01-Sep-2018,1,50.0,West,44600.0,2018-09-01
7056,19.0,West,54600.0,69,2015-05-20,1,19.0,West,54600.0,2015-05-20
3431,21.0,North,36800.0,30,29-Sep-2015,1,21.0,North,36800.0,2015-09-29
3547,63.0,North,46300.0,35,2019-12-03,1,63.0,North,46300.0,2019-12-03
8322,40.0,south ,48200.0,68,2022-01-04,1,40.0,South,48200.0,2022-01-04
28,47.0,N.,201100.0,2,"August 18, 2021",1,47.0,North,201100.0,2021-08-18
6309,58.0,North,37600.0,8,"March 06, 2020",1,58.0,North,37600.0,2020-03-06
492,47.0,East,35000.0,28,13-Dec-2017,1,47.0,East,35000.0,2017-12-13
7948,43.0,East,55900.0,43,2021-01-05,1,43.0,East,55900.0,2021-01-05
9427,32.0,South,82300.0,27,"May 11, 2022",1,32.0,South,82300.0,2022-05-11
11833,51.0,West,"$51,400",30,"December 29, 2015",1,51.0,West,51400.0,2015-12-29
8336,41.0,North,96400.0,10,07/09/2021,1,41.0,North,96400.0,2021-07-09
4044,23.0,North,"$70,600",39,2018-05-08,1,23.0,North,70600.0,2018-05-08
10812,35.0,North,49100.0,42,"July 19, 2024",1,35.0,North,49100.0,2024-07-19
2126,45.0,East,40800.0,69,"June 29, 2024",1,45.0,East,40800.0,2024-06-29
8652,61.0,North,25000.0,64,"November 24, 2017",0,61.0,North,25000.0,2017-11-24
10202,55.0,South,26900.0,73,"May 09, 2015",0,55.0,South,26900.0,2015-05-09
2467,36.0,North,41400.0,80,2015-01-14,1,36.0,North,41400.0,2015-01-14
10820,37.0,South,64700.0,24,02-Apr-2019,0,37.0,South,64700.0,2019-04-02
5844,48.0,North,43000.0,56,12/08/2023,0,48.0,North,43000.0,2023-12-08
6051,32.0,north,55000.0,39,14-Jun-2022,1,32.0,North,55000.0,2022-06-14
4458,39.0,East,52400.0,37,09/24/2021,1,39.0,East,52400.0,2021-09-24
9997,41.0,West,28700.0,8,"June 01, 2023",1,41.0,West,28700.0,2023-06-01
8395,48.0,West,102000.0,76,13-May-2024,0,48.0,West,102000.0,2024-05-13
5031,57.0,North,68700.0,46,2023-10-02,1,57.0,North,68700.0,2023-10-02
7622,39.0,west,77300.0,51,"April 16, 2020",1,39.0,West,77300.0,2020-04-16
340,50.0,West,"$93,700",53,2017-02-15,1,50.0,West,93700.0,2017-02-15
8126,22.0,east,61800.0,19,2015-08-22,1,22.0,East,61800.0,2015-08-22
3652,45.0,N.,24700.0,19,2021-10-06,1,45.0,North,24700.0,2021-10-06
9157,43.0,south ,52300.0,66,2020-05-27,1,43.0,South,52300.0,2020-05-27
125,53.0,East,"$42,700",90,03-Dec-2020,1,53.0,East,42700.0,2020-12-03
6645,34.0,North,33100.0,11,03/20/2021,1,34.0,North,33100.0,2021-03-20
3026,42.0,,47400.0,26,2016-10-11,0,42.0,Unknown,47400.0,2016-10-11
2387,21.0,South,87000.0,46,2015-01-21,1,21.0,South,87000.0,2015-01-21
1966,48.0, North,42100.0,28,2016-02-18,1,48.0,North,42100.0,2016-02-18
2961,26.0, North,26600.0,80,14-Sep-2022,1,26.0,North,26600.0,2022-09-14
7258,33.0,North,27900.0,24,10/18/2023,1,33.0,North,27900.0,2023-10-18
9402,53.0,North,28900.0,63,09/15/2022,1,53.0,North,28900.0,2022-09-15
8840,49.0,East,22600.0,29,"July 25, 2023",1,49.0,East,22600.0,2023-07-25
970,42.0,East,"$21,900",42,"February 12, 2015",1,42.0,East,21900.0,2015-02-12
9950,36.0,East,53200.0,22,01/08/2024,1,36.0,East,53200.0,2024-01-08
10653,37.0,,24300.0,17,"October 22, 2022",1,37.0,Unknown,24300.0,2022-10-22
1589,29.0,North,33200.0,30,10/17/2019,0,29.0,North,33200.0,2019-10-17
936,50.0,North,45300.0,34,"April 14, 2021",1,50.0,North,45300.0,2021-04-14
9643,35.0,North,27300.0,52,2023-03-05,1,35.0,North,27300.0,2023-03-05
6564,36.0,East,45900.0,16,2015-06-29,1,36.0,East,45900.0,2015-06-29
524,40.0,North,72900.0,53,2023-12-09,1,40.0,North,72900.0,2023-12-09
1354,47.0,North,20800.0,29,"March 28, 2021",1,47.0,North,20800.0,2021-03-28
3139,49.0,South,"$33,700",33,"December 06, 2020",1,49.0,South,33700.0,2020-12-06
1189,,NORTH,41300.0,23,2023-05-03,1,42.02803042831156,North,41300.0,2023-05-03
8022,23.0,North,52700.0,31,2017-07-25,0,23.0,North,52700.0,2017-07-25
7713,61.0,North,18700.0,17,26-Apr-2018,1,61.0,North,18700.0,2018-04-26
6746,46.0,east,132400.0,34,18-Jan-2020,0,46.0,East,132400.0,2020-01-18
8707,39.0,West,48500.0,24,11/09/2017,1,39.0,West,48500.0,2017-11-09
11668,38.0,SOUTH,32400.0,30,08-Jun-2021,1,38.0,South,32400.0,2021-06-08
878,39.0,North,92900.0,7,13-Oct-2024,1,39.0,North,92900.0,2024-10-13
3295,34.0,East,37700.0,7,"January 26, 2020",1,34.0,East,37700.0,2020-01-26
10215,46.0,East,30600.0,62,10/25/2018,0,46.0,East,30600.0,2018-10-25
8145,25.0,South,33500.0,30,2020-07-25,1,25.0,South,33500.0,2020-07-25
10543,41.0,East,47600.0,15,11-Jul-2019,1,41.0,East,47600.0,2019-07-11
8259,45.0,West,80600.0,46,27-May-2021,1,45.0,West,80600.0,2021-05-27
9674,80.0,WEST,52900.0,3,"March 17, 2016",0,80.0,West,52900.0,2016-03-17
8438,28.0,NORTH,81600.0,35,23-Apr-2021,1,28.0,North,81600.0,2021-04-23
4833,28.0,South,78000.0,19,"February 25, 2022",1,28.0,South,78000.0,2022-02-25
5943,51.0,North,75700.0,70,31-May-2023,0,51.0,North,75700.0,2023-05-31
3430,52.0,WEST,103700.0,40,"May 03, 2020",1,52.0,West,103700.0,2020-05-03
6880,44.0,East,47000.0,22,2015-03-10,1,44.0,East,47000.0,2015-03-10
7846,55.0,West,42700.0,22,03/22/2017,1,55.0,West,42700.0,2017-03-22
6300,35.0,East,75600.0,80,"December 26, 2021",0,35.0,East,75600.0,2021-12-26
10137,29.0,West,54900.0,10,2018-10-29,1,29.0,West,54900.0,2018-10-29
4757,44.0,North,68200.0,60,"November 12, 2015",0,44.0,North,68200.0,2015-11-12
11872,37.0,S.,31700.0,22,2015-05-07,1,37.0,South,31700.0,2015-05-07
6898,26.0,NORTH,110200.0,52,"March 15, 2024",1,26.0,North,110200.0,2024-03-15
10756,34.0,East,"$88,600",35,10/13/2024,1,34.0,East,88600.0,2024-10-13
4385,51.0,West,68200.0,15,23-Oct-2023,1,51.0,West,68200.0,2023-10-23
3543,40.0,North,75200.0,57,06/07/2018,1,40.0,North,75200.0,2018-06-07
5873,44.0,North,"$37,100",125,2016-09-22,0,44.0,North,37100.0,2016-09-22
11510,51.0,North,126600.0,73,03-Dec-2021,0,51.0,North,126600.0,2021-12-03
783,, North,"$169,700",35,"April 04, 2016",1,42.02803042831156,North,169700.0,2016-04-04
2164,50.0,West,56600.0,32,2022-03-07,0,50.0,West,56600.0,2022-03-07
5720,48.0,East,111800.0,69,07-Jun-2023,1,48.0,East,111800.0,2023-06-07
8419,55.0,West,41600.0,32,24-Apr-2017,0,55.0,West,41600.0,2017-04-24
761,58.0,north,55400.0,6,12/16/2017,1,58.0,North,55400.0,2017-12-16
515,52.0,West,44200.0,67,2018-03-15,1,52.0,West,44200.0,2018-03-15
1606,60.0,south ,44600.0,30,"May 10, 2016",1,60.0,South,44600.0,2016-05-10
4280,30.0,East,51100.0,23,"June 05, 2017",1,30.0,East,51100.0,2017-06-05
7014,37.0,North,64200.0,19,01-Mar-2019,1,37.0,North,64200.0,2019-03-01
2892,47.0,West,"$52,200",79,15-Nov-2020,1,47.0,West,52200.0,2020-11-15
3931,28.0,WEST,175000.0,77,"November 17, 2016",1,28.0,West,175000.0,2016-11-17
2153,31.0,West,32200.0,33,"November 15, 2024",1,31.0,West,32200.0,2024-11-15
9101,61.0,North,41400.0,8,03-Nov-2017,0,61.0,North,41400.0,2017-11-03
194,61.0,east,"$73,300",44,18-May-2019,1,61.0,East,73300.0,2019-05-18
743,29.0,W. ,98800.0,88,20-Jan-2021,1,29.0,West,98800.0,2021-01-20
10339,41.0,E.,43400.0,94,03-Oct-2021,1,41.0,East,43400.0,2021-10-03
8805,57.0,WEST,42000.0,27,03/14/2020,1,57.0,West,42000.0,2020-03-14
1871,53.0,East,39200.0,28,2022-05-16,1,53.0,East,39200.0,2022-05-16
2212,55.0,NORTH,28500.0,11,22-Oct-2019,1,55.0,North,28500.0,2019-10-22
7808,47.0,East,61900.0,30,2017-07-17,1,47.0,East,61900.0,2017-07-17
3639,45.0,South,134200.0,51,16-Jan-2023,1,45.0,South,134200.0,2023-01-16
8594,39.0,South,54700.0,29,"February 05, 2022",0,39.0,South,54700.0,2022-02-05
5039,21.0,East,"$44,400",22,2016-03-06,1,21.0,East,44400.0,2016-03-06
9042,58.0, East ,,80,12-Mar-2016,1,58.0,East,49400.0,2016-03-12
6197,53.0,East,70300.0,31,2024-03-21,1,53.0,East,70300.0,2024-03-21
3201,35.0,east,28900.0,65,2018-04-21,1,35.0,East,28900.0,2018-04-21
8567,44.0,West,"$47,900",35,03/20/2016,1,44.0,West,47900.0,2016-03-20
11915,45.0,N.,"$69,100",45,"January 18, 2021",1,45.0,North,69100.0,2021-01-18
6020,40.0,E.,46200.0,27,2024-09-24,0,40.0,East,46200.0,2024-09-24
9200,28.0,South,57400.0,24,09/15/2024,0,28.0,South,57400.0,2024-09-15
11116,45.0,North,26500.0,26,"April 25, 2020",1,45.0,North,26500.0,2020-04-25
410,25.0,South,44700.0,4,"February 02, 2019",1,25.0,South,44700.0,2019-02-02
579,39.0,North,64600.0,8,06-Oct-2021,1,39.0,North,64600.0,2021-10-06
693,54.0,east,29700.0,35,2021-11-29,1,54.0,East,29700.0,2021-11-29
9804,18.0,West,75000.0,15,24-Feb-2023,1,18.0,West,75000.0,2023-02-24
6275,40.0,West,"$36,800",37,17-Jun-2023,1,40.0,West,36800.0,2023-06-17
10459,55.0,West,25400.0,31,2022-09-08,0,55.0,West,25400.0,2022-09-08
4928,46.0,West,"$49,600",32,"February 14, 2021",1,46.0,West,49600.0,2021-02-14
8848,18.0,East,79400.0,21,2018-01-24,1,18.0,East,79400.0,2018-01-24
5926,30.0,South,31700.0,88,06/07/2019,1,30.0,South,31700.0,2019-06-07
10488,57.0,north,33700.0,130,10/16/2024,1,57.0,North,33700.0,2024-10-16
10887,35.0,North,,13,03/13/2020,0,35.0,North,49400.0,2020-03-13
1158,61.0,South,38400.0,63,"November 07, 2024",1,61.0,South,38400.0,2024-11-07
7482,40.0,South,26300.0,86,09/29/2018,1,40.0,South,26300.0,2018-09-29
11490,49.0,North,47800.0,11,01/23/2018,1,49.0,North,47800.0,2018-01-23
3134,34.0,,28000.0,8,2023-02-21,1,34.0,Unknown,28000.0,2023-02-21
591,26.0,E.,"$41,800",12,29-Dec-2023,0,26.0,East,41800.0,2023-12-29
1576,26.0,South,46400.0,7,04/21/2017,1,26.0,South,46400.0,2017-04-21
4575,56.0,East,"$78,200",43,15-Mar-2022,1,56.0,East,78200.0,2022-03-15
3130,47.0,NORTH,39300.0,74,10-Aug-2020,1,47.0,North,39300.0,2020-08-10
11604,33.0,WEST,40900.0,36,2023-02-06,1,33.0,West,40900.0,2023-02-06
6251,39.0,West,36900.0,86,"February 11, 2021",1,39.0,West,36900.0,2021-02-11
6753,32.0,South,"$60,400",33,07/14/2020,1,32.0,South,60400.0,2020-07-14
2397,36.0,East,30800.0,82,"February 13, 2020",0,36.0,East,30800.0,2020-02-13
11145,35.0,N.,"$48,700",33,04-Jul-2024,1,35.0,North,48700.0,2024-07-04
3125,45.0, East ,"$26,400",74,07-May-2016,1,45.0,East,26400.0,2016-05-07
5041,42.0,East,56900.0,14,30-Apr-2023,1,42.0,East,56900.0,2023-04-30
10064,47.0,East,70500.0,63,09-Oct-2018,1,47.0,East,70500.0,2018-10-09
744,18.0,West,31200.0,18,2021-07-30,0,18.0,West,31200.0,2021-07-30
1949,31.0,North,"$52,800",24,2024-04-09,1,31.0,North,52800.0,2024-04-09
183,37.0,North,"$66,000",53,21-Jun-2020,0,37.0,North,66000.0,2020-06-21
3548,56.0,South,90000.0,16,26-Aug-2019,1,56.0,South,90000.0,2019-08-26
4339,42.0,East,25700.0,43,"February 23, 2020",1,42.0,East,25700.0,2020-02-23
2717,43.0,North,28300.0,26,"April 13, 2016",0,43.0,North,28300.0,2016-04-13
5491,39.0,North,107300.0,32,"August 02, 2022",0,39.0,North,107300.0,2022-08-02
1054,74.0,E.,42300.0,42,05-Aug-2017,1,74.0,East,42300.0,2017-08-05
10399,43.0,North,39400.0,63,2021-09-26,1,43.0,North,39400.0,2021-09-26
654,28.0,South,"$65,500",9,"October 26, 2016",1,28.0,South,65500.0,2016-10-26
149,56.0,north,53600.0,27,2019-02-15,1,56.0,North,53600.0,2019-02-15
709,39.0,North,179000.0,54,12-Jul-2022,0,39.0,North,179000.0,2022-07-12
370,53.0,East,71100.0,115,2020-09-25,1,53.0,East,71100.0,2020-09-25
24,40.0,South,83600.0,161,06/04/2019,1,40.0,South,83600.0,2019-06-04
1286,45.0,SOUTH,69300.0,8,07/12/2022,1,45.0,South,69300.0,2022-07-12
1958,26.0,East,31900.0,45,17-Dec-2019,1,26.0,East,31900.0,2019-12-17
8026,50.0,South,33000.0,50,"May 23, 2024",1,50.0,South,33000.0,2024-05-23
2261,18.0,E.,46300.0,51,20-Dec-2019,1,18.0,East,46300.0,2019-12-20
5629,51.0,N.,73300.0,48,30-Aug-2015,1,51.0,North,73300.0,2015-08-30
1200,28.0,South,30300.0,75,2021-01-26,0,28.0,South,30300.0,2021-01-26
4509,30.0,South,65400.0,61,"March 13, 2018",0,30.0,South,65400.0,2018-03-13
8662,46.0,South,40100.0,46,2023-10-20,0,46.0,South,40100.0,2023-10-20
2284,46.0,East,26500.0,125,10/11/2024,0,46.0,East,26500.0,2024-10-11
1193,39.0,East,,16,"December 21, 2019",0,39.0,East,49400.0,2019-12-21
8299,35.0,South,33800.0,58,08-Feb-2018,1,35.0,South,33800.0,2018-02-08
11319,38.0,North,80300.0,38,2023-08-03,0,38.0,North,80300.0,2023-08-03
8543,39.0,East,27300.0,16,03/25/2017,0,39.0,East,27300.0,2017-03-25
7933,54.0,east,46400.0,31,09/01/2018,1,54.0,East,46400.0,2018-09-01
5606,26.0,West,21500.0,31,08/28/2023,1,26.0,West,21500.0,2023-08-28
9453,69.0,W. ,59700.0,68,21-Jan-2016,0,69.0,West,59700.0,2016-01-21
8241,27.0,South,53000.0,26,06-May-2020,0,27.0,South,53000.0,2020-05-06
4809,35.0,East,41300.0,22,26-Feb-2020,1,35.0,East,41300.0,2020-02-26
9636,42.0,South,63600.0,36,15-May-2018,1,42.0,South,63600.0,2018-05-15
2694,37.0,South,125600.0,87,02/10/2020,1,37.0,South,125600.0,2020-02-10
4252,36.0,West,36900.0,22,"August 19, 2021",1,36.0,West,36900.0,2021-08-19
10793,43.0,W. ,88700.0,10,"September 06, 2023",1,43.0,West,88700.0,2023-09-06
2799,49.0,North,34400.0,50,08/23/2015,0,49.0,North,34400.0,2015-08-23
11393,34.0,West,169900.0,14,"July 16, 2016",1,34.0,West,169900.0,2016-07-16
2512,64.0,WEST,33500.0,24,12-May-2015,1,64.0,West,33500.0,2015-05-12
10619,62.0,west,"$33,000",77,03/13/2023,1,62.0,West,33000.0,2023-03-13
1909,36.0,West,127100.0,60,2024-06-16,1,36.0,West,127100.0,2024-06-16
7831,69.0,East,67800.0,2,2021-09-30,1,69.0,East,67800.0,2021-09-30
8069,50.0,South,23700.0,80,04/17/2021,1,50.0,South,23700.0,2021-04-17
1707,36.0,East,"$34,000",14,2016-01-07,1,36.0,East,34000.0,2016-01-07
1465,55.0,west,48200.0,16,2019-03-20,1,55.0,West,48200.0,2019-03-20
3801,38.0,North,36300.0,9,09/02/2022,0,38.0,North,36300.0,2022-09-02
3034,47.0,West,36000.0,77,2015-07-06,0,47.0,West,36000.0,2015-07-06
2772,49.0,North,37700.0,31,10/04/2017,1,49.0,North,37700.0,2017-10-04
6419,67.0,SOUTH,66800.0,29,03-Dec-2022,1,67.0,South,66800.0,2022-12-03
9057,68.0,North,"$27,900",66,"October 06, 2024",1,68.0,North,27900.0,2024-10-06
10318,43.0,South,39900.0,43,14-Dec-2015,1,43.0,South,39900.0,2015-12-14
31,70.0,S.,76900.0,13,2016-12-10,1,70.0,South,76900.0,2016-12-10
2307,67.0,South,107600.0,27,11/06/2024,1,67.0,South,107600.0,2024-11-06
7303,35.0,East,27600.0,15,28-Oct-2024,1,35.0,East,27600.0,2024-10-28
1227,51.0,South,19600.0,28,"April 20, 2023",0,51.0,South,19600.0,2023-04-20
2330,55.0,North,46300.0,100,2019-11-13,1,55.0,North,46300.0,2019-11-13
3414,37.0,North,"$29,900",40,09/29/2015,1,37.0,North,29900.0,2015-09-29
11337,29.0,East,46900.0,17,2017-10-15,0,29.0,East,46900.0,2017-10-15
174,26.0,South,30500.0,66,25-Jul-2022,1,26.0,South,30500.0,2022-07-25
11952,49.0,North,79900.0,13,03/19/2021,0,49.0,North,79900.0,2021-03-19
3242,31.0,East,55100.0,33,"January 09, 2022",1,31.0,East,55100.0,2022-01-09
4956,69.0,East,"$31,400",56,"November 20, 2015",1,69.0,East,31400.0,2015-11-20
6069,27.0,North,47600.0,21,2024-08-01,0,27.0,North,47600.0,2024-08-01
3743,20.0,North,"$68,000",75,"April 12, 2022",0,20.0,North,68000.0,2022-04-12
5921,39.0, North,83600.0,26,2015-02-05,1,39.0,North,83600.0,2015-02-05
10439,30.0,East,53900.0,3,2021-10-25,1,30.0,East,53900.0,2021-10-25
8067,48.0,South,60800.0,45,08/10/2018,1,48.0,South,60800.0,2018-08-10
8445,51.0,South,"$66,600",52,2015-12-25,0,51.0,South,66600.0,2015-12-25
808,26.0,North,"$95,100",23,"October 15, 2017",1,26.0,North,95100.0,2017-10-15
1470,,North,23600.0,3,01-Jan-2017,1,42.02803042831156,North,23600.0,2017-01-01
3903,22.0,WEST,34500.0,24,07/05/2022,0,22.0,West,34500.0,2022-07-05
7228,49.0,West,"$102,400",45,08-Jun-2017,0,49.0,West,102400.0,2017-06-08
494,48.0,South,55800.0,21,2019-12-31,0,48.0,South,55800.0,2019-12-31
6748,51.0,S.,23300.0,11,,1,51.0,South,23300.0,
1002,33.0,SOUTH,52200.0,23,2020-10-04,1,33.0,South,52200.0,2020-10-04
2318,47.0,North,95400.0,55,2023-08-13,1,47.0,North,95400.0,2023-08-13
10877,35.0,East,26200.0,79,20-Nov-2018,1,35.0,East,26200.0,2018-11-20
11184,38.0,E.,96700.0,8,2019-10-19,1,38.0,East,96700.0,2019-10-19
973,45.0,East,48100.0,34,07/18/2024,0,45.0,East,48100.0,2024-07-18
5405,45.0,N.,54400.0,49,13-Sep-2023,1,45.0,North,54400.0,2023-09-13
2381,38.0,WEST,44200.0,78,,1,38.0,West,44200.0,
7805,24.0,West,68800.0,85,08/11/2021,1,24.0,West,68800.0,2021-08-11
6586,37.0,West,64100.0,85,"April 12, 2019",1,37.0,West,64100.0,2019-04-12
5792,42.0,North,76100.0,25,2023-07-01,1,42.0,North,76100.0,2023-07-01
4708,37.0,East,62800.0,47,2022-04-05,1,37.0,East,62800.0,2022-04-05
6862,25.0,North,62800.0,56,"December 23, 2023",0,25.0,North,62800.0,2023-12-23
7914,20.0,North,30200.0,21,11-Dec-2023,0,20.0,North,30200.0,2023-12-11
8577,19.0,East,59800.0,32,08/09/2016,1,19.0,East,59800.0,2016-08-09
4111,49.0, East ,73700.0,6,"May 23, 2023",0,49.0,East,73700.0,2023-05-23
6739,34.0,East,74300.0,22,09/13/2017,1,34.0,East,74300.0,2017-09-13
1664,65.0,SOUTH,"$51,400",25,04/08/2019,1,65.0,South,51400.0,2019-04-08
7335,40.0,south ,164700.0,25,2022-04-27,0,40.0,South,164700.0,2022-04-27
3346,39.0,,75500.0,11,"March 28, 2023",1,39.0,Unknown,75500.0,2023-03-28
9894,43.0,East,42100.0,5,09/10/2020,0,43.0,East,42100.0,2020-09-10
199,42.0,South,51200.0,44,02-Apr-2020,0,42.0,South,51200.0,2020-04-02
1059,44.0,East,43900.0,58,26-Feb-2022,1,44.0,East,43900.0,2022-02-26
641,23.0,South,43000.0,11,2018-04-14,1,23.0,South,43000.0,2018-04-14
7310,38.0,North,51600.0,86,"March 09, 2018",0,38.0,North,51600.0,2018-03-09
9539,73.0,West,34500.0,19,2020-05-21,1,73.0,West,34500.0,2020-05-21
320,27.0,W. ,"$89,300",15,2017-05-21,1,27.0,West,89300.0,2017-05-21
9379,68.0,North,"$110,800",21,11/25/2023,1,68.0,North,110800.0,2023-11-25
7432,60.0,East,"$82,800",27,06/19/2021,1,60.0,East,82800.0,2021-06-19
2663,37.0,west,,8,10/13/2016,1,37.0,West,49400.0,2016-10-13
9309,37.0,E.,73600.0,5,30-Nov-2015,0,37.0,East,73600.0,2015-11-30
9909,26.0,West,,42,2019-01-21,1,26.0,West,49400.0,2019-01-21
11167,24.0,West,39900.0,47,"May 02, 2018",1,24.0,West,39900.0,2018-05-02
1921,28.0,South,"$31,800",9,29-Aug-2018,1,28.0,South,31800.0,2018-08-29
1953,19.0,S.,61600.0,63,2024-04-30,1,19.0,South,61600.0,2024-04-30
372,59.0,,"$30,800",30,08/29/2021,1,59.0,Unknown,30800.0,2021-08-29
586,68.0,west,"$159,500",38,11/11/2022,1,68.0,West,159500.0,2022-11-11
2831,30.0,east,84300.0,5,"January 10, 2018",0,30.0,East,84300.0,2018-01-10
7730,28.0,South,45400.0,26,12/28/2023,0,28.0,South,45400.0,2023-12-28
77,36.0,E.,99100.0,86,05/17/2017,0,36.0,East,99100.0,2017-05-17
6335,21.0,East,31500.0,11,"July 17, 2016",0,21.0,East,31500.0,2016-07-17
6863,62.0,East,48800.0,12,"December 14, 2023",0,62.0,East,48800.0,2023-12-14
5094,42.0,East,46400.0,20,"May 30, 2020",0,42.0,East,46400.0,2020-05-30
2369,31.0,East,47400.0,21,04/09/2018,1,31.0,East,47400.0,2018-04-09
8818,26.0,NORTH,"$70,300",66,21-Dec-2017,1,26.0,North,70300.0,2017-12-21
7645,48.0,South,,23,06/01/2019,1,48.0,South,49400.0,2019-06-01
6146,36.0,WEST,70300.0,55,08/01/2020,1,36.0,West,70300.0,2020-08-01
9600,20.0,East,21800.0,9,2023-05-13,1,20.0,East,21800.0,2023-05-13
10098,37.0,North,86800.0,63,2023-10-13,1,37.0,North,86800.0,2023-10-13
4736,42.0,N.,66900.0,17,04/06/2016,1,42.0,North,66900.0,2016-04-06
376,72.0,East,77100.0,70,18-Apr-2023,0,72.0,East,77100.0,2023-04-18
81,48.0,West,"$40,800",17,2024-06-03,1,48.0,West,40800.0,2024-06-03
7651,18.0,West,54800.0,48,2024-04-16,1,18.0,West,54800.0,2024-04-16
2171,31.0,WEST,100400.0,67,20-Jul-2021,0,31.0,West,100400.0,2021-07-20
6940,41.0,N.,35900.0,12,10/12/2015,1,41.0,North,35900.0,2015-10-12
2787,42.0,south ,148100.0,35,31-Aug-2022,1,42.0,South,148100.0,2022-08-31
7390,41.0,North,159700.0,56,"May 29, 2016",1,41.0,North,159700.0,2016-05-29
2899,31.0,North,29500.0,21,06-Dec-2020,1,31.0,North,29500.0,2020-12-06
7575,42.0,South,40900.0,24,2022-07-08,1,42.0,South,40900.0,2022-07-08
6787,19.0,WEST,50500.0,97,28-Dec-2019,0,19.0,West,50500.0,2019-12-28
5481,51.0,West,22000.0,8,04-Apr-2017,1,51.0,West,22000.0,2017-04-04
190,63.0,South,25900.0,16,"October 26, 2017",1,63.0,South,25900.0,2017-10-26
5612,33.0,West,62600.0,37,02-May-2022,0,33.0,West,62600.0,2022-05-02
5625,36.0,North,60200.0,38,"April 02, 2023",1,36.0,North,60200.0,2023-04-02
2893,41.0,West,39000.0,26,04-Dec-2022,0,41.0,West,39000.0,2022-12-04
10936,19.0,South,63100.0,46,08/08/2017,1,19.0,South,63100.0,2017-08-08
3171,56.0,South,"$21,800",16,11-Nov-2021,0,56.0,South,21800.0,2021-11-11
2060,28.0,North,"$70,900",66,07/17/2019,1,28.0,North,70900.0,2019-07-17
4450,42.0,NORTH,"$49,000",83,08/16/2021,1,42.0,North,49000.0,2021-08-16
7178,41.0, North,29800.0,22,2015-08-20,1,41.0,North,29800.0,2015-08-20
949,47.0,South,"$23,300",55,"March 07, 2016",1,47.0,South,23300.0,2016-03-07
10441,50.0,east,65200.0,38,01/25/2018,1,50.0,East,65200.0,2018-01-25
9576,51.0,North,34700.0,15,"March 29, 2017",1,51.0,North,34700.0,2017-03-29
5725,44.0,WEST,48600.0,84,2021-05-26,1,44.0,West,48600.0,2021-05-26
11950,50.0,west,69800.0,17,02/05/2021,1,50.0,West,69800.0,2021-02-05
8195,56.0,West,"$46,700",19,2015-09-02,0,56.0,West,46700.0,2015-09-02
6235,40.0,W. ,31200.0,39,02/27/2024,1,40.0,West,31200.0,2024-02-27
11654,34.0,S.,58200.0,38,22-Mar-2019,0,34.0,South,58200.0,2019-03-22
8008,32.0,WEST,46000.0,19,16-Oct-2020,1,32.0,West,46000.0,2020-10-16
3107,52.0,South,48700.0,76,2015-06-16,1,52.0,South,48700.0,2015-06-16
5567,59.0,West,153100.0,45,"May 23, 2019",1,59.0,West,153100.0,2019-05-23
7546,63.0,South,"$81,000",95,2015-08-18,1,63.0,South,81000.0,2015-08-18
2111,47.0,west,102000.0,20,"February 22, 2015",1,47.0,West,102000.0,2015-02-22
8433,33.0,East,58100.0,47,"October 27, 2020",1,33.0,East,58100.0,2020-10-27
1518,59.0,South,17000.0,23,2015-09-30,1,59.0,South,17000.0,2015-09-30
8869,35.0,East,93100.0,22,21-Jun-2015,1,35.0,East,93100.0,2015-06-21
3703,32.0,South,41400.0,13,2018-10-29,1,32.0,South,41400.0,2018-10-29
11250,31.0,south ,74100.0,47,04/24/2023,0,31.0,South,74100.0,2023-04-24
5980,24.0, East ,80500.0,29,04/06/2023,1,24.0,East,80500.0,2023-04-06
11898,43.0,East,28900.0,29,12/10/2023,0,43.0,East,28900.0,2023-12-10
874,43.0,North,"$56,200",18,03/24/2020,1,43.0,North,56200.0,2020-03-24
9575,54.0,South,"$63,000",72,"February 03, 2019",1,54.0,South,63000.0,2019-02-03
1206,33.0,NORTH,82200.0,42,"February 21, 2022",1,33.0,North,82200.0,2022-02-21
7016,33.0,South,22800.0,39,07-Jul-2019,1,33.0,South,22800.0,2019-07-07
810,45.0,NORTH,30200.0,55,01/15/2017,1,45.0,North,30200.0,2017-01-15
9220,35.0,South,55100.0,24,2019-04-18,1,35.0,South,55100.0,2019-04-18
5116,50.0,North,"$25,400",93,14-Aug-2021,1,50.0,North,25400.0,2021-08-14
1817,51.0,East,27800.0,9,01/04/2024,1,51.0,East,27800.0,2024-01-04
8939,60.0,East,54000.0,47,12-Jan-2024,0,60.0,East,54000.0,2024-01-12
11644,18.0,north,96400.0,41,09-Aug-2023,1,18.0,North,96400.0,2023-08-09
4796,31.0,,43200.0,53,2022-11-14,1,31.0,Unknown,43200.0,2022-11-14
3966,32.0,North,46500.0,31,"February 14, 2024",0,32.0,North,46500.0,2024-02-14
8821,52.0,West,50300.0,67,11/08/2023,1,52.0,West,50300.0,2023-11-08
3071,53.0,West,45100.0,19,2021-04-08,1,53.0,West,45100.0,2021-04-08
7239,66.0,E.,16600.0,15,05-Nov-2018,0,66.0,East,16600.0,2018-11-05
11096,45.0,South,51100.0,7,"April 05, 2018",1,45.0,South,51100.0,2018-04-05
6720,41.0,south ,15700.0,30,06/13/2015,0,41.0,South,15700.0,2015-06-13
9485,37.0,SOUTH,91500.0,22,12/20/2016,1,37.0,South,91500.0,2016-12-20
11484,32.0,East,"$99,300",23,2020-01-25,1,32.0,East,99300.0,2020-01-25
3151,46.0,N.,52600.0,36,11/07/2021,1,46.0,North,52600.0,2021-11-07
5714,75.0, East ,36500.0,34,2024-11-17,1,75.0,East,36500.0,2024-11-17
2827,66.0,West,36000.0,69,"August 21, 2015",1,66.0,West,36000.0,2015-08-21
3853,24.0,,46900.0,58,11-Aug-2021,1,24.0,Unknown,46900.0,2021-08-11
2615,18.0,west,66200.0,32,08-Feb-2016,1,18.0,West,66200.0,2016-02-08
11912,41.0,East,29900.0,41,2015-11-17,1,41.0,East,29900.0,2015-11-17
3618,33.0,Unknown,34800.0,15,21-Dec-2016,1,33.0,Unknown,34800.0,2016-12-21
9825,40.0,East,"$38,700",24,"July 24, 2022",1,40.0,East,38700.0,2022-07-24
9847,59.0,east,41000.0,73,"February 07, 2022",1,59.0,East,41000.0,2022-02-07
5457,18.0,North,39600.0,49,2023-10-01,1,18.0,North,39600.0,2023-10-01
8333,71.0,East,75500.0,35,02/17/2023,1,71.0,East,75500.0,2023-02-17
7606,52.0,South,69800.0,104,25-Mar-2023,1,52.0,South,69800.0,2023-03-25
9782,39.0,NORTH,42400.0,105,08/23/2024,1,39.0,North,42400.0,2024-08-23
6582,36.0, North,,64,02/16/2023,1,36.0,North,49400.0,2023-02-16
2497,40.0,North,39600.0,36,"April 27, 2022",0,40.0,North,39600.0,2022-04-27
7330,57.0,South,30600.0,46,2016-09-07,1,57.0,South,30600.0,2016-09-07
6534,62.0,East,64600.0,29,2020-02-15,0,62.0,East,64600.0,2020-02-15
7376,33.0,E.,133200.0,43,01/14/2018,1,33.0,East,133200.0,2018-01-14
4038,42.0,West,76400.0,22,09/05/2015,1,42.0,West,76400.0,2015-09-05
4917,20.0, North,22800.0,32,20-Aug-2016,1,20.0,North,22800.0,2016-08-20
1077,59.0,West,29000.0,53,04-Feb-2019,0,59.0,West,29000.0,2019-02-04
11531,47.0,W. ,48700.0,38,2024-01-17,0,47.0,West,48700.0,2024-01-17
1070,41.0,South,77600.0,43,"May 31, 2022",1,41.0,South,77600.0,2022-05-31
11655,32.0,North,47600.0,72,"June 21, 2021",1,32.0,North,47600.0,2021-06-21
1137,43.0,South,23800.0,34,06-Feb-2020,0,43.0,South,23800.0,2020-02-06
1000,53.0,East,64400.0,55,06/19/2019,1,53.0,East,64400.0,2019-06-19
2716,43.0,West,49400.0,45,31-Aug-2021,1,43.0,West,49400.0,2021-08-31
10900,32.0,North,"$162,900",33,30-Jan-2017,0,32.0,North,162900.0,2017-01-30
7191,35.0,South,132800.0,47,"December 08, 2019",0,35.0,South,132800.0,2019-12-08
6677,40.0,West,54900.0,26,2023-01-13,1,40.0,West,54900.0,2023-01-13
11944,41.0,North,33700.0,22,2016-09-06,1,41.0,North,33700.0,2016-09-06
8217,28.0,South,"$37,500",68,10/25/2022,1,28.0,South,37500.0,2022-10-25
10342,36.0,West,93800.0,2,12-Sep-2020,0,36.0,West,93800.0,2020-09-12
262,39.0,East,49600.0,48,"October 24, 2022",1,39.0,East,49600.0,2022-10-24
3911,60.0,North,93300.0,19,02/12/2022,1,60.0,North,93300.0,2022-02-12
3298,41.0,W. ,"$42,200",6,01/10/2023,1,41.0,West,42200.0,2023-01-10
6650,20.0,West,139800.0,11,07-Dec-2017,0,20.0,West,139800.0,2017-12-07
1696,47.0, North,20800.0,33,"May 01, 2023",1,47.0,North,20800.0,2023-05-01
8201,47.0,north,"$92,000",57,2018-05-08,0,47.0,North,92000.0,2018-05-08
9259,21.0,east,102600.0,26,"February 06, 2021",1,21.0,East,102600.0,2021-02-06
10095,52.0,North,59300.0,60,01/23/2018,0,52.0,North,59300.0,2018-01-23
6508,43.0,SOUTH,47800.0,24,2016-10-18,1,43.0,South,47800.0,2016-10-18
1714,41.0,East,128600.0,62,"March 24, 2017",1,41.0,East,128600.0,2017-03-24
3062,45.0,north,51400.0,52,12/20/2017,1,45.0,North,51400.0,2017-12-20
401,40.0,West,91100.0,5,04-Jun-2022,1,40.0,West,91100.0,2022-06-04
8796,60.0,East,22000.0,65,2017-09-17,1,60.0,East,22000.0,2017-09-17
3251,57.0,East,54900.0,70,"April 09, 2017",1,57.0,East,54900.0,2017-04-09
10187,54.0,South,"$46,800",23,"October 23, 2020",1,54.0,South,46800.0,2020-10-23
9732,43.0,,93100.0,58,"April 14, 2021",1,43.0,Unknown,93100.0,2021-04-14
5278,36.0,North,45100.0,48,2023-02-27,0,36.0,North,45100.0,2023-02-27
5628,18.0,North,18800.0,39,"January 29, 2022",0,18.0,North,18800.0,2022-01-29
6389,35.0,East,"$68,000",5,2020-07-12,1,35.0,East,68000.0,2020-07-12
865,33.0,south ,132300.0,14,24-Dec-2021,1,33.0,South,132300.0,2021-12-24
1825,31.0,West,"$15,000",48,08/31/2017,0,31.0,West,15000.0,2017-08-31
6490,32.0,west,56200.0,28,11/13/2018,1,32.0,West,56200.0,2018-11-13
10931,47.0,WEST,50500.0,29,"March 11, 2015",0,47.0,West,50500.0,2015-03-11
5531,33.0,South,37800.0,56,10/13/2016,1,33.0,South,37800.0,2016-10-13
2434,,north,33100.0,11,2022-10-07,1,42.02803042831156,North,33100.0,2022-10-07
8183,47.0,East,41100.0,10,"May 27, 2021",1,47.0,East,41100.0,2021-05-27
4304,34.0,S.,42100.0,18,06-Mar-2015,0,34.0,South,42100.0,2015-03-06
3329,33.0,WEST,"$26,900",10,06/04/2020,1,33.0,West,26900.0,2020-06-04
3363,45.0,North,45800.0,43,02/25/2015,1,45.0,North,45800.0,2015-02-25
5166,33.0,East,41300.0,123,08/25/2020,1,33.0,East,41300.0,2020-08-25
10752,18.0,South,24700.0,46,"July 09, 2020",1,18.0,South,24700.0,2020-07-09
891,31.0,,51900.0,95,29-Mar-2017,1,31.0,Unknown,51900.0,2017-03-29
5751,47.0,South,33300.0,68,07-Jun-2024,1,47.0,South,33300.0,2024-06-07
8891,40.0,East,90400.0,59,07-Jul-2023,1,40.0,East,90400.0,2023-07-07
7559,36.0,West,23000.0,20,16-May-2021,0,36.0,West,23000.0,2021-05-16
8486,59.0,East,"$115,200",20,"June 19, 2019",1,59.0,East,115200.0,2019-06-19
4056,47.0,North,56200.0,35,"January 29, 2024",1,47.0,North,56200.0,2024-01-29
4991,22.0,North,"$35,700",42,30-Dec-2018,0,22.0,North,35700.0,2018-12-30
2298,32.0,East,,18,"November 30, 2022",1,32.0,East,49400.0,2022-11-30
5080,33.0,south ,33100.0,33,"February 27, 2018",1,33.0,South,33100.0,2018-02-27
1113,27.0,North,98600.0,40,2017-07-24,1,27.0,North,98600.0,2017-07-24
632,75.0,WEST,124700.0,30,08/21/2020,1,75.0,West,124700.0,2020-08-21
7010,40.0, East ,100700.0,16,2019-03-05,1,40.0,East,100700.0,2019-03-05
8405,44.0,West,57400.0,25,03-Mar-2022,1,44.0,West,57400.0,2022-03-03
4055,49.0,East,"$43,400",32,"December 15, 2015",1,49.0,East,43400.0,2015-12-15
1839,61.0,S.,"$42,500",39,"November 26, 2019",1,61.0,South,42500.0,2019-11-26
9802,25.0,SOUTH,28500.0,57,"January 09, 2021",1,25.0,South,28500.0,2021-01-09
5971,48.0,North,85400.0,53,2018-07-25,1,48.0,North,85400.0,2018-07-25
7101,58.0,South,142500.0,67,"March 10, 2018",0,58.0,South,142500.0,2018-03-10
5384,47.0,North,44600.0,38,2015-06-21,1,47.0,North,44600.0,2015-06-21
7087,33.0,North,83100.0,9,,1,33.0,North,83100.0,
10569,27.0,East,25000.0,148,04/19/2021,1,27.0,East,25000.0,2021-04-19
8391,37.0,East,130400.0,40,2024-08-12,1,37.0,East,130400.0,2024-08-12
11851,58.0,West,46400.0,40,29-Jan-2020,1,58.0,West,46400.0,2020-01-29
6358,52.0,West,58200.0,17,07-Jan-2020,1,52.0,West,58200.0,2020-01-07
5371,52.0,West,59100.0,93,2020-06-11,1,52.0,West,59100.0,2020-06-11
3782,18.0,east,63500.0,15,2017-10-04,1,18.0,East,63500.0,2017-10-04
6763,38.0,North,"$18,200",12,"September 25, 2017",1,38.0,North,18200.0,2017-09-25
9611,25.0,SOUTH,62900.0,77,28-Feb-2021,1,25.0,South,62900.0,2021-02-28
5539,49.0,South,51000.0,23,02/20/2019,1,49.0,South,51000.0,2019-02-20
7666,56.0,West,45900.0,33,03/28/2015,1,56.0,West,45900.0,2015-03-28
3183,33.0,South,99000.0,63,30-Nov-2020,1,33.0,South,99000.0,2020-11-30
4620,50.0,South,61800.0,12,01/20/2019,1,50.0,South,61800.0,2019-01-20
6374,,South,48700.0,24,05/12/2019,0,42.02803042831156,South,48700.0,2019-05-12
11559,42.0,west,30100.0,53,"May 03, 2016",1,42.0,West,30100.0,2016-05-03
1935,24.0,West,46000.0,11,"August 17, 2021",1,24.0,West,46000.0,2021-08-17
7796,26.0,east,"$33,800",24,2022-07-17,1,26.0,East,33800.0,2022-07-17
8763,56.0,North,63000.0,41,2019-05-21,1,56.0,North,63000.0,2019-05-21
8167,42.0,N.,68500.0,8,"April 16, 2024",1,42.0,North,68500.0,2024-04-16
3142,81.0,North,49300.0,46,"September 15, 2024",1,81.0,North,49300.0,2024-09-15
5896,39.0,North,"$38,300",53,"May 29, 2018",1,39.0,North,38300.0,2018-05-29
2632,29.0,west,62100.0,8,30-Dec-2023,1,29.0,West,62100.0,2023-12-30
296,44.0,North,20800.0,19,12/12/2015,1,44.0,North,20800.0,2015-12-12
2877,,North,33600.0,4,09/18/2024,1,42.02803042831156,North,33600.0,2024-09-18
11139,,South,112400.0,27,09/14/2019,1,42.02803042831156,South,112400.0,2019-09-14
10908,43.0,West,26300.0,52,09-Jan-2016,1,43.0,West,26300.0,2016-01-09
6077,69.0,South,70000.0,133,06-Sep-2023,1,69.0,South,70000.0,2023-09-06
7394,47.0,North,103400.0,28,07-May-2022,1,47.0,North,103400.0,2022-05-07
9397,75.0,SOUTH,"$46,500",30,"April 12, 2022",1,75.0,South,46500.0,2022-04-12
8760,33.0,East,"$77,800",32,06-Dec-2019,1,33.0,East,77800.0,2019-12-06
2447,37.0,west,32300.0,49,01/15/2020,1,37.0,West,32300.0,2020-01-15
7596,25.0,North,18700.0,71,2017-11-12,1,25.0,North,18700.0,2017-11-12
2440,40.0,West,21400.0,12,03-Feb-2016,0,40.0,West,21400.0,2016-02-03
7983,42.0,South,39900.0,27,"November 12, 2021",1,42.0,South,39900.0,2021-11-12
7036,26.0,East,"$73,600",5,2021-03-15,1,26.0,East,73600.0,2021-03-15
10873,,South,"$26,600",55,13-Aug-2016,1,42.02803042831156,South,26600.0,2016-08-13
657,31.0,West,68800.0,8,"September 26, 2024",1,31.0,West,68800.0,2024-09-26
2086,52.0,North,42200.0,88,11/29/2019,1,52.0,North,42200.0,2019-11-29
2510,38.0,West,39300.0,32,01/13/2016,1,38.0,West,39300.0,2016-01-13
6404,24.0,S.,137900.0,31,22-May-2017,0,24.0,South,137900.0,2017-05-22
7925,37.0,North,"$31,900",14,2016-05-25,0,37.0,North,31900.0,2016-05-25
11415,27.0,North,78100.0,55,13-Jul-2022,0,27.0,North,78100.0,2022-07-13
9838,37.0, East ,65300.0,26,2015-07-18,1,37.0,East,65300.0,2015-07-18
6200,44.0,West,48100.0,48,2017-06-23,1,44.0,West,48100.0,2017-06-23
11733,34.0,South,59000.0,112,2016-12-15,0,34.0,South,59000.0,2016-12-15
8943,57.0,South,20800.0,48,2018-09-05,1,57.0,South,20800.0,2018-09-05
9354,44.0,North,32900.0,32,07/25/2015,1,44.0,North,32900.0,2015-07-25
4002,54.0,West,98200.0,55,06-Jun-2022,1,54.0,West,98200.0,2022-06-06
2075,43.0,east,30500.0,62,"August 30, 2024",0,43.0,East,30500.0,2024-08-30
278,28.0,South,30900.0,49,2023-10-28,1,28.0,South,30900.0,2023-10-28
4255,32.0,W. ,80800.0,33,12/14/2020,1,32.0,West,80800.0,2020-12-14
929,39.0,EAST,88900.0,53,17-Jul-2021,1,39.0,East,88900.0,2021-07-17
7236,57.0, East ,36800.0,15,"June 26, 2022",1,57.0,East,36800.0,2022-06-26
9339,37.0,East,40600.0,44,"June 08, 2017",0,37.0,East,40600.0,2017-06-08
295,39.0,WEST,52100.0,39,10/29/2023,1,39.0,West,52100.0,2023-10-29
6849,18.0,North,48100.0,21,05/07/2016,1,18.0,North,48100.0,2016-05-07
9170,54.0,West,42000.0,24,07/11/2016,0,54.0,West,42000.0,2016-07-11
6303,39.0,East,22400.0,11,05/31/2017,1,39.0,East,22400.0,2017-05-31
9954,55.0,SOUTH,18200.0,28,2015-06-22,1,55.0,South,18200.0,2015-06-22
11107,50.0,South,75900.0,17,07/11/2022,1,50.0,South,75900.0,2022-07-11
6736,51.0,North,134700.0,31,28-Aug-2020,0,51.0,North,134700.0,2020-08-28
9361,37.0,East,83600.0,60,18-Apr-2020,1,37.0,East,83600.0,2020-04-18
3518,41.0,East,"$32,200",49,02-May-2019,1,41.0,East,32200.0,2019-05-02
10507,44.0,South,70100.0,20,"November 06, 2021",0,44.0,South,70100.0,2021-11-06
6990,26.0,East,46700.0,45,03/02/2024,1,26.0,East,46700.0,2024-03-02
3325,54.0,North,47900.0,50,"February 20, 2024",1,54.0,North,47900.0,2024-02-20
3546,34.0,South,31000.0,45,2016-02-29,1,34.0,South,31000.0,2016-02-29
1370,54.0,West,16500.0,41,24-Oct-2018,0,54.0,West,16500.0,2018-10-24
9097,39.0,WEST,66000.0,78,2016-05-14,1,39.0,West,66000.0,2016-05-14
4610,36.0,West,58000.0,67,12-May-2023,1,36.0,West,58000.0,2023-05-12
4164,25.0,East,28000.0,25,11-Jun-2017,1,25.0,East,28000.0,2017-06-11
11202,36.0,East,41500.0,73,01-Nov-2021,1,36.0,East,41500.0,2021-11-01
1315,49.0,north,53500.0,34,09/08/2018,1,49.0,North,53500.0,2018-09-08
4086,42.0,North,38600.0,37,"August 03, 2023",1,42.0,North,38600.0,2023-08-03
1727,30.0,West,124400.0,12,"December 09, 2021",1,30.0,West,124400.0,2021-12-09
2358,46.0,West,81100.0,13,01-Apr-2018,1,46.0,West,81100.0,2018-04-01
3396,50.0,South,37400.0,22,04/30/2024,0,50.0,South,37400.0,2024-04-30
7742,49.0, North,47000.0,7,"July 15, 2015",1,49.0,North,47000.0,2015-07-15
7407,18.0,E.,58000.0,55,2022-03-15,1,18.0,East,58000.0,2022-03-15
9512,28.0,South,33300.0,16,24-Feb-2022,1,28.0,South,33300.0,2022-02-24
6052,37.0,South,48200.0,70,2021-01-24,1,37.0,South,48200.0,2021-01-24
11162,84.0,East,42500.0,21,05-Apr-2022,0,84.0,East,42500.0,2022-04-05
6270,39.0,North,"$121,200",26,13-Jan-2023,1,39.0,North,121200.0,2023-01-13
11771,39.0,West,80300.0,8,04-Aug-2019,1,39.0,West,80300.0,2019-08-04
10940,68.0,South,45400.0,6,2020-08-09,0,68.0,South,45400.0,2020-08-09
1398,40.0,South,55200.0,12,2015-01-31,1,40.0,South,55200.0,2015-01-31
1245,56.0,SOUTH,37600.0,65,24-Jan-2023,1,56.0,South,37600.0,2023-01-24
7621,52.0, North,"$91,400",49,05/09/2017,1,52.0,North,91400.0,2017-05-09
150,44.0,South,40000.0,40,"May 21, 2016",1,44.0,South,40000.0,2016-05-21
3648,37.0,West,"$74,200",100,"June 13, 2024",1,37.0,West,74200.0,2024-06-13
5269,52.0,North,29100.0,44,2020-10-17,1,52.0,North,29100.0,2020-10-17
10541,45.0,South,70000.0,27,"February 26, 2018",0,45.0,South,70000.0,2018-02-26
185,48.0,North,103800.0,83,2019-10-16,1,48.0,North,103800.0,2019-10-16
9080,33.0,West,26600.0,22,"February 24, 2024",1,33.0,West,26600.0,2024-02-24
921,38.0,north,35300.0,58,04-Jul-2016,1,38.0,North,35300.0,2016-07-04
1488,24.0,East,90400.0,53,17-Feb-2024,0,24.0,East,90400.0,2024-02-17
2927,52.0,WEST,20600.0,17,06/09/2016,0,52.0,West,20600.0,2016-06-09
5611,54.0,West,"$78,500",50,18-Oct-2020,1,54.0,West,78500.0,2020-10-18
5969,, North,45600.0,8,10/31/2015,1,42.02803042831156,North,45600.0,2015-10-31
3635,40.0,west,40800.0,60,06-Aug-2019,1,40.0,West,40800.0,2019-08-06
10677,43.0,South,"$58,000",54,"April 11, 2017",1,43.0,South,58000.0,2017-04-11
11571,41.0,west,44800.0,33,"August 28, 2020",1,41.0,West,44800.0,2020-08-28
8865,69.0,west,"$59,100",28,09-Apr-2019,1,69.0,West,59100.0,2019-04-09
10101,30.0,north,41500.0,5,2023-03-28,1,30.0,North,41500.0,2023-03-28
10301,51.0,North,56600.0,29,01-Feb-2018,0,51.0,North,56600.0,2018-02-01
5743,50.0,E.,69300.0,5,03/10/2020,1,50.0,East,69300.0,2020-03-10
2036,52.0,North,20400.0,12,2022-07-10,1,52.0,North,20400.0,2022-07-10
10424,55.0,North,"$63,200",77,2017-01-04,1,55.0,North,63200.0,2017-01-04
265,48.0,North,31900.0,5,2024-01-01,1,48.0,North,31900.0,2024-01-01
3300,44.0,North,88100.0,22,2021-01-05,1,44.0,North,88100.0,2021-01-05
5420,26.0,West,51500.0,49,2015-09-22,1,26.0,West,51500.0,2015-09-22
2505,58.0,North,30000.0,17,"February 10, 2023",0,58.0,North,30000.0,2023-02-10
4693,45.0,NORTH,34700.0,113,07/07/2022,1,45.0,North,34700.0,2022-07-07
9604,43.0,South,131900.0,40,2019-02-28,1,43.0,South,131900.0,2019-02-28
7567,34.0, North,115300.0,25,05/05/2024,1,34.0,North,115300.0,2024-05-05
3031,41.0,South,"$18,400",38,"October 02, 2019",1,41.0,South,18400.0,2019-10-02
4506,63.0,South,26100.0,82,"October 30, 2024",0,63.0,South,26100.0,2024-10-30
8402,57.0,North,107300.0,28,11/14/2022,0,57.0,North,107300.0,2022-11-14
6793,,South,44700.0,51,2024-05-02,1,42.02803042831156,South,44700.0,2024-05-02
2251,29.0,North,120200.0,10,03-Aug-2020,1,29.0,North,120200.0,2020-08-03
2396,27.0,North,28800.0,46,2019-04-04,1,27.0,North,28800.0,2019-04-04
1379,,South,35300.0,9,2015-01-22,1,42.02803042831156,South,35300.0,2015-01-22
1501,35.0,West,41200.0,12,02/04/2024,1,35.0,West,41200.0,2024-02-04
2292,57.0,South,25800.0,13,04/02/2024,1,57.0,South,25800.0,2024-04-02
11152,56.0,south ,67900.0,64,03/03/2021,0,56.0,South,67900.0,2021-03-03
9277,40.0,SOUTH,28800.0,61,2020-09-25,1,40.0,South,28800.0,2020-09-25
9460,63.0,East,67600.0,55,25-Dec-2024,1,63.0,East,67600.0,2024-12-25
9302,30.0,S.,30900.0,7,09/19/2016,1,30.0,South,30900.0,2016-09-19
7075,57.0,West,84600.0,10,"October 08, 2015",1,57.0,West,84600.0,2015-10-08
3455,61.0,East,93500.0,10,"March 21, 2022",0,61.0,East,93500.0,2022-03-21
7762,30.0,,"$97,200",53,2019-09-28,1,30.0,Unknown,97200.0,2019-09-28
10861,45.0,North,171200.0,3,04/16/2023,1,45.0,North,171200.0,2023-04-16
3438,43.0,North,"$63,600",54,2015-03-27,1,43.0,North,63600.0,2015-03-27
3967,29.0,west,43100.0,32,2022-10-31,1,29.0,West,43100.0,2022-10-31
7204,43.0,East,41100.0,27,03/19/2020,0,43.0,East,41100.0,2020-03-19
9002,27.0,North,33700.0,12,2024-04-10,1,27.0,North,33700.0,2024-04-10
3255,37.0,South,"$49,900",11,22-Dec-2022,1,37.0,South,49900.0,2022-12-22
7429,40.0,West,52200.0,68,25-Jan-2019,1,40.0,West,52200.0,2019-01-25
11985,37.0,South,,16,10-Nov-2016,1,37.0,South,49400.0,2016-11-10
52,50.0,West,51700.0,79,"April 03, 2017",1,50.0,West,51700.0,2017-04-03
6450,61.0,west,45100.0,26,21-Oct-2020,0,61.0,West,45100.0,2020-10-21
7793,40.0,south ,49200.0,7,01-Mar-2020,0,40.0,South,49200.0,2020-03-01
7634,36.0,South,55000.0,54,01/20/2017,1,36.0,South,55000.0,2017-01-20
7927,42.0,East,72200.0,8,"January 21, 2019",1,42.0,East,72200.0,2019-01-21
11268,21.0,West,"$36,900",21,05-Jan-2016,1,21.0,West,36900.0,2016-01-05
6871,41.0,E.,51500.0,17,"May 27, 2018",1,41.0,East,51500.0,2018-05-27
1970,52.0,North,15000.0,5,16-Aug-2017,1,52.0,North,15000.0,2017-08-16
2714,27.0,North,20400.0,63,05/10/2019,1,27.0,North,20400.0,2019-05-10
7849,23.0,South,48800.0,11,04/20/2019,1,23.0,South,48800.0,2019-04-20
5579,31.0,South,40000.0,18,03-Nov-2016,0,31.0,South,40000.0,2016-11-03
9555,37.0,N.,85000.0,5,10-Sep-2023,1,37.0,North,85000.0,2023-09-10
1515,20.0,SOUTH,"$26,200",46,24-Apr-2018,1,20.0,South,26200.0,2018-04-24
10345,,West,23800.0,7,09/14/2015,1,42.02803042831156,West,23800.0,2015-09-14
7632,18.0,East,22400.0,46,"September 08, 2021",1,18.0,East,22400.0,2021-09-08
11672,53.0,South,41700.0,94,"January 29, 2019",1,53.0,South,41700.0,2019-01-29
8305,24.0,North,33500.0,37,2019-04-21,1,24.0,North,33500.0,2019-04-21
3334,37.0,West,"$24,500",58,"December 20, 2018",0,37.0,West,24500.0,2018-12-20
169,40.0,South,33100.0,36,2019-12-02,0,40.0,South,33100.0,2019-12-02
2323,57.0,North,75600.0,74,2021-10-05,1,57.0,North,75600.0,2021-10-05
4672,,North,41000.0,118,"May 31, 2023",1,42.02803042831156,North,41000.0,2023-05-31
425,30.0,East,"$53,600",96,"March 12, 2019",1,30.0,East,53600.0,2019-03-12
11648,26.0,East,35800.0,69,08/17/2019,1,26.0,East,35800.0,2019-08-17
2603,41.0,North,81700.0,5,"March 07, 2023",0,41.0,North,81700.0,2023-03-07
3495,61.0,East,42500.0,39,"November 05, 2023",1,61.0,East,42500.0,2023-11-05
4257,19.0,North,104900.0,26,"January 04, 2015",0,19.0,North,104900.0,2015-01-04
9438,37.0,West,64000.0,18,11/26/2016,0,37.0,West,64000.0,2016-11-26
1355,67.0,North,23900.0,9,25-Dec-2017,0,67.0,North,23900.0,2017-12-25
3759,47.0,South,92200.0,52,2024-07-07,1,47.0,South,92200.0,2024-07-07
7238,43.0,North,45600.0,35,09/02/2016,1,43.0,North,45600.0,2016-09-02
9350,34.0,East,47500.0,23,2015-11-06,1,34.0,East,47500.0,2015-11-06
3538,38.0,East,30700.0,39,2017-03-11,1,38.0,East,30700.0,2017-03-11
7908,24.0,West,57400.0,25,"May 30, 2024",1,24.0,West,57400.0,2024-05-30
3157,77.0, East ,55700.0,55,2015-04-28,1,77.0,East,55700.0,2015-04-28
3327,50.0,West,87200.0,20,05/13/2022,1,50.0,West,87200.0,2022-05-13
4001,45.0,South,25300.0,10,30-Apr-2019,1,45.0,South,25300.0,2019-04-30
9308,40.0,WEST,43800.0,28,"November 02, 2020",1,40.0,West,43800.0,2020-11-02
10676,,West,42700.0,33,"August 01, 2017",0,42.02803042831156,West,42700.0,2017-08-01
854,42.0,East,"$63,200",8,"March 18, 2019",1,42.0,East,63200.0,2019-03-18
8193,,West,64900.0,106,"July 19, 2022",1,42.02803042831156,West,64900.0,2022-07-19
11903,72.0, East ,59900.0,41,"February 28, 2021",0,72.0,East,59900.0,2021-02-28
7180,43.0,North,58200.0,45,07-Oct-2017,1,43.0,North,58200.0,2017-10-07
2259,56.0,West,110300.0,36,03-May-2017,1,56.0,West,110300.0,2017-05-03
54,38.0,West,111600.0,37,"May 26, 2019",0,38.0,West,111600.0,2019-05-26
6924,56.0,East,67300.0,19,2022-09-12,1,56.0,East,67300.0,2022-09-12
11819,27.0,West,27700.0,32,15-Jul-2022,0,27.0,West,27700.0,2022-07-15
2178,49.0,West,45900.0,109,07/13/2020,1,49.0,West,45900.0,2020-07-13
6291,35.0,North,95800.0,26,06/07/2016,0,35.0,North,95800.0,2016-06-07
6643,35.0,SOUTH,37900.0,17,07/09/2021,1,35.0,South,37900.0,2021-07-09
11854,45.0,South,"$151,400",72,28-Nov-2015,0,45.0,South,151400.0,2015-11-28
3996,33.0,West,43600.0,50,19-Jan-2021,1,33.0,West,43600.0,2021-01-19
4716,63.0,W. ,"$21,200",11,01/04/2022,1,63.0,West,21200.0,2022-01-04
3701,41.0,E.,49000.0,98,"April 04, 2018",1,41.0,East,49000.0,2018-04-04
5092,48.0,North,35600.0,49,2017-01-25,0,48.0,North,35600.0,2017-01-25
10745,38.0,N.,62500.0,12,10/11/2021,0,38.0,North,62500.0,2021-10-11
11370,,NORTH,"$19,500",33,2016-09-26,1,42.02803042831156,North,19500.0,2016-09-26
5698,37.0,East,34400.0,18,"December 14, 2019",0,37.0,East,34400.0,2019-12-14
2842,56.0,West,49500.0,73,2020-01-16,1,56.0,West,49500.0,2020-01-16
7799,61.0,South,38500.0,50,11-Jul-2021,1,61.0,South,38500.0,2021-07-11
1213,40.0,N.,75400.0,68,2020-12-24,0,40.0,North,75400.0,2020-12-24
7765,60.0,East,,24,"April 26, 2016",1,60.0,East,49400.0,2016-04-26
11095,35.0,North,33300.0,57,"December 28, 2023",0,35.0,North,33300.0,2023-12-28
11725,42.0,South,79100.0,23,2021-03-01,1,42.0,South,79100.0,2021-03-01
3849,53.0,East,77600.0,31,06/24/2021,1,53.0,East,77600.0,2021-06-24
3995,50.0,East,16300.0,128,2017-05-28,1,50.0,East,16300.0,2017-05-28
11224,18.0,NORTH,"$76,500",9,21-Mar-2023,1,18.0,North,76500.0,2023-03-21
8050,55.0,South,120400.0,39,2021-12-15,0,55.0,South,120400.0,2021-12-15
6925,42.0,East,63500.0,46,10-Nov-2015,1,42.0,East,63500.0,2015-11-10
516,46.0,N.,73600.0,19,06/29/2018,1,46.0,North,73600.0,2018-06-29
2710,41.0,North,"$41,700",43,"May 19, 2021",0,41.0,North,41700.0,2021-05-19
357,45.0,East,53000.0,81,21-Feb-2016,1,45.0,East,53000.0,2016-02-21
6963,39.0,East,94200.0,57,"January 27, 2020",1,39.0,East,94200.0,2020-01-27
11897,35.0,SOUTH,34600.0,15,09/02/2019,0,35.0,South,34600.0,2019-09-02
8119,24.0,South,23600.0,97,12/25/2020,0,24.0,South,23600.0,2020-12-25
5502,18.0,North,111300.0,23,2019-08-24,1,18.0,North,111300.0,2019-08-24
8722,72.0,West,112000.0,100,"August 23, 2023",1,72.0,West,112000.0,2023-08-23
3321,21.0,North,40700.0,22,2016-09-02,0,21.0,North,40700.0,2016-09-02
60,55.0,East,42900.0,38,08-Jan-2021,0,55.0,East,42900.0,2021-01-08
9141,49.0,North,"$58,600",17,09/27/2017,1,49.0,North,58600.0,2017-09-27
5440,48.0,NORTH,39400.0,103,"August 09, 2020",1,48.0,North,39400.0,2020-08-09
10975,64.0,North,"$39,700",48,12/29/2016,1,64.0,North,39700.0,2016-12-29
282,19.0,East,58000.0,13,03/26/2020,1,19.0,East,58000.0,2020-03-26
3349,,E.,27600.0,8,10/23/2018,1,42.02803042831156,East,27600.0,2018-10-23
1630,56.0,North,,35,26-Jun-2024,1,56.0,North,49400.0,2024-06-26
2783,49.0,North,35000.0,2,17-Dec-2018,0,49.0,North,35000.0,2018-12-17
10941,18.0,West,"$66,800",34,06/08/2018,0,18.0,West,66800.0,2018-06-08
5149,42.0,North,44800.0,54,2018-07-19,1,42.0,North,44800.0,2018-07-19
8644,18.0,East,66900.0,36,"June 10, 2018",1,18.0,East,66900.0,2018-06-10
3576,18.0,North,125100.0,43,03-Jan-2023,0,18.0,North,125100.0,2023-01-03
2649,46.0,East,71800.0,13,22-Oct-2015,1,46.0,East,71800.0,2015-10-22
1277,34.0,South,37700.0,22,2020-03-28,1,34.0,South,37700.0,2020-03-28
9476,39.0,North,54000.0,54,28-May-2021,1,39.0,North,54000.0,2021-05-28
4048,35.0,West,32000.0,41,2017-05-04,0,35.0,West,32000.0,2017-05-04
10759,30.0,South,"$37,400",47,2017-08-16,0,30.0,South,37400.0,2017-08-16
1531,49.0,South,57800.0,27,2015-08-07,1,49.0,South,57800.0,2015-08-07
6992,46.0,South,"$29,300",38,"August 04, 2024",1,46.0,South,29300.0,2024-08-04
806,56.0, North,25400.0,47,19-Apr-2020,1,56.0,North,25400.0,2020-04-19
3520,51.0,North,35600.0,66,"May 07, 2016",1,51.0,North,35600.0,2016-05-07
1530,50.0,NORTH,37900.0,37,,0,50.0,North,37900.0,
10747,28.0,North,79800.0,18,2016-04-07,0,28.0,North,79800.0,2016-04-07
6855,37.0,North,28700.0,131,2018-06-27,1,37.0,North,28700.0,2018-06-27
11103,34.0,N.,"$19,600",44,2022-06-19,1,34.0,North,19600.0,2022-06-19
8242,29.0,South,"$68,100",12,2017-09-19,1,29.0,South,68100.0,2017-09-19
5667,46.0,South,90100.0,19,"December 09, 2024",1,46.0,South,90100.0,2024-12-09
2692,29.0,East,44200.0,18,"June 22, 2024",1,29.0,East,44200.0,2024-06-22
5655,35.0,SOUTH,"$39,900",56,03-Sep-2018,1,35.0,South,39900.0,2018-09-03
3055,36.0,East,39300.0,67,2023-03-11,1,36.0,East,39300.0,2023-03-11
8994,61.0,East,157300.0,24,08-Nov-2020,1,61.0,East,157300.0,2020-11-08
1368,59.0,North,51400.0,5,02-Oct-2021,1,59.0,North,51400.0,2021-10-02
5407,21.0,East,84700.0,36,10/02/2018,1,21.0,East,84700.0,2018-10-02
8617,40.0,South,,36,02/11/2019,0,40.0,South,49400.0,2019-02-11
2465,33.0,West,28900.0,38,01/05/2015,1,33.0,West,28900.0,2015-01-05
1,46.0,North,,24,04-Feb-2015,1,46.0,North,49400.0,2015-02-04
11676,,South,70800.0,112,2023-12-26,1,42.02803042831156,South,70800.0,2023-12-26
4569,50.0,South,54800.0,51,"April 29, 2019",1,50.0,South,54800.0,2019-04-29
6045,52.0,East,37800.0,88,"January 10, 2018",1,52.0,East,37800.0,2018-01-10
5073,67.0,east,54000.0,33,10/28/2015,0,67.0,East,54000.0,2015-10-28
10227,42.0,West,17100.0,32,"September 25, 2022",1,42.0,West,17100.0,2022-09-25
9462,45.0,E.,20400.0,22,07-Nov-2019,1,45.0,East,20400.0,2019-11-07
177,63.0,W. ,37300.0,17,18-Jul-2016,1,63.0,West,37300.0,2016-07-18
1023,47.0,South,"$33,500",86,06/16/2016,1,47.0,South,33500.0,2016-06-16
8705,34.0,,47600.0,8,05/20/2023,1,34.0,Unknown,47600.0,2023-05-20
1287,25.0,NORTH,51200.0,42,2022-08-14,0,25.0,North,51200.0,2022-08-14
7064,39.0,West,46500.0,5,2018-09-28,1,39.0,West,46500.0,2018-09-28
9655,71.0,East,38300.0,26,11/16/2019,1,71.0,East,38300.0,2019-11-16
2410,35.0,East,47600.0,63,"March 15, 2022",0,35.0,East,47600.0,2022-03-15
5909,51.0,East,23100.0,7,"January 27, 2016",1,51.0,East,23100.0,2016-01-27
3009,38.0,North,24300.0,59,14-Oct-2018,1,38.0,North,24300.0,2018-10-14
5952,51.0,North,"$44,900",21,26-Feb-2015,0,51.0,North,44900.0,2015-02-26
6544,56.0,North,"$44,100",32,2019-09-03,1,56.0,North,44100.0,2019-09-03
2385,51.0,North,17400.0,27,01/04/2018,0,51.0,North,17400.0,2018-01-04
8959,40.0,North,76400.0,19,2022-05-05,1,40.0,North,76400.0,2022-05-05
1349,54.0,North,33000.0,26,,0,54.0,North,33000.0,
10675,39.0,South,39000.0,57,2018-01-04,1,39.0,South,39000.0,2018-01-04
5417,50.0,West,57700.0,21,11/05/2017,0,50.0,West,57700.0,2017-11-05
9247,39.0, East ,56300.0,56,2016-04-23,1,39.0,East,56300.0,2016-04-23
4276,37.0,East,15000.0,80,29-Aug-2022,1,37.0,East,15000.0,2022-08-29
6675,68.0,North,"$131,300",18,2017-05-26,1,68.0,North,131300.0,2017-05-26
10648,34.0, North,74300.0,52,"July 09, 2021",1,34.0,North,74300.0,2021-07-09
6441,50.0,West,34400.0,34,"February 09, 2020",1,50.0,West,34400.0,2020-02-09
533,36.0,North,115500.0,21,04/25/2023,1,36.0,North,115500.0,2023-04-25
11718,67.0,North,87600.0,38,2019-11-15,1,67.0,North,87600.0,2019-11-15
11764,29.0,North,56300.0,11,"November 10, 2024",1,29.0,North,56300.0,2024-11-10
11829,46.0,East,105700.0,93,"April 30, 2015",1,46.0,East,105700.0,2015-04-30
381,43.0,North,"$44,300",23,06/26/2016,0,43.0,North,44300.0,2016-06-26
10059,31.0,East,27800.0,27,"October 20, 2023",1,31.0,East,27800.0,2023-10-20
11849,46.0,North,"$47,200",36,2024-12-16,1,46.0,North,47200.0,2024-12-16
3347,45.0,WEST,31400.0,21,2017-07-05,1,45.0,West,31400.0,2017-07-05
7134,36.0,North,86000.0,6,"August 02, 2021",1,36.0,North,86000.0,2021-08-02
2682,39.0,East,84400.0,59,02/05/2015,0,39.0,East,84400.0,2015-02-05
10196,49.0,East,48900.0,25,27-Aug-2021,1,49.0,East,48900.0,2021-08-27
931,42.0,East,"$25,600",52,"February 05, 2016",1,42.0,East,25600.0,2016-02-05
2627,60.0,,36100.0,17,2015-08-20,1,60.0,Unknown,36100.0,2015-08-20
2527,41.0,east,87300.0,19,2016-02-26,1,41.0,East,87300.0,2016-02-26
8612,35.0,N.,44100.0,32,2021-01-17,1,35.0,North,44100.0,2021-01-17
9673,42.0,North,29000.0,47,16-Aug-2020,1,42.0,North,29000.0,2020-08-16
1060,48.0,East,59000.0,35,2018-08-08,1,48.0,East,59000.0,2018-08-08
10163,41.0,North,15000.0,33,05/28/2023,1,41.0,North,15000.0,2023-05-28
4177,47.0,East,"$63,300",33,08/25/2015,1,47.0,East,63300.0,2015-08-25
7091,28.0,North,"$47,600",6,"December 06, 2015",0,28.0,North,47600.0,2015-12-06
74,48.0,South,61600.0,47,17-Jan-2021,1,48.0,South,61600.0,2021-01-17
5973,39.0,North,87600.0,6,15-Jun-2015,0,39.0,North,87600.0,2015-06-15
3174,43.0, East ,47900.0,68,"September 13, 2021",1,43.0,East,47900.0,2021-09-13
2605,57.0,East,71700.0,1,29-Sep-2023,0,57.0,East,71700.0,2023-09-29
7237,64.0,N.,16300.0,27,2015-02-09,1,64.0,North,16300.0,2015-02-09
1253,32.0,East,34900.0,32,27-Jan-2018,1,32.0,East,34900.0,2018-01-27
4395,27.0,east,29100.0,64,"November 01, 2020",1,27.0,East,29100.0,2020-11-01
10986,66.0,East,49000.0,35,17-Jun-2019,1,66.0,East,49000.0,2019-06-17
10087,60.0,north,"$44,400",11,04/22/2018,0,60.0,North,44400.0,2018-04-22
1865,46.0,West,50600.0,45,"November 13, 2022",1,46.0,West,50600.0,2022-11-13
9654,51.0,East,56300.0,47,11-Apr-2017,1,51.0,East,56300.0,2017-04-11
4604,49.0,North,36300.0,25,08/26/2024,1,49.0,North,36300.0,2024-08-26
9374,44.0,East,86100.0,115,2015-01-21,1,44.0,East,86100.0,2015-01-21
8681,44.0,North,83800.0,49,12/19/2017,1,44.0,North,83800.0,2017-12-19
9317,,,"$54,300",15,22-Feb-2016,1,42.02803042831156,Unknown,54300.0,2016-02-22
9450,30.0,South,35100.0,28,"July 26, 2024",1,30.0,South,35100.0,2024-07-26
9734,43.0,North,54900.0,23,25-Aug-2020,1,43.0,North,54900.0,2020-08-25
8581,19.0,North,41800.0,22,"September 03, 2020",1,19.0,North,41800.0,2020-09-03
11669,56.0,east,52500.0,30,"April 15, 2021",1,56.0,East,52500.0,2021-04-15
10404,23.0,East,71400.0,39,10/26/2021,1,23.0,East,71400.0,2021-10-26
1291,44.0,west,17200.0,20,"August 24, 2022",1,44.0,West,17200.0,2022-08-24
10703,29.0,West,"$63,500",28,20-Apr-2017,0,29.0,West,63500.0,2017-04-20
2996,32.0,North,60500.0,2,06/28/2016,1,32.0,North,60500.0,2016-06-28
4958,18.0,East,64600.0,61,14-Aug-2016,1,18.0,East,64600.0,2016-08-14
6649,29.0,Unknown,16000.0,15,"September 04, 2019",0,29.0,Unknown,16000.0,2019-09-04
6428,27.0,N.,"$18,800",4,01/23/2015,1,27.0,North,18800.0,2015-01-23
816,46.0,North,59600.0,48,2021-01-13,1,46.0,North,59600.0,2021-01-13
7615,22.0,West,38500.0,43,08/16/2019,1,22.0,West,38500.0,2019-08-16
9279,20.0,East,73300.0,6,"February 27, 2015",0,20.0,East,73300.0,2015-02-27
2921,33.0,N.,114700.0,57,"April 08, 2023",0,33.0,North,114700.0,2023-04-08
2639,51.0,north,"$68,200",24,09-Nov-2020,1,51.0,North,68200.0,2020-11-09
11397,48.0,North,62900.0,25,2018-10-08,1,48.0,North,62900.0,2018-10-08
5673,42.0,East,24500.0,20,"November 16, 2020",1,42.0,East,24500.0,2020-11-16
3131,,South,67900.0,87,2024-07-15,1,42.02803042831156,South,67900.0,2024-07-15
8037,40.0,East,"$56,500",36,"October 16, 2020",1,40.0,East,56500.0,2020-10-16
9472,29.0,North,23400.0,34,"March 11, 2020",1,29.0,North,23400.0,2020-03-11
4701,52.0,West,39600.0,53,2019-12-12,1,52.0,West,39600.0,2019-12-12
9622,45.0, North,61000.0,15,2022-07-20,0,45.0,North,61000.0,2022-07-20
2778,36.0, East ,79200.0,44,12/19/2016,1,36.0,East,79200.0,2016-12-19
2223,43.0,west,15000.0,98,03/16/2021,1,43.0,West,15000.0,2021-03-16
8545,61.0,North,"$51,500",17,2018-07-27,1,61.0,North,51500.0,2018-07-27
7098,41.0,West,17500.0,44,05/12/2022,0,41.0,West,17500.0,2022-05-12
7545,24.0,west,128400.0,65,2021-09-26,0,24.0,West,128400.0,2021-09-26
8160,39.0,East,32500.0,22,2017-08-20,1,39.0,East,32500.0,2017-08-20
5281,22.0,North,154000.0,23,"August 10, 2017",1,22.0,North,154000.0,2017-08-10
3720,46.0,East,77900.0,41,2019-07-08,1,46.0,East,77900.0,2019-07-08
11600,41.0,East,41700.0,44,2015-06-19,0,41.0,East,41700.0,2015-06-19
7524,48.0,South,54800.0,28,2017-11-19,1,48.0,South,54800.0,2017-11-19
5752,46.0,North,88800.0,69,08/27/2016,1,46.0,North,88800.0,2016-08-27
3874,26.0,West,81700.0,22,03-Nov-2024,1,26.0,West,81700.0,2024-11-03
10275,38.0,South,41000.0,24,16-May-2018,0,38.0,South,41000.0,2018-05-16
1406,51.0,west,"$25,400",35,23-Nov-2021,1,51.0,West,25400.0,2021-11-23
1700,45.0, East ,30300.0,15,"January 14, 2022",1,45.0,East,30300.0,2022-01-14
9898,41.0,East,46300.0,40,2022-08-09,1,41.0,East,46300.0,2022-08-09
7824,63.0,West,41600.0,15,01/15/2020,1,63.0,West,41600.0,2020-01-15
6164,36.0,North,57500.0,15,"May 10, 2023",1,36.0,North,57500.0,2023-05-10
4719,46.0,East,"$101,800",1,02/07/2024,0,46.0,East,101800.0,2024-02-07
11931,51.0,South,104800.0,1,"July 26, 2019",1,51.0,South,104800.0,2019-07-26
4879,49.0,south ,83100.0,51,"August 16, 2019",1,49.0,South,83100.0,2019-08-16
5928,54.0,SOUTH,31000.0,26,"September 22, 2018",1,54.0,South,31000.0,2018-09-22
9467,40.0,North,33000.0,19,2022-07-25,1,40.0,North,33000.0,2022-07-25
10400,52.0,East,85100.0,28,18-Oct-2024,1,52.0,East,85100.0,2024-10-18
164,31.0,west,37700.0,13,2020-01-16,1,31.0,West,37700.0,2020-01-16
2048,48.0,south ,34500.0,28,2019-05-06,1,48.0,South,34500.0,2019-05-06
9678,51.0,W. ,101800.0,19,11/15/2017,1,51.0,West,101800.0,2017-11-15
6967,61.0,North,"$57,500",12,06-Aug-2024,0,61.0,North,57500.0,2024-08-06
6343,50.0,South,20700.0,11,10/01/2018,0,50.0,South,20700.0,2018-10-01
3361,41.0,East,78000.0,56,"March 18, 2021",1,41.0,East,78000.0,2021-03-18
5295,43.0,west,43000.0,14,08-Mar-2015,1,43.0,West,43000.0,2015-03-08
8601,47.0,North,39300.0,10,30-Jul-2024,0,47.0,North,39300.0,2024-07-30
4119,33.0,North,44500.0,24,2022-05-07,1,33.0,North,44500.0,2022-05-07
5867,38.0,SOUTH,"$79,500",7,29-Mar-2016,1,38.0,South,79500.0,2016-03-29
3413,44.0,East,32600.0,66,2017-01-23,1,44.0,East,32600.0,2017-01-23
5102,63.0,South,39000.0,9,26-Sep-2016,0,63.0,South,39000.0,2016-09-26
642,51.0,West,28600.0,29,"March 10, 2020",1,51.0,West,28600.0,2020-03-10
11088,,west,55300.0,22,2021-04-14,1,42.02803042831156,West,55300.0,2021-04-14
6751,51.0,SOUTH,37100.0,12,01-Apr-2019,1,51.0,South,37100.0,2019-04-01
1344,35.0,,"$23,300",14,"June 24, 2019",1,35.0,Unknown,23300.0,2019-06-24
4481,45.0,E.,"$42,400",37,"March 13, 2015",1,45.0,East,42400.0,2015-03-13
889,18.0,South,99500.0,89,"February 03, 2022",1,18.0,South,99500.0,2022-02-03
9750,48.0,north,"$67,900",8,02/06/2021,1,48.0,North,67900.0,2021-02-06
9278,29.0,South,62800.0,45,21-May-2024,1,29.0,South,62800.0,2024-05-21
3928,24.0, East ,57900.0,63,2016-08-27,1,24.0,East,57900.0,2016-08-27
532,30.0,North,57900.0,30,"December 18, 2021",1,30.0,North,57900.0,2021-12-18
6032,63.0,North,24200.0,13,2024-12-14,1,63.0,North,24200.0,2024-12-14
8003,58.0,S.,47600.0,13,"July 20, 2021",1,58.0,South,47600.0,2021-07-20
7484,18.0,East,73300.0,33,27-Sep-2017,1,18.0,East,73300.0,2017-09-27
7250,35.0,West,47300.0,44,12/20/2024,1,35.0,West,47300.0,2024-12-20
7876,51.0,East,"$53,600",21,06/25/2018,0,51.0,East,53600.0,2018-06-25
10640,60.0,North,61400.0,17,"February 21, 2022",0,60.0,North,61400.0,2022-02-21
1796,38.0,North,107600.0,34,2018-01-03,1,38.0,North,107600.0,2018-01-03
6785,37.0,North,25100.0,41,"December 08, 2020",1,37.0,North,25100.0,2020-12-08
11478,46.0,East,73800.0,8,04-Mar-2015,1,46.0,East,73800.0,2015-03-04
6029,53.0,North,102500.0,15,"January 10, 2019",1,53.0,North,102500.0,2019-01-10
10960,43.0,North,47600.0,67,01/10/2021,1,43.0,North,47600.0,2021-01-10
9864,49.0,South,55300.0,71,2021-12-12,1,49.0,South,55300.0,2021-12-12
2110,45.0,East,37800.0,86,09/01/2018,1,45.0,East,37800.0,2018-09-01
9341,27.0,North,54600.0,60,09/05/2020,0,27.0,North,54600.0,2020-09-05
5682,67.0,SOUTH,58900.0,54,09/26/2019,0,67.0,South,58900.0,2019-09-26
3167,31.0, East ,29700.0,5,07/24/2018,0,31.0,East,29700.0,2018-07-24
267,44.0,North,42400.0,52,30-Jan-2016,1,44.0,North,42400.0,2016-01-30
3764,50.0,E.,71200.0,52,13-Nov-2015,0,50.0,East,71200.0,2015-11-13
361,40.0,South,53700.0,22,28-Feb-2019,1,40.0,South,53700.0,2019-02-28
1461,55.0,North,102300.0,25,10/26/2016,0,55.0,North,102300.0,2016-10-26
953,48.0,north,"$33,400",11,31-Mar-2021,1,48.0,North,33400.0,2021-03-31
2161,35.0,South,"$44,000",85,06-Nov-2015,1,35.0,South,44000.0,2015-11-06
1800,36.0,North,20400.0,31,05/22/2023,1,36.0,North,20400.0,2023-05-22
7469,44.0,West,36700.0,34,02/02/2021,0,44.0,West,36700.0,2021-02-02
9767,38.0,West,84600.0,35,19-Feb-2023,1,38.0,West,84600.0,2023-02-19
8125,60.0,East,128700.0,88,2017-01-18,0,60.0,East,128700.0,2017-01-18
7001,23.0,West,111200.0,57,"July 17, 2018",1,23.0,West,111200.0,2018-07-17
9760,49.0,South,44100.0,38,02/23/2020,0,49.0,South,44100.0,2020-02-23
3338,48.0,SOUTH,41100.0,63,05/27/2016,0,48.0,South,41100.0,2016-05-27
5428,43.0,SOUTH,77700.0,13,28-Mar-2023,0,43.0,South,77700.0,2023-03-28
10035,,North,38300.0,14,"August 05, 2020",1,42.02803042831156,North,38300.0,2020-08-05
10401,22.0,SOUTH,32300.0,29,23-Oct-2020,1,22.0,South,32300.0,2020-10-23
7712,55.0,West,68100.0,49,"February 21, 2017",1,55.0,West,68100.0,2017-02-21
8933,29.0,North,41600.0,21,09/15/2015,1,29.0,North,41600.0,2015-09-15
8947,18.0,North,72700.0,63,2023-04-09,1,18.0,North,72700.0,2023-04-09
9571,54.0,North,"$34,000",10,14-Jul-2017,1,54.0,North,34000.0,2017-07-14
6565,58.0,west,"$28,700",33,01/08/2022,1,58.0,West,28700.0,2022-01-08
9173,45.0,West,84100.0,51,05/28/2018,0,45.0,West,84100.0,2018-05-28
2101,45.0,SOUTH,28200.0,20,06-Oct-2021,1,45.0,South,28200.0,2021-10-06
8479,25.0,South,59300.0,29,"June 09, 2018",0,25.0,South,59300.0,2018-06-09
6725,48.0,E.,43700.0,53,02/07/2023,1,48.0,East,43700.0,2023-02-07
9347,32.0,South,62500.0,4,"March 12, 2022",1,32.0,South,62500.0,2022-03-12
5176,,South,23900.0,11,"May 25, 2019",0,42.02803042831156,South,23900.0,2019-05-25
9704,42.0,South,37200.0,17,"March 10, 2019",1,42.0,South,37200.0,2019-03-10
4232,51.0,,39500.0,38,"October 13, 2016",1,51.0,Unknown,39500.0,2016-10-13
11163,30.0,West,70500.0,94,2017-07-04,1,30.0,West,70500.0,2017-07-04
8404,50.0,E.,73100.0,15,30-Jan-2015,1,50.0,East,73100.0,2015-01-30
3165,,South,38100.0,15,2019-06-17,1,42.02803042831156,South,38100.0,2019-06-17
8467,32.0, East ,33000.0,20,"September 18, 2022",1,32.0,East,33000.0,2022-09-18
11419,44.0,East,"$48,200",5,2018-09-09,1,44.0,East,48200.0,2018-09-09
89,48.0,West,26000.0,61,07/17/2018,1,48.0,West,26000.0,2018-07-17
10991,50.0,South,54400.0,13,"December 30, 2017",1,50.0,South,54400.0,2017-12-30
2325,18.0,North,73800.0,26,04/11/2019,1,18.0,North,73800.0,2019-04-11
8491,46.0,West,47100.0,13,10/21/2024,1,46.0,West,47100.0,2024-10-21
8013,44.0,East,"$46,200",24,15-Mar-2023,0,44.0,East,46200.0,2023-03-15
11895,31.0,West,93200.0,21,29-Jan-2018,1,31.0,West,93200.0,2018-01-29
3777,30.0,N.,"$32,000",44,09/28/2017,0,30.0,North,32000.0,2017-09-28
316,,East,49400.0,77,"May 28, 2021",0,42.02803042831156,East,49400.0,2021-05-28
10344,24.0,East,87200.0,49,"March 04, 2020",1,24.0,East,87200.0,2020-03-04
7759,35.0,E.,35800.0,25,"March 15, 2019",1,35.0,East,35800.0,2019-03-15
3118,40.0,North,80800.0,23,2023-05-03,1,40.0,North,80800.0,2023-05-03
4619,78.0,North,105600.0,69,"July 01, 2021",0,78.0,North,105600.0,2021-07-01
2021,42.0,North,58800.0,105,21-Aug-2015,1,42.0,North,58800.0,2015-08-21
2003,48.0,East,149400.0,24,04-Jun-2016,0,48.0,East,149400.0,2016-06-04
2975,44.0,East,24900.0,18,"May 28, 2021",1,44.0,East,24900.0,2021-05-28
1276,42.0,North,"$42,400",24,"December 08, 2019",1,42.0,North,42400.0,2019-12-08
7278,39.0,North,62400.0,17,2024-06-04,1,39.0,North,62400.0,2024-06-04
10606,53.0,South,38100.0,42,2016-04-30,0,53.0,South,38100.0,2016-04-30
529,45.0,,61600.0,5,25-Dec-2022,0,45.0,Unknown,61600.0,2022-12-25
6189,64.0,south ,"$64,400",4,10/22/2022,1,64.0,South,64400.0,2022-10-22
4405,41.0,North,68300.0,58,,1,41.0,North,68300.0,
9698,54.0,east,"$68,200",41,2016-09-15,1,54.0,East,68200.0,2016-09-15
3599,19.0,West,"$45,900",83,"September 20, 2018",1,19.0,West,45900.0,2018-09-20
5231,53.0,SOUTH,55300.0,24,12/05/2024,0,53.0,South,55300.0,2024-12-05
3682,49.0,,42400.0,15,"July 16, 2016",1,49.0,Unknown,42400.0,2016-07-16
1319,23.0,WEST,25600.0,45,19-Nov-2021,1,23.0,West,25600.0,2021-11-19
6744,61.0,East,64700.0,109,2017-05-25,0,61.0,East,64700.0,2017-05-25
7086,41.0,North,35400.0,21,01/27/2020,1,41.0,North,35400.0,2020-01-27
5779,59.0,SOUTH,17000.0,38,"September 22, 2022",1,59.0,South,17000.0,2022-09-22
3035,56.0,East,89200.0,15,2015-12-23,1,56.0,East,89200.0,2015-12-23
6384,27.0,East,66200.0,11,12/08/2019,1,27.0,East,66200.0,2019-12-08
10573,37.0,South,62700.0,31,22-Mar-2021,1,37.0,South,62700.0,2021-03-22
4812,37.0,East,15100.0,145,11-May-2016,1,37.0,East,15100.0,2016-05-11
11621,43.0,East,"$37,700",10,"July 02, 2023",0,43.0,East,37700.0,2023-07-02
10809,32.0, North,"$46,300",23,"December 07, 2022",1,32.0,North,46300.0,2022-12-07
1167,74.0,West,43000.0,30,07/11/2016,1,74.0,West,43000.0,2016-07-11
4726,57.0,west,103100.0,12,03-Dec-2021,0,57.0,West,103100.0,2021-12-03
11456,39.0,East,35200.0,88,31-May-2015,1,39.0,East,35200.0,2015-05-31
11801,42.0,East,26200.0,15,2024-05-06,1,42.0,East,26200.0,2024-05-06
6237,40.0,East,27000.0,36,"December 06, 2016",1,40.0,East,27000.0,2016-12-06
11064,46.0,South,55500.0,114,"October 22, 2019",1,46.0,South,55500.0,2019-10-22
1223,47.0,East,71200.0,26,2017-07-13,1,47.0,East,71200.0,2017-07-13
6605,51.0,North,71200.0,5,10/11/2016,1,51.0,North,71200.0,2016-10-11
4944,32.0,west,98800.0,24,"May 06, 2019",1,32.0,West,98800.0,2019-05-06
4256,55.0,East,148700.0,26,05/07/2023,1,55.0,East,148700.0,2023-05-07
6884,37.0,NORTH,"$71,900",40,30-Jul-2023,1,37.0,North,71900.0,2023-07-30
1983,42.0,East,55800.0,39,2017-04-30,1,42.0,East,55800.0,2017-04-30
11628,39.0,East,32800.0,52,15-Jan-2015,1,39.0,East,32800.0,2015-01-15
4021,45.0, North,56700.0,62,"December 28, 2018",1,45.0,North,56700.0,2018-12-28
8564,45.0,North,43800.0,39,"October 10, 2019",1,45.0,North,43800.0,2019-10-10
3483,55.0,North,"$130,500",14,"December 03, 2017",1,55.0,North,130500.0,2017-12-03
7067,54.0,west,"$105,000",40,2023-01-06,1,54.0,West,105000.0,2023-01-06
10324,57.0, North,24200.0,27,12/19/2022,1,57.0,North,24200.0,2022-12-19
1539,30.0,West,39600.0,65,11-Jan-2019,1,30.0,West,39600.0,2019-01-11
2745,55.0,East,120400.0,64,2019-01-13,1,55.0,East,120400.0,2019-01-13
1554,37.0,East,30200.0,44,30-Apr-2016,0,37.0,East,30200.0,2016-04-30
7342,51.0,North,21200.0,15,03/23/2021,1,51.0,North,21200.0,2021-03-23
2818,52.0,South,91900.0,15,"July 26, 2015",1,52.0,South,91900.0,2015-07-26
7961,18.0,E.,56200.0,50,2016-02-27,1,18.0,East,56200.0,2016-02-27
8811,35.0,West,35500.0,13,01/01/2024,0,35.0,West,35500.0,2024-01-01
2382,52.0,North,27800.0,38,"February 02, 2018",1,52.0,North,27800.0,2018-02-02
5187,50.0,South,36900.0,9,17-Sep-2015,0,50.0,South,36900.0,2015-09-17
4527,39.0,east,,21,24-Sep-2022,1,39.0,East,49400.0,2022-09-24
3525,30.0,West,48900.0,58,24-Oct-2015,1,30.0,West,48900.0,2015-10-24
2630,41.0,east,22200.0,27,"June 11, 2024",1,41.0,East,22200.0,2024-06-11
4124,47.0,E.,15000.0,20,2023-10-02,1,47.0,East,15000.0,2023-10-02
11803,34.0,East,41400.0,31,10/30/2022,0,34.0,East,41400.0,2022-10-30
2767,18.0,East,78200.0,29,"March 02, 2024",0,18.0,East,78200.0,2024-03-02
1657,,North,29100.0,16,10/28/2016,0,42.02803042831156,North,29100.0,2016-10-28
4819,50.0,North,47600.0,12,12/06/2021,1,50.0,North,47600.0,2021-12-06
7897,25.0,South,"$80,500",21,05/22/2018,1,25.0,South,80500.0,2018-05-22
9162,56.0,East,15000.0,20,"June 22, 2017",1,56.0,East,15000.0,2017-06-22
7744,48.0,West,,45,22-Dec-2017,1,48.0,West,49400.0,2017-12-22
1844,23.0,South,25500.0,18,30-Mar-2018,1,23.0,South,25500.0,2018-03-30
6843,52.0,south ,"$74,300",25,07-Jul-2016,1,52.0,South,74300.0,2016-07-07
3152,30.0,North,"$58,600",7,2024-02-19,1,30.0,North,58600.0,2024-02-19
3387,42.0,North,64000.0,80,19-Aug-2016,1,42.0,North,64000.0,2016-08-19
9404,51.0,South,45600.0,66,09/05/2019,1,51.0,South,45600.0,2019-09-05
4026,,East,50800.0,144,19-Apr-2015,0,42.02803042831156,East,50800.0,2015-04-19
9621,35.0,West,33200.0,57,"May 14, 2015",1,35.0,West,33200.0,2015-05-14
11984,43.0,West,57500.0,11,07-Jun-2020,1,43.0,West,57500.0,2020-06-07
427,52.0,East,28900.0,61,01/10/2016,1,52.0,East,28900.0,2016-01-10
4095,49.0,East,48900.0,20,2018-10-16,1,49.0,East,48900.0,2018-10-16
5575,57.0,N.,58600.0,86,2017-02-09,1,57.0,North,58600.0,2017-02-09
1924,57.0,East,99200.0,62,07/22/2019,1,57.0,East,99200.0,2019-07-22
6224,52.0,E.,37900.0,19,05/14/2022,0,52.0,East,37900.0,2022-05-14
7055,54.0,South,67100.0,13,2019-09-20,0,54.0,South,67100.0,2019-09-20
8597,42.0,South,34600.0,83,07-Jun-2016,0,42.0,South,34600.0,2016-06-07
8684,42.0,north,87600.0,24,02/25/2015,1,42.0,North,87600.0,2015-02-25
6178,42.0,East,23800.0,36,2024-05-09,1,42.0,East,23800.0,2024-05-09
6899,29.0,South,"$21,200",64,10/25/2016,1,29.0,South,21200.0,2016-10-25
9017,37.0,East,26100.0,32,"March 24, 2017",1,37.0,East,26100.0,2017-03-24
2543,38.0,west,63300.0,23,30-Jan-2016,1,38.0,West,63300.0,2016-01-30
8186,26.0,N.,21900.0,32,07/30/2018,1,26.0,North,21900.0,2018-07-30
10983,40.0,North,47100.0,27,13-Apr-2018,1,40.0,North,47100.0,2018-04-13
9184,62.0,SOUTH,"$63,300",107,05/16/2018,1,62.0,South,63300.0,2018-05-16
3516,38.0,South,21700.0,74,12/14/2016,1,38.0,South,21700.0,2016-12-14
7032,64.0, North,75100.0,17,"August 28, 2024",1,64.0,North,75100.0,2024-08-28
5808,40.0,North,17600.0,15,"December 31, 2020",1,40.0,North,17600.0,2020-12-31
4970,46.0,South,24200.0,18,2021-03-24,0,46.0,South,24200.0,2021-03-24
9981,25.0,North,81100.0,137,"November 30, 2024",0,25.0,North,81100.0,2024-11-30
7020,43.0,S.,62500.0,29,25-Jun-2018,0,43.0,South,62500.0,2018-06-25
6388,22.0,Unknown,36800.0,91,30-Sep-2020,1,22.0,Unknown,36800.0,2020-09-30
10380,24.0,West,88400.0,18,19-Oct-2016,1,24.0,West,88400.0,2016-10-19
10338,47.0, East ,22000.0,82,26-Jul-2023,1,47.0,East,22000.0,2023-07-26
6157,20.0,WEST,71700.0,18,"July 27, 2023",1,20.0,West,71700.0,2023-07-27
11656,45.0,South,33200.0,27,2017-08-08,1,45.0,South,33200.0,2017-08-08
6549,18.0,SOUTH,53200.0,15,08-May-2019,0,18.0,South,53200.0,2019-05-08
7242,30.0,East,52600.0,85,2024-02-20,1,30.0,East,52600.0,2024-02-20
7364,58.0,North,"$89,900",32,09-Mar-2022,0,58.0,North,89900.0,2022-03-09
7477,,East,40000.0,20,"September 30, 2015",0,42.02803042831156,East,40000.0,2015-09-30
1842,42.0,West,53800.0,8,03-Nov-2022,0,42.0,West,53800.0,2022-11-03
5401,38.0,W. ,128500.0,9,29-Dec-2019,1,38.0,West,128500.0,2019-12-29
1210,46.0,E.,32000.0,16,2018-10-07,1,46.0,East,32000.0,2018-10-07
475,50.0,East,"$56,800",40,18-May-2019,0,50.0,East,56800.0,2019-05-18
3312,50.0,E.,59100.0,38,14-Oct-2015,1,50.0,East,59100.0,2015-10-14
8408,20.0,East,20900.0,107,01/09/2017,1,20.0,East,20900.0,2017-01-09
4597,37.0,East,56200.0,44,2022-10-30,0,37.0,East,56200.0,2022-10-30
3236,49.0,E.,57300.0,36,24-Apr-2017,1,49.0,East,57300.0,2017-04-24
7657,28.0,West,29700.0,50,29-Sep-2023,1,28.0,West,29700.0,2023-09-29
10712,,West,142500.0,23,"January 28, 2018",1,42.02803042831156,West,142500.0,2018-01-28
9776,45.0,South,40200.0,45,2023-07-27,1,45.0,South,40200.0,2023-07-27
11706,21.0,east,76800.0,52,2020-04-12,1,21.0,East,76800.0,2020-04-12
9323,24.0, East ,137900.0,23,18-Dec-2024,1,24.0,East,137900.0,2024-12-18
11231,31.0,North,128800.0,3,"May 22, 2023",1,31.0,North,128800.0,2023-05-22
7449,,West,43100.0,59,2019-10-26,1,42.02803042831156,West,43100.0,2019-10-26
10256,47.0,South,79200.0,38,05-Aug-2015,1,47.0,South,79200.0,2015-08-05
5061,28.0,North,66000.0,110,10/20/2024,1,28.0,North,66000.0,2024-10-20
4408,45.0,West,31800.0,11,2021-07-29,1,45.0,West,31800.0,2021-07-29
132,24.0,North,39400.0,16,01-Aug-2020,1,24.0,North,39400.0,2020-08-01
5411,52.0, North,44900.0,5,2023-04-07,1,52.0,North,44900.0,2023-04-07
1342,48.0, East ,"$44,000",88,06/22/2021,1,48.0,East,44000.0,2021-06-22
2185,19.0,South,35000.0,20,2024-04-04,1,19.0,South,35000.0,2024-04-04
11560,34.0,North,38300.0,51,2020-02-03,0,34.0,North,38300.0,2020-02-03
8787,63.0,North,"$78,900",6,03-Jan-2018,1,63.0,North,78900.0,2018-01-03
6729,66.0,West,54000.0,48,2023-02-27,1,66.0,West,54000.0,2023-02-27
9003,43.0,East,62300.0,151,02/19/2021,0,43.0,East,62300.0,2021-02-19
7947,50.0,East,22900.0,19,28-Apr-2018,1,50.0,East,22900.0,2018-04-28
248,66.0,East,78800.0,47,05-May-2015,1,66.0,East,78800.0,2015-05-05
11390,36.0,East,53600.0,123,"June 18, 2018",1,36.0,East,53600.0,2018-06-18
30,48.0,West,37700.0,14,2017-02-19,1,48.0,West,37700.0,2017-02-19
5828,75.0,East,42000.0,29,04/12/2023,0,75.0,East,42000.0,2023-04-12
7571,18.0,South,"$57,100",32,2017-12-21,1,18.0,South,57100.0,2017-12-21
7408,34.0,South,99600.0,27,"May 15, 2016",1,34.0,South,99600.0,2016-05-15
7574,48.0,West,36900.0,40,01/13/2016,1,48.0,West,36900.0,2016-01-13
4843,22.0,East,32600.0,31,20-Jun-2019,0,22.0,East,32600.0,2019-06-20
10985,29.0,South,"$62,300",28,29-Mar-2017,1,29.0,South,62300.0,2017-03-29
6172,18.0,East,41800.0,25,02/04/2021,1,18.0,East,41800.0,2021-02-04
5974,41.0,E.,54300.0,39,2015-05-25,0,41.0,East,54300.0,2015-05-25
11556,25.0,North,101200.0,55,24-Oct-2019,1,25.0,North,101200.0,2019-10-24
10167,36.0,Unknown,36500.0,62,23-Jan-2018,1,36.0,Unknown,36500.0,2018-01-23
4667,59.0,S.,41300.0,32,,0,59.0,South,41300.0,
634,18.0,East,"$141,400",34,"January 13, 2018",0,18.0,East,141400.0,2018-01-13
8239,47.0,South,29700.0,34,2020-01-12,1,47.0,South,29700.0,2020-01-12
8153,32.0,N.,"$20,300",25,"January 06, 2021",1,32.0,North,20300.0,2021-01-06
11809,,West,48900.0,56,15-Mar-2017,1,42.02803042831156,West,48900.0,2017-03-15
4746,45.0,north,169600.0,5,2021-08-12,0,45.0,North,169600.0,2021-08-12
11572,48.0,North,48600.0,82,10/03/2018,0,48.0,North,48600.0,2018-10-03
869,34.0, East ,47800.0,41,"September 15, 2024",1,34.0,East,47800.0,2024-09-15
9513,63.0,South,53900.0,28,07/28/2019,1,63.0,South,53900.0,2019-07-28
9642,37.0,East,53400.0,42,24-Dec-2017,1,37.0,East,53400.0,2017-12-24
4924,25.0,NORTH,98400.0,42,12-Oct-2016,1,25.0,North,98400.0,2016-10-12
7166,,South,55200.0,143,07/17/2021,1,42.02803042831156,South,55200.0,2021-07-17
9736,23.0,North,39400.0,30,11/21/2015,1,23.0,North,39400.0,2015-11-21
7614,35.0,E.,47300.0,20,17-Sep-2019,1,35.0,East,47300.0,2019-09-17
6120,36.0, North,63700.0,58,"February 17, 2015",1,36.0,North,63700.0,2015-02-17
4130,29.0,North,24900.0,31,2019-03-23,1,29.0,North,24900.0,2019-03-23
3560,31.0, North,25700.0,25,16-Dec-2015,0,31.0,North,25700.0,2015-12-16
2504,48.0,south ,21600.0,19,07/02/2020,1,48.0,South,21600.0,2020-07-02
3568,27.0,North,28700.0,74,2019-06-26,1,27.0,North,28700.0,2019-06-26
4694,32.0,West,64000.0,21,"September 04, 2022",0,32.0,West,64000.0,2022-09-04
11251,37.0,South,"$50,300",47,20-Apr-2020,1,37.0,South,50300.0,2020-04-20
861,29.0,South,33500.0,77,"November 10, 2016",1,29.0,South,33500.0,2016-11-10
7786,70.0,North,27800.0,15,,1,70.0,North,27800.0,
4106,52.0,North,109200.0,32,08/04/2023,1,52.0,North,109200.0,2023-08-04
10331,53.0,East,"$51,100",33,11/26/2015,0,53.0,East,51100.0,2015-11-26
7219,41.0,East,45400.0,71,05/09/2018,0,41.0,East,45400.0,2018-05-09
10177,39.0,SOUTH,142100.0,47,23-Dec-2022,1,39.0,South,142100.0,2022-12-23
4886,37.0,West,45000.0,30,09/28/2018,1,37.0,West,45000.0,2018-09-28
2311,53.0, North,44100.0,19,"February 22, 2022",1,53.0,North,44100.0,2022-02-22
2760,53.0,South,56800.0,48,09/11/2016,1,53.0,South,56800.0,2016-09-11
10724,29.0,North,80100.0,12,07/16/2024,1,29.0,North,80100.0,2024-07-16
6976,18.0,West,33100.0,28,2015-05-03,1,18.0,West,33100.0,2015-05-03
849,33.0,South,57800.0,60,04/27/2024,1,33.0,South,57800.0,2024-04-27
1244,35.0,south ,49400.0,50,08/11/2018,1,35.0,South,49400.0,2018-08-11
4714,31.0,SOUTH,"$59,500",18,12-Jul-2015,1,31.0,South,59500.0,2015-07-12
5326,63.0,South,64700.0,9,"September 19, 2017",0,63.0,South,64700.0,2017-09-19
6503,78.0,South,33400.0,21,"June 19, 2022",1,78.0,South,33400.0,2022-06-19
11238,29.0,South,"$37,800",32,01/13/2018,1,29.0,South,37800.0,2018-01-13
6180,28.0,South,49700.0,18,2017-06-18,1,28.0,South,49700.0,2017-06-18
1181,25.0,,"$33,100",46,2024-06-15,1,25.0,Unknown,33100.0,2024-06-15
3461,43.0,North,35900.0,24,"December 19, 2019",1,43.0,North,35900.0,2019-12-19
6494,41.0,North,72400.0,8,"December 07, 2024",0,41.0,North,72400.0,2024-12-07
2372,39.0,South,140900.0,9,02/26/2019,0,39.0,South,140900.0,2019-02-26
7175,62.0,North,"$34,100",84,22-May-2024,1,62.0,North,34100.0,2024-05-22
10382,35.0,North,55900.0,56,10/01/2020,0,35.0,North,55900.0,2020-10-01
9948,37.0,West,43800.0,13,"October 04, 2019",1,37.0,West,43800.0,2019-10-04
4012,45.0,West,39600.0,82,"November 27, 2023",0,45.0,West,39600.0,2023-11-27
5573,22.0,South,39900.0,17,05-Dec-2020,0,22.0,South,39900.0,2020-12-05
6960,40.0,West,66500.0,15,2022-09-26,0,40.0,West,66500.0,2022-09-26
1049,30.0,East,46400.0,9,2023-04-29,1,30.0,East,46400.0,2023-04-29
5035,55.0,South,45200.0,43,06-Mar-2023,0,55.0,South,45200.0,2023-03-06
4492,,East,52800.0,91,2018-03-26,1,42.02803042831156,East,52800.0,2018-03-26
9055,48.0,West,43800.0,39,10/03/2016,1,48.0,West,43800.0,2016-10-03
3864,63.0,South,"$61,900",6,06/02/2018,1,63.0,South,61900.0,2018-06-02
4811,43.0,North,44700.0,31,2023-02-20,1,43.0,North,44700.0,2023-02-20
2552,41.0,East,58200.0,7,2016-09-30,1,41.0,East,58200.0,2016-09-30
2432,55.0,east,46000.0,45,18-Aug-2020,1,55.0,East,46000.0,2020-08-18
3798,28.0,East,"$30,100",17,"December 23, 2017",1,28.0,East,30100.0,2017-12-23
8185,40.0,East,54500.0,20,17-Mar-2016,1,40.0,East,54500.0,2016-03-17
311,57.0,South,"$90,300",47,"April 18, 2015",1,57.0,South,90300.0,2015-04-18
1619,46.0,North,38900.0,34,"November 09, 2016",1,46.0,North,38900.0,2016-11-09
1093,52.0,West,"$82,700",22,16-Sep-2024,1,52.0,West,82700.0,2024-09-16
1941,25.0,South,59500.0,15,"April 07, 2015",1,25.0,South,59500.0,2015-04-07
6665,33.0,north,"$50,800",72,"April 01, 2016",1,33.0,North,50800.0,2016-04-01
3826,39.0,East,53600.0,35,25-Dec-2016,0,39.0,East,53600.0,2016-12-25
5876,56.0,East,19000.0,5,20-Jul-2019,1,56.0,East,19000.0,2019-07-20
1230,49.0,E.,44400.0,20,2022-03-13,1,49.0,East,44400.0,2022-03-13
6821,40.0,North,124600.0,105,03-Apr-2016,1,40.0,North,124600.0,2016-04-03
4856,58.0,North,61900.0,24,"November 27, 2017",0,58.0,North,61900.0,2017-11-27
1475,40.0,West,"$92,600",53,10-Oct-2017,0,40.0,West,92600.0,2017-10-10
1734,23.0,West,91700.0,65,13-Aug-2018,0,23.0,West,91700.0,2018-08-13
2629,31.0,West,18900.0,79,"September 20, 2018",1,31.0,West,18900.0,2018-09-20
11256,47.0,North,"$56,800",18,2019-05-19,0,47.0,North,56800.0,2019-05-19
2623,62.0,W. ,31500.0,20,2023-06-11,1,62.0,West,31500.0,2023-06-11
9586,43.0,South,37600.0,15,07-Jul-2024,1,43.0,South,37600.0,2024-07-07
7798,30.0,WEST,29600.0,29,2023-11-12,1,30.0,West,29600.0,2023-11-12
6460,54.0,E.,"$53,200",47,,1,54.0,East,53200.0,
4563,,West,"$55,100",44,03/31/2020,1,42.02803042831156,West,55100.0,2020-03-31
4350,49.0,South,34700.0,15,2017-03-25,0,49.0,South,34700.0,2017-03-25
11911,21.0,West,37100.0,22,01-Jun-2019,0,21.0,West,37100.0,2019-06-01
2835,48.0,S.,108500.0,14,"July 25, 2017",0,48.0,South,108500.0,2017-07-25
10598,40.0,South,"$42,100",14,01/26/2016,1,40.0,South,42100.0,2016-01-26
3010,52.0,East,33000.0,45,2024-08-23,1,52.0,East,33000.0,2024-08-23
763,52.0,S.,41100.0,14,16-Jun-2015,0,52.0,South,41100.0,2015-06-16
7445,41.0,West,22700.0,18,02/23/2016,1,41.0,West,22700.0,2016-02-23
5111,40.0,East,45900.0,21,"November 24, 2020",1,40.0,East,45900.0,2020-11-24
3891,26.0,West,61100.0,37,04/06/2019,1,26.0,West,61100.0,2019-04-06
6811,47.0,North,46400.0,29,26-Aug-2019,1,47.0,North,46400.0,2019-08-26
11700,39.0,North,25600.0,27,26-Dec-2016,0,39.0,North,25600.0,2016-12-26
11749,45.0,East,32200.0,109,08/13/2016,0,45.0,East,32200.0,2016-08-13
9159,34.0,south ,76500.0,50,03/14/2020,0,34.0,South,76500.0,2020-03-14
3315,56.0,North,52400.0,8,08/18/2018,0,56.0,North,52400.0,2018-08-18
3442,43.0,West,29500.0,55,05/14/2023,1,43.0,West,29500.0,2023-05-14
8875,40.0,WEST,30800.0,65,"June 05, 2015",1,40.0,West,30800.0,2015-06-05
6833,54.0,west,42900.0,28,01/01/2016,0,54.0,West,42900.0,2016-01-01
4960,,North,"$123,800",61,"April 17, 2020",0,42.02803042831156,North,123800.0,2020-04-17
10739,25.0,East,63700.0,65,,1,25.0,East,63700.0,
992,61.0,North,104500.0,25,12-Mar-2020,0,61.0,North,104500.0,2020-03-12
915,55.0,North,66400.0,33,"October 13, 2016",1,55.0,North,66400.0,2016-10-13
11380,61.0,WEST,31900.0,13,04/06/2024,1,61.0,West,31900.0,2024-04-06
11428,51.0,west,37500.0,12,25-Nov-2020,1,51.0,West,37500.0,2020-11-25
8378,36.0,West,61000.0,25,13-Nov-2016,1,36.0,West,61000.0,2016-11-13
9115,54.0,E.,24600.0,28,09-Jun-2021,1,54.0,East,24600.0,2021-06-09
3655,50.0,East,78900.0,19,29-Apr-2019,1,50.0,East,78900.0,2019-04-29
6865,38.0,West,148600.0,61,2017-01-15,0,38.0,West,148600.0,2017-01-15
9812,22.0,North,23700.0,42,2021-02-12,1,22.0,North,23700.0,2021-02-12
10023,42.0, North,59100.0,72,10/09/2023,1,42.0,North,59100.0,2023-10-09
2485,41.0,South,74200.0,42,2015-07-07,1,41.0,South,74200.0,2015-07-07
3149,65.0,S.,70800.0,182,2024-08-17,0,65.0,South,70800.0,2024-08-17
32,37.0,North,71400.0,9,26-Jan-2024,1,37.0,North,71400.0,2024-01-26
972,41.0,South,27200.0,59,2021-01-28,0,41.0,South,27200.0,2021-01-28
10757,51.0,West,41700.0,37,08/06/2023,1,51.0,West,41700.0,2023-08-06
3963,49.0,NORTH,59200.0,27,07/26/2020,1,49.0,North,59200.0,2020-07-26
5561,63.0,South,"$53,600",49,03/23/2019,1,63.0,South,53600.0,2019-03-23
1117,57.0,West,"$81,600",26,03/06/2020,1,57.0,West,81600.0,2020-03-06
5806,37.0,East,37800.0,8,"November 26, 2023",1,37.0,East,37800.0,2023-11-26
157,44.0,South,43400.0,16,19-Sep-2016,1,44.0,South,43400.0,2016-09-19
7608,27.0,N.,56000.0,12,"April 17, 2021",1,27.0,North,56000.0,2021-04-17
2468,59.0,S.,"$115,800",57,"May 24, 2017",1,59.0,South,115800.0,2017-05-24
832,62.0,West,68100.0,26,10/12/2020,1,62.0,West,68100.0,2020-10-12
5455,33.0,South,34500.0,52,04/15/2016,1,33.0,South,34500.0,2016-04-15
9028,33.0,East,22000.0,32,2024-06-13,0,33.0,East,22000.0,2024-06-13
2826,40.0,West,,28,06-Aug-2019,1,40.0,West,49400.0,2019-08-06
8695,53.0,West,46200.0,10,"January 17, 2020",1,53.0,West,46200.0,2020-01-17
6461,59.0,E.,"$59,500",52,2020-06-06,1,59.0,East,59500.0,2020-06-06
6695,36.0,North,71300.0,32,2019-04-22,1,36.0,North,71300.0,2019-04-22
9182,36.0,South,35700.0,45,"September 06, 2023",1,36.0,South,35700.0,2023-09-06
9116,,South,29900.0,39,"December 16, 2015",1,42.02803042831156,South,29900.0,2015-12-16
7369,60.0,West,"$26,000",49,14-Dec-2021,0,60.0,West,26000.0,2021-12-14
2045,24.0,E.,37500.0,7,01/06/2017,1,24.0,East,37500.0,2017-01-06
8442,,West,24600.0,30,04/30/2017,1,42.02803042831156,West,24600.0,2017-04-30
2684,33.0,south ,62300.0,3,"June 28, 2018",1,33.0,South,62300.0,2018-06-28
1347,46.0,NORTH,89300.0,106,2022-06-21,1,46.0,North,89300.0,2022-06-21
2078,43.0,West,"$24,200",46,2016-06-19,1,43.0,West,24200.0,2016-06-19
11536,66.0,North,54800.0,47,06/09/2018,1,66.0,North,54800.0,2018-06-09
6688,28.0,East,63000.0,24,2017-08-25,0,28.0,East,63000.0,2017-08-25
3654,51.0,WEST,40400.0,73,"January 29, 2015",1,51.0,West,40400.0,2015-01-29
356,45.0,North,53800.0,53,"March 24, 2016",1,45.0,North,53800.0,2016-03-24
745,,East,41500.0,39,02/23/2023,1,42.02803042831156,East,41500.0,2023-02-23
7194,29.0,west,70800.0,115,"November 19, 2015",1,29.0,West,70800.0,2015-11-19
9037,23.0,East,62000.0,8,17-Nov-2017,0,23.0,East,62000.0,2017-11-17
724,23.0,West,69200.0,51,2024-11-15,0,23.0,West,69200.0,2024-11-15
1977,18.0,N.,56400.0,21,"October 01, 2017",1,18.0,North,56400.0,2017-10-01
2956,29.0,South,45400.0,13,11/29/2024,1,29.0,South,45400.0,2024-11-29
4341,18.0,north,85200.0,20,"August 30, 2024",0,18.0,North,85200.0,2024-08-30
2215,31.0, North,22800.0,33,"October 13, 2019",1,31.0,North,22800.0,2019-10-13
5395,46.0,North,47000.0,30,15-Jul-2023,1,46.0,North,47000.0,2023-07-15
4645,41.0,WEST,68900.0,34,"February 29, 2024",1,41.0,West,68900.0,2024-02-29
3871,42.0,East,52100.0,9,2024-10-29,1,42.0,East,52100.0,2024-10-29
5843,42.0,West,20600.0,22,08/01/2019,1,42.0,West,20600.0,2019-08-01
11255,,E.,70000.0,61,28-Mar-2024,1,42.02803042831156,East,70000.0,2024-03-28
1259,65.0,East,94100.0,86,08/04/2019,1,65.0,East,94100.0,2019-08-04
11181,38.0,S.,31000.0,45,07/31/2022,1,38.0,South,31000.0,2022-07-31
8278,38.0,North,36300.0,34,07/11/2024,1,38.0,North,36300.0,2024-07-11
747,65.0,E.,46200.0,44,06/18/2023,1,65.0,East,46200.0,2023-06-18
5277,44.0,North,37100.0,34,"December 28, 2019",1,44.0,North,37100.0,2019-12-28
1868,51.0,North,21700.0,26,25-Jul-2023,1,51.0,North,21700.0,2023-07-25
9508,40.0,North,61700.0,7,2017-01-09,1,40.0,North,61700.0,2017-01-09
6187,45.0,East,38100.0,37,06-Nov-2023,1,45.0,East,38100.0,2023-11-06
9155,48.0,West,73900.0,30,02/22/2022,1,48.0,West,73900.0,2022-02-22
266,55.0,North,58000.0,58,2018-06-04,0,55.0,North,58000.0,2018-06-04
2429,42.0,east,31400.0,62,"November 25, 2020",0,42.0,East,31400.0,2020-11-25
11279,46.0,North,"$22,100",23,2023-09-05,1,46.0,North,22100.0,2023-09-05
3140,68.0,West,,51,2016-04-24,1,68.0,West,49400.0,2016-04-24
10262,49.0, East ,42600.0,88,"November 05, 2023",1,49.0,East,42600.0,2023-11-05
7699,36.0,North,86500.0,23,2020-06-01,1,36.0,North,86500.0,2020-06-01
4534,23.0,North,66000.0,87,"November 30, 2022",0,23.0,North,66000.0,2022-11-30
9993,35.0,S.,"$75,700",65,2019-08-15,1,35.0,South,75700.0,2019-08-15
10428,,South,48300.0,99,2016-07-27,1,42.02803042831156,South,48300.0,2016-07-27
3063,74.0,West,31100.0,35,"July 03, 2020",1,74.0,West,31100.0,2020-07-03
10405,37.0,North,"$38,600",42,07/26/2021,0,37.0,North,38600.0,2021-07-26
214,36.0,East,"$52,000",18,29-Oct-2023,1,36.0,East,52000.0,2023-10-29
9564,42.0,west,194200.0,44,2018-09-26,0,42.0,West,194200.0,2018-09-26
10315,29.0,West,24400.0,52,01/21/2016,1,29.0,West,24400.0,2016-01-21
7827,51.0,North,43900.0,28,2015-09-10,1,51.0,North,43900.0,2015-09-10
5224,47.0,N.,18100.0,27,08-Sep-2022,1,47.0,North,18100.0,2022-09-08
10250,51.0,S.,"$50,400",25,2017-02-04,1,51.0,South,50400.0,2017-02-04
3948,18.0,SOUTH,44400.0,43,05-Apr-2022,1,18.0,South,44400.0,2022-04-05
2059,34.0,West,46500.0,26,2017-12-22,0,34.0,West,46500.0,2017-12-22
8087,55.0,North,69800.0,59,09/08/2023,1,55.0,North,69800.0,2023-09-08
3712,51.0,W. ,90800.0,89,"February 23, 2022",1,51.0,West,90800.0,2022-02-23
4923,,E.,42900.0,38,21-Feb-2016,0,42.02803042831156,East,42900.0,2016-02-21
3839,38.0, East ,63200.0,23,01-Nov-2024,0,38.0,East,63200.0,2024-11-01
7383,43.0,SOUTH,38400.0,27,"November 27, 2018",1,43.0,South,38400.0,2018-11-27
8307,24.0,west,34700.0,31,"September 06, 2023",0,24.0,West,34700.0,2023-09-06
3137,58.0,South,106500.0,17,23-Mar-2021,1,58.0,South,106500.0,2021-03-23
285,28.0,East,"$17,000",15,"February 03, 2021",1,28.0,East,17000.0,2021-02-03
96,,East,98300.0,23,12/07/2021,1,42.02803042831156,East,98300.0,2021-12-07
1881,51.0,South,98700.0,63,,1,51.0,South,98700.0,
10857,44.0,North,98700.0,47,"August 01, 2017",1,44.0,North,98700.0,2017-08-01
11501,43.0,WEST,95600.0,95,2020-03-27,0,43.0,West,95600.0,2020-03-27
9260,33.0,Unknown,48800.0,18,07/26/2022,1,33.0,Unknown,48800.0,2022-07-26
10842,39.0,NORTH,26000.0,25,12/09/2015,0,39.0,North,26000.0,2015-12-09
7028,45.0,east,32100.0,13,24-Apr-2015,1,45.0,East,32100.0,2015-04-24
7851,50.0,west,49700.0,24,02/12/2015,1,50.0,West,49700.0,2015-02-12
7860,55.0,South,82600.0,42,"September 18, 2022",1,55.0,South,82600.0,2022-09-18
5537,30.0,West,27400.0,2,"June 08, 2016",0,30.0,West,27400.0,2016-06-08
2522,65.0,South,29300.0,65,"June 30, 2024",0,65.0,South,29300.0,2024-06-30
3614,36.0,North,"$141,100",19,05-Apr-2018,1,36.0,North,141100.0,2018-04-05
9477,25.0,East,79800.0,26,24-Jul-2016,0,25.0,East,79800.0,2016-07-24
7334,68.0,W. ,61700.0,4,2022-01-28,0,68.0,West,61700.0,2022-01-28
11973,48.0,East,"$78,600",4,2024-11-06,0,48.0,East,78600.0,2024-11-06
2004,45.0,south ,"$53,600",72,"April 28, 2019",1,45.0,South,53600.0,2019-04-28
5347,27.0,West,32100.0,23,01/08/2017,1,27.0,West,32100.0,2017-01-08
10346,33.0,West,,41,06/10/2022,1,33.0,West,49400.0,2022-06-10
10432,42.0,North,,69,03-Jul-2015,1,42.0,North,49400.0,2015-07-03
3933,47.0,N.,28500.0,47,26-Nov-2021,1,47.0,North,28500.0,2021-11-26
4579,36.0,east,33700.0,31,"July 01, 2020",1,36.0,East,33700.0,2020-07-01
8236,38.0,SOUTH,33400.0,18,10-Oct-2021,1,38.0,South,33400.0,2021-10-10
5918,44.0,North,,43,2022-06-08,0,44.0,North,49400.0,2022-06-08
4417,58.0,east,38100.0,6,17-Sep-2023,0,58.0,East,38100.0,2023-09-17
10995,49.0,East,45300.0,24,"November 30, 2022",1,49.0,East,45300.0,2022-11-30
11282,37.0,South,34900.0,27,05/16/2016,1,37.0,South,34900.0,2016-05-16
6354,34.0,SOUTH,46500.0,78,2023-02-24,1,34.0,South,46500.0,2023-02-24
3218,58.0,South,40700.0,46,08/19/2021,0,58.0,South,40700.0,2021-08-19
10495,50.0,West,71100.0,46,"June 04, 2023",1,50.0,West,71100.0,2023-06-04
11924,45.0,East,208800.0,81,29-Aug-2015,1,45.0,East,208800.0,2015-08-29
4334,55.0, North,242800.0,22,"July 05, 2016",1,55.0,North,242800.0,2016-07-05
10002,54.0,North,"$48,100",105,06-Jun-2024,1,54.0,North,48100.0,2024-06-06
1004,50.0,East,37000.0,69,"October 09, 2017",1,50.0,East,37000.0,2017-10-09
10586,51.0,NORTH,36900.0,65,"January 01, 2020",0,51.0,North,36900.0,2020-01-01
6854,25.0,N.,108200.0,87,"September 13, 2023",1,25.0,North,108200.0,2023-09-13
9269,27.0,East,24100.0,39,13-Oct-2020,1,27.0,East,24100.0,2020-10-13
11662,33.0,North,28400.0,81,2024-06-10,1,33.0,North,28400.0,2024-06-10
10715,50.0,West,58600.0,38,"August 10, 2017",1,50.0,West,58600.0,2017-08-10
6602,38.0,South,"$87,700",65,03/24/2019,1,38.0,South,87700.0,2019-03-24
5296,61.0,S.,30400.0,9,"December 19, 2024",1,61.0,South,30400.0,2024-12-19
8493,48.0,SOUTH,"$52,600",20,2019-06-08,1,48.0,South,52600.0,2019-06-08
11091,37.0,W. ,47600.0,16,12-May-2022,1,37.0,West,47600.0,2022-05-12
2508,47.0,East,40400.0,16,"December 13, 2018",1,47.0,East,40400.0,2018-12-13
9135,29.0,West,"$30,500",69,"October 03, 2019",1,29.0,West,30500.0,2019-10-03
1185,42.0,North,48800.0,68,06/20/2020,1,42.0,North,48800.0,2020-06-20
10563,33.0,North,56100.0,40,"March 18, 2020",0,33.0,North,56100.0,2020-03-18
1260,36.0,North,63900.0,123,2020-07-10,1,36.0,North,63900.0,2020-07-10
10248,41.0,North,55300.0,33,"June 14, 2017",1,41.0,North,55300.0,2017-06-14
2523,39.0, East ,45200.0,76,,1,39.0,East,45200.0,
7200,53.0,East,23000.0,49,03/27/2024,1,53.0,East,23000.0,2024-03-27
11605,34.0,North,38900.0,68,2018-10-28,1,34.0,North,38900.0,2018-10-28
11349,49.0,east,"$71,900",68,"December 28, 2023",1,49.0,East,71900.0,2023-12-28
4560,26.0,N.,51800.0,37,27-Mar-2023,1,26.0,North,51800.0,2023-03-27
4102,44.0,North,83400.0,26,11/29/2021,0,44.0,North,83400.0,2021-11-29
9034,57.0,W. ,106700.0,38,"November 26, 2024",1,57.0,West,106700.0,2024-11-26
10061,46.0,East,42700.0,19,11-Sep-2024,1,46.0,East,42700.0,2024-09-11
8519,43.0,West,28500.0,2,2016-07-10,1,43.0,West,28500.0,2016-07-10
2437,29.0,WEST,84600.0,63,25-Mar-2023,0,29.0,West,84600.0,2023-03-25
11649,24.0,East,27100.0,65,11-Sep-2024,1,24.0,East,27100.0,2024-09-11
11401,29.0,East,44300.0,17,26-Dec-2023,1,29.0,East,44300.0,2023-12-26
9657,36.0,West,27800.0,62,"February 01, 2024",0,36.0,West,27800.0,2024-02-01
4989,36.0,West,21500.0,45,"October 12, 2024",1,36.0,West,21500.0,2024-10-12
11324,65.0,North,51500.0,17,"August 29, 2020",0,65.0,North,51500.0,2020-08-29
7298,39.0,East,79400.0,42,"June 11, 2017",1,39.0,East,79400.0,2017-06-11
4791,20.0,West,23200.0,63,10/08/2015,1,20.0,West,23200.0,2015-10-08
4484,45.0,WEST,50700.0,34,2019-06-30,1,45.0,West,50700.0,2019-06-30
10764,25.0,East,82800.0,11,28-Apr-2022,1,25.0,East,82800.0,2022-04-28
3104,56.0,West,,83,2015-01-05,0,56.0,West,49400.0,2015-01-05
7195,33.0,North,72000.0,39,11-Feb-2021,1,33.0,North,72000.0,2021-02-11
11526,56.0,West,32400.0,44,"November 18, 2015",0,56.0,West,32400.0,2015-11-18
604,34.0,North,"$73,100",72,2019-10-24,1,34.0,North,73100.0,2019-10-24
4419,47.0,South,35000.0,22,26-May-2024,1,47.0,South,35000.0,2024-05-26
5964,41.0,WEST,38800.0,2,06/17/2021,1,41.0,West,38800.0,2021-06-17
9058,32.0, North,47100.0,35,03-Apr-2015,1,32.0,North,47100.0,2015-04-03
10083,65.0,West,55500.0,33,01/03/2019,1,65.0,West,55500.0,2019-01-03
4043,42.0,West,35500.0,12,"April 25, 2023",1,42.0,West,35500.0,2023-04-25
11945,43.0,East,30100.0,20,07/11/2017,1,43.0,East,30100.0,2017-07-11
11870,38.0,West,86300.0,2,06/03/2015,1,38.0,West,86300.0,2015-06-03
5562,74.0,SOUTH,69800.0,31,12/09/2019,1,74.0,South,69800.0,2019-12-09
6660,18.0,East,73900.0,47,2023-05-28,1,18.0,East,73900.0,2023-05-28
3368,38.0,west,65400.0,61,"August 05, 2017",0,38.0,West,65400.0,2017-08-05
1281,58.0,East,37300.0,62,2018-04-29,1,58.0,East,37300.0,2018-04-29
7729,50.0,SOUTH,75800.0,34,02-Nov-2016,0,50.0,South,75800.0,2016-11-02
9023,70.0,East,35600.0,34,2019-12-31,1,70.0,East,35600.0,2019-12-31
3150,45.0,South,58800.0,80,2022-08-01,1,45.0,South,58800.0,2022-08-01
3800,41.0,,32900.0,50,08/28/2018,1,41.0,Unknown,32900.0,2018-08-28
10097,56.0,North,26800.0,29,"May 30, 2022",1,56.0,North,26800.0,2022-05-30
6217,42.0,West,41600.0,110,"March 23, 2024",1,42.0,West,41600.0,2024-03-23
6359,57.0,East,32700.0,49,26-Jan-2017,0,57.0,East,32700.0,2017-01-26
10243,40.0,West,36600.0,74,04/06/2015,1,40.0,West,36600.0,2015-04-06
9495,20.0,North,"$45,700",78,"January 24, 2024",1,20.0,North,45700.0,2024-01-24
329,,Unknown,55600.0,20,"May 29, 2017",1,42.02803042831156,Unknown,55600.0,2017-05-29
1705,45.0,west,38200.0,70,2015-07-05,1,45.0,West,38200.0,2015-07-05
7074,43.0,North,"$41,400",19,"July 05, 2019",1,43.0,North,41400.0,2019-07-05
8672,43.0, East ,73900.0,99,2021-08-12,1,43.0,East,73900.0,2021-08-12
3630,50.0,North,75900.0,38,"January 06, 2016",1,50.0,North,75900.0,2016-01-06
9368,59.0,North,22400.0,160,19-Dec-2024,1,59.0,North,22400.0,2024-12-19
11920,42.0,North,36800.0,29,,1,42.0,North,36800.0,
11150,36.0,North,24500.0,37,08-Jul-2023,0,36.0,North,24500.0,2023-07-08
4011,47.0,North,22300.0,22,2015-05-30,1,47.0,North,22300.0,2015-05-30
8310,42.0,West,152100.0,33,10-Aug-2018,1,42.0,West,152100.0,2018-08-10
11055,59.0,West,32700.0,26,28-Apr-2021,1,59.0,West,32700.0,2021-04-28
9072,18.0,East,69100.0,26,"July 24, 2024",1,18.0,East,69100.0,2024-07-24
9222,42.0,east,55300.0,71,06/27/2015,1,42.0,East,55300.0,2015-06-27
8659,50.0,West,69900.0,11,"January 25, 2015",1,50.0,West,69900.0,2015-01-25
6362,66.0,South,25000.0,44,2024-05-01,1,66.0,South,25000.0,2024-05-01
2200,31.0,North,62600.0,6,"July 20, 2018",1,31.0,North,62600.0,2018-07-20
8011,47.0,South,71400.0,30,17-Oct-2022,1,47.0,South,71400.0,2022-10-17
6590,42.0,West,45100.0,22,29-Aug-2017,1,42.0,West,45100.0,2017-08-29
3084,35.0,West,37100.0,28,"November 29, 2015",1,35.0,West,37100.0,2015-11-29
6066,47.0,South,"$62,200",46,04/10/2018,0,47.0,South,62200.0,2018-04-10
5453,65.0,West,31000.0,19,2021-07-05,0,65.0,West,31000.0,2021-07-05
1902,56.0,N.,91500.0,38,2024-03-07,1,56.0,North,91500.0,2024-03-07
10168,39.0,East,42200.0,26,06/06/2021,1,39.0,East,42200.0,2021-06-06
8969,47.0,S.,44300.0,29,"August 05, 2023",1,47.0,South,44300.0,2023-08-05
4665,75.0,West,63400.0,59,2015-03-03,1,75.0,West,63400.0,2015-03-03
1787,,south ,33700.0,62,2021-02-10,1,42.02803042831156,South,33700.0,2021-02-10
11800,48.0,South,46800.0,58,"May 22, 2023",1,48.0,South,46800.0,2023-05-22
11641,48.0,West,70400.0,64,05/12/2015,1,48.0,West,70400.0,2015-05-12
5189,43.0,North,76400.0,112,2024-06-13,0,43.0,North,76400.0,2024-06-13
5354,31.0,South,76200.0,26,"August 28, 2019",1,31.0,South,76200.0,2019-08-28
6095,, East ,70300.0,38,2021-08-27,1,42.02803042831156,East,70300.0,2021-08-27
85,26.0,South,38900.0,9,"January 14, 2022",1,26.0,South,38900.0,2022-01-14
9858,48.0,East,71300.0,24,01/15/2015,0,48.0,East,71300.0,2015-01-15
3488,45.0,S.,18000.0,22,2023-02-12,0,45.0,South,18000.0,2023-02-12
2790,36.0,South,108600.0,49,01/13/2019,1,36.0,South,108600.0,2019-01-13
7356,29.0,East,102200.0,56,02-Dec-2017,0,29.0,East,102200.0,2017-12-02
10336,35.0,W. ,"$23,000",78,"January 05, 2021",0,35.0,West,23000.0,2021-01-05
10392,39.0,South,90800.0,129,2024-09-25,1,39.0,South,90800.0,2024-09-25
512,38.0,East,63800.0,71,04/29/2018,1,38.0,East,63800.0,2018-04-29
6533,57.0,West,15700.0,6,2023-06-23,1,57.0,West,15700.0,2023-06-23
11402,56.0,North,85200.0,60,"December 07, 2022",0,56.0,North,85200.0,2022-12-07
732,43.0,East,23300.0,25,04/11/2019,1,43.0,East,23300.0,2019-04-11
10413,51.0,N.,"$16,700",15,11/09/2016,1,51.0,North,16700.0,2016-11-09
4783,31.0,East,114600.0,71,10/03/2015,1,31.0,East,114600.0,2015-10-03
4862,50.0,west,94200.0,34,12-Jan-2016,1,50.0,West,94200.0,2016-01-12
10976,55.0,West,24900.0,15,,0,55.0,West,24900.0,
10195,32.0,South,139900.0,45,"August 12, 2024",1,32.0,South,139900.0,2024-08-12
10930,44.0,South,33400.0,28,2024-02-19,1,44.0,South,33400.0,2024-02-19
4471,46.0,NORTH,"$81,800",95,08/28/2022,1,46.0,North,81800.0,2022-08-28
9826,82.0,South,53200.0,59,2020-01-30,1,82.0,South,53200.0,2020-01-30
11805,45.0,west,64400.0,55,04/09/2021,1,45.0,West,64400.0,2021-04-09
2758,46.0,W. ,51900.0,52,"October 21, 2022",1,46.0,West,51900.0,2022-10-21
2860,30.0,N.,45300.0,56,2024-02-24,1,30.0,North,45300.0,2024-02-24
9377,33.0,South,"$27,900",82,09/20/2023,1,33.0,South,27900.0,2023-09-20
3123,51.0,South,67800.0,30,03/17/2024,1,51.0,South,67800.0,2024-03-17
3185,51.0,West,15900.0,51,01-May-2020,1,51.0,West,15900.0,2020-05-01
2056,50.0,North,51500.0,24,20-Apr-2022,1,50.0,North,51500.0,2022-04-20
6815,45.0,east,41200.0,23,09-Dec-2023,0,45.0,East,41200.0,2023-12-09
4335,50.0,E.,54400.0,90,2017-01-09,1,50.0,East,54400.0,2017-01-09
128,27.0,North,,21,06/28/2020,1,27.0,North,49400.0,2020-06-28
4451,32.0,South,59400.0,8,05/08/2021,1,32.0,South,59400.0,2021-05-08
165,53.0,North,28200.0,8,12-Apr-2015,1,53.0,North,28200.0,2015-04-12
9703,50.0,North,52500.0,72,"January 11, 2016",1,50.0,North,52500.0,2016-01-11
7462,40.0,East,74000.0,39,01-Feb-2023,0,40.0,East,74000.0,2023-02-01
6416,29.0,E.,22100.0,45,"March 15, 2017",1,29.0,East,22100.0,2017-03-15
3200,37.0,NORTH,34100.0,6,2019-05-22,1,37.0,North,34100.0,2019-05-22
5987,40.0,East,23700.0,7,02/23/2021,1,40.0,East,23700.0,2021-02-23
1320,57.0,East,"$41,500",61,"May 03, 2019",1,57.0,East,41500.0,2019-05-03
5588,52.0,East,"$169,900",48,01-Nov-2019,1,52.0,East,169900.0,2019-11-01
7643,25.0,West,83700.0,25,08/26/2023,0,25.0,West,83700.0,2023-08-26
10733,40.0,East,34500.0,31,"July 01, 2023",0,40.0,East,34500.0,2023-07-01
473,38.0,East,49500.0,10,01-Oct-2017,1,38.0,East,49500.0,2017-10-01
1998,41.0,south ,56300.0,15,07/29/2019,0,41.0,South,56300.0,2019-07-29
19,53.0,East,47700.0,65,07/23/2022,1,53.0,East,47700.0,2022-07-23
11149,24.0,South,38700.0,35,2020-01-11,1,24.0,South,38700.0,2020-01-11
10235,45.0,S.,"$49,900",35,2018-01-28,0,45.0,South,49900.0,2018-01-28
5159,34.0,West,38400.0,44,2021-07-22,0,34.0,West,38400.0,2021-07-22
2138,53.0,S.,70900.0,18,06-Sep-2021,1,53.0,South,70900.0,2021-09-06
1026,37.0,SOUTH,"$27,300",40,2015-10-17,1,37.0,South,27300.0,2015-10-17
8290,48.0,South,42400.0,32,20-Jan-2022,0,48.0,South,42400.0,2022-01-20
3115,,East,70400.0,26,14-Oct-2022,1,42.02803042831156,East,70400.0,2022-10-14
7745,18.0,S.,38100.0,15,"June 19, 2023",1,18.0,South,38100.0,2023-06-19
6111,38.0,West,111900.0,113,09-Jul-2024,1,38.0,West,111900.0,2024-07-09
11028,35.0,South,48000.0,76,07-Sep-2024,0,35.0,South,48000.0,2024-09-07
3162,49.0,South,29100.0,21,04/20/2024,1,49.0,South,29100.0,2024-04-20
5941,18.0,North,56600.0,17,08-Nov-2017,1,18.0,North,56600.0,2017-11-08
7889,24.0,WEST,103200.0,28,2019-01-19,1,24.0,West,103200.0,2019-01-19
450,47.0,WEST,,26,25-Mar-2021,1,47.0,West,49400.0,2021-03-25
8743,22.0,North,91600.0,22,"January 30, 2022",1,22.0,North,91600.0,2022-01-30
4373,27.0,North,53200.0,12,12/21/2022,1,27.0,North,53200.0,2022-12-21
6363,39.0,East,34000.0,22,16-Sep-2020,1,39.0,East,34000.0,2020-09-16
3745,78.0,East,106200.0,44,27-Jan-2017,1,78.0,East,106200.0,2017-01-27
179,40.0,South,95000.0,87,"May 08, 2023",0,40.0,South,95000.0,2023-05-08
4530,61.0,South,42300.0,50,2016-11-30,1,61.0,South,42300.0,2016-11-30
1341,32.0,East,38400.0,20,18-Nov-2024,0,32.0,East,38400.0,2024-11-18
3549,32.0,SOUTH,21900.0,14,05/20/2015,1,32.0,South,21900.0,2015-05-20
1592,24.0,West,49900.0,21,2020-06-27,1,24.0,West,49900.0,2020-06-27
9709,33.0,North,"$76,100",39,2019-10-22,0,33.0,North,76100.0,2019-10-22
8934,38.0,East,"$88,400",6,2020-11-20,1,38.0,East,88400.0,2020-11-20
1770,79.0,East,46300.0,35,07/28/2019,1,79.0,East,46300.0,2019-07-28
3597,36.0,East,"$61,100",26,"September 01, 2017",1,36.0,East,61100.0,2017-09-01
484,50.0,East,57300.0,94,29-Oct-2022,1,50.0,East,57300.0,2022-10-29
3968,28.0,East,118400.0,141,,1,28.0,East,118400.0,
11003,46.0,W. ,25100.0,26,2020-07-27,1,46.0,West,25100.0,2020-07-27
10214,47.0,West,81500.0,38,2024-05-26,1,47.0,West,81500.0,2024-05-26
6995,51.0,,18900.0,21,"May 27, 2022",1,51.0,Unknown,18900.0,2022-05-27
10103,39.0,North,45300.0,27,"October 12, 2023",1,39.0,North,45300.0,2023-10-12
2486,41.0,north,"$30,800",19,2024-06-05,0,41.0,North,30800.0,2024-06-05
781,41.0,East,76700.0,36,"September 02, 2024",1,41.0,East,76700.0,2024-09-02
6998,28.0,North,"$107,500",23,18-Oct-2016,0,28.0,North,107500.0,2016-10-18
7230,54.0,West,"$22,900",25,08/03/2016,1,54.0,West,22900.0,2016-08-03
6060,56.0,North,47000.0,84,09-Dec-2023,0,56.0,North,47000.0,2023-12-09
78,44.0,East,53900.0,75,12-Aug-2021,1,44.0,East,53900.0,2021-08-12
6690,66.0,North,79900.0,14,03/11/2018,0,66.0,North,79900.0,2018-03-11
7048,51.0,West,25200.0,67,2024-04-08,1,51.0,West,25200.0,2024-04-08
10082,39.0,N.,164600.0,21,02-Feb-2024,0,39.0,North,164600.0,2024-02-02
11971,45.0, East ,71000.0,4,"March 05, 2024",1,45.0,East,71000.0,2024-03-05
7749,25.0,East,70000.0,8,"July 17, 2019",0,25.0,East,70000.0,2019-07-17
8866,42.0,W. ,44100.0,12,"June 23, 2022",0,42.0,West,44100.0,2022-06-23
2204,50.0, East ,34400.0,88,"January 06, 2024",1,50.0,East,34400.0,2024-01-06
11058,52.0,North,"$92,900",17,08-Jan-2020,1,52.0,North,92900.0,2020-01-08
6086,24.0,W. ,,9,2024-07-26,1,24.0,West,49400.0,2024-07-26
6007,29.0,South,51500.0,45,13-Jan-2023,1,29.0,South,51500.0,2023-01-13
753,29.0,south ,44200.0,46,07-Feb-2018,1,29.0,South,44200.0,2018-02-07
8314,32.0,NORTH,30000.0,16,"December 02, 2019",1,32.0,North,30000.0,2019-12-02
3638,59.0,East,38900.0,44,09/28/2019,1,59.0,East,38900.0,2019-09-28
700,39.0,east,40700.0,31,16-Aug-2024,1,39.0,East,40700.0,2024-08-16
11117,49.0,North,"$26,700",45,"October 14, 2020",1,49.0,North,26700.0,2020-10-14
8143,48.0,S.,42300.0,79,"October 19, 2024",1,48.0,South,42300.0,2024-10-19
11741,62.0,East,117000.0,52,"April 11, 2019",1,62.0,East,117000.0,2019-04-11
6943,35.0,W. ,,23,09/10/2022,1,35.0,West,49400.0,2022-09-10
7185,45.0,North,27900.0,21,01-Apr-2015,0,45.0,North,27900.0,2015-04-01
1493,34.0,East,64400.0,48,2020-09-13,0,34.0,East,64400.0,2020-09-13
10141,54.0,E.,41700.0,53,2022-06-08,1,54.0,East,41700.0,2022-06-08
6329,55.0,East,64900.0,79,"December 12, 2016",1,55.0,East,64900.0,2016-12-12
2087,41.0,north,52400.0,40,03-Oct-2024,1,41.0,North,52400.0,2024-10-03
3366,25.0,South,67300.0,48,08-Aug-2024,1,25.0,South,67300.0,2024-08-08
8224,65.0,North,168500.0,27,"April 19, 2015",1,65.0,North,168500.0,2015-04-19
7208,52.0,W. ,56100.0,43,2016-04-12,1,52.0,West,56100.0,2016-04-12
2155,,,43400.0,15,"September 01, 2016",1,42.02803042831156,Unknown,43400.0,2016-09-01
10951,53.0,North,"$31,500",67,"May 05, 2019",0,53.0,North,31500.0,2019-05-05
70,40.0,north,143200.0,41,03/12/2019,1,40.0,North,143200.0,2019-03-12
1450,34.0,NORTH,49500.0,45,17-Dec-2020,1,34.0,North,49500.0,2020-12-17
3176,19.0,East,"$46,600",41,22-Oct-2021,0,19.0,East,46600.0,2021-10-22
3878,46.0,East,67600.0,11,"October 13, 2018",1,46.0,East,67600.0,2018-10-13
3960,31.0,East,39800.0,38,08/16/2024,1,31.0,East,39800.0,2024-08-16
3222,43.0,South,58700.0,32,08/27/2015,0,43.0,South,58700.0,2015-08-27
11339,39.0,West,51600.0,30,07/05/2017,1,39.0,West,51600.0,2017-07-05
1532,46.0,E.,79700.0,30,02/15/2024,0,46.0,East,79700.0,2024-02-15
4502,56.0,W. ,99100.0,18,01/09/2018,1,56.0,West,99100.0,2018-01-09
10625,23.0,West,96200.0,36,2021-12-10,1,23.0,West,96200.0,2021-12-10
11375,37.0,South,65200.0,18,06/06/2018,1,37.0,South,65200.0,2018-06-06
7679,37.0,South,119900.0,154,"January 14, 2018",1,37.0,South,119900.0,2018-01-14
10105,46.0,South,116900.0,7,2015-12-04,1,46.0,South,116900.0,2015-12-04
7209,33.0,South,66000.0,33,2021-02-14,1,33.0,South,66000.0,2021-02-14
505,18.0,West,47600.0,30,2017-09-29,1,18.0,West,47600.0,2017-09-29
6954,51.0,south ,"$22,400",14,2019-08-09,1,51.0,South,22400.0,2019-08-09
8532,52.0,West,81100.0,11,05/09/2022,1,52.0,West,81100.0,2022-05-09
3581,50.0,South,"$41,600",70,"June 24, 2018",0,50.0,South,41600.0,2018-06-24
7090,41.0,South,45500.0,31,08/15/2023,1,41.0,South,45500.0,2023-08-15
6330,45.0,West,95200.0,40,2019-04-03,0,45.0,West,95200.0,2019-04-03
799,55.0,West,22600.0,38,05/02/2018,1,55.0,West,22600.0,2018-05-02
4841,44.0,North,22000.0,23,13-Jun-2016,1,44.0,North,22000.0,2016-06-13
5075,58.0,North,31600.0,10,19-Nov-2024,1,58.0,North,31600.0,2024-11-19
9787,45.0,north,66500.0,27,07/11/2021,1,45.0,North,66500.0,2021-07-11
3796,40.0,North,82100.0,58,11/24/2017,1,40.0,North,82100.0,2017-11-24
62,38.0,East,27600.0,5,16-Aug-2020,1,38.0,East,27600.0,2020-08-16
1776,46.0,North,157200.0,125,"March 25, 2023",1,46.0,North,157200.0,2023-03-25
5699,34.0,North,60900.0,48,11/06/2019,1,34.0,North,60900.0,2019-11-06
11038,26.0,S.,62900.0,10,14-Aug-2016,1,26.0,South,62900.0,2016-08-14
5508,26.0,East,49500.0,11,"February 11, 2021",1,26.0,East,49500.0,2021-02-11
6536,60.0,North,46400.0,112,17-Jun-2023,0,60.0,North,46400.0,2023-06-17
1568,44.0,E.,50000.0,27,09-Oct-2019,1,44.0,East,50000.0,2019-10-09
4743,41.0,East,102000.0,87,2016-06-05,1,41.0,East,102000.0,2016-06-05
4457,34.0, North,"$36,900",44,"April 05, 2022",1,34.0,North,36900.0,2022-04-05
2849,52.0,North,41000.0,70,05/06/2022,1,52.0,North,41000.0,2022-05-06
9882,45.0,North,28200.0,17,22-Apr-2019,1,45.0,North,28200.0,2019-04-22
2987,45.0,South,"$97,400",11,11/18/2015,1,45.0,South,97400.0,2015-11-18
10612,19.0,South,74700.0,30,2022-11-22,1,19.0,South,74700.0,2022-11-22
4455,50.0,North,40600.0,65,2023-06-10,1,50.0,North,40600.0,2023-06-10
7214,37.0,West,98800.0,51,"April 16, 2020",1,37.0,West,98800.0,2020-04-16
1569,51.0,South,52800.0,12,22-Feb-2020,0,51.0,South,52800.0,2020-02-22
11772,56.0,E.,61600.0,7,09-Jun-2019,0,56.0,East,61600.0,2019-06-09
6213,55.0,South,31500.0,29,12/29/2019,1,55.0,South,31500.0,2019-12-29
10532,37.0,South,63600.0,8,08/26/2022,0,37.0,South,63600.0,2022-08-26
10287,59.0,West,83200.0,27,03/18/2024,1,59.0,West,83200.0,2024-03-18
5020,53.0,East,48500.0,29,"June 23, 2016",0,53.0,East,48500.0,2016-06-23
10234,55.0,South,117300.0,72,2015-05-20,1,55.0,South,117300.0,2015-05-20
4374,65.0,north,80100.0,35,06-Sep-2018,1,65.0,North,80100.0,2018-09-06
10393,49.0,east,41900.0,42,2018-06-15,1,49.0,East,41900.0,2018-06-15
10465,76.0,SOUTH,28900.0,85,"November 02, 2022",1,76.0,South,28900.0,2022-11-02
382,59.0,East,"$35,500",12,"August 30, 2020",1,59.0,East,35500.0,2020-08-30
6289,43.0,East,"$35,500",35,05/27/2019,1,43.0,East,35500.0,2019-05-27
2413,20.0,SOUTH,74400.0,32,2016-08-04,0,20.0,South,74400.0,2016-08-04
3913,36.0,East,"$49,000",33,2022-06-08,1,36.0,East,49000.0,2022-06-08
9583,52.0,South,34300.0,35,2022-09-30,1,52.0,South,34300.0,2022-09-30
5121,44.0,West,36600.0,134,"August 23, 2017",1,44.0,West,36600.0,2017-08-23
10145,43.0,East,83800.0,47,"February 28, 2024",1,43.0,East,83800.0,2024-02-28
4163,49.0,south ,"$47,600",31,18-Feb-2020,1,49.0,South,47600.0,2020-02-18
11108,40.0,north,68900.0,25,2019-03-02,1,40.0,North,68900.0,2019-03-02
11793,,East,41100.0,86,"May 15, 2020",1,42.02803042831156,East,41100.0,2020-05-15
6173,38.0,West,24800.0,43,"January 14, 2023",1,38.0,West,24800.0,2023-01-14
10535,,West,62500.0,33,24-Apr-2020,1,42.02803042831156,West,62500.0,2020-04-24
7795,57.0,North,38400.0,39,2019-06-06,0,57.0,North,38400.0,2019-06-06
246,25.0,W. ,90800.0,39,"August 30, 2017",1,25.0,West,90800.0,2017-08-30
1440,57.0,South,65400.0,39,2020-11-13,1,57.0,South,65400.0,2020-11-13
7938,46.0,South,34200.0,35,"March 02, 2021",1,46.0,South,34200.0,2021-03-02
11426,48.0,South,61000.0,82,06/21/2018,1,48.0,South,61000.0,2018-06-21
7847,49.0,N.,21100.0,82,"November 26, 2017",1,49.0,North,21100.0,2017-11-26
8604,41.0,east,43000.0,113,10/03/2016,1,41.0,East,43000.0,2016-10-03
10454,39.0,North,32600.0,13,2021-12-19,0,39.0,North,32600.0,2021-12-19
9255,30.0,West,21600.0,65,"April 19, 2018",0,30.0,West,21600.0,2018-04-19
4213,49.0,West,110300.0,10,2022-03-13,1,49.0,West,110300.0,2022-03-13
8462,44.0,North,67100.0,12,30-Apr-2023,0,44.0,North,67100.0,2023-04-30
5122,24.0,North,32200.0,50,2019-02-01,1,24.0,North,32200.0,2019-02-01
4344,36.0,West,"$83,800",24,"June 05, 2021",0,36.0,West,83800.0,2021-06-05
3562,43.0,South,24900.0,13,2021-01-09,1,43.0,South,24900.0,2021-01-09
8858,54.0,South,29300.0,50,"December 27, 2023",1,54.0,South,29300.0,2023-12-27
8925,27.0,East,28500.0,18,2018-09-13,0,27.0,East,28500.0,2018-09-13
115,43.0,South,56500.0,173,2021-05-24,0,43.0,South,56500.0,2021-05-24
2303,18.0,East,72800.0,59,2016-10-06,1,18.0,East,72800.0,2016-10-06
10670,56.0,east,"$44,700",48,2018-07-26,1,56.0,East,44700.0,2018-07-26
11443,,East,"$59,900",39,28-Jan-2016,0,42.02803042831156,East,59900.0,2016-01-28
8311,25.0,East,47800.0,72,09/06/2023,1,25.0,East,47800.0,2023-09-06
10174,32.0,South,39500.0,61,"August 27, 2019",1,32.0,South,39500.0,2019-08-27
2181,70.0,West,27900.0,17,12-Sep-2018,0,70.0,West,27900.0,2018-09-12
8355,32.0,W. ,62600.0,12,03-Feb-2020,0,32.0,West,62600.0,2020-02-03
8456,46.0,south ,41900.0,11,"January 29, 2015",1,46.0,South,41900.0,2015-01-29
5410,49.0,North,17000.0,45,17-Jan-2015,0,49.0,North,17000.0,2015-01-17
776,45.0,West,70300.0,23,10/04/2020,1,45.0,West,70300.0,2020-10-04
4872,44.0,East,75700.0,6,22-Jul-2017,0,44.0,East,75700.0,2017-07-22
7361,35.0,North,72100.0,35,03/11/2017,1,35.0,North,72100.0,2017-03-11
11877,22.0,East,96300.0,62,2021-11-28,1,22.0,East,96300.0,2021-11-28
4677,,West,44100.0,136,05-Jan-2024,1,42.02803042831156,West,44100.0,2024-01-05
8844,52.0,N.,73300.0,10,21-Apr-2018,1,52.0,North,73300.0,2018-04-21
11846,36.0,West,46000.0,40,2015-05-10,0,36.0,West,46000.0,2015-05-10
9363,80.0,West,21600.0,35,03/17/2020,1,80.0,West,21600.0,2020-03-17
7287,37.0,West,"$56,900",16,2017-06-03,1,37.0,West,56900.0,2017-06-03
3761,36.0,South,91400.0,12,2017-07-05,1,36.0,South,91400.0,2017-07-05
11204,27.0,west,59800.0,61,2020-05-20,1,27.0,West,59800.0,2020-05-20
10685,35.0,SOUTH,35900.0,9,"September 11, 2016",1,35.0,South,35900.0,2016-09-11
6678,37.0,North,"$34,100",51,10/01/2020,1,37.0,North,34100.0,2020-10-01
7007,21.0,North,80900.0,28,2016-11-01,1,21.0,North,80900.0,2016-11-01
3875,25.0, East ,44100.0,12,01-Jan-2017,0,25.0,East,44100.0,2017-01-01
9239,40.0,west,32100.0,12,2016-10-30,1,40.0,West,32100.0,2016-10-30
1369,58.0,South,"$98,000",60,2020-12-10,1,58.0,South,98000.0,2020-12-10
9090,22.0,West,"$61,700",15,05/21/2019,1,22.0,West,61700.0,2019-05-21
9121,47.0,North,40800.0,49,05/31/2016,1,47.0,North,40800.0,2016-05-31
8207,27.0,south ,59200.0,13,2023-02-20,1,27.0,South,59200.0,2023-02-20
10741,39.0,East,25500.0,13,"January 29, 2021",1,39.0,East,25500.0,2021-01-29
9160,59.0,NORTH,69900.0,25,"November 27, 2024",1,59.0,North,69900.0,2024-11-27
8056,44.0,South,29700.0,55,04/21/2023,0,44.0,South,29700.0,2023-04-21
1107,24.0, North,53800.0,4,"May 18, 2021",0,24.0,North,53800.0,2021-05-18
3426,47.0,South,33500.0,32,"September 25, 2016",1,47.0,South,33500.0,2016-09-25
4337,44.0,West,42600.0,42,2021-12-07,1,44.0,West,42600.0,2021-12-07
3969,34.0,North,28800.0,15,2022-08-29,1,34.0,North,28800.0,2022-08-29
1255,33.0,South,"$58,500",23,,0,33.0,South,58500.0,
2924,34.0,South,"$88,700",38,20-Nov-2017,1,34.0,South,88700.0,2017-11-20
4781,37.0,South,42500.0,14,05-Mar-2018,0,37.0,South,42500.0,2018-03-05
1134,60.0,South,51200.0,33,2023-10-16,0,60.0,South,51200.0,2023-10-16
7726,63.0,North,"$119,100",51,07/18/2018,0,63.0,North,119100.0,2018-07-18
10071,,South,46100.0,17,"December 25, 2023",1,42.02803042831156,South,46100.0,2023-12-25
272,46.0,North,95800.0,4,21-Jan-2021,1,46.0,North,95800.0,2021-01-21
9666,,North,40200.0,12,2024-06-17,1,42.02803042831156,North,40200.0,2024-06-17
5350,42.0,West,44200.0,11,"May 10, 2018",1,42.0,West,44200.0,2018-05-10
1548,32.0,East,40000.0,80,2017-07-17,0,32.0,East,40000.0,2017-07-17
4311,46.0,North,39600.0,38,"May 28, 2019",1,46.0,North,39600.0,2019-05-28
1019,38.0,South,"$51,100",39,2015-04-15,0,38.0,South,51100.0,2015-04-15
4441,46.0,West,60400.0,50,05/02/2017,1,46.0,West,60400.0,2017-05-02
9031,43.0,North,19700.0,39,26-Nov-2019,1,43.0,North,19700.0,2019-11-26
5712,18.0,west,78400.0,34,10/02/2018,1,18.0,West,78400.0,2018-10-02
10388,43.0,North,34000.0,26,"April 24, 2018",1,43.0,North,34000.0,2018-04-24
10028,21.0,East,41000.0,56,2016-07-16,1,21.0,East,41000.0,2016-07-16
4892,23.0,West,36700.0,16,05-Jan-2024,1,23.0,West,36700.0,2024-01-05
7892,36.0,West,"$46,300",30,06-Dec-2019,1,36.0,West,46300.0,2019-12-06
8605,57.0,West,36100.0,9,"August 19, 2022",0,57.0,West,36100.0,2022-08-19
9905,41.0,East,61500.0,36,03/19/2019,1,41.0,East,61500.0,2019-03-19
4439,24.0,SOUTH,36800.0,40,07/06/2017,0,24.0,South,36800.0,2017-07-06
10988,42.0,East,"$25,300",53,21-Aug-2015,1,42.0,East,25300.0,2015-08-21
10414,58.0,West,103400.0,41,"December 18, 2018",1,58.0,West,103400.0,2018-12-18
8570,33.0,West,34500.0,30,"May 30, 2023",1,33.0,West,34500.0,2023-05-30
1492,42.0,South,48400.0,17,"April 18, 2019",1,42.0,South,48400.0,2019-04-18
8931,54.0,North,47200.0,80,2021-10-20,1,54.0,North,47200.0,2021-10-20
3616,53.0,South,45600.0,150,03/11/2020,0,53.0,South,45600.0,2020-03-11
53,23.0,SOUTH,"$180,900",82,09/19/2024,1,23.0,South,180900.0,2024-09-19
5406,57.0,North,66100.0,8,01/29/2016,1,57.0,North,66100.0,2016-01-29
10462,35.0,North,"$65,500",17,"January 14, 2018",1,35.0,North,65500.0,2018-01-14
3095,66.0,East,"$54,300",42,11-Sep-2020,1,66.0,East,54300.0,2020-09-11
1390,30.0,South,"$32,400",55,11/26/2015,1,30.0,South,32400.0,2015-11-26
11381,31.0,South,102100.0,18,12/08/2021,1,31.0,South,102100.0,2021-12-08
7885,27.0,South,60000.0,28,"March 13, 2017",1,27.0,South,60000.0,2017-03-13
3479,57.0,Unknown,59400.0,28,"December 29, 2015",1,57.0,Unknown,59400.0,2015-12-29
11626,28.0,West,24200.0,75,2022-12-03,1,28.0,West,24200.0,2022-12-03
4192,53.0,East,50900.0,13,2019-06-05,1,53.0,East,50900.0,2019-06-05
5596,46.0,North,80800.0,71,2023-07-10,1,46.0,North,80800.0,2023-07-10
10502,39.0,West,,88,"July 30, 2024",1,39.0,West,49400.0,2024-07-30
3223,20.0,South,43500.0,74,"February 12, 2019",1,20.0,South,43500.0,2019-02-12
10783,61.0,,49300.0,17,"March 29, 2019",1,61.0,Unknown,49300.0,2019-03-29
1633,44.0,North,49400.0,53,"September 02, 2021",1,44.0,North,49400.0,2021-09-02
11367,27.0,North,21000.0,18,08/26/2017,1,27.0,North,21000.0,2017-08-26
5695,51.0,South,25900.0,133,22-Jan-2015,1,51.0,South,25900.0,2015-01-22
11169,43.0,,62000.0,99,"June 02, 2020",1,43.0,Unknown,62000.0,2020-06-02
7732,40.0,North,48000.0,18,2022-09-21,1,40.0,North,48000.0,2022-09-21
468,67.0,North,"$25,000",82,11-Aug-2022,1,67.0,North,25000.0,2022-08-11
9096,24.0,East,70100.0,23,30-Mar-2023,1,24.0,East,70100.0,2023-03-30
72,27.0,NORTH,16700.0,20,10/05/2020,0,27.0,North,16700.0,2020-10-05
11410,43.0,North,45500.0,6,07/01/2017,1,43.0,North,45500.0,2017-07-01
10091,25.0,North,55900.0,65,03/16/2022,1,25.0,North,55900.0,2022-03-16
5053,56.0,W. ,48500.0,14,10/26/2018,1,56.0,West,48500.0,2018-10-26
1208,31.0,South,"$133,600",17,03-Sep-2023,1,31.0,South,133600.0,2023-09-03
10270,50.0,Unknown,45600.0,41,19-Dec-2020,0,50.0,Unknown,45600.0,2020-12-19
1591,24.0,South,49900.0,55,04/25/2022,1,24.0,South,49900.0,2022-04-25
11037,42.0,South,22500.0,19,10-Sep-2018,1,42.0,South,22500.0,2018-09-10
5160,18.0,E.,88000.0,33,2024-01-22,1,18.0,East,88000.0,2024-01-22
10398,47.0,North,70000.0,8,01-Oct-2018,1,47.0,North,70000.0,2018-10-01
659,58.0,North,30500.0,25,2023-09-08,0,58.0,North,30500.0,2023-09-08
7902,53.0,East,,22,04-May-2016,1,53.0,East,49400.0,2016-05-04
8256,44.0,S.,23700.0,18,09-Sep-2015,1,44.0,South,23700.0,2015-09-09
10031,46.0,E.,31000.0,35,12/23/2019,1,46.0,East,31000.0,2019-12-23
6539,39.0,South,56200.0,59,27-Nov-2016,1,39.0,South,56200.0,2016-11-27
5173,36.0,West,"$19,900",6,2015-03-15,0,36.0,West,19900.0,2015-03-15
3037,44.0,West,69700.0,33,01/19/2019,0,44.0,West,69700.0,2019-01-19
8647,40.0,WEST,41100.0,47,05/26/2024,1,40.0,West,41100.0,2024-05-26
5480,29.0,North,79400.0,60,"December 23, 2020",1,29.0,North,79400.0,2020-12-23
6479,35.0,South,16200.0,5,17-Sep-2017,1,35.0,South,16200.0,2017-09-17
5086,59.0,East,23600.0,14,2024-08-24,1,59.0,East,23600.0,2024-08-24
5542,47.0,South,42100.0,66,01-Jun-2024,1,47.0,South,42100.0,2024-06-01
1473,,West,43400.0,9,"October 15, 2015",1,42.02803042831156,West,43400.0,2015-10-15
8870,,South,38800.0,35,05-Oct-2023,1,42.02803042831156,South,38800.0,2023-10-05
3357,34.0,east,113500.0,90,09-Mar-2017,0,34.0,East,113500.0,2017-03-09
9809,45.0,south ,40100.0,41,2018-06-28,1,45.0,South,40100.0,2018-06-28
9444,25.0,West,84700.0,10,2022-02-19,1,25.0,West,84700.0,2022-02-19
1984,39.0,East,"$24,100",22,16-Feb-2024,1,39.0,East,24100.0,2024-02-16
11618,46.0,North,17000.0,42,"September 13, 2016",1,46.0,North,17000.0,2016-09-13
4919,46.0,East,"$44,800",24,"December 22, 2018",1,46.0,East,44800.0,2018-12-22
5060,42.0,East,161200.0,14,"August 25, 2019",1,42.0,East,161200.0,2019-08-25
3844,66.0,SOUTH,120500.0,19,11/29/2020,1,66.0,South,120500.0,2020-11-29
1034,48.0,South,78300.0,16,2022-08-11,1,48.0,South,78300.0,2022-08-11
175,25.0,West,29000.0,60,15-Aug-2021,1,25.0,West,29000.0,2021-08-15
9132,31.0,East,74700.0,11,2021-07-03,1,31.0,East,74700.0,2021-07-03
3103,52.0, East ,71600.0,89,"August 13, 2022",0,52.0,East,71600.0,2022-08-13
10780,39.0,West,24600.0,77,2019-09-03,1,39.0,West,24600.0,2019-09-03
7714,33.0,West,"$42,400",51,2021-04-19,1,33.0,West,42400.0,2021-04-19
8527,41.0,South,30000.0,33,04/30/2020,1,41.0,South,30000.0,2020-04-30
9066,54.0,North,"$32,600",60,"January 29, 2020",1,54.0,North,32600.0,2020-01-29
2854,45.0,south ,69700.0,30,31-May-2023,1,45.0,South,69700.0,2023-05-31
1487,53.0,North,31200.0,15,"August 31, 2015",0,53.0,North,31200.0,2015-08-31
6152,32.0,East,54900.0,34,"December 25, 2015",1,32.0,East,54900.0,2015-12-25
4294,59.0,North,38600.0,37,10-Jun-2022,1,59.0,North,38600.0,2022-06-10
8489,33.0,West,88600.0,12,"December 19, 2023",1,33.0,West,88600.0,2023-12-19
7561,47.0,West,"$32,200",23,"February 15, 2019",0,47.0,West,32200.0,2019-02-15
10460,59.0,South,135500.0,57,06/25/2024,1,59.0,South,135500.0,2024-06-25
5627,47.0,SOUTH,"$51,700",16,05-Aug-2020,1,47.0,South,51700.0,2020-08-05
3846,18.0,West,25800.0,32,10/16/2021,1,18.0,West,25800.0,2021-10-16
5842,38.0,West,15000.0,52,13-Mar-2018,1,38.0,West,15000.0,2018-03-13
11953,47.0,South,36700.0,39,"May 16, 2016",0,47.0,South,36700.0,2016-05-16
8571,28.0,East,"$28,500",60,2023-10-04,1,28.0,East,28500.0,2023-10-04
3111,45.0,South,15000.0,37,15-Nov-2024,1,45.0,South,15000.0,2024-11-15
10963,24.0,S.,"$68,900",25,"June 21, 2022",1,24.0,South,68900.0,2022-06-21
3919,45.0,West,74100.0,26,07/21/2021,1,45.0,West,74100.0,2021-07-21
4139,29.0,North,63400.0,18,"May 19, 2016",1,29.0,North,63400.0,2016-05-19
10403,38.0,NORTH,"$39,600",33,"July 30, 2019",1,38.0,North,39600.0,2019-07-30
2173,38.0,West,30200.0,87,2017-09-18,1,38.0,West,30200.0,2017-09-18
2600,55.0,north,31700.0,27,2023-10-13,1,55.0,North,31700.0,2023-10-13
10245,57.0,East,17700.0,57,2016-04-12,1,57.0,East,17700.0,2016-04-12
8014,26.0,South,"$187,300",36,"November 28, 2015",0,26.0,South,187300.0,2015-11-28
9108,24.0,North,30700.0,118,2019-02-22,1,24.0,North,30700.0,2019-02-22
5968,41.0,N.,36500.0,8,28-Sep-2015,1,41.0,North,36500.0,2015-09-28
5868,59.0,East,"$63,600",48,13-Feb-2020,1,59.0,East,63600.0,2020-02-13
10528,23.0,west,67300.0,9,07-Jul-2019,0,23.0,West,67300.0,2019-07-07
3821,54.0,North,"$49,500",68,2016-05-22,1,54.0,North,49500.0,2016-05-22
9149,43.0,West,"$60,400",25,2024-08-10,1,43.0,West,60400.0,2024-08-10
1888,45.0,North,15000.0,166,2023-09-12,1,45.0,North,15000.0,2023-09-12
8337,57.0,E.,38600.0,16,2018-06-28,1,57.0,East,38600.0,2018-06-28
3718,48.0,East,"$92,700",45,"July 20, 2024",1,48.0,East,92700.0,2024-07-20
1183,-5.0, East ,34400.0,30,22-Mar-2017,1,42.02803042831156,East,34400.0,2017-03-22
5005,45.0,North,"$44,300",16,2024-09-27,0,45.0,North,44300.0,2024-09-27
4603,41.0,South,44100.0,17,2022-01-25,1,41.0,South,44100.0,2022-01-25
9616,67.0,East,96100.0,45,29-Jan-2015,0,67.0,East,96100.0,2015-01-29
10593,59.0,South,65300.0,57,12/07/2024,1,59.0,South,65300.0,2024-12-07
11085,46.0,West,"$72,100",31,2020-06-03,1,46.0,West,72100.0,2020-06-03
11789,49.0,East,136700.0,82,02-Jun-2018,1,49.0,East,136700.0,2018-06-02
1723,33.0,South,92100.0,49,20-Jun-2024,1,33.0,South,92100.0,2024-06-20
9860,45.0,East,46800.0,59,07/12/2021,1,45.0,East,46800.0,2021-07-12
2885,42.0,S.,19600.0,30,"June 15, 2019",1,42.0,South,19600.0,2019-06-15
2995,36.0,East,37000.0,87,05/11/2015,0,36.0,East,37000.0,2015-05-11
4764,63.0,,70900.0,48,2015-03-18,1,63.0,Unknown,70900.0,2015-03-18
9079,36.0,East,45000.0,33,"October 12, 2019",1,36.0,East,45000.0,2019-10-12
4057,53.0, North,,15,11/03/2020,0,53.0,North,49400.0,2020-11-03
5381,58.0,east,24800.0,55,27-Jan-2024,0,58.0,East,24800.0,2024-01-27
11025,53.0,south ,72800.0,24,03/18/2020,1,53.0,South,72800.0,2020-03-18
8526,38.0,North,17500.0,97,2019-04-02,0,38.0,North,17500.0,2019-04-02
8346,54.0,South,"$39,000",70,20-Aug-2018,1,54.0,South,39000.0,2018-08-20
5517,43.0, East ,50800.0,50,"February 15, 2015",1,43.0,East,50800.0,2015-02-15
6646,42.0,north,61500.0,26,"February 27, 2019",1,42.0,North,61500.0,2019-02-27
5937,27.0,West,31600.0,6,14-May-2019,1,27.0,West,31600.0,2019-05-14
7881,,N.,24300.0,61,02/25/2019,1,42.02803042831156,North,24300.0,2019-02-25
722,57.0,North,27900.0,41,30-Mar-2019,1,57.0,North,27900.0,2019-03-30
374,53.0,East,35800.0,12,07/10/2020,1,53.0,East,35800.0,2020-07-10
8187,65.0,West,39300.0,15,"February 04, 2017",0,65.0,West,39300.0,2017-02-04
8024,36.0,North,38700.0,58,24-Mar-2022,1,36.0,North,38700.0,2022-03-24
6735,50.0,South,20500.0,32,17-Oct-2016,0,50.0,South,20500.0,2016-10-17
313,65.0,north,90200.0,91,10/13/2015,1,65.0,North,90200.0,2015-10-13
10042,62.0,E.,51300.0,21,"May 23, 2020",0,62.0,East,51300.0,2020-05-23
8117,49.0,South,38200.0,34,"February 27, 2015",1,49.0,South,38200.0,2015-02-27
9815,49.0,South,58000.0,40,05/05/2015,1,49.0,South,58000.0,2015-05-05
43,33.0,North,57400.0,14,"August 19, 2015",1,33.0,North,57400.0,2015-08-19
7034,37.0,WEST,"$60,100",53,08/15/2024,1,37.0,West,60100.0,2024-08-15
10886,39.0,,"$43,300",15,2020-12-08,1,39.0,Unknown,43300.0,2020-12-08
7046,44.0,E.,"$71,200",49,"September 19, 2023",1,44.0,East,71200.0,2023-09-19
7197,35.0,North,27400.0,78,23-Apr-2021,1,35.0,North,27400.0,2021-04-23
8610,30.0,West,67100.0,61,2020-11-23,1,30.0,West,67100.0,2020-11-23
4754,23.0,East,"$61,800",51,04/17/2022,1,23.0,East,61800.0,2022-04-17
11405,48.0,East,94400.0,15,01/30/2024,1,48.0,East,94400.0,2024-01-30
2792,41.0,East,62100.0,58,06/17/2024,1,41.0,East,62100.0,2024-06-17
8897,54.0,East,"$33,100",8,2020-01-30,1,54.0,East,33100.0,2020-01-30
733,49.0, East ,0,50,09/13/2015,0,49.0,East,49400.0,2015-09-13
6595,34.0,East,98100.0,21,12/01/2019,1,34.0,East,98100.0,2019-12-01
945,46.0,West,35200.0,44,12/10/2016,1,46.0,West,35200.0,2016-12-10
5257,48.0,SOUTH,"$47,300",31,,1,48.0,South,47300.0,
11807,45.0,N.,41000.0,33,18-Nov-2015,1,45.0,North,41000.0,2015-11-18
9999,57.0,North,81700.0,42,"March 26, 2017",1,57.0,North,81700.0,2017-03-26
9211,41.0,West,"$64,900",21,29-Jan-2019,1,41.0,West,64900.0,2019-01-29
8188,28.0,West,26500.0,14,"July 06, 2017",1,28.0,West,26500.0,2017-07-06
5566,49.0,East,56000.0,60,05/25/2016,1,49.0,East,56000.0,2016-05-25
9100,41.0,South,22100.0,35,"August 11, 2023",1,41.0,South,22100.0,2023-08-11
1694,35.0,SOUTH,46400.0,31,23-Jul-2015,1,35.0,South,46400.0,2015-07-23
10984,29.0,North,"$52,500",35,21-Jul-2019,1,29.0,North,52500.0,2019-07-21
520,63.0,North,70200.0,39,"October 23, 2023",0,63.0,North,70200.0,2023-10-23
815,34.0,WEST,"$59,900",74,12/24/2015,1,34.0,West,59900.0,2015-12-24
819,46.0,North,,30,01/23/2020,0,46.0,North,49400.0,2020-01-23
11642,67.0,N.,"$55,300",45,22-Dec-2015,1,67.0,North,55300.0,2015-12-22
4831,25.0,South,55500.0,26,04/23/2015,1,25.0,South,55500.0,2015-04-23
9715,50.0,South,30200.0,80,"September 13, 2021",1,50.0,South,30200.0,2021-09-13
9831,37.0,North,87200.0,41,"February 14, 2018",0,37.0,North,87200.0,2018-02-14
11750,,W. ,165600.0,32,"March 17, 2022",1,42.02803042831156,West,165600.0,2022-03-17
7059,61.0,West,39000.0,56,"September 13, 2022",0,61.0,West,39000.0,2022-09-13
9893,34.0, East ,"$40,100",10,05/05/2024,1,34.0,East,40100.0,2024-05-05
11719,18.0,West,89400.0,65,2017-01-11,1,18.0,West,89400.0,2017-01-11
5218,58.0, East ,57100.0,33,29-Feb-2016,1,58.0,East,57100.0,2016-02-29
3735,43.0,North,76000.0,73,12-May-2020,1,43.0,North,76000.0,2020-05-12
6273,49.0, East ,25100.0,13,12-Mar-2015,0,49.0,East,25100.0,2015-03-12
6011,21.0,East,33800.0,39,"August 13, 2020",1,21.0,East,33800.0,2020-08-13
11239,,West,42500.0,28,"September 27, 2024",0,42.02803042831156,West,42500.0,2024-09-27
6834,27.0,East,53900.0,26,10/17/2023,1,27.0,East,53900.0,2023-10-17
10076,18.0,North,38500.0,37,15-Dec-2021,0,18.0,North,38500.0,2021-12-15
7791,36.0,east,29800.0,52,27-Aug-2019,1,36.0,East,29800.0,2019-08-27
2593,48.0,North,52000.0,38,"July 27, 2019",1,48.0,North,52000.0,2019-07-27
380,36.0,West,43700.0,17,2018-04-25,0,36.0,West,43700.0,2018-04-25
11968,50.0,North,17100.0,32,"August 08, 2016",1,50.0,North,17100.0,2016-08-08
2252,41.0,East,101800.0,21,13-Oct-2017,1,41.0,East,101800.0,2017-10-13
4440,29.0,WEST,42900.0,29,11/21/2017,1,29.0,West,42900.0,2017-11-21
2149,37.0,North,15000.0,35,"December 17, 2019",0,37.0,North,15000.0,2019-12-17
3727,45.0, North,21500.0,24,09-Feb-2022,1,45.0,North,21500.0,2022-02-09
10337,33.0,West,80400.0,60,11/18/2024,1,33.0,West,80400.0,2024-11-18
2567,45.0, East ,"$67,200",26,2016-05-10,1,45.0,East,67200.0,2016-05-10
6039,32.0,W. ,42100.0,4,2022-03-22,1,32.0,West,42100.0,2022-03-22
1804,37.0,South,47200.0,65,"November 05, 2017",1,37.0,South,47200.0,2017-11-05
7146,36.0,East,100900.0,29,"March 23, 2022",1,36.0,East,100900.0,2022-03-23
3622,34.0,East,25400.0,26,,0,34.0,East,25400.0,
6109,,North,46600.0,88,2021-12-20,0,42.02803042831156,North,46600.0,2021-12-20
1595,47.0,East,,28,26-Aug-2021,0,47.0,East,49400.0,2021-08-26
7062,33.0,East,17900.0,56,"June 23, 2016",1,33.0,East,17900.0,2016-06-23
4891,49.0,north,78600.0,26,"August 23, 2020",1,49.0,North,78600.0,2020-08-23
9899,62.0,N.,"$84,000",42,02/23/2019,1,62.0,North,84000.0,2019-02-23
7611,41.0,West,50900.0,18,11/26/2022,0,41.0,West,50900.0,2022-11-26
8908,18.0,East,"$34,500",19,"February 20, 2015",1,18.0,East,34500.0,2015-02-20
11983,26.0,East,58300.0,11,04/13/2017,1,26.0,East,58300.0,2017-04-13
10755,64.0,West,48500.0,31,10/02/2018,1,64.0,West,48500.0,2018-10-02
2560,61.0, East ,22000.0,33,2020-10-15,1,61.0,East,22000.0,2020-10-15
4209,57.0,North,75000.0,95,03/21/2020,1,57.0,North,75000.0,2020-03-21
5096,39.0,West,50100.0,92,2020-07-09,0,39.0,West,50100.0,2020-07-09
7529,50.0,North,"$54,500",10,"March 22, 2015",1,50.0,North,54500.0,2015-03-22
1583,49.0,South,28200.0,31,07-Jan-2016,1,49.0,South,28200.0,2016-01-07
2548,68.0,North,"$54,300",22,"January 25, 2023",0,68.0,North,54300.0,2023-01-25
8512,37.0, East ,29800.0,12,14-Oct-2015,0,37.0,East,29800.0,2015-10-14
7079,,West,48900.0,42,16-Dec-2015,1,42.02803042831156,West,48900.0,2015-12-16
4322,43.0,north,55800.0,35,2024-09-20,1,43.0,North,55800.0,2024-09-20
5139,34.0,West,144400.0,30,08/28/2021,1,34.0,West,144400.0,2021-08-28
6885,39.0,north,80300.0,22,2019-06-25,1,39.0,North,80300.0,2019-06-25
11557,57.0,South,72100.0,18,02/23/2023,1,57.0,South,72100.0,2023-02-23
6542,50.0,East,21900.0,53,07/14/2023,0,50.0,East,21900.0,2023-07-14
1764,28.0,south ,103700.0,45,08/25/2020,1,28.0,South,103700.0,2020-08-25
6685,39.0,South,74600.0,8,06-Mar-2021,0,39.0,South,74600.0,2021-03-06
6473,44.0,East,86300.0,36,20-Jun-2022,0,44.0,East,86300.0,2022-06-20
2844,52.0,S.,"$154,300",15,"March 02, 2024",1,52.0,South,154300.0,2024-03-02
4945,40.0,North,34500.0,13,13-Nov-2019,1,40.0,North,34500.0,2019-11-13
11429,35.0,North,"$40,700",26,"May 03, 2018",1,35.0,North,40700.0,2018-05-03
10334,53.0,S.,37600.0,6,10/09/2021,1,53.0,South,37600.0,2021-10-09
8406,52.0,east,31900.0,64,12/28/2021,1,52.0,East,31900.0,2021-12-28
4434,47.0,E.,60200.0,59,19-Jun-2018,1,47.0,East,60200.0,2018-06-19
11690,49.0,South,117600.0,53,2015-03-06,1,49.0,South,117600.0,2015-03-06
8996,54.0,North,"$54,300",27,12/11/2018,1,54.0,North,54300.0,2018-12-11
8122,54.0,NORTH,45700.0,104,28-Aug-2018,1,54.0,North,45700.0,2018-08-28
6357,52.0,South,85000.0,28,2024-10-07,1,52.0,South,85000.0,2024-10-07
7281,30.0,South,34900.0,30,2016-02-18,0,30.0,South,34900.0,2016-02-18
4133,,East,24500.0,12,16-Aug-2021,1,42.02803042831156,East,24500.0,2021-08-16
106,39.0, North,64700.0,27,26-Jan-2024,0,39.0,North,64700.0,2024-01-26
4947,60.0,North,42900.0,82,2023-11-12,0,60.0,North,42900.0,2023-11-12
11998,53.0,South,21600.0,31,11/13/2020,1,53.0,South,21600.0,2020-11-13
2807,64.0,South,27000.0,47,11/10/2018,1,64.0,South,27000.0,2018-11-10
9658,53.0,South,29600.0,28,08/22/2024,1,53.0,South,29600.0,2024-08-22
6826,57.0,South,53400.0,19,"June 04, 2015",1,57.0,South,53400.0,2015-06-04
2954,18.0,East,"$37,300",29,09/27/2016,1,18.0,East,37300.0,2016-09-27
8758,58.0,West,33400.0,39,06-Dec-2017,0,58.0,West,33400.0,2017-12-06
7520,22.0,West,39500.0,26,"October 25, 2015",0,22.0,West,39500.0,2015-10-25
11755,54.0,South,35600.0,85,09/06/2022,1,54.0,South,35600.0,2022-09-06
4346,47.0,North,"$23,500",70,2020-04-12,1,47.0,North,23500.0,2020-04-12
10717,,NORTH,"$35,400",30,2017-06-22,1,42.02803042831156,North,35400.0,2017-06-22
7803,40.0,West,89100.0,131,08/08/2023,1,40.0,West,89100.0,2023-08-08
9667,32.0,West,95400.0,44,2020-12-27,1,32.0,West,95400.0,2020-12-27
3237,56.0,East,"$116,500",36,2021-01-10,0,56.0,East,116500.0,2021-01-10
2830,74.0,South,25800.0,35,28-Jan-2020,1,74.0,South,25800.0,2020-01-28
2503,55.0,South,56000.0,15,"July 14, 2017",0,55.0,South,56000.0,2017-07-14
318,33.0,East,44700.0,101,21-Apr-2016,1,33.0,East,44700.0,2016-04-21
1201,25.0,S.,22600.0,46,"January 09, 2015",0,25.0,South,22600.0,2015-01-09
7920,72.0,South,100500.0,101,"March 25, 2018",1,72.0,South,100500.0,2018-03-25
2279,35.0,WEST,"$24,000",19,17-Mar-2024,0,35.0,West,24000.0,2024-03-17
7464,32.0,North,50400.0,21,07/22/2018,1,32.0,North,50400.0,2018-07-22
8845,59.0, East ,65800.0,66,2022-08-30,1,59.0,East,65800.0,2022-08-30
8263,41.0,West,20400.0,38,07/25/2024,1,41.0,West,20400.0,2024-07-25
7989,41.0,North,73600.0,31,11/20/2015,1,41.0,North,73600.0,2015-11-20
2659,40.0,North,16900.0,36,2022-08-05,1,40.0,North,16900.0,2022-08-05
1175,,south ,131500.0,33,"March 04, 2024",1,42.02803042831156,South,131500.0,2024-03-04
1089,50.0,East,21900.0,54,16-Feb-2016,1,50.0,East,21900.0,2016-02-16
8735,39.0,South,72200.0,38,11/22/2018,1,39.0,South,72200.0,2018-11-22
8021,61.0,East,88200.0,38,"May 18, 2020",0,61.0,East,88200.0,2020-05-18
8603,35.0,North,78800.0,27,"February 11, 2022",1,35.0,North,78800.0,2022-02-11
4065,44.0,East,34600.0,15,2023-04-03,1,44.0,East,34600.0,2023-04-03
7296,150.0,West,52900.0,60,02/09/2023,1,42.02803042831156,West,52900.0,2023-02-09
10579,40.0,South,"$16,900",20,"July 27, 2018",1,40.0,South,16900.0,2018-07-27
2092,50.0,E.,16700.0,31,21-Jun-2017,1,50.0,East,16700.0,2017-06-21
4636,26.0,North,38300.0,49,06/20/2022,1,26.0,North,38300.0,2022-06-20
602,34.0,East,23900.0,4,"January 05, 2023",1,34.0,East,23900.0,2023-01-05
5429,55.0,West,45500.0,23,"June 04, 2016",1,55.0,West,45500.0,2016-06-04
7754,42.0,east,93700.0,36,2018-07-09,0,42.0,East,93700.0,2018-07-09
11206,46.0,South,71500.0,7,2024-12-20,1,46.0,South,71500.0,2024-12-20
10658,67.0,North,31500.0,36,"February 14, 2020",0,67.0,North,31500.0,2020-02-14
5859,57.0,West,40900.0,109,07/04/2024,1,57.0,West,40900.0,2024-07-04
9030,51.0,South,43200.0,48,29-Jan-2023,0,51.0,South,43200.0,2023-01-29
11518,49.0,South,"$15,800",25,"January 27, 2017",1,49.0,South,15800.0,2017-01-27
625,48.0,South,115600.0,17,01/28/2021,0,48.0,South,115600.0,2021-01-28
8999,61.0,NORTH,42000.0,60,02/23/2023,1,61.0,North,42000.0,2023-02-23
4979,57.0,East,88700.0,21,"July 18, 2022",1,57.0,East,88700.0,2022-07-18
5581,47.0,North,57100.0,26,12-Aug-2015,1,47.0,North,57100.0,2015-08-12
3116,52.0,East,53400.0,113,18-Apr-2018,1,52.0,East,53400.0,2018-04-18
8830,51.0,North,64300.0,46,09/01/2016,1,51.0,North,64300.0,2016-09-01
8616,38.0,South,39300.0,15,,1,38.0,South,39300.0,
4824,34.0,SOUTH,24400.0,47,09/05/2015,0,34.0,South,24400.0,2015-09-05
7112,55.0,East,27700.0,73,"June 16, 2024",1,55.0,East,27700.0,2024-06-16
1997,46.0,W. ,55300.0,54,04-Dec-2023,1,46.0,West,55300.0,2023-12-04
8091,58.0,North,54000.0,23,"August 17, 2023",1,58.0,North,54000.0,2023-08-17
4473,65.0,E.,43400.0,9,30-Sep-2022,0,65.0,East,43400.0,2022-09-30
2487,43.0,West,73800.0,23,2024-05-23,0,43.0,West,73800.0,2024-05-23
8343,26.0,West,57800.0,22,2019-10-17,1,26.0,West,57800.0,2019-10-17
11302,60.0,South,25400.0,22,2016-12-01,1,60.0,South,25400.0,2016-12-01
1581,,South,66600.0,51,2022-04-17,1,42.02803042831156,South,66600.0,2022-04-17
6046,41.0,North,102200.0,10,"April 26, 2022",0,41.0,North,102200.0,2022-04-26
5871,44.0, East ,51500.0,52,2018-02-10,0,44.0,East,51500.0,2018-02-10
8819,40.0,South,52600.0,20,07/14/2023,0,40.0,South,52600.0,2023-07-14
7126,49.0,West,"$65,700",31,07/28/2015,0,49.0,West,65700.0,2015-07-28
3003,68.0,north,71300.0,34,08/17/2020,0,68.0,North,71300.0,2020-08-17
4602,43.0,West,27800.0,31,2023-07-31,1,43.0,West,27800.0,2023-07-31
11989,28.0,South,,59,"September 02, 2019",1,28.0,South,49400.0,2019-09-02
11674,60.0,West,34100.0,38,2023-02-19,1,60.0,West,34100.0,2023-02-19
144,45.0,East,72200.0,35,"October 19, 2017",1,45.0,East,72200.0,2017-10-19
4814,41.0,West,62000.0,28,"September 23, 2022",0,41.0,West,62000.0,2022-09-23
10767,47.0,SOUTH,30000.0,30,22-Dec-2019,1,47.0,South,30000.0,2019-12-22
6728,39.0,South,36800.0,49,"November 10, 2015",0,39.0,South,36800.0,2015-11-10
10073,,,48100.0,34,01/13/2022,1,42.02803042831156,Unknown,48100.0,2022-01-13
5252,61.0,North,42600.0,3,18-Mar-2015,1,61.0,North,42600.0,2015-03-18
3453,67.0,North,46300.0,10,03/02/2018,1,67.0,North,46300.0,2018-03-02
3606,52.0,S.,34600.0,64,"November 28, 2019",1,52.0,South,34600.0,2019-11-28
7872,39.0,West,63700.0,118,11/27/2024,1,39.0,West,63700.0,2024-11-27
11535,30.0,South,35900.0,17,"December 21, 2021",1,30.0,South,35900.0,2021-12-21
4421,57.0,East,50200.0,5,"January 13, 2018",1,57.0,East,50200.0,2018-01-13
2172,28.0,North,62100.0,29,12/01/2016,0,28.0,North,62100.0,2016-12-01
4976,34.0,North,32900.0,66,13-Nov-2017,1,34.0,North,32900.0,2017-11-13
5172,41.0,West,"$39,500",12,09-Jun-2015,1,41.0,West,39500.0,2015-06-09
10973,55.0,S.,42900.0,44,2018-06-11,1,55.0,South,42900.0,2018-06-11
4721,,South,51500.0,18,01-Aug-2023,1,42.02803042831156,South,51500.0,2023-08-01
2833,55.0,West,169300.0,14,25-Jan-2024,1,55.0,West,169300.0,2024-01-25
7425,,W. ,"$88,000",31,2016-08-27,1,42.02803042831156,West,88000.0,2016-08-27
8810,48.0,South,45500.0,24,2019-12-05,1,48.0,South,45500.0,2019-12-05
9517,50.0,East,44800.0,13,"October 20, 2016",0,50.0,East,44800.0,2016-10-20
6079,69.0,South,157000.0,10,10/29/2023,1,69.0,South,157000.0,2023-10-29
691,46.0,North,49600.0,25,2023-09-04,1,46.0,North,49600.0,2023-09-04
2289,55.0,North,27000.0,84,"October 30, 2020",0,55.0,North,27000.0,2020-10-30
3303,,West,62200.0,21,03/27/2020,0,42.02803042831156,West,62200.0,2020-03-27
5786,65.0,South,56000.0,32,31-Oct-2020,1,65.0,South,56000.0,2020-10-31
9543,42.0,North,78200.0,27,28-Sep-2022,1,42.0,North,78200.0,2022-09-28
6603,50.0,W. ,"$49,300",8,01/09/2018,1,50.0,West,49300.0,2018-01-09
10922,46.0,S.,35200.0,39,23-Sep-2021,1,46.0,South,35200.0,2021-09-23
5783,,South,"$25,100",62,"May 19, 2019",1,42.02803042831156,South,25100.0,2019-05-19
5789,33.0,WEST,44500.0,47,06/22/2022,1,33.0,West,44500.0,2022-06-22
4562,32.0,North,15000.0,48,"January 04, 2016",1,32.0,North,15000.0,2016-01-04
1192,55.0,North,88000.0,39,2021-10-05,1,55.0,North,88000.0,2021-10-05
8338,41.0,East,70900.0,6,12/03/2016,1,41.0,East,70900.0,2016-12-03
6351,47.0,West,52500.0,26,"June 02, 2022",0,47.0,West,52500.0,2022-06-02
3573,47.0,west,73700.0,63,"August 11, 2015",0,47.0,West,73700.0,2015-08-11
6977,49.0,North,55300.0,12,06/14/2019,0,49.0,North,55300.0,2019-06-14
11935,29.0,West,197600.0,17,09/02/2015,1,29.0,West,197600.0,2015-09-02
9955,18.0,East,76100.0,53,"January 02, 2024",1,18.0,East,76100.0,2024-01-02
11993,52.0,E.,39800.0,14,02/11/2020,1,52.0,East,39800.0,2020-02-11
1835,50.0,West,140800.0,70,13-Oct-2018,1,50.0,West,140800.0,2018-10-13
9304,41.0,East,41200.0,11,"January 08, 2022",0,41.0,East,41200.0,2022-01-08
10320,47.0,N.,"$50,500",34,01-Oct-2023,1,47.0,North,50500.0,2023-10-01
7400,42.0,,133200.0,4,"June 24, 2021",1,42.0,Unknown,133200.0,2021-06-24
10470,39.0,North,53200.0,31,12-Dec-2020,0,39.0,North,53200.0,2020-12-12
11988,25.0,east,30600.0,33,10/12/2024,1,25.0,East,30600.0,2024-10-12
2500,58.0,West,164000.0,5,08/11/2017,0,58.0,West,164000.0,2017-08-11
6036,,SOUTH,57200.0,24,30-Aug-2024,1,42.02803042831156,South,57200.0,2024-08-30
10017,44.0,South,68500.0,43,12/21/2019,1,44.0,South,68500.0,2019-12-21
10981,50.0,west,63400.0,58,"August 24, 2017",0,50.0,West,63400.0,2017-08-24
3828,,West,"$50,700",23,08/09/2023,0,42.02803042831156,West,50700.0,2023-08-09
879,41.0,East,"$110,800",36,12-Dec-2015,1,41.0,East,110800.0,2015-12-12
1456,41.0,West,44600.0,16,2015-11-02,1,41.0,West,44600.0,2015-11-02
8584,26.0, East ,"$48,600",8,06/15/2016,0,26.0,East,48600.0,2016-06-15
10476,38.0,West,100400.0,92,"September 18, 2017",0,38.0,West,100400.0,2017-09-18
10907,56.0,East,37600.0,66,10-May-2022,1,56.0,East,37600.0,2022-05-10
5372,46.0,East,24500.0,39,19-Aug-2016,0,46.0,East,24500.0,2016-08-19
7956,20.0,West,62800.0,36,01-Sep-2023,0,20.0,West,62800.0,2023-09-01
11151,30.0,NORTH,37700.0,24,2017-11-02,1,30.0,North,37700.0,2017-11-02
8668,49.0,East,68400.0,38,05-Sep-2015,1,49.0,East,68400.0,2015-09-05
1695,26.0,East,123300.0,22,"October 29, 2016",1,26.0,East,123300.0,2016-10-29
9488,30.0,West,84000.0,39,07-Jun-2017,1,30.0,West,84000.0,2017-06-07
2093,44.0,North,39400.0,42,2023-12-02,1,44.0,North,39400.0,2023-12-02
6933,44.0,N.,67800.0,70,2021-02-03,1,44.0,North,67800.0,2021-02-03
11243,43.0,South,61100.0,29,2020-04-28,1,43.0,South,61100.0,2020-04-28
9330,44.0,North,50100.0,28,05/18/2020,1,44.0,North,50100.0,2020-05-18
10265,48.0,West,"$98,600",22,03-May-2022,1,48.0,West,98600.0,2022-05-03
5332,47.0,E.,42500.0,72,01/09/2016,0,47.0,East,42500.0,2016-01-09
7789,38.0,South,23100.0,3,06/30/2023,0,38.0,South,23100.0,2023-06-30
833,27.0,SOUTH,33700.0,10,,1,27.0,South,33700.0,
7338,29.0, North,207900.0,37,"February 01, 2015",1,29.0,North,207900.0,2015-02-01
592,45.0,East,74800.0,106,15-Sep-2024,1,45.0,East,74800.0,2024-09-15
5717,42.0,South,53900.0,66,06/03/2015,0,42.0,South,53900.0,2015-06-03
11785,36.0,South,34900.0,10,"July 02, 2015",1,36.0,South,34900.0,2015-07-02
5732,42.0,East,83800.0,12,"August 06, 2017",1,42.0,East,83800.0,2017-08-06
110,20.0,South,"$138,500",44,2019-03-15,1,20.0,South,138500.0,2019-03-15
7499,35.0,east,35400.0,11,10-Oct-2019,1,35.0,East,35400.0,2019-10-10
1053,43.0,East,28300.0,32,30-Oct-2023,1,43.0,East,28300.0,2023-10-30
1312,52.0,South,48600.0,9,"November 04, 2022",1,52.0,South,48600.0,2022-11-04
669,35.0,North,45100.0,40,11-Jan-2021,0,35.0,North,45100.0,2021-01-11
8446,52.0,North,43800.0,69,2015-03-03,1,52.0,North,43800.0,2015-03-03
7457,61.0,South,"$70,900",22,2019-04-22,0,61.0,South,70900.0,2019-04-22
5169,55.0,North,66300.0,42,2016-05-08,0,55.0,North,66300.0,2016-05-08
5589,40.0,South,42800.0,70,2019-04-23,1,40.0,South,42800.0,2019-04-23
10883,51.0,West,31700.0,11,14-Dec-2023,1,51.0,West,31700.0,2023-12-14
844,41.0,NORTH,21800.0,66,27-Aug-2019,1,41.0,North,21800.0,2019-08-27
4510,50.0,east,42400.0,30,"May 06, 2021",1,50.0,East,42400.0,2021-05-06
11567,,South,54700.0,36,09/20/2016,1,42.02803042831156,South,54700.0,2016-09-20
11587,19.0,South,37000.0,37,30-Aug-2018,1,19.0,South,37000.0,2018-08-30
9077,28.0, East ,41900.0,43,07/06/2015,0,28.0,East,41900.0,2015-07-06
4548,58.0,East,31500.0,38,27-Dec-2018,1,58.0,East,31500.0,2018-12-27
5355,42.0,East,30200.0,34,07/20/2016,1,42.0,East,30200.0,2016-07-20
4753,49.0,south ,46700.0,12,2022-04-10,1,49.0,South,46700.0,2022-04-10
10072,44.0,South,50200.0,81,"March 05, 2018",1,44.0,South,50200.0,2018-03-05
5678,,W. ,47900.0,40,"April 07, 2023",1,42.02803042831156,West,47900.0,2023-04-07
5583,62.0,East,67200.0,19,03/16/2015,1,62.0,East,67200.0,2015-03-16
1486,31.0,South,78600.0,31,23-Apr-2024,1,31.0,South,78600.0,2024-04-23
5424,41.0,West,38400.0,34,2020-02-10,1,41.0,West,38400.0,2020-02-10
10610,41.0,East,100300.0,35,03/15/2015,1,41.0,East,100300.0,2015-03-15
2738,39.0,South,47000.0,90,04/07/2022,1,39.0,South,47000.0,2022-04-07
2268,39.0,West,23600.0,34,14-May-2016,1,39.0,West,23600.0,2016-05-14
11561,59.0,E.,89500.0,10,2021-05-04,1,59.0,East,89500.0,2021-05-04
6166,49.0,South,73000.0,47,05-Oct-2017,1,49.0,South,73000.0,2017-10-05
2809,46.0,West,53800.0,27,"April 26, 2020",1,46.0,West,53800.0,2020-04-26
870,41.0,South,23100.0,45,2016-05-01,1,41.0,South,23100.0,2016-05-01
2469,51.0,East,0,65,2021-12-01,1,51.0,East,49400.0,2021-12-01
7494,18.0,South,26100.0,30,2021-08-22,0,18.0,South,26100.0,2021-08-22
5657,18.0,North,50700.0,19,"May 11, 2017",1,18.0,North,50700.0,2017-05-11
1980,48.0,WEST,20200.0,33,"February 28, 2023",1,48.0,West,20200.0,2023-02-28
697,18.0,N.,"$33,600",47,06/02/2023,1,18.0,North,33600.0,2023-06-02
1742,61.0,SOUTH,"$68,600",29,27-Jul-2020,1,61.0,South,68600.0,2020-07-27
3719,48.0,East,"$57,300",62,"September 03, 2023",0,48.0,East,57300.0,2023-09-03
9004,27.0,West,53900.0,10,"November 11, 2023",1,27.0,West,53900.0,2023-11-11
7797,34.0, East ,34200.0,20,2016-10-01,1,34.0,East,34200.0,2016-10-01
11477,47.0,E.,63000.0,22,"November 09, 2019",0,47.0,East,63000.0,2019-11-09
2190,49.0,North,"$43,700",54,2022-08-14,1,49.0,North,43700.0,2022-08-14
5007,,West,59100.0,25,07/01/2024,1,42.02803042831156,West,59100.0,2024-07-01
5618,41.0,South,110000.0,35,12/10/2023,1,41.0,South,110000.0,2023-12-10
5146,43.0,,154100.0,41,"February 24, 2018",0,43.0,Unknown,154100.0,2018-02-24
8148,39.0,North,33500.0,42,11/01/2021,0,39.0,North,33500.0,2021-11-01
506,35.0,West,35800.0,51,"December 03, 2016",1,35.0,West,35800.0,2016-12-03
3304,55.0,East,64500.0,56,"May 10, 2022",1,55.0,East,64500.0,2022-05-10
8598,49.0,North,"$98,400",10,2019-06-20,1,49.0,North,98400.0,2019-06-20
7898,52.0,east,53000.0,79,05/04/2021,1,52.0,East,53000.0,2021-05-04
3641,22.0,North,36000.0,15,2016-05-13,0,22.0,North,36000.0,2016-05-13
6462,55.0,West,60500.0,50,11/05/2017,0,55.0,West,60500.0,2017-11-05
184,56.0,South,42500.0,46,04/30/2019,1,56.0,South,42500.0,2019-04-30
7265,49.0,North,73500.0,51,"August 26, 2015",0,49.0,North,73500.0,2015-08-26
3083,45.0,East,75900.0,42,12/03/2021,1,45.0,East,75900.0,2021-12-03
1877,51.0,South,95700.0,12,"November 05, 2015",1,51.0,South,95700.0,2015-11-05
5814,53.0, North,101200.0,78,05/26/2022,0,53.0,North,101200.0,2022-05-26
610,49.0,East,53400.0,49,"October 31, 2023",1,49.0,East,53400.0,2023-10-31
10867,51.0,north,47600.0,25,"October 04, 2023",1,51.0,North,47600.0,2023-10-04
2034,37.0,West,29200.0,96,"November 03, 2017",1,37.0,West,29200.0,2017-11-03
3982,39.0,South,54900.0,125,05/22/2016,1,39.0,South,54900.0,2016-05-22
6630,33.0,North,77300.0,31,2019-10-09,1,33.0,North,77300.0,2019-10-09
6423,18.0,east,141600.0,29,"June 10, 2017",1,18.0,East,141600.0,2017-06-10
1969,36.0,South,34500.0,30,05/27/2023,1,36.0,South,34500.0,2023-05-27
6775,27.0,West,"$117,600",26,2024-02-10,0,27.0,West,117600.0,2024-02-10
21,40.0,North,55100.0,46,01-Apr-2023,1,40.0,North,55100.0,2023-04-01
10411,35.0,North,24200.0,43,2022-11-07,1,35.0,North,24200.0,2022-11-07
7184,45.0,south ,31700.0,37,2022-07-16,1,45.0,South,31700.0,2022-07-16
10417,20.0,North,30500.0,23,07/03/2020,0,20.0,North,30500.0,2020-07-03
3271,56.0,West,27300.0,5,"July 30, 2023",1,56.0,West,27300.0,2023-07-30
2519,49.0,WEST,27000.0,39,"June 05, 2024",1,49.0,West,27000.0,2024-06-05
10067,32.0,North,34400.0,47,08/22/2017,0,32.0,North,34400.0,2017-08-22
5985,18.0,North,54700.0,62,05/19/2022,1,18.0,North,54700.0,2022-05-19
7863,29.0,North,32500.0,28,"February 09, 2024",1,29.0,North,32500.0,2024-02-09
9949,57.0,North,123200.0,33,01/26/2015,1,57.0,North,123200.0,2015-01-26
2179,50.0,East,78500.0,150,29-Apr-2016,1,50.0,East,78500.0,2016-04-29
4980,33.0,S.,30800.0,27,03/26/2019,1,33.0,South,30800.0,2019-03-26
3411,18.0,E.,53400.0,4,2015-04-25,1,18.0,East,53400.0,2015-04-25
490,51.0,West,"$47,300",37,"September 10, 2016",1,51.0,West,47300.0,2016-09-10
7741,34.0,SOUTH,100200.0,4,21-May-2018,0,34.0,South,100200.0,2018-05-21
8799,48.0,North,39600.0,45,02/07/2022,1,48.0,North,39600.0,2022-02-07
3213,51.0,West,35900.0,61,03-Sep-2019,1,51.0,West,35900.0,2019-09-03
10657,49.0,south ,84100.0,35,"December 03, 2020",1,49.0,South,84100.0,2020-12-03
9931,22.0,East,41800.0,149,12/29/2016,1,22.0,East,41800.0,2016-12-29
153,20.0,West,46000.0,36,01-Oct-2018,1,20.0,West,46000.0,2018-10-01
890,20.0,West,127700.0,17,15-Nov-2016,1,20.0,West,127700.0,2016-11-15
6424,45.0,SOUTH,47100.0,45,2015-12-27,1,45.0,South,47100.0,2015-12-27
11275,40.0,S.,61700.0,39,"February 29, 2024",1,40.0,South,61700.0,2024-02-29
270,42.0,South,51500.0,10,"July 18, 2024",0,42.0,South,51500.0,2024-07-18
97,25.0,West,33200.0,66,2023-10-18,1,25.0,West,33200.0,2023-10-18
7677,,South,46000.0,25,02-Feb-2024,1,42.02803042831156,South,46000.0,2024-02-02
6714,32.0,South,53900.0,9,2022-05-01,0,32.0,South,53900.0,2022-05-01
3886,43.0,West,54000.0,55,04/02/2023,1,43.0,West,54000.0,2023-04-02
9992,18.0,WEST,"$41,900",8,"May 28, 2018",1,18.0,West,41900.0,2018-05-28
9765,54.0,West,77800.0,18,2023-12-01,1,54.0,West,77800.0,2023-12-01
7711,35.0,West,18300.0,44,2021-04-25,0,35.0,West,18300.0,2021-04-25
1068,48.0,West,47500.0,66,"December 22, 2015",1,48.0,West,47500.0,2015-12-22
7501,54.0,West,29100.0,58,2020-07-10,0,54.0,West,29100.0,2020-07-10
5196,54.0,East,123500.0,86,09-Nov-2017,1,54.0,East,123500.0,2017-11-09
2761,33.0,West,87800.0,26,08-Oct-2023,1,33.0,West,87800.0,2023-10-08
6222,38.0,East,49200.0,31,06/15/2022,1,38.0,East,49200.0,2022-06-15
6408,39.0,south ,54400.0,27,2024-04-10,1,39.0,South,54400.0,2024-04-10
716,26.0,north,31900.0,50,"May 12, 2019",1,26.0,North,31900.0,2019-05-12
4060,41.0,South,34300.0,6,,1,41.0,South,34300.0,
4566,44.0,South,44300.0,25,10/17/2020,1,44.0,South,44300.0,2020-10-17
1799,35.0,North,231000.0,9,06/25/2022,1,35.0,North,231000.0,2022-06-25
462,31.0,East,33000.0,25,2023-04-22,1,31.0,East,33000.0,2023-04-22
5374,34.0,West,109600.0,49,30-Apr-2023,1,34.0,West,109600.0,2023-04-30
2945,40.0,North,28600.0,47,28-Sep-2019,1,40.0,North,28600.0,2019-09-28
9988,46.0, East ,47400.0,17,"June 14, 2022",0,46.0,East,47400.0,2022-06-14
10062,32.0,North,42200.0,21,2016-03-04,1,32.0,North,42200.0,2016-03-04
9538,50.0,S.,74200.0,57,"February 03, 2024",1,50.0,South,74200.0,2024-02-03
4792,18.0,NORTH,"$57,100",38,06/20/2021,1,18.0,North,57100.0,2021-06-20
5272,56.0,North,116100.0,31,2017-08-26,0,56.0,North,116100.0,2017-08-26
5849,49.0,North,32300.0,66,08-Nov-2021,1,49.0,North,32300.0,2021-11-08
7471,45.0,North,32300.0,43,"July 06, 2019",1,45.0,North,32300.0,2019-07-06
1215,18.0,West,108000.0,20,06-May-2020,1,18.0,West,108000.0,2020-05-06
1373,47.0,South,77300.0,56,"March 21, 2023",1,47.0,South,77300.0,2023-03-21
244,23.0,South,32000.0,28,"October 13, 2022",0,23.0,South,32000.0,2022-10-13
4040,40.0,WEST,81700.0,83,03/17/2017,1,40.0,West,81700.0,2017-03-17
7962,22.0,S.,"$146,100",6,10-Feb-2017,1,22.0,South,146100.0,2017-02-10
7256,38.0,East,22700.0,126,"March 14, 2024",1,38.0,East,22700.0,2024-03-14
10992,65.0,West,35900.0,30,12-Jun-2019,1,65.0,West,35900.0,2019-06-12
1680,38.0,West,45100.0,53,12-Feb-2023,1,38.0,West,45100.0,2023-02-12
7587,51.0,West,"$39,400",122,,0,51.0,West,39400.0,
9505,42.0,West,40300.0,30,22-Feb-2017,1,42.0,West,40300.0,2017-02-22
649,44.0,East,34500.0,9,"July 03, 2017",0,44.0,East,34500.0,2017-07-03
11431,18.0,North,48700.0,17,09-Sep-2015,1,18.0,North,48700.0,2015-09-09
10836,39.0,,51100.0,120,10/18/2018,0,39.0,Unknown,51100.0,2018-10-18
4410,20.0,East,"$34,800",62,"March 08, 2020",1,20.0,East,34800.0,2020-03-08
156,65.0,WEST,92600.0,15,07/03/2021,1,65.0,West,92600.0,2021-07-03
3429,66.0,west,25500.0,87,"February 23, 2016",0,66.0,West,25500.0,2016-02-23
11646,48.0,North,56300.0,61,21-May-2020,1,48.0,North,56300.0,2020-05-21
9496,51.0,North,104200.0,20,"August 11, 2018",1,51.0,North,104200.0,2018-08-11
1151,44.0,South,44700.0,78,08/23/2015,0,44.0,South,44700.0,2015-08-23
3048,49.0,West,54000.0,4,"September 01, 2016",1,49.0,West,54000.0,2016-09-01
1047,35.0,East,103400.0,91,26-Feb-2017,0,35.0,East,103400.0,2017-02-26
9833,36.0,West,"$51,000",17,27-Dec-2021,1,36.0,West,51000.0,2021-12-27
1307,29.0,north,72100.0,44,,0,29.0,North,72100.0,
10120,47.0,East,"$28,800",71,"February 06, 2020",1,47.0,East,28800.0,2020-02-06
7907,49.0,South,60700.0,25,2019-02-26,0,49.0,South,60700.0,2019-02-26
11632,37.0,North,28400.0,39,"June 16, 2020",1,37.0,North,28400.0,2020-06-16
2245,48.0,West,44900.0,67,"June 18, 2016",1,48.0,West,44900.0,2016-06-18
11329,43.0,West,96300.0,19,12-Apr-2015,1,43.0,West,96300.0,2015-04-12
16,31.0,NORTH,46000.0,80,2022-10-11,1,31.0,North,46000.0,2022-10-11
11731,34.0,East,"$149,800",69,2017-05-10,1,34.0,East,149800.0,2017-05-10
2670,33.0,South,53000.0,73,"May 11, 2022",1,33.0,South,53000.0,2022-05-11
9553,77.0,East,55700.0,62,06-Dec-2018,1,77.0,East,55700.0,2018-12-06
1845,25.0,east,29500.0,10,2023-09-12,1,25.0,East,29500.0,2023-09-12
3099,68.0,East,39300.0,60,22-Jun-2024,0,68.0,East,39300.0,2024-06-22
1613,41.0,South,21900.0,48,15-Jul-2017,0,41.0,South,21900.0,2017-07-15
8690,50.0,South,21200.0,45,11/11/2018,0,50.0,South,21200.0,2018-11-11
11033,52.0,East,48300.0,21,06/11/2015,0,52.0,East,48300.0,2015-06-11
7109,50.0,South,49800.0,25,2018-01-12,0,50.0,South,49800.0,2018-01-12
1338,51.0,East,19800.0,41,2017-09-05,1,51.0,East,19800.0,2017-09-05
11826,26.0,North,55500.0,29,04/17/2023,0,26.0,North,55500.0,2023-04-17
1479,37.0,East,32400.0,22,25-May-2020,0,37.0,East,32400.0,2020-05-25
9288,29.0,North,15400.0,19,"December 03, 2023",1,29.0,North,15400.0,2023-12-03
543,45.0,West,48500.0,13,2017-07-27,1,45.0,West,48500.0,2017-07-27
4075,26.0,East,56500.0,21,"September 02, 2023",1,26.0,East,56500.0,2023-09-02
432,48.0,East,44900.0,31,"June 16, 2021",1,48.0,East,44900.0,2021-06-16
6772,69.0,East,30100.0,22,"March 10, 2018",0,69.0,East,30100.0,2018-03-10
8921,49.0,West,20100.0,12,04/15/2019,1,49.0,West,20100.0,2019-04-15
2562,43.0, North,26300.0,27,17-Aug-2024,1,43.0,North,26300.0,2024-08-17
9530,24.0,South,48800.0,9,04/05/2020,1,24.0,South,48800.0,2020-04-05
3607,21.0,South,37300.0,22,02/13/2019,1,21.0,South,37300.0,2019-02-13
2878,35.0,west,"$38,500",66,03/06/2024,1,35.0,West,38500.0,2024-03-06
4416,31.0,East,69500.0,65,05/18/2018,1,31.0,East,69500.0,2018-05-18
1032,45.0, East ,39800.0,11,05/19/2018,0,45.0,East,39800.0,2018-05-19
6122,55.0,North,54800.0,30,17-Nov-2019,1,55.0,North,54800.0,2019-11-17
6286,25.0,South,81700.0,101,05-Oct-2017,1,25.0,South,81700.0,2017-10-05
1111,61.0,West,31700.0,72,12/06/2023,1,61.0,West,31700.0,2023-12-06
1889,22.0,E.,75700.0,49,2023-06-04,1,22.0,East,75700.0,2023-06-04
11743,44.0,South,34500.0,21,08/09/2017,0,44.0,South,34500.0,2017-08-09
9720,,WEST,56500.0,48,08/24/2016,0,42.02803042831156,West,56500.0,2016-08-24
754,69.0, East ,41600.0,15,22-Mar-2022,0,69.0,East,41600.0,2022-03-22
3050,61.0,South,45900.0,71,12-Apr-2017,0,61.0,South,45900.0,2017-04-12
8152,40.0, East ,57800.0,34,"October 06, 2021",1,40.0,East,57800.0,2021-10-06
10821,45.0,East,63600.0,56,08/24/2022,1,45.0,East,63600.0,2022-08-24
563,43.0,N.,84600.0,24,2019-02-08,0,43.0,North,84600.0,2019-02-08
6543,51.0,North,96300.0,74,09/08/2021,1,51.0,North,96300.0,2021-09-08
8094,, East ,43100.0,24,"March 24, 2016",1,42.02803042831156,East,43100.0,2016-03-24
4765,58.0,North,48500.0,33,2024-01-10,0,58.0,North,48500.0,2024-01-10
3563,26.0,South,45500.0,27,"May 15, 2017",1,26.0,South,45500.0,2017-05-15
2517,42.0,East,72000.0,44,30-Jan-2019,1,42.0,East,72000.0,2019-01-30
2963,46.0, East ,116600.0,76,2018-07-10,1,46.0,East,116600.0,2018-07-10
5375,43.0,East,72200.0,62,2023-01-21,1,43.0,East,72200.0,2023-01-21
5397,48.0,West,70700.0,9,07/31/2022,1,48.0,West,70700.0,2022-07-31
9395,31.0,West,103100.0,90,"August 27, 2021",1,31.0,West,103100.0,2021-08-27
3463,25.0,South,94000.0,22,24-Mar-2017,0,25.0,South,94000.0,2017-03-24
10990,29.0,N.,64100.0,30,"November 19, 2022",1,29.0,North,64100.0,2022-11-19
7752,44.0,North,22200.0,45,12-Apr-2019,1,44.0,North,22200.0,2019-04-12
4226,47.0,north,"$39,700",66,25-Aug-2016,1,47.0,North,39700.0,2016-08-25
145,31.0,South,24400.0,135,2017-02-02,1,31.0,South,24400.0,2017-02-02
5057,38.0,East,32400.0,25,02-Feb-2020,1,38.0,East,32400.0,2020-02-02
2896,26.0,West,101200.0,34,"July 16, 2020",1,26.0,West,101200.0,2020-07-16
7814,51.0,,101200.0,61,2024-04-14,1,51.0,Unknown,101200.0,2024-04-14
10956,63.0,West,36300.0,26,2023-10-05,1,63.0,West,36300.0,2023-10-05
906,,North,"$52,500",19,06/01/2019,1,42.02803042831156,North,52500.0,2019-06-01
5193,46.0,North,38300.0,20,2018-07-12,1,46.0,North,38300.0,2018-07-12
236,33.0,West,38300.0,3,22-Jun-2022,1,33.0,West,38300.0,2022-06-22
